PROGRAM_P,PROGRAM_Q,DRAW,SYMMETRIC_R0,SYMMETRIC_EXCESS_R
BRIGHT,DARK,0,-0.02802008411845374,-0.014317733293206363
BRIGHT,DARK,1,0.1604113819421587,0.14203443351950526
BRIGHT,DARK,2,-0.07294264253767847,-0.02099303350426495
BRIGHT,DARK,3,-0.12609356371805985,-0.05577637688633309
BRIGHT,DARK,4,0.29606201408163085,0.28312876980427065
BRIGHT,DARK,5,-0.13014032270728818,-0.04440091300329401
BRIGHT,DARK,6,-0.15184065056161217,-0.07875468361428202
BRIGHT,DARK,7,-0.1855242451148705,-0.2506867855745812
BRIGHT,DARK,8,0.0240007318407044,0.09718557606461374
BRIGHT,DARK,9,0.035592121523878216,0.09292146913636955
BRIGHT,DARK,10,-0.07182185687297696,-0.021892610758510362
BRIGHT,DARK,11,-0.1392577679750983,-0.05567094091851023
BRIGHT,DARK,12,-0.015065818990465699,0.03047876157830491
BRIGHT,DARK,13,-0.011228436590654886,-0.0038371685067253285
BRIGHT,DARK,14,0.09127917157683582,0.10755419122689125
BRIGHT,DARK,15,0.019391133330660254,0.012853041272866472
BRIGHT,DARK,16,0.15948061246190265,0.18295354071002376
BRIGHT,DARK,17,0.050188538236110934,-0.10790336129946367
BRIGHT,DARK,18,0.08925130709720946,0.133829411596191
BRIGHT,DARK,19,0.13746723863275026,0.1830721490451432
BRIGHT,DARK,20,-0.05177418066394766,-0.07671307203056053
BRIGHT,DARK,21,0.29268736311861504,0.23000009613050956
BRIGHT,DARK,22,-0.11704932008986034,-0.05890423814226576
BRIGHT,DARK,23,-0.022132300696772432,-0.10668988915947453
BRIGHT,DARK,24,-0.03497042528694757,-0.007130367835748971
BRIGHT,DARK,25,0.3012588339302797,0.2810152374060492
BRIGHT,DARK,26,-0.033105277226721165,-0.09316396851378322
BRIGHT,DARK,27,-0.01248280277876849,-0.005881297205480907
BRIGHT,DARK,28,0.06231222170478412,0.028254337596107553
BRIGHT,DARK,29,0.07099196221198163,-0.09021423965582108
BRIGHT,DARK,30,0.05626903263590128,0.0726947029889657
BRIGHT,DARK,31,-0.1596066042243842,-0.12436071346451796
BRIGHT,DARK,32,-0.20936490255666915,-0.12698843087865752
BRIGHT,DARK,33,0.08485269039784156,0.09914641304981453
BRIGHT,DARK,34,0.16840694971354597,0.1469486710258251
BRIGHT,DARK,35,-0.05247167630188811,-0.03014121457202891
BRIGHT,DARK,36,0.1527853385782264,0.18220813682281217
BRIGHT,DARK,37,0.019314593086844634,-0.014118071378570662
BRIGHT,DARK,38,0.39746757560654516,0.34847323474290176
BRIGHT,DARK,39,-0.0473698468331356,-0.030245641625747825
BRIGHT,DARK,40,0.12131643424730652,0.12551609023660484
BRIGHT,DARK,41,0.06247440895099673,0.0709452002356835
BRIGHT,DARK,42,0.056078364196369634,0.13456211264663626
BRIGHT,DARK,43,0.06299434889793834,0.09435220134771533
BRIGHT,DARK,44,0.28772033451636375,0.2659666967479978
BRIGHT,DARK,45,-0.17754656667489532,-0.16891772304576758
BRIGHT,DARK,46,0.057607917103043194,0.00921611421845415
BRIGHT,DARK,47,-0.14450309435196523,-0.09065793941668447
BRIGHT,DARK,48,0.1155275256148196,0.1233683073002463
BRIGHT,DARK,49,-0.3020511497097033,-0.166850636054703
BRIGHT,DARK,50,-0.05997092831971226,-0.025975839690580347
BRIGHT,DARK,51,-0.0431913373151954,-0.02278980249125433
BRIGHT,DARK,52,0.04826642168847031,-0.05503251059350042
BRIGHT,DARK,53,-0.04900522940043961,-0.03986663151938028
BRIGHT,DARK,54,0.10970866781391242,0.21608904090254508
BRIGHT,DARK,55,0.11926018374495916,0.08111429004044264
BRIGHT,DARK,56,-0.22985326056367766,-0.20557788342686295
BRIGHT,DARK,57,0.012822017142212193,0.05268856432581735
BRIGHT,DARK,58,-0.17712881382723317,-0.1545017210216885
BRIGHT,DARK,59,0.1744012293594004,0.15758848278057608
BRIGHT,DARK,60,-0.049109907259579234,0.03884050259070202
BRIGHT,DARK,61,0.0885668353705924,0.06518321290957652
BRIGHT,DARK,62,0.45838220814054687,0.38452407972647407
BRIGHT,DARK,63,-0.012208218609602141,-0.037141454593137314
BRIGHT,DARK,64,-0.012177064856634034,0.010192434104133993
BRIGHT,DARK,65,-0.13928506144373975,0.017901579881008593
BRIGHT,DARK,66,0.041207767927286816,0.07594672320438393
BRIGHT,DARK,67,0.1593760459936617,0.17712794006497307
BRIGHT,DARK,68,-0.11572696860669987,-0.06832623589618529
BRIGHT,DARK,69,0.2127008002824122,0.14858035457718635
BRIGHT,DARK,70,0.37721407888231934,0.37227505247410414
BRIGHT,DARK,71,0.22928593319637314,0.15359774645683125
BRIGHT,DARK,72,0.10559953976617789,0.1215826459631472
BRIGHT,DARK,73,-0.04884836834944783,-0.026329024871700028
BRIGHT,DARK,74,0.2892157392291034,0.3010841833372632
BRIGHT,DARK,75,-0.2463171219581849,-0.12785784272264733
BRIGHT,DARK,76,0.09213389973234243,0.11095934165194553
BRIGHT,DARK,77,0.05667364472186446,0.04236529219346355
BRIGHT,DARK,78,0.24674474550409037,0.3023631966547424
BRIGHT,DARK,79,0.07467968811901374,0.05045532810943569
BRIGHT,DARK,80,0.05423549128807358,0.08629496244151316
BRIGHT,DARK,81,0.4458656596460698,0.4073964660681483
BRIGHT,DARK,82,0.061985445163362414,0.12560360503042928
BRIGHT,DARK,83,-0.17471089601826134,-0.11771575972792091
BRIGHT,DARK,84,-0.07525792354116617,-0.09715305591368761
BRIGHT,DARK,85,0.06784739754189285,0.11809188941590501
BRIGHT,DARK,86,0.07203950840325099,0.08076121156520397
BRIGHT,DARK,87,0.2237709123359692,0.14934796344914847
BRIGHT,DARK,88,0.07888705075939158,0.05670588803337041
BRIGHT,DARK,89,-0.052402581639216364,-0.08274178155198542
BRIGHT,DARK,90,0.06610331123881764,0.11150487971254551
BRIGHT,DARK,91,0.17833706989159065,0.2761047696598938
BRIGHT,DARK,92,0.09444891519057345,0.14413741480400055
BRIGHT,DARK,93,0.4850029542446015,0.4078167545261222
BRIGHT,DARK,94,0.29705956529251143,0.24486997342057257
BRIGHT,DARK,95,0.2032214236135435,0.11622296685797633
BRIGHT,DARK,96,-0.044887923612762885,-0.037042143755569544
BRIGHT,DARK,97,-0.039049555033629106,-0.00831186164487843
BRIGHT,DARK,98,0.169529692510501,0.20378803540496168
BRIGHT,DARK,99,0.22532194906850234,0.20192086637380707
BRIGHT,DARK,100,-0.11971735510333138,0.004645407803165937
BRIGHT,DARK,101,0.3582800047814688,0.3337319731299182
BRIGHT,DARK,102,0.09784635811571223,0.08786060918209548
BRIGHT,DARK,103,-0.05961578591810255,-0.05593521134389087
BRIGHT,DARK,104,0.0013000906884707058,0.1018062113845486
BRIGHT,DARK,105,-0.05968427303388531,0.04809316040697056
BRIGHT,DARK,106,0.06271865499464077,0.13026568663136673
BRIGHT,DARK,107,-0.14904109001228566,-0.126384970582922
BRIGHT,DARK,108,-0.06238988945189935,-0.10636036869693548
BRIGHT,DARK,109,-0.07326290613457892,-0.0439779373366974
BRIGHT,DARK,110,0.24996151828727664,0.1935883951951168
BRIGHT,DARK,111,-0.0534243859671653,-0.032606613857857424
BRIGHT,DARK,112,0.09191428182942304,0.09174696991597593
BRIGHT,DARK,113,0.014373501948242322,0.014114999764357998
BRIGHT,DARK,114,0.09972522746852257,0.05647623505458502
BRIGHT,DARK,115,-0.0801078715560926,-0.06172916580467742
BRIGHT,DARK,116,0.08655382094148677,0.08354920621118274
BRIGHT,DARK,117,0.29334230639672254,0.25451177450280243
BRIGHT,DARK,118,0.2304746435682105,0.18492634522792092
BRIGHT,DARK,119,-0.25438503954513153,-0.07963256800766615
BRIGHT,DARK,120,0.026141052542034242,0.010441959574348026
BRIGHT,DARK,121,-0.006956099785575334,0.10867482250966914
BRIGHT,DARK,122,-0.16255749768574235,-0.10626479450813141
BRIGHT,DARK,123,0.14311302912927215,0.15860312964976087
BRIGHT,DARK,124,-0.00013153603821135007,0.08451721454637241
BRIGHT,DARK,125,0.0655132984476751,0.16001070419508368
BRIGHT,DARK,126,0.2927676680904941,0.25103612187352037
BRIGHT,DARK,127,-0.004198434141395678,-0.010646353307352438
BRIGHT,DARK,128,-0.2222910694582965,-0.08570497929000703
BRIGHT,DARK,129,-0.22672731247681843,-0.22870278969136923
BRIGHT,DARK,130,-0.16712948050463886,-0.07897037613045962
BRIGHT,DARK,131,0.16194475473023529,0.15283990126879918
BRIGHT,DARK,132,0.1574469530754706,0.13798280083535436
BRIGHT,DARK,133,-0.10156317721485206,-0.054309635732208816
BRIGHT,DARK,134,0.320680924978724,0.2785833290441422
BRIGHT,DARK,135,0.12127035057240347,0.15307511621552394
BRIGHT,DARK,136,0.28653176669115554,0.3684961260278992
BRIGHT,DARK,137,-0.11775803525041446,-0.006196374690255096
BRIGHT,DARK,138,0.25089012560914287,0.2763965329250986
BRIGHT,DARK,139,0.3902209169402235,0.4329373895037982
BRIGHT,DARK,140,0.14432220652823924,0.12235204885560975
BRIGHT,DARK,141,-0.17349902870057946,-0.1730043404159521
BRIGHT,DARK,142,0.2346893604251147,0.20950504593842176
BRIGHT,DARK,143,-0.09216994529891955,-0.0499223739769968
BRIGHT,DARK,144,-0.13546495167941838,-0.09650960386585346
BRIGHT,DARK,145,0.09904325302133393,0.06022063140014028
BRIGHT,DARK,146,0.20434355695368897,0.12741185912439457
BRIGHT,DARK,147,0.20979417636655523,0.19334359150635616
BRIGHT,DARK,148,0.13378197018724344,0.07951588831143598
BRIGHT,DARK,149,0.40955727222865945,0.37731534671503647
BRIGHT,DARK,150,0.04307369033006517,0.0011738454322862911
BRIGHT,DARK,151,0.28161075784429807,0.19270439182375473
BRIGHT,DARK,152,0.05249122287786106,0.04580708139542727
BRIGHT,DARK,153,-0.26805800127997875,-0.33235807500032133
BRIGHT,DARK,154,0.061736128524312636,0.046736310111018545
BRIGHT,DARK,155,0.2148890123098646,0.24047515407383652
BRIGHT,DARK,156,0.41808567408136255,0.4538373992276512
BRIGHT,DARK,157,-0.12174135420104741,-0.07839983895299162
BRIGHT,DARK,158,0.15005512410972985,0.09577032107784736
BRIGHT,DARK,159,-0.11171851364613215,-0.08382982200326704
BRIGHT,DARK,160,-0.059697066262634345,-0.15647137456888888
BRIGHT,DARK,161,0.26134371006586016,0.2169648667357799
BRIGHT,DARK,162,0.244086787311564,0.18867107821181245
BRIGHT,DARK,163,0.36256338895027207,0.2252659995125144
BRIGHT,DARK,164,-0.04671997922766754,0.0019871141974804763
BRIGHT,DARK,165,-0.02860016765460995,-0.03701030174486021
BRIGHT,DARK,166,-0.19646314945103746,-0.13296761585409025
BRIGHT,DARK,167,-0.08421840278081193,-0.03067872137664031
BRIGHT,DARK,168,-0.08226665317759045,-0.08365284742098518
BRIGHT,DARK,169,0.2048771647530252,0.23862814976802907
BRIGHT,DARK,170,0.012561214576164428,0.009734702125555104
BRIGHT,DARK,171,-0.05699302990053951,-0.03853245053559861
BRIGHT,DARK,172,0.06159358874186494,0.02928259690180025
BRIGHT,DARK,173,0.18076688720209025,0.11343935662332098
BRIGHT,DARK,174,-0.11648489871573978,-0.06384824474258817
BRIGHT,DARK,175,0.14621974085998235,0.05378894837295189
BRIGHT,DARK,176,-0.16746240848106259,-0.14874617132765566
BRIGHT,DARK,177,0.06978776516456679,0.06833833419750929
BRIGHT,DARK,178,-0.176655035480522,-0.21720540901550658
BRIGHT,DARK,179,0.14923453655631969,0.16161910742613977
BRIGHT,DARK,180,-0.016018503875880823,-0.051825664205354637
BRIGHT,DARK,181,-0.09752634649001687,-0.08751726882313568
BRIGHT,DARK,182,0.1332036291004199,0.16090089389951215
BRIGHT,DARK,183,-0.08495572705083754,-0.004666715639982049
BRIGHT,DARK,184,-0.15452558905310448,-0.18772684187462313
BRIGHT,DARK,185,-0.013850667408109746,0.07200701321305733
BRIGHT,DARK,186,-0.053096772198681766,-0.06551917041043157
BRIGHT,DARK,187,-0.0846867411973225,-0.05970690625125123
BRIGHT,DARK,188,0.12937704736788103,0.16092375942805606
BRIGHT,DARK,189,0.032297731976124476,0.017113300211509752
BRIGHT,DARK,190,0.21101548689391553,0.09348510486930865
BRIGHT,DARK,191,0.08538998662835315,0.1421345384185522
BRIGHT,DARK,192,-0.2789035636608668,-0.09587859262780228
BRIGHT,DARK,193,0.2809955374256721,0.28886165587922735
BRIGHT,DARK,194,0.12506641820101627,0.13604937160240024
BRIGHT,DARK,195,0.18133469948311334,0.18015091732765295
BRIGHT,DARK,196,0.24558895771498368,0.296564535443358
BRIGHT,DARK,197,0.10995182450041174,0.09489621974329222
BRIGHT,DARK,198,-0.04939500238622448,-0.0010794614149189415
BRIGHT,DARK,199,-0.05500644160365741,-0.07376396985584696
BRIGHT,DARK,200,-0.05160007900143665,-0.0399098509661675
BRIGHT,DARK,201,0.07158288277583454,0.1540449851251171
BRIGHT,DARK,202,0.31323547375800076,0.25904702365234233
BRIGHT,DARK,203,0.07646058807508799,0.16416365063944696
BRIGHT,DARK,204,0.018944655685870546,0.01237692546113539
BRIGHT,DARK,205,0.0015448854630068245,-0.06170386540035399
BRIGHT,DARK,206,0.4865201020541873,0.45225518418572436
BRIGHT,DARK,207,0.308456796527167,0.31871747734651873
BRIGHT,DARK,208,0.05346253503563148,-0.013519184145709278
BRIGHT,DARK,209,-0.02290251640298014,0.008447928762575288
BRIGHT,DARK,210,-0.059237250180673086,-0.05494309139350978
BRIGHT,DARK,211,0.12355806194598325,0.02944455977812721
BRIGHT,DARK,212,0.10451358075509654,0.060505903319511375
BRIGHT,DARK,213,0.21177010368438862,0.24834954152671626
BRIGHT,DARK,214,-0.09237235299344551,-0.09848210565715503
BRIGHT,DARK,215,0.08866540934941465,0.029067972601483093
BRIGHT,DARK,216,0.17267273197492727,0.16906958976942726
BRIGHT,DARK,217,0.06904135561243857,0.12623066695912413
BRIGHT,DARK,218,0.2635894213264088,0.24244295455372644
BRIGHT,DARK,219,0.004209836202306363,0.11079045491671677
BRIGHT,DARK,220,0.48107165087961695,0.47505339228821675
BRIGHT,DARK,221,0.22900092732098953,0.22000751375650757
BRIGHT,DARK,222,-0.08968636645872727,-0.036111257685239415
BRIGHT,DARK,223,0.16549579797151076,0.1749191532088426
BRIGHT,DARK,224,0.20462833227252283,0.2633890674335813
BRIGHT,DARK,225,0.0358667770788402,0.0038523690353187653
BRIGHT,DARK,226,0.35430065145010475,0.3953543312109576
BRIGHT,DARK,227,0.1113034381574766,0.06705101974773514
BRIGHT,DARK,228,-0.2259410419862213,-0.14284751103046772
BRIGHT,DARK,229,0.33884374254084404,0.3451941450407515
BRIGHT,DARK,230,0.0008048671072753507,-0.008356701270195615
BRIGHT,DARK,231,-0.15080638747245484,-0.12864975899031583
BRIGHT,DARK,232,0.006367527901267823,0.07620547780731161
BRIGHT,DARK,233,-0.2585290552419694,-0.12479799291982707
BRIGHT,DARK,234,0.03881910085246647,0.05937993871720081
BRIGHT,DARK,235,0.16230328834871938,0.15559661602383648
BRIGHT,DARK,236,0.09195804385001613,0.05112184017100948
BRIGHT,DARK,237,-0.061029743678691926,-0.04839229732592068
BRIGHT,DARK,238,0.010785026074538363,0.006681887361182163
BRIGHT,DARK,239,0.06021825730702401,0.11316860886379743
BRIGHT,DARK,240,0.03439690738141243,0.10544051025259592
BRIGHT,DARK,241,0.09719410271940403,0.049480484092732126
BRIGHT,DARK,242,-0.00265065115009471,0.008176623943651075
BRIGHT,DARK,243,0.20505725952864745,0.19290551345409138
BRIGHT,DARK,244,-0.09291942163102693,-0.09668309729676067
BRIGHT,DARK,245,0.006503187937578691,0.06848136568921491
BRIGHT,DARK,246,-0.10952021564719885,-0.14986595840410732
BRIGHT,DARK,247,0.2962418851664254,0.24604780213150942
BRIGHT,DARK,248,-0.0449360786081233,0.008946617385480695
BRIGHT,DARK,249,-0.11628941246214883,-0.043837419595699
BRIGHT,DARK,250,0.11523447711175525,0.021448037467319173
BRIGHT,DARK,251,0.27656386020889195,0.22245353068759732
BRIGHT,DARK,252,-0.25342027188846233,-0.117388433693754
BRIGHT,DARK,253,0.07741732841710779,0.06053709583661066
BRIGHT,DARK,254,-0.11994307936347166,-0.1696627033720977
BRIGHT,DARK,255,-0.03189810293054494,0.0013775700349484144
BRIGHT,DARK,256,-0.22481907758691713,-0.1590917781711698
BRIGHT,DARK,257,-0.11240203030867155,-0.09289907850545187
BRIGHT,DARK,258,0.03982880649726576,0.09677100482050195
BRIGHT,DARK,259,-0.05069847956724904,-0.04477582061741241
BRIGHT,DARK,260,0.19843066800216141,0.2070268149705716
BRIGHT,DARK,261,-0.10588531241440806,-0.05035148394431722
BRIGHT,DARK,262,-0.07490745220727264,-0.0019826564128190343
BRIGHT,DARK,263,0.1036104770050385,0.1617101505868801
BRIGHT,DARK,264,-0.10016453587074305,-0.03876876796514112
BRIGHT,DARK,265,-0.11859791452661664,-0.14651149526456156
BRIGHT,DARK,266,-0.008545733742747702,-0.028642194198273168
BRIGHT,DARK,267,-0.2212854227305868,-0.18346801743678334
BRIGHT,DARK,268,-0.1463068175208634,-0.12275614883763722
BRIGHT,DARK,269,-0.08466421061581154,-0.09981759281307188
BRIGHT,DARK,270,0.27684130696067083,0.24312140693803938
BRIGHT,DARK,271,-0.08653562123908529,-0.10701817320628479
BRIGHT,DARK,272,0.028660888020849207,-0.02524224347511338
BRIGHT,DARK,273,-0.015441142320117661,0.039356880428667175
BRIGHT,DARK,274,-0.02943500927098549,-0.0557188436761222
BRIGHT,DARK,275,0.0727104275699939,0.08018809335229866
BRIGHT,DARK,276,0.0775549524030198,-0.0005983013777280459
BRIGHT,DARK,277,-0.0819468731834419,-0.1387980356704367
BRIGHT,DARK,278,-0.006310453171228942,0.053951581603127644
BRIGHT,DARK,279,0.09121175852010344,0.07762581892543355
BRIGHT,DARK,280,-0.0173513816747891,0.006100354158434012
BRIGHT,DARK,281,-0.006794273085325052,0.041343896501038035
BRIGHT,DARK,282,-0.10794029502670614,-0.1759285743321144
BRIGHT,DARK,283,0.09824567639838809,0.20050208512089226
BRIGHT,DARK,284,0.10403606431654631,0.1278861227699971
BRIGHT,DARK,285,-0.05859178314357869,-0.11470018189825919
BRIGHT,DARK,286,0.07211299810605405,0.08920625389441254
BRIGHT,DARK,287,0.11761832681624042,0.0656396702792722
BRIGHT,DARK,288,0.5073588237435726,0.39815921899581336
BRIGHT,DARK,289,-0.12889544629831615,-0.10602812304680496
BRIGHT,DARK,290,-0.0027646024474719134,-0.04638728022675497
BRIGHT,DARK,291,0.3569015910120034,0.2748811776839238
BRIGHT,DARK,292,0.23261382065724648,0.15566931938658457
BRIGHT,DARK,293,-0.1831520650434983,-0.08517006791297234
BRIGHT,DARK,294,0.45288881729595654,0.29261013332672886
BRIGHT,DARK,295,0.027299301609567846,0.056012716846706556
BRIGHT,DARK,296,0.217525441261461,0.2446463109873982
BRIGHT,DARK,297,0.04531158880423468,0.03295691658046536
BRIGHT,DARK,298,-0.16739258809006002,-0.22152613079650643
BRIGHT,DARK,299,0.20088157878877497,0.19410593865790657
BRIGHT,DARK,300,0.1320813221604742,0.1804817079381447
BRIGHT,DARK,301,0.22345399442314803,0.24035531607474683
BRIGHT,DARK,302,0.1342560264517364,0.13939324266153544
BRIGHT,DARK,303,0.19486146616453714,0.22841991051266744
BRIGHT,DARK,304,0.19343897500816565,0.0761379925207786
BRIGHT,DARK,305,-0.008698010681694773,0.0047055803085206595
BRIGHT,DARK,306,0.09841384738196651,0.07325561597423007
BRIGHT,DARK,307,0.041937266940348064,0.0799419250655018
BRIGHT,DARK,308,-0.04731325235409553,-0.04252174164000112
BRIGHT,DARK,309,-0.006104268493598359,-0.05142169890976041
BRIGHT,DARK,310,0.24491399936327676,0.39369393261843605
BRIGHT,DARK,311,0.39298337522707233,0.3321896674873069
BRIGHT,DARK,312,0.33315712705283623,0.26751918170385985
BRIGHT,DARK,313,-0.06708193922979039,-0.0171640529823249
BRIGHT,DARK,314,-0.06267005135031803,-0.00948135440044883
BRIGHT,DARK,315,-0.33322788665120967,-0.12959732914152466
BRIGHT,DARK,316,0.18526362572056282,0.1551877300120335
BRIGHT,DARK,317,0.18225520500304526,0.195193365523259
BRIGHT,DARK,318,-0.024905943938811386,0.028138021732703723
BRIGHT,DARK,319,0.009542422530618976,0.012813451512987139
BRIGHT,DARK,320,-0.10139390483019069,0.04668445801654912
BRIGHT,DARK,321,0.014027270534475486,0.04024986441298272
BRIGHT,DARK,322,-0.07625304755348747,-0.07042334586312414
BRIGHT,DARK,323,-0.2375730913832501,-0.08972845822092963
BRIGHT,DARK,324,0.018781700482572713,0.09148340451716105
BRIGHT,DARK,325,0.3912312133265539,0.4567549705782403
BRIGHT,DARK,326,0.48438669120513106,0.5290190277303936
BRIGHT,DARK,327,-0.17949108213782414,-0.20523169676040112
BRIGHT,DARK,328,-0.08987905570165554,-0.12354894234550855
BRIGHT,DARK,329,-0.06629983228093013,-0.013682408608341502
BRIGHT,DARK,330,0.2909872938414047,0.3201070384612356
BRIGHT,DARK,331,-0.0358132366585008,-0.053375000696775005
BRIGHT,DARK,332,0.00808350429729183,0.036924540291926725
BRIGHT,DARK,333,0.08510572877196611,0.10107089187121099
BRIGHT,DARK,334,0.08357052973187096,0.03227037466008894
BRIGHT,DARK,335,0.0864056481004831,0.12703411950641197
BRIGHT,DARK,336,-0.01783416322199332,-0.006914167687025757
BRIGHT,DARK,337,0.15964300729120193,0.18429012515339843
BRIGHT,DARK,338,0.16732496982659106,0.2232190774231214
BRIGHT,DARK,339,-0.11293416832804155,-0.005132071014823146
BRIGHT,DARK,340,-0.07521676007195469,0.010095603667259877
BRIGHT,DARK,341,-0.129601173093627,-0.1205004971360467
BRIGHT,DARK,342,0.03955769464065632,0.025929050035285464
BRIGHT,DARK,343,0.060014336566248674,0.11579114416867259
BRIGHT,DARK,344,-0.120378877332991,-0.06146306648528884
BRIGHT,DARK,345,0.2802201675639661,0.2789429174556459
BRIGHT,DARK,346,-0.2038821498936433,-0.17485655137390016
BRIGHT,DARK,347,-0.20269382461446467,-0.16348110804692995
BRIGHT,DARK,348,0.2264456654287112,0.13488125074959145
BRIGHT,DARK,349,0.0012006255739225428,0.07687084033676907
BRIGHT,DARK,350,-0.23594595644013783,-0.09393777249849289
BRIGHT,DARK,351,0.05202030529748023,-0.04027801782812483
BRIGHT,DARK,352,-0.11212139205126806,0.02514419098466209
BRIGHT,DARK,353,0.010196578254562966,0.027544528936563135
BRIGHT,DARK,354,-0.06926818065634793,-0.11450537015387875
BRIGHT,DARK,355,0.2145739075554443,0.2750754747697783
BRIGHT,DARK,356,-0.08701462588263037,-0.052292775105789537
BRIGHT,DARK,357,-0.189801345752641,-0.15521385285670966
BRIGHT,DARK,358,0.10736802101329024,0.0979639948990262
BRIGHT,DARK,359,0.011337016163949982,0.022133116168570617
BRIGHT,DARK,360,0.15283109226288738,0.18389606877062104
BRIGHT,DARK,361,0.16264748807165305,0.170995897627858
BRIGHT,DARK,362,0.024649324207100237,0.028862951642946204
BRIGHT,DARK,363,-0.002227577693704041,0.015838241615583164
BRIGHT,DARK,364,0.1911629489940925,0.1703392471733452
BRIGHT,DARK,365,0.31634406321654124,0.3116669317302287
BRIGHT,DARK,366,-0.034720097657941505,-0.01509132951924729
BRIGHT,DARK,367,-0.04979046139843531,0.021101714233015427
BRIGHT,DARK,368,-0.05712525784056506,0.08072271281047412
BRIGHT,DARK,369,0.21451705747232822,0.287339868482667
BRIGHT,DARK,370,-0.21409033206406694,-0.2620049732725071
BRIGHT,DARK,371,0.18738033591345002,0.17880494485582124
BRIGHT,DARK,372,0.07853139285862551,0.06751122159731264
BRIGHT,DARK,373,0.09659211181749632,0.08935270466556956
BRIGHT,DARK,374,0.16149777670124021,0.08103371449193572
BRIGHT,DARK,375,0.12489284912647518,0.19998538273035
BRIGHT,DARK,376,0.36103954399925725,0.38976360563956275
BRIGHT,DARK,377,-0.0855800967582238,-0.0492391190741372
BRIGHT,DARK,378,-0.18480240893543362,0.02264289653974544
BRIGHT,DARK,379,0.0486511090180887,0.12426756495001728
BRIGHT,DARK,380,-0.040855782062630915,0.01617541639450666
BRIGHT,DARK,381,-0.2942066594963216,-0.1692740014482109
BRIGHT,DARK,382,0.1136026547585715,0.11735790572082366
BRIGHT,DARK,383,0.008259405940551775,0.01259239980904453
BRIGHT,DARK,384,-0.09120142145025514,-0.0562256799924327
BRIGHT,DARK,385,-0.06341240441594553,0.020572941819175867
BRIGHT,DARK,386,0.047275021068928336,0.09605981210946356
BRIGHT,DARK,387,0.1549211469715441,0.13411103157616122
BRIGHT,DARK,388,0.2128364502026162,0.25515700214177267
BRIGHT,DARK,389,0.20189709381394844,0.21487636343153949
BRIGHT,DARK,390,0.2599662513847302,0.30058538493740933
BRIGHT,DARK,391,-0.042163085128875476,-0.08216059010327909
BRIGHT,DARK,392,-0.10669171234782185,-0.12424684251446252
BRIGHT,DARK,393,0.11174024565608155,0.0792097673109561
BRIGHT,DARK,394,0.11593380507567307,0.07695749030736722
BRIGHT,DARK,395,-0.18215849069822762,-0.17379116775737527
BRIGHT,DARK,396,-0.025630077700782947,0.005716515091076877
BRIGHT,DARK,397,0.10327158895246892,0.05370853226581874
BRIGHT,DARK,398,-0.10449434690766032,-0.08230953529861601
BRIGHT,DARK,399,0.08209281719871973,0.1429391270920886
BRIGHT,DARK,400,0.14067181531884856,0.15013229081164803
BRIGHT,DARK,401,0.24960706988344847,0.2035567577773086
BRIGHT,DARK,402,0.2430592658685154,0.20061330911720562
BRIGHT,DARK,403,-0.07966580421903914,-0.038377873503765626
BRIGHT,DARK,404,0.13463213581899067,0.1729233439542239
BRIGHT,DARK,405,0.27846568627181983,0.23958282412342086
BRIGHT,DARK,406,0.3946124354639121,0.36551461325924567
BRIGHT,DARK,407,-0.1280985771825543,-0.10249554964682234
BRIGHT,DARK,408,-0.11940088556618539,-0.1515827619548649
BRIGHT,DARK,409,-0.0019851906085331227,-0.038638661367430306
BRIGHT,DARK,410,-0.015678497344241333,0.02150710008509038
BRIGHT,DARK,411,0.03169601941515868,0.01794260786505426
BRIGHT,DARK,412,0.01872823518108675,0.03689184665749171
BRIGHT,DARK,413,0.016275407930503194,-0.03408182892938592
BRIGHT,DARK,414,0.543614835051998,0.5520174701389133
BRIGHT,DARK,415,0.05643995654755682,0.10162905581423928
BRIGHT,DARK,416,-0.08600320796007511,-0.09384996625892345
BRIGHT,DARK,417,0.18251444892377292,0.18054244627518687
BRIGHT,DARK,418,0.2938655931259831,0.2696595454495761
BRIGHT,DARK,419,-0.17770384469793818,-0.12018958704647656
BRIGHT,DARK,420,-0.16236222026735764,-0.1926314721140958
BRIGHT,DARK,421,-0.012048103904375163,-0.0797177236821156
BRIGHT,DARK,422,0.22590199025526272,0.24847172084996885
BRIGHT,DARK,423,-0.29433508943507125,-0.23644389605486016
BRIGHT,DARK,424,0.3105052180896002,0.29279842047589194
BRIGHT,DARK,425,0.23189693437650952,0.2484969970104732
BRIGHT,DARK,426,-0.025832173864870387,0.005606724767392522
BRIGHT,DARK,427,-0.048108503547880946,-0.03406744276133175
BRIGHT,DARK,428,-0.059814056359668834,-0.08555881664964045
BRIGHT,DARK,429,0.10142817031720566,0.16226805809288034
BRIGHT,DARK,430,-0.05562163179116314,-0.024163099043950493
BRIGHT,DARK,431,-0.10889078078279733,-0.06535616521295305
BRIGHT,DARK,432,0.2596905996303278,0.25018983632023123
BRIGHT,DARK,433,-0.017044549023964115,0.045240267951498055
BRIGHT,DARK,434,-0.1218441883124649,-0.07931588792084493
BRIGHT,DARK,435,-0.17613522641992835,-0.1525180416756158
BRIGHT,DARK,436,0.10074472205208661,0.040252716683128964
BRIGHT,DARK,437,0.16262616703754212,0.150897212431153
BRIGHT,DARK,438,-0.1588333696956707,-0.04073619315171164
BRIGHT,DARK,439,0.006053645520239978,-0.018472971879922376
BRIGHT,DARK,440,-0.010910965079763184,0.03875575837845847
BRIGHT,DARK,441,0.16531659649897917,0.18934515383505895
BRIGHT,DARK,442,0.14867361666115023,0.12819389138554674
BRIGHT,DARK,443,0.125853756680897,0.09878102232911458
BRIGHT,DARK,444,0.04260737123703973,0.02953270298872661
BRIGHT,DARK,445,0.19600330866763419,0.20373017026811857
BRIGHT,DARK,446,0.12506460324994528,0.21583731784053492
BRIGHT,DARK,447,0.14537347548622964,0.19503870142792884
BRIGHT,DARK,448,-0.20703200925170379,-0.14551183790419703
BRIGHT,DARK,449,-0.0822969816303519,-0.10348203798368696
BRIGHT,DARK,450,0.22317354928323446,0.26580554181837596
BRIGHT,DARK,451,-0.06204614041149998,0.041835082697458115
BRIGHT,DARK,452,0.20735551379299433,0.218152978790106
BRIGHT,DARK,453,-0.04643749805491702,-0.017726699471806797
BRIGHT,DARK,454,-0.028088795890764597,-0.08101603038627232
BRIGHT,DARK,455,-0.08375301791558878,-0.033013482041366615
BRIGHT,DARK,456,0.12116701735504455,0.1900456565203156
BRIGHT,DARK,457,0.28092122668294256,0.28365172177373704
BRIGHT,DARK,458,-0.016839440807915548,-0.10441120338057387
BRIGHT,DARK,459,-0.06285102972011211,0.005473525038441377
BRIGHT,DARK,460,0.24626905263828888,0.08847134429092987
BRIGHT,DARK,461,-0.15853561543433112,-0.13032673738880127
BRIGHT,DARK,462,0.4222496606495447,0.45557195251395266
BRIGHT,DARK,463,-0.00579696854643292,-0.047903046393095776
BRIGHT,DARK,464,-0.12140083195608259,-0.08609890334836957
BRIGHT,DARK,465,0.19875893027366223,0.1700104047409727
BRIGHT,DARK,466,-0.03784189186772484,0.026722087131697842
BRIGHT,DARK,467,0.05673653491559579,0.018213226482365893
BRIGHT,DARK,468,-0.031651865247954124,-0.0045471674718344166
BRIGHT,DARK,469,-0.0817086485499273,0.002925488701299646
BRIGHT,DARK,470,0.00193598109042959,-0.011242225632375672
BRIGHT,DARK,471,-0.1358259051587707,-0.12117971718064058
BRIGHT,DARK,472,0.07657679738417857,0.008497620692457773
BRIGHT,DARK,473,0.023601881969715417,0.12255055195504481
BRIGHT,DARK,474,0.23630549633134562,0.16049418448871378
BRIGHT,DARK,475,0.010739352916627549,-0.014670569242493454
BRIGHT,DARK,476,0.16125984229526466,0.22924677490129244
BRIGHT,DARK,477,0.1004131361777018,0.10017854656986483
BRIGHT,DARK,478,0.1451766701738362,0.10071776200662265
BRIGHT,DARK,479,-0.16805621250385985,-0.2467728661787603
BRIGHT,DARK,480,0.1085075544837199,0.0846131869865373
BRIGHT,DARK,481,0.02299233818353913,0.09029158657154646
BRIGHT,DARK,482,-0.027729595589004202,-0.03340650617092101
BRIGHT,DARK,483,0.04651659470570628,0.08043802694462351
BRIGHT,DARK,484,-0.040797834274763044,-0.05519648029024826
BRIGHT,DARK,485,0.11427976095817416,0.09364674373501242
BRIGHT,DARK,486,-0.12556636752317923,-0.11236650305246385
BRIGHT,DARK,487,-0.03905311808692329,-0.019638546310679256
BRIGHT,DARK,488,-0.017159113272161367,-0.027843632763448513
BRIGHT,DARK,489,-0.05747738769373606,4.0956989204363135e-05
BRIGHT,DARK,490,0.036650069042729105,0.03902618728313594
BRIGHT,DARK,491,0.21952949125562443,0.2800349766390894
BRIGHT,DARK,492,-0.11453919153094014,-0.056787848012934086
BRIGHT,DARK,493,-0.08433496480147211,-0.044909426891061345
BRIGHT,DARK,494,0.08082234288055369,0.0774973651330398
BRIGHT,DARK,495,-0.1361565674553005,-0.08048839371006292
BRIGHT,DARK,496,-0.27806963478517743,-0.31618341939731154
BRIGHT,DARK,497,-0.019281413995615896,0.014339733816189217
BRIGHT,DARK,498,0.1628442199545259,0.12612328884519372
BRIGHT,DARK,499,0.13494865143838244,0.09814766317109591
BRIGHT,DARK,500,0.23224825461082904,0.2572915191439128
BRIGHT,DARK,501,0.11662949373872702,0.0122194208559356
BRIGHT,DARK,502,-0.0929806268532958,-0.0826408745106924
BRIGHT,DARK,503,0.23215165135043375,0.10118326123495992
BRIGHT,DARK,504,-0.01762746223020053,0.0347553059243176
BRIGHT,DARK,505,0.0484075897161683,0.13389799784912237
BRIGHT,DARK,506,-0.24462386995387778,-0.16401531807698333
BRIGHT,DARK,507,-0.13511604735780292,-0.15027363783906508
BRIGHT,DARK,508,0.1936593716192481,0.13659542785683085
BRIGHT,DARK,509,0.24497317805454105,0.24524536829536167
BRIGHT,DARK,510,0.060543852320607175,0.07811664579588277
BRIGHT,DARK,511,0.04539968954892985,0.0299428663434966
BRIGHT,DARK,512,0.062392801769498595,0.03773278788047805
BRIGHT,DARK,513,0.2688656902305143,0.23797033198786896
BRIGHT,DARK,514,0.07552993682601913,0.12687589431453067
BRIGHT,DARK,515,0.43256605405923665,0.4072695268165241
BRIGHT,DARK,516,0.041561829570457294,0.03533549535565229
BRIGHT,DARK,517,-0.16169510777785848,-0.12947867364643634
BRIGHT,DARK,518,-0.16695008999969396,-0.05752428303827502
BRIGHT,DARK,519,0.03065840545801151,0.01674792688014111
BRIGHT,DARK,520,-0.22955947365538615,-0.1202753345148255
BRIGHT,DARK,521,0.050556915943211704,0.10277496122249212
BRIGHT,DARK,522,-0.0485009859182443,0.0276998826369237
BRIGHT,DARK,523,-0.09087833840804373,0.02329037203236294
BRIGHT,DARK,524,-0.18192298133370643,-0.16228397513272422
BRIGHT,DARK,525,-0.008428478925872965,0.04254281426005696
BRIGHT,DARK,526,-0.12367822305004166,-0.029451830199918736
BRIGHT,DARK,527,-0.062009498978775356,-0.003704126218608458
BRIGHT,DARK,528,0.4017821850166303,0.40784831497499463
BRIGHT,DARK,529,0.0705377920102944,0.12861914900897226
BRIGHT,DARK,530,0.3554980397496641,0.3483279623078191
BRIGHT,DARK,531,0.0198609894433408,0.05978650575866062
BRIGHT,DARK,532,0.08423101519069197,0.12464348734853478
BRIGHT,DARK,533,0.05670098210136937,0.05253193050509263
BRIGHT,DARK,534,-0.07212150256802197,-0.08281601129804453
BRIGHT,DARK,535,-0.10099079320983557,-0.11125725244083771
BRIGHT,DARK,536,-0.06423239802245899,-0.05550527137490672
BRIGHT,DARK,537,0.3797527509387085,0.44900399398175705
BRIGHT,DARK,538,0.011208650996401984,0.03635695590565032
BRIGHT,DARK,539,0.09236722592537797,0.038458686252937
BRIGHT,DARK,540,0.371004674738655,0.38036589060691106
BRIGHT,DARK,541,-0.12239421370493635,-0.09813490543943545
BRIGHT,DARK,542,0.038006075684531467,-0.010809507796834225
BRIGHT,DARK,543,-0.20938481893639369,-0.14964701716049525
BRIGHT,DARK,544,0.091034606406074,0.06716319909945698
BRIGHT,DARK,545,-0.09395828846696314,-0.10027772342006529
BRIGHT,DARK,546,-0.06961236463933616,-0.004600037258426907
BRIGHT,DARK,547,0.04355271409227616,0.04397632844303445
BRIGHT,DARK,548,-0.11144283467395129,-0.06499101281577353
BRIGHT,DARK,549,0.3158409586685915,0.22416138570390257
BRIGHT,DARK,550,0.10979715338706089,0.13352744454871132
BRIGHT,DARK,551,0.2078282744790215,0.18164666313379757
BRIGHT,DARK,552,-0.012222372161182082,0.02515213580493952
BRIGHT,DARK,553,0.14462356035750978,0.13514283417267764
BRIGHT,DARK,554,0.30283324331125705,0.23627009608312569
BRIGHT,DARK,555,-0.24871783765419986,-0.23448552999298974
BRIGHT,DARK,556,0.36758270565256407,0.25028066234689333
BRIGHT,DARK,557,-0.09241156185696899,0.06255490917633912
BRIGHT,DARK,558,-0.037627637934881074,0.05866486029355828
BRIGHT,DARK,559,-0.060691043739658994,-0.010928123172813489
BRIGHT,DARK,560,-0.08992132603733027,-0.032294704967847
BRIGHT,DARK,561,-0.18243484444651442,-0.21771267038412506
BRIGHT,DARK,562,0.06682691108740174,0.06890174095782507
BRIGHT,DARK,563,-0.015979702983631966,-0.03321380216803569
BRIGHT,DARK,564,0.3064445086547759,0.28093001729114386
BRIGHT,DARK,565,-0.06676789741010178,-0.03817919090772947
BRIGHT,DARK,566,0.13621079635454184,0.11794571964663447
BRIGHT,DARK,567,0.31568764748884987,0.24860449117847602
BRIGHT,DARK,568,0.07552808896037683,0.10495999755508706
BRIGHT,DARK,569,-0.10800431377902484,-0.06511430395067079
BRIGHT,DARK,570,0.21895000324615305,0.2646361240070838
BRIGHT,DARK,571,0.020428275071575762,-0.010105029385626386
BRIGHT,DARK,572,-0.05174126081253691,-0.07709785605936932
BRIGHT,DARK,573,0.2650086930378949,0.19366434596324525
BRIGHT,DARK,574,0.15420377060989146,0.13295686243209512
BRIGHT,DARK,575,-0.12091809881029224,-0.013200138928188183
BRIGHT,DARK,576,0.10490638067856606,0.13417010357147302
BRIGHT,DARK,577,-0.09512022447200202,-0.008407346073395388
BRIGHT,DARK,578,0.08123696755048652,-0.016766399980027637
BRIGHT,DARK,579,0.1551319315385018,0.16974333645047876
BRIGHT,DARK,580,0.1889530633883203,0.2276779240725705
BRIGHT,DARK,581,-0.038672006042265956,0.030418950188889033
BRIGHT,DARK,582,0.05964712009770496,0.09291135918984457
BRIGHT,DARK,583,0.032733581248258856,0.07770147425089968
BRIGHT,DARK,584,0.20855609336307865,0.2037656608619641
BRIGHT,DARK,585,-0.2135816647130963,-0.1990999519747535
BRIGHT,DARK,586,-0.23791114107998076,-0.09604104899819865
BRIGHT,DARK,587,0.08243577255669854,0.07996418515678494
BRIGHT,DARK,588,0.01670074346074198,0.008920882186557403
BRIGHT,DARK,589,-0.01883540708323944,-0.016741769857889725
BRIGHT,DARK,590,-9.747383493702174e-05,-0.002442584437242278
BRIGHT,DARK,591,-0.15838482682496663,-0.13373058106162092
BRIGHT,DARK,592,0.13211766469125324,0.18177756598782652
BRIGHT,DARK,593,-0.288477092077286,-0.21285543879315622
BRIGHT,DARK,594,-0.10804161931609732,-0.18173147003765122
BRIGHT,DARK,595,0.06729810057053572,0.03746363002305796
BRIGHT,DARK,596,-0.13413246577325147,-0.010651761059370301
BRIGHT,DARK,597,0.2451491048161908,0.14524814823883075
BRIGHT,DARK,598,-0.01108863308732911,0.02231599114199607
BRIGHT,DARK,599,-0.05022540686488795,-0.00792622792483202
BRIGHT,DARK,600,0.15932040984794077,0.19431341201191074
BRIGHT,DARK,601,-0.12918347288951282,-0.04639654831447203
BRIGHT,DARK,602,0.04640320053286406,0.11763418080393087
BRIGHT,DARK,603,0.28711051654216846,0.2853518639906792
BRIGHT,DARK,604,0.29180498011499517,0.1968870129444119
BRIGHT,DARK,605,0.4927627522085346,0.3681500557618517
BRIGHT,DARK,606,-0.0904681195699694,-0.04616170645586063
BRIGHT,DARK,607,0.36251053117082066,0.3091588125997482
BRIGHT,DARK,608,-0.029659251007581582,-0.04105516384847263
BRIGHT,DARK,609,-0.049055467760358275,0.05331355022101711
BRIGHT,DARK,610,0.02243914659777638,0.05012204752013449
BRIGHT,DARK,611,-0.19413923698712868,-0.16801753806990546
BRIGHT,DARK,612,0.10818385405710366,0.1647156296038723
BRIGHT,DARK,613,-0.08443556889007275,-0.10688040880133971
BRIGHT,DARK,614,0.219534919521198,0.30167464557142676
BRIGHT,DARK,615,-0.24782633517740646,-0.18068275126372355
BRIGHT,DARK,616,0.17546991296423659,0.1800708338189112
BRIGHT,DARK,617,0.4155993591025662,0.3397698778784852
BRIGHT,DARK,618,0.1820357961578327,0.19487841396642164
BRIGHT,DARK,619,-0.12993518255078654,-0.16899192586130646
BRIGHT,DARK,620,0.14446320319683412,0.19655986926219154
BRIGHT,DARK,621,0.08542661507020616,0.1320586586851123
BRIGHT,DARK,622,-0.1703758446094399,-0.2114950121681444
BRIGHT,DARK,623,-0.319268115819801,-0.32578937103460676
BRIGHT,DARK,624,0.3002049307478112,0.23439359286247163
BRIGHT,DARK,625,0.10172193631528298,0.1548218322159079
BRIGHT,DARK,626,0.41074747871456835,0.34328644180026224
BRIGHT,DARK,627,-0.12265564962479461,-0.16389612978210039
BRIGHT,DARK,628,-0.33987968463833024,-0.3591725725158853
BRIGHT,DARK,629,-0.03231895913741579,-0.035009164197944524
BRIGHT,DARK,630,-0.04950348201364598,0.08121041674084899
BRIGHT,DARK,631,0.27156638409476935,0.17907711986013122
BRIGHT,DARK,632,0.12417248437082455,0.07033944567443677
BRIGHT,DARK,633,-0.09478075909765592,-0.06787032562350385
BRIGHT,DARK,634,-0.016389687928409478,0.12017673847154824
BRIGHT,DARK,635,0.11048636193914231,0.09219023086925406
BRIGHT,DARK,636,0.0814682346768594,0.06231506760256915
BRIGHT,DARK,637,-0.0378327317615837,-0.06399877878511231
BRIGHT,DARK,638,0.12787560471414908,0.1874027641742625
BRIGHT,DARK,639,-0.016979056334600826,0.01521310300579983
BRIGHT,DARK,640,-0.12235939594309311,-0.13645372944474693
BRIGHT,DARK,641,0.042731104851331976,0.02373105951356504
BRIGHT,DARK,642,0.2642948752562896,0.28273841211235157
BRIGHT,DARK,643,0.23462267597711717,0.06276570568883273
BRIGHT,DARK,644,0.27605451679010995,0.28133521414447044
BRIGHT,DARK,645,-0.27221191677145673,-0.18359120111539423
BRIGHT,DARK,646,-0.05533153073672266,-0.05112023342367244
BRIGHT,DARK,647,0.15505653407022252,0.11993039929111193
BRIGHT,DARK,648,0.09606426963938326,0.049425220505914566
BRIGHT,DARK,649,0.0440371917581117,0.06511399283026911
BRIGHT,DARK,650,-0.12426505000450969,-0.013759903176488324
BRIGHT,DARK,651,-0.10722276285164549,-0.07198017597764567
BRIGHT,DARK,652,0.024431085545393368,0.046355423299692146
BRIGHT,DARK,653,0.002053423706777453,0.08232792534438499
BRIGHT,DARK,654,0.16845853447526304,0.2062163191151632
BRIGHT,DARK,655,0.07761592717130983,0.16179154815687366
BRIGHT,DARK,656,0.008108194952886387,0.03740081579183098
BRIGHT,DARK,657,-0.08566614283312918,0.018974899925796047
BRIGHT,DARK,658,0.014255687734683869,0.0811329524232635
BRIGHT,DARK,659,0.025762361569576914,0.054492562917820855
BRIGHT,DARK,660,0.29744293719379233,0.3139324540087059
BRIGHT,DARK,661,-0.16546991076868958,-0.03597784102677642
BRIGHT,DARK,662,-0.3519255667997052,-0.2764533687215442
BRIGHT,DARK,663,-0.25282977122090755,-0.1662781760573419
BRIGHT,DARK,664,0.02287450148623749,0.03317363947675063
BRIGHT,DARK,665,-0.03665293838990361,0.012205687085049892
BRIGHT,DARK,666,0.06497821694491394,0.09562456590180461
BRIGHT,DARK,667,0.3630530429273223,0.4034906393251517
BRIGHT,DARK,668,-0.011430414561550913,0.07451233222542451
BRIGHT,DARK,669,-0.16403017938350095,-0.24098694776115429
BRIGHT,DARK,670,-0.2157419039717716,-0.2266944097221594
BRIGHT,DARK,671,-0.0888358462596647,-0.09143883292971715
BRIGHT,DARK,672,0.25306874666469037,0.2589807408919949
BRIGHT,DARK,673,-0.09086438084189,-0.07677663058185483
BRIGHT,DARK,674,-0.22370175058727537,-0.10399922316667982
BRIGHT,DARK,675,-0.11122154998374112,-0.01863458065046865
BRIGHT,DARK,676,0.06809168320454705,0.07378132665297886
BRIGHT,DARK,677,0.3133313724337501,0.3348714135026208
BRIGHT,DARK,678,-0.11324391741169418,-0.02484298141248661
BRIGHT,DARK,679,0.056157406947104416,0.09500220353638716
BRIGHT,DARK,680,-0.2576575924072175,-0.20175303112180773
BRIGHT,DARK,681,-0.09118895387068558,-0.13461182720742831
BRIGHT,DARK,682,0.11495090840577826,0.04927366472907426
BRIGHT,DARK,683,-0.23160407816063222,-0.11554144157934905
BRIGHT,DARK,684,0.1394898647746096,0.11226754023168195
BRIGHT,DARK,685,0.17177811924742345,0.24175581099257507
BRIGHT,DARK,686,0.0769674509862225,0.043590311397909594
BRIGHT,DARK,687,-0.09121899731993312,0.005317070320922728
BRIGHT,DARK,688,-0.1181648561427116,-0.14277180812199047
BRIGHT,DARK,689,-0.03964370892196231,-0.05090890998294294
BRIGHT,DARK,690,-0.10721516249744852,-0.11167886150071651
BRIGHT,DARK,691,0.1920087758756571,0.19704070405514798
BRIGHT,DARK,692,0.3124367214264322,0.19806980489648596
BRIGHT,DARK,693,0.00889701058266936,0.06854298103739796
BRIGHT,DARK,694,0.3452058291579523,0.31453501975605275
BRIGHT,DARK,695,-0.18709361357623017,-0.15133401798576193
BRIGHT,DARK,696,0.2796451077157234,0.22680838169448647
BRIGHT,DARK,697,-0.016402130274906744,0.02607184731855753
BRIGHT,DARK,698,0.0019523027621343174,0.014259835012309848
BRIGHT,DARK,699,-0.054788955793787925,-0.0662695453576013
BRIGHT,DARK,700,0.29098614530388867,0.3108775177221573
BRIGHT,DARK,701,-0.15893389338844763,-0.2050172830346399
BRIGHT,DARK,702,0.11170961763944687,0.14029721475261486
BRIGHT,DARK,703,0.12920389065149723,0.18876252724253267
BRIGHT,DARK,704,0.09842636385813956,-0.0162021083381128
BRIGHT,DARK,705,0.22419140562920903,0.19095002153404056
BRIGHT,DARK,706,-0.11004898035619176,-0.02757603550430033
BRIGHT,DARK,707,0.06726885188346501,0.13574065597113866
BRIGHT,DARK,708,-0.12568796741006066,-0.03502877661393627
BRIGHT,DARK,709,-0.15822676370793196,-0.015283043078899229
BRIGHT,DARK,710,-0.13030462368922174,-0.11234210197986286
BRIGHT,DARK,711,-0.17182667534392668,-0.2724218084198349
BRIGHT,DARK,712,-0.12130307845864695,-0.052749700580812804
BRIGHT,DARK,713,0.32897295830213513,0.3960004050547508
BRIGHT,DARK,714,0.015860405803539656,0.07749828700085147
BRIGHT,DARK,715,-0.004385589651937779,0.018953576945536836
BRIGHT,DARK,716,0.06635517225032989,0.11981846293992247
BRIGHT,DARK,717,-0.19852558138017015,-0.12833688107939037
BRIGHT,DARK,718,0.010952481794931664,0.026198131251411547
BRIGHT,DARK,719,0.0882011990249652,0.04619382189560745
BRIGHT,DARK,720,0.02635709213642525,-0.01715961992374618
BRIGHT,DARK,721,-0.04376568037050178,0.018242070420226714
BRIGHT,DARK,722,0.07869693911977804,0.03343284130401206
BRIGHT,DARK,723,0.3932922141855069,0.345281873292659
BRIGHT,DARK,724,0.12053766649181218,0.10274469183063278
BRIGHT,DARK,725,-0.11302257611145837,-0.04225075091502765
BRIGHT,DARK,726,0.061601655034437375,0.1264035908629171
BRIGHT,DARK,727,-0.05226490928975293,-0.02735107619559302
BRIGHT,DARK,728,0.1867759631370684,0.19270525223398827
BRIGHT,DARK,729,-0.025652497810391178,0.038273608040409066
BRIGHT,DARK,730,0.06827590071817836,0.08378897290148557
BRIGHT,DARK,731,-0.02431689817819951,0.023330258001067455
BRIGHT,DARK,732,0.07104691795082355,0.06958507877676644
BRIGHT,DARK,733,-0.1768405119129015,-0.15114348642149314
BRIGHT,DARK,734,0.044748485859528696,0.05626915798064759
BRIGHT,DARK,735,0.008801103028194566,0.044920214458827525
BRIGHT,DARK,736,0.14932758143496352,0.1221722786539991
BRIGHT,DARK,737,-0.056647174294504214,-0.06551919907657928
BRIGHT,DARK,738,-0.0067274265712550145,-0.06659683264058722
BRIGHT,DARK,739,-0.08151104507536962,0.02889041379254616
BRIGHT,DARK,740,-0.16674645969254412,-0.11249234217622756
BRIGHT,DARK,741,-0.09635922627630884,-0.019037895742737145
BRIGHT,DARK,742,0.05504307140988759,0.029413841795784837
BRIGHT,DARK,743,-0.023347945893897416,-0.03344674381786055
BRIGHT,DARK,744,0.19670001496975917,0.13177958446004565
BRIGHT,DARK,745,7.580286362969462e-05,0.02917525400541326
BRIGHT,DARK,746,0.09835482345181631,0.12991535607325935
BRIGHT,DARK,747,-0.24529657236856028,-0.20602049458651905
BRIGHT,DARK,748,0.1323749677726687,0.16872546494026117
BRIGHT,DARK,749,-0.3704767607767317,-0.21180958671332614
BRIGHT,DARK,750,0.014195519316254077,-0.01531125791924757
BRIGHT,DARK,751,-0.037013079932549056,-0.003667647234630403
BRIGHT,DARK,752,-0.03967952985945412,0.023001874678430786
BRIGHT,DARK,753,0.42450260848721955,0.42369745809678067
BRIGHT,DARK,754,-0.12082027257933417,-0.12955896860646954
BRIGHT,DARK,755,0.07934091998423515,0.021636996216913607
BRIGHT,DARK,756,-0.023296156901853483,0.0020972572863857328
BRIGHT,DARK,757,0.08173458818044194,0.05946444565895116
BRIGHT,DARK,758,-0.1575600962054755,-0.0593799443957312
BRIGHT,DARK,759,0.06050562865452711,0.12110042883218919
BRIGHT,DARK,760,0.20068983749593927,0.1455257618643848
BRIGHT,DARK,761,-0.041441867143908434,-0.04063261324663968
BRIGHT,DARK,762,-0.029769509532290662,-0.1027815890046823
BRIGHT,DARK,763,-0.21260760007560825,-0.31472484042794796
BRIGHT,DARK,764,-0.0582273471603706,0.009833644892698041
BRIGHT,DARK,765,0.2062921208647687,0.10934454945107905
BRIGHT,DARK,766,-0.15091197950594706,-0.183078983383779
BRIGHT,DARK,767,0.06622906935106677,0.07178997638327962
BRIGHT,DARK,768,-0.2897528221662514,-0.2857804087302785
BRIGHT,DARK,769,-0.31444000700388713,-0.2092872899965198
BRIGHT,DARK,770,0.2913418542577578,0.2892554848891068
BRIGHT,DARK,771,0.15689266568328947,0.09273885743287844
BRIGHT,DARK,772,-0.20426700195316383,-0.08739599263247685
BRIGHT,DARK,773,0.030232002615525392,-0.0026018945086826693
BRIGHT,DARK,774,0.18804744269648466,0.1711033550293353
BRIGHT,DARK,775,-0.08109483526498378,0.007175894058761789
BRIGHT,DARK,776,-0.09976196890481061,-0.11307853561947077
BRIGHT,DARK,777,-0.22799149414024789,-0.20348566256000014
BRIGHT,DARK,778,0.035580468283644195,-0.026638447996010655
BRIGHT,DARK,779,-0.020818724690280795,0.020024581517649267
BRIGHT,DARK,780,-0.03928059527892778,0.02653500259758278
BRIGHT,DARK,781,-0.13035304327010355,-0.12260306490297071
BRIGHT,DARK,782,0.19620859811793312,0.1582879860440294
BRIGHT,DARK,783,0.14822103242003062,0.062216287375602496
BRIGHT,DARK,784,-0.1295693885855211,-0.14298376044447497
BRIGHT,DARK,785,0.11476233613574836,0.12323498462782068
BRIGHT,DARK,786,0.15421477966208824,0.20202077225013074
BRIGHT,DARK,787,0.28844052814185556,0.21673898135993427
BRIGHT,DARK,788,-0.021085843545460413,-0.06356410227655629
BRIGHT,DARK,789,-0.0585995500505912,-0.06436876387522017
BRIGHT,DARK,790,0.02508702903133338,0.05311136896851075
BRIGHT,DARK,791,-0.1498029896423412,-0.06546887475078755
BRIGHT,DARK,792,-0.2918122748024102,-0.21693462588752888
BRIGHT,DARK,793,0.0034330295244453944,0.014159828801768864
BRIGHT,DARK,794,-0.19395395987047576,-0.12500041176374718
BRIGHT,DARK,795,0.17614689677209092,0.16288414120570577
BRIGHT,DARK,796,0.22045032790574787,0.28868434310473884
BRIGHT,DARK,797,-0.11318606666779017,-0.06558917824315093
BRIGHT,DARK,798,-0.032896548482218346,0.03428306362615902
BRIGHT,DARK,799,0.03800866502893613,0.06348353170030688
BRIGHT,DARK,800,0.08655045237506398,0.11087994663586342
BRIGHT,DARK,801,-0.3359466940137162,-0.4659958874233852
BRIGHT,DARK,802,-0.13084210786468595,-0.08740401386802668
BRIGHT,DARK,803,-0.37309614514238604,-0.30789768383477994
BRIGHT,DARK,804,0.341539020162522,0.4215089073266634
BRIGHT,DARK,805,0.25343784610755654,0.2302518392154569
BRIGHT,DARK,806,0.012251846140146192,-0.048492126680776196
BRIGHT,DARK,807,0.05807574203223759,0.05224288932765934
BRIGHT,DARK,808,0.009278152036030152,0.02208927884852132
BRIGHT,DARK,809,0.04441839741157863,0.08817591338293536
BRIGHT,DARK,810,0.22881939729614267,0.23187781816018752
BRIGHT,DARK,811,-0.011165485538494042,0.00804337851837491
BRIGHT,DARK,812,-0.005168528326795247,-0.07871517337569794
BRIGHT,DARK,813,0.4777151248491663,0.42042111330931736
BRIGHT,DARK,814,-0.08666375341910226,-0.04412275591358387
BRIGHT,DARK,815,0.2605059085496405,0.2968980639402498
BRIGHT,DARK,816,0.30719727010253095,0.322432880858443
BRIGHT,DARK,817,0.20277627546332253,0.24369299449624723
BRIGHT,DARK,818,-0.009811068064495118,-0.042320407075788435
BRIGHT,DARK,819,0.19200560694462573,0.2839188974246978
BRIGHT,DARK,820,0.11613310646556188,0.2095814121029755
BRIGHT,DARK,821,0.1010888504022533,0.13238954214711512
BRIGHT,DARK,822,0.09620139823139595,0.09870273867315796
BRIGHT,DARK,823,0.10768281561792295,-0.02079048158114489
BRIGHT,DARK,824,0.13337547441299016,0.08521856510590348
BRIGHT,DARK,825,0.06944388525015187,0.029345112214550835
BRIGHT,DARK,826,0.11130182347036985,0.1043273470112649
BRIGHT,DARK,827,-0.015757155930137337,0.07667736796814952
BRIGHT,DARK,828,0.22594911832341746,0.30047802459194456
BRIGHT,DARK,829,-0.04997950751713376,0.03239504786234544
BRIGHT,DARK,830,0.08208399298495575,0.04249514526507097
BRIGHT,DARK,831,0.021722623101690194,-0.032629819589856064
BRIGHT,DARK,832,-0.13412497288208186,-0.0422731178392636
BRIGHT,DARK,833,0.14569143288622097,0.1277134067385172
BRIGHT,DARK,834,0.07981076674246483,-0.038411106933228426
BRIGHT,DARK,835,0.35471587767490526,0.24743892347337001
BRIGHT,DARK,836,0.0358564107151764,0.06562773671302628
BRIGHT,DARK,837,0.21959460077154835,0.1602922696680238
BRIGHT,DARK,838,-0.24939144765089238,-0.220460143631597
BRIGHT,DARK,839,-0.06845220193013624,0.08875800252985655
BRIGHT,DARK,840,0.030022033270592878,0.08176641166607858
BRIGHT,DARK,841,0.17308548450217337,0.17229527947340256
BRIGHT,DARK,842,0.12284817908354517,0.13196818099611068
BRIGHT,DARK,843,0.13340521851296738,0.14488337927429618
BRIGHT,DARK,844,0.494806989642481,0.4889126401658222
BRIGHT,DARK,845,0.19573649654453898,0.2222672667660957
BRIGHT,DARK,846,-0.02176199337645551,-0.00037605201000360464
BRIGHT,DARK,847,0.28710246367147485,0.30433631506195996
BRIGHT,DARK,848,0.2652028060480614,0.32103458138411717
BRIGHT,DARK,849,0.12029560789187306,0.06528383852766538
BRIGHT,DARK,850,0.09200460656817927,0.07792586080325878
BRIGHT,DARK,851,-0.18264240337170576,-0.07049528912961445
BRIGHT,DARK,852,-0.12737458758504652,-0.08689172804353218
BRIGHT,DARK,853,0.18651672730386445,0.20174665419279597
BRIGHT,DARK,854,0.23301277891684913,0.18869661475349475
BRIGHT,DARK,855,-0.06452787984133433,-0.16725125152507866
BRIGHT,DARK,856,-0.07991131981147448,-0.06103252621939861
BRIGHT,DARK,857,0.19289142916253105,0.21413574158066612
BRIGHT,DARK,858,0.16803492613621507,0.16476165222103134
BRIGHT,DARK,859,0.006516249054672117,-0.013750978414406662
BRIGHT,DARK,860,-0.0034355045424312135,0.001844836134886991
BRIGHT,DARK,861,-0.009622827762220463,0.052633815968108115
BRIGHT,DARK,862,0.1010608542937504,0.15490257355921372
BRIGHT,DARK,863,0.26360771433878205,0.20670476167581894
BRIGHT,DARK,864,-0.15332377636855055,-0.12468517065819114
BRIGHT,DARK,865,0.2615700182686222,0.2564018035994608
BRIGHT,DARK,866,0.28566051284989163,0.26181724689308017
BRIGHT,DARK,867,0.17537644395496,0.2702923726109225
BRIGHT,DARK,868,0.21572576132223503,0.1827908553602875
BRIGHT,DARK,869,0.18156355572168043,0.21141732297320523
BRIGHT,DARK,870,0.016251865711808436,0.0841320337378472
BRIGHT,DARK,871,0.274797748928451,0.2532845215344409
BRIGHT,DARK,872,0.15195602424615057,0.1707789676992955
BRIGHT,DARK,873,0.10507583280934164,0.07405035674001785
BRIGHT,DARK,874,0.13246622778862865,0.14661124022125338
BRIGHT,DARK,875,0.3506400452997359,0.33244455190325933
BRIGHT,DARK,876,-0.25547561044106004,-0.2844525797183258
BRIGHT,DARK,877,-0.11616935638737473,-0.07825123547347503
BRIGHT,DARK,878,0.05393855355538133,0.06106932725698763
BRIGHT,DARK,879,0.08114369261697198,0.08784578851957199
BRIGHT,DARK,880,-0.04871395060170901,0.006531926461561793
BRIGHT,DARK,881,-0.07433292513637314,-0.022834380321798103
BRIGHT,DARK,882,0.004891332009871933,-0.0005450964980325583
BRIGHT,DARK,883,0.27672735282708455,0.18214446353828775
BRIGHT,DARK,884,0.05162059129591452,0.06741174294805383
BRIGHT,DARK,885,-0.05951326070727399,-0.07389581081950317
BRIGHT,DARK,886,-0.2551658841601714,-0.15752605118625843
BRIGHT,DARK,887,-0.03615952979115567,-0.00546001458406657
BRIGHT,DARK,888,0.18710246836208363,0.22319527012711934
BRIGHT,DARK,889,-0.005239060562623651,-0.04139295083575086
BRIGHT,DARK,890,-0.013388204009113745,0.03892179214283585
BRIGHT,DARK,891,-0.15409208849151598,-0.06450714634440817
BRIGHT,DARK,892,0.08198587730369336,0.0007450067336881349
BRIGHT,DARK,893,-0.031365886659672375,-0.023714875029916635
BRIGHT,DARK,894,-0.1774642358858336,-0.14262816850373278
BRIGHT,DARK,895,-0.09842106522014986,-0.06891417917596616
BRIGHT,DARK,896,-0.00851825190627935,-0.06614381811320139
BRIGHT,DARK,897,-0.03836692162447261,-0.1332779482194815
BRIGHT,DARK,898,0.21933897379205922,0.17112906382199244
BRIGHT,DARK,899,0.20757683421043793,0.18563466193498154
BRIGHT,DARK,900,0.3688443417395068,0.2660025608511054
BRIGHT,DARK,901,0.15047655018884964,0.16170716022209286
BRIGHT,DARK,902,-0.047493511551511096,-0.07162830244044092
BRIGHT,DARK,903,0.30249733832415315,0.2611986982100977
BRIGHT,DARK,904,0.031690333649844596,0.03132634123823144
BRIGHT,DARK,905,-0.24850427683356163,-0.16777875715800342
BRIGHT,DARK,906,0.016898451246306522,0.040059881695788585
BRIGHT,DARK,907,0.03226700789496546,0.09041910276037324
BRIGHT,DARK,908,-0.19823135790076893,-0.2325447675813572
BRIGHT,DARK,909,0.03478366308937781,0.14870577299661297
BRIGHT,DARK,910,0.08372206428741315,0.11822441227539002
BRIGHT,DARK,911,0.04640911314108621,0.11397944505022077
BRIGHT,DARK,912,-0.023038590701047412,0.03008194498279342
BRIGHT,DARK,913,-0.07320031651317552,-0.10503272481267821
BRIGHT,DARK,914,-0.0006908831578199438,0.01195978134289637
BRIGHT,DARK,915,0.026090453428964357,-0.007056715044466611
BRIGHT,DARK,916,-0.13998990891199634,-0.10110914629772497
BRIGHT,DARK,917,0.021722866425366978,0.06780352845398016
BRIGHT,DARK,918,0.34788627435266034,0.3145057508618128
BRIGHT,DARK,919,-0.1105855037953341,-0.1515649699778526
BRIGHT,DARK,920,-0.1505185312571961,-0.07252059686750068
BRIGHT,DARK,921,0.11362681331506434,0.12919504338828622
BRIGHT,DARK,922,0.05628634916046891,-0.023762155497991662
BRIGHT,DARK,923,-0.022464355153563948,0.006164095830330433
BRIGHT,DARK,924,0.0005802035196797567,0.07826082353925583
BRIGHT,DARK,925,-0.02072248964691022,-0.05136770390628341
BRIGHT,DARK,926,0.14223415129904168,0.015759491648982448
BRIGHT,DARK,927,0.03463899523383164,0.05447028378541486
BRIGHT,DARK,928,-0.1533940510113082,-0.20604503670698232
BRIGHT,DARK,929,0.279802441293985,0.29742539518804173
BRIGHT,DARK,930,-0.11010348596847772,0.0422347164797475
BRIGHT,DARK,931,-0.23023685948901965,-0.19760307995294604
BRIGHT,DARK,932,-0.05447579681231726,-0.14495456477865948
BRIGHT,DARK,933,-0.2522831251488466,-0.27978805431004616
BRIGHT,DARK,934,0.13064552197998047,0.10851660301942234
BRIGHT,DARK,935,0.050449853333766406,0.05569033256580028
BRIGHT,DARK,936,0.08014085141488005,0.1640771593494324
BRIGHT,DARK,937,0.008479425915769681,0.043617507697964034
BRIGHT,DARK,938,-0.0006145384200376741,0.015169051194554242
BRIGHT,DARK,939,0.12758716324856764,0.06060077920818552
BRIGHT,DARK,940,0.4826043511136076,0.5008627065662778
BRIGHT,DARK,941,0.06417560944439543,0.06938621080798858
BRIGHT,DARK,942,0.06658569060599083,0.005694902291117517
BRIGHT,DARK,943,0.218283787749306,0.16281767750416593
BRIGHT,DARK,944,0.03701455646346765,0.09845541559849508
BRIGHT,DARK,945,-0.19958703396037392,-0.22842311188398154
BRIGHT,DARK,946,0.20576062780415874,0.21362794432423549
BRIGHT,DARK,947,0.18811503097733281,0.19909558119927018
BRIGHT,DARK,948,-0.11860477514618939,-0.09618809968528616
BRIGHT,DARK,949,0.12364530138704648,0.1358550403630587
BRIGHT,DARK,950,-0.02004521284947113,0.046085789130294624
BRIGHT,DARK,951,0.15538692890287956,0.13559587940644993
BRIGHT,DARK,952,0.19043462217106719,0.1508434603586271
BRIGHT,DARK,953,-0.02096261015935671,0.0030207104024612104
BRIGHT,DARK,954,0.22338963633734704,0.19875583286914617
BRIGHT,DARK,955,0.3782181160448784,0.29648965977322556
BRIGHT,DARK,956,-0.07684304908536387,0.0011084440953515867
BRIGHT,DARK,957,0.052221906613750695,0.014168920404825664
BRIGHT,DARK,958,-0.11204694570391101,-0.0040718149003777905
BRIGHT,DARK,959,-0.06494892916890435,-0.017927521726178876
BRIGHT,DARK,960,-0.03153652811983144,-0.0455590709428601
BRIGHT,DARK,961,-0.02136525924378844,0.004603044863961453
BRIGHT,DARK,962,0.07861578785141542,0.1090589458719631
BRIGHT,DARK,963,0.17572657071208747,0.1580484078193765
BRIGHT,DARK,964,0.10490153076025753,0.07199234287993936
BRIGHT,DARK,965,-0.0712495422029161,-0.025370706103488308
BRIGHT,DARK,966,0.11688936530396124,0.06349072708281336
BRIGHT,DARK,967,0.22201902758951658,0.14427926285919693
BRIGHT,DARK,968,0.5112697985271949,0.46569080014649156
BRIGHT,DARK,969,-0.053439856689018045,-0.06530085141641848
BRIGHT,DARK,970,0.020323763988580646,0.08225179035733401
BRIGHT,DARK,971,0.21391083856649226,0.2108428614724844
BRIGHT,DARK,972,0.1104257171128813,0.08203169171631
BRIGHT,DARK,973,0.14988911552959377,0.151188107436081
BRIGHT,DARK,974,-0.02022256464623542,0.07112447660692156
BRIGHT,DARK,975,-0.15239640106353988,-0.16870624713950652
BRIGHT,DARK,976,0.18616543708968106,0.15814842110708632
BRIGHT,DARK,977,0.16898062654602833,0.22659080332053522
BRIGHT,DARK,978,0.15521102889531976,0.0743368504964238
BRIGHT,DARK,979,0.07155433830418013,0.16590950731063678
BRIGHT,DARK,980,0.20415547186431676,0.1821219904386684
BRIGHT,DARK,981,-0.18621388339166847,-0.15656504933521898
BRIGHT,DARK,982,-0.20404413708100058,-0.08337172718390486
BRIGHT,DARK,983,-0.10439161073140545,-0.09069638506910759
BRIGHT,DARK,984,0.09675435779809653,0.06522552658557226
BRIGHT,DARK,985,0.07770977260889451,0.053778899268795574
BRIGHT,DARK,986,0.22752393221078895,0.2209282034566977
BRIGHT,DARK,987,0.08622062200196329,0.1495575864344694
BRIGHT,DARK,988,0.24052950917421476,0.2818400959860427
BRIGHT,DARK,989,-0.16326421488112156,-0.19121917742150296
BRIGHT,DARK,990,-0.12020420740583558,0.059053088240638374
BRIGHT,DARK,991,0.11788375118526173,0.16711563523291462
BRIGHT,DARK,992,-0.16527535767808588,-0.12564329364416157
BRIGHT,DARK,993,0.0804005549050368,0.026702583367908143
BRIGHT,DARK,994,0.10895287635467073,0.05490429560770467
BRIGHT,DARK,995,0.06581614933568293,0.1667829813106835
BRIGHT,DARK,996,-0.13463495167002887,-0.13970279038200367
BRIGHT,DARK,997,0.374254710545786,0.3611178548149829
BRIGHT,DARK,998,0.17100127985904237,0.14473943941092138
BRIGHT,DARK,999,0.14552646377981293,0.15463695646820122
BACKUP,BRIGHT,0,0.12829246294101335,0.15203206698396649
BACKUP,BRIGHT,1,0.19817811444596184,0.19493071130237322
BACKUP,BRIGHT,2,0.37605541088674227,0.3860463416124648
BACKUP,BRIGHT,3,0.09117972236455589,0.02702331793705549
BACKUP,BRIGHT,4,0.09375982538595905,0.05957790675173412
BACKUP,BRIGHT,5,0.16167288226022067,0.26131285152528455
BACKUP,BRIGHT,6,0.016059288013123996,0.038845417669726726
BACKUP,BRIGHT,7,0.06372649663207049,0.14915875333011694
BACKUP,BRIGHT,8,0.22402464305853634,0.2485978848493656
BACKUP,BRIGHT,9,0.35504104068619563,0.36830047572555746
BACKUP,BRIGHT,10,0.2380580036566821,0.2522386951490177
BACKUP,BRIGHT,11,0.05669949194642923,0.0164156783244705
BACKUP,BRIGHT,12,0.1291965407904824,0.0742368273353809
BACKUP,BRIGHT,13,0.23950345882825858,0.29299239052636533
BACKUP,BRIGHT,14,0.05763393106886788,0.10045814553489055
BACKUP,BRIGHT,15,-0.10295887275988157,-0.10620636048289911
BACKUP,BRIGHT,16,0.3699666565647525,0.34896108403752324
BACKUP,BRIGHT,17,0.0671402146168805,0.05469443394869544
BACKUP,BRIGHT,18,-0.00761714597175743,0.03920184788710651
BACKUP,BRIGHT,19,-0.08458438562201964,-0.09063287014821449
BACKUP,BRIGHT,20,0.17145659605607885,0.18506514153052994
BACKUP,BRIGHT,21,0.14691437133478888,0.16195753216859904
BACKUP,BRIGHT,22,0.08855006625502528,0.16164393155845264
BACKUP,BRIGHT,23,0.2259165221866145,0.20524805745305258
BACKUP,BRIGHT,24,0.23726910980830732,0.20749642275804403
BACKUP,BRIGHT,25,0.05615099645292593,0.20207085548674197
BACKUP,BRIGHT,26,0.2952389303660163,0.3409808177887249
BACKUP,BRIGHT,27,0.10747522251597984,0.0771617390359934
BACKUP,BRIGHT,28,0.24620959756845215,0.23918179885577928
BACKUP,BRIGHT,29,0.18446021528365694,0.24162372797532772
BACKUP,BRIGHT,30,0.41502807191711394,0.3535748014197212
BACKUP,BRIGHT,31,0.2424947109536502,0.24174282437434907
BACKUP,BRIGHT,32,0.15456979998597267,0.08834511787905924
BACKUP,BRIGHT,33,0.05471528550607914,0.04348640209274633
BACKUP,BRIGHT,34,0.16248451104885497,0.0025433672797722383
BACKUP,BRIGHT,35,0.30197145402573594,0.3726140171062057
BACKUP,BRIGHT,36,0.08813151420072124,0.10195819017445228
BACKUP,BRIGHT,37,0.03790145737247624,0.017695589580464823
BACKUP,BRIGHT,38,-0.1825571884809475,-0.2255433691876793
BACKUP,BRIGHT,39,0.16594018346730355,0.1710155325994547
BACKUP,BRIGHT,40,-0.15654350675942774,-0.20240238327626095
BACKUP,BRIGHT,41,0.20000267928991095,0.21005168181336392
BACKUP,BRIGHT,42,0.08894059724778672,0.08142621784088308
BACKUP,BRIGHT,43,-0.10569771169910624,-0.24402934031675685
BACKUP,BRIGHT,44,-0.06779024539581312,-0.006073026918929215
BACKUP,BRIGHT,45,0.06021140847017914,0.06819611586614403
BACKUP,BRIGHT,46,0.025674360281374358,0.0671704345770797
BACKUP,BRIGHT,47,0.24823912469705037,0.2742911402541707
BACKUP,BRIGHT,48,0.03681533174166919,0.05662688103644946
BACKUP,BRIGHT,49,0.16975182970718347,0.10048575382049417
BACKUP,BRIGHT,50,0.17369577833390368,0.2252128174186511
BACKUP,BRIGHT,51,0.18125054427253717,0.18422559672460548
BACKUP,BRIGHT,52,0.1025044893657337,0.09418194182645188
BACKUP,BRIGHT,53,0.22523691488313327,0.1389860770960965
BACKUP,BRIGHT,54,0.0055402326619889315,-0.02091810170597282
BACKUP,BRIGHT,55,0.029702783675849512,0.07445199226317242
BACKUP,BRIGHT,56,-0.0443163331847407,-0.04713819040616861
BACKUP,BRIGHT,57,0.014524663764814373,0.016953567466305226
BACKUP,BRIGHT,58,-0.009989196187222705,0.01637727006171477
BACKUP,BRIGHT,59,0.08804761563690709,0.14285843118571367
BACKUP,BRIGHT,60,0.33861479717985016,0.31266714207965574
BACKUP,BRIGHT,61,0.09433358932577678,0.10017616671486072
BACKUP,BRIGHT,62,-0.09989619555016255,-0.13097469010363555
BACKUP,BRIGHT,63,0.11198955264276839,0.07746423429973384
BACKUP,BRIGHT,64,0.029766196828788342,0.008261124838773228
BACKUP,BRIGHT,65,0.08677815651882154,0.057886136446949996
BACKUP,BRIGHT,66,-0.11375536426055549,-0.03892900571311092
BACKUP,BRIGHT,67,0.38739317149734126,0.414130942450823
BACKUP,BRIGHT,68,0.1959339195616286,0.15705475878884453
BACKUP,BRIGHT,69,0.40458904332739937,0.4242989988854343
BACKUP,BRIGHT,70,0.09523402382885579,0.09281116867585387
BACKUP,BRIGHT,71,0.2886031627723523,0.39269723428200703
BACKUP,BRIGHT,72,0.1372082108967335,0.15965098628894436
BACKUP,BRIGHT,73,0.015003982380408896,-0.08894664736194041
BACKUP,BRIGHT,74,0.21437281883541587,0.2183912167262048
BACKUP,BRIGHT,75,0.09577345874395796,0.02973132263483044
BACKUP,BRIGHT,76,0.09284571011015427,0.07347224085905772
BACKUP,BRIGHT,77,0.11975595995809277,0.15525635567692425
BACKUP,BRIGHT,78,0.13946953635195444,0.09643341086188222
BACKUP,BRIGHT,79,0.1861676549687355,0.21116327269040325
BACKUP,BRIGHT,80,0.13095250941746062,0.12405017086754597
BACKUP,BRIGHT,81,0.20797519628622851,0.305016154371768
BACKUP,BRIGHT,82,-0.061330430697883,-0.040977178522322966
BACKUP,BRIGHT,83,0.2334529005423419,0.257105250965507
BACKUP,BRIGHT,84,0.19174952898510345,0.13394959290267508
BACKUP,BRIGHT,85,0.053671125594739695,-0.03985862062935791
BACKUP,BRIGHT,86,0.2682080918454191,0.2675351860820431
BACKUP,BRIGHT,87,-0.009449407811919233,-0.006615148913320336
BACKUP,BRIGHT,88,0.08117116506463339,0.041530685554539204
BACKUP,BRIGHT,89,0.06699717529781458,0.07444793587634123
BACKUP,BRIGHT,90,0.25828121461230213,0.28865164909712293
BACKUP,BRIGHT,91,-0.03703448695592073,-0.048892225137835726
BACKUP,BRIGHT,92,-0.09180007573212123,-0.02823535681122405
BACKUP,BRIGHT,93,0.1106108957905815,0.1193985946335431
BACKUP,BRIGHT,94,0.07878747578741392,0.0950179750889627
BACKUP,BRIGHT,95,0.23228263724991915,0.11678985524479024
BACKUP,BRIGHT,96,0.30427121881016883,0.3779671434430059
BACKUP,BRIGHT,97,0.1447143981560479,0.21721094851085504
BACKUP,BRIGHT,98,0.01601867963158132,0.015842267048051004
BACKUP,BRIGHT,99,-0.16279639549117617,-0.10809662593963179
BACKUP,BRIGHT,100,0.16044865296344257,0.23081266472791168
BACKUP,BRIGHT,101,-0.09538644858011962,-0.07717508572102076
BACKUP,BRIGHT,102,0.10439051131377804,0.07660250470749996
BACKUP,BRIGHT,103,-0.09039485315141221,-0.07161681814574086
BACKUP,BRIGHT,104,-0.06437557971651606,-0.08425193629651036
BACKUP,BRIGHT,105,-0.013807900874974832,-0.027379158617954497
BACKUP,BRIGHT,106,0.1349882041045379,0.17894043949757257
BACKUP,BRIGHT,107,0.3436433801044363,0.24902679759520033
BACKUP,BRIGHT,108,0.28704589254383683,0.2936661254637925
BACKUP,BRIGHT,109,0.0782575274407881,0.09141403695055486
BACKUP,BRIGHT,110,-0.06742149059671332,-0.07732395609473504
BACKUP,BRIGHT,111,0.32478782116446403,0.3488648797666576
BACKUP,BRIGHT,112,0.18296836933515512,0.19679343467972452
BACKUP,BRIGHT,113,0.0578318787736501,0.06920126601419897
BACKUP,BRIGHT,114,0.11704652193176852,0.09416522087741765
BACKUP,BRIGHT,115,0.11578582750480536,0.06424459126560492
BACKUP,BRIGHT,116,0.12958676103603703,0.1521707975863829
BACKUP,BRIGHT,117,0.12909187332051789,0.08769337720359759
BACKUP,BRIGHT,118,0.008468855631461993,0.05840094494615318
BACKUP,BRIGHT,119,-0.01481128893771273,0.04775915797504898
BACKUP,BRIGHT,120,0.16849578487989056,0.18894719989044076
BACKUP,BRIGHT,121,-0.030491758631127668,-0.08765447401237528
BACKUP,BRIGHT,122,0.07452298146731033,0.11231270534244873
BACKUP,BRIGHT,123,0.014678926635356465,0.0504239428562268
BACKUP,BRIGHT,124,0.0198854432648061,-0.012696212644221298
BACKUP,BRIGHT,125,0.10274558447530067,0.06839657304455034
BACKUP,BRIGHT,126,0.1373721818924877,0.08941148969645359
BACKUP,BRIGHT,127,0.15348763796059528,0.18145310170582785
BACKUP,BRIGHT,128,0.07053156477557733,0.09825460291746546
BACKUP,BRIGHT,129,-0.04134718500044168,-0.02012356091447504
BACKUP,BRIGHT,130,0.07811540943603261,0.14228068893249138
BACKUP,BRIGHT,131,0.12951963986131562,0.136844566962589
BACKUP,BRIGHT,132,0.04838755553033464,0.049462850246960614
BACKUP,BRIGHT,133,0.14873565107559286,0.3003621660829917
BACKUP,BRIGHT,134,0.09104461931501177,0.13552113232273982
BACKUP,BRIGHT,135,0.13569790993229602,0.17881394615189472
BACKUP,BRIGHT,136,0.24272463083866927,0.21932508399922815
BACKUP,BRIGHT,137,0.13694167489632847,0.15427653500601804
BACKUP,BRIGHT,138,0.14184282724700656,0.1178129276990097
BACKUP,BRIGHT,139,0.0888097732856102,0.11570024070398711
BACKUP,BRIGHT,140,0.11492343980917193,-0.041506740158984666
BACKUP,BRIGHT,141,-0.016158211181578064,-0.07505220534384917
BACKUP,BRIGHT,142,0.19940216863616064,0.21589052236894288
BACKUP,BRIGHT,143,-0.025976539820771,-0.013297935174111026
BACKUP,BRIGHT,144,0.09374412782240801,0.05522231856927246
BACKUP,BRIGHT,145,0.25886938790879355,0.19067151274136698
BACKUP,BRIGHT,146,0.2959029192860798,0.3007325914270826
BACKUP,BRIGHT,147,0.275985478359102,0.27862119637689636
BACKUP,BRIGHT,148,0.4046850433925764,0.4056756907600513
BACKUP,BRIGHT,149,0.3322476718519758,0.3249751749010232
BACKUP,BRIGHT,150,0.1996686336664503,0.22340097990162414
BACKUP,BRIGHT,151,-0.01011606101211675,-0.008982392258037384
BACKUP,BRIGHT,152,0.15511969209894236,0.14906565787388507
BACKUP,BRIGHT,153,0.13048198198476352,0.14956803837531643
BACKUP,BRIGHT,154,0.12905508964527906,0.14573935778787972
BACKUP,BRIGHT,155,-0.074787831792533,-0.09300352088721105
BACKUP,BRIGHT,156,0.17129173810295614,0.1822355693702153
BACKUP,BRIGHT,157,0.008512006822701281,-0.010054974292146367
BACKUP,BRIGHT,158,0.07403953942613668,0.15812270062048195
BACKUP,BRIGHT,159,0.05670446237927513,-0.025632050192148377
BACKUP,BRIGHT,160,0.35372233634148603,0.4103876170735036
BACKUP,BRIGHT,161,0.11576629298760228,0.16792607965414708
BACKUP,BRIGHT,162,-0.11391385196254487,-0.0900339884153413
BACKUP,BRIGHT,163,0.4525852399879961,0.4266313687910718
BACKUP,BRIGHT,164,0.22517447063555554,0.18864520910689284
BACKUP,BRIGHT,165,0.010546890885384304,-0.09764805022077783
BACKUP,BRIGHT,166,0.29324118812869665,0.30400325980518117
BACKUP,BRIGHT,167,0.03592742595721027,0.05740380501516435
BACKUP,BRIGHT,168,-0.09182568479672788,-0.1142145324369323
BACKUP,BRIGHT,169,0.1341993248830893,0.10361802975589254
BACKUP,BRIGHT,170,0.1866839785172906,0.222296486881439
BACKUP,BRIGHT,171,0.2010031705409851,0.24972430137952556
BACKUP,BRIGHT,172,0.26010879833556083,0.2664412682574599
BACKUP,BRIGHT,173,0.14462413357815637,0.15964385713921342
BACKUP,BRIGHT,174,0.10610918881801339,0.11246589202988358
BACKUP,BRIGHT,175,0.06475282538873146,0.05982092622207559
BACKUP,BRIGHT,176,0.12834584921365993,0.0757873647406733
BACKUP,BRIGHT,177,-0.05822855556580008,-0.035191660438009004
BACKUP,BRIGHT,178,0.1447236316234569,0.0876296584070347
BACKUP,BRIGHT,179,0.006944251393412711,0.029013318981920232
BACKUP,BRIGHT,180,-0.09875079857719742,-0.07671569565985042
BACKUP,BRIGHT,181,0.19545577996957872,0.18603087747570518
BACKUP,BRIGHT,182,0.12940323680429974,0.18007456235408223
BACKUP,BRIGHT,183,0.04622174015308984,0.032118520762571066
BACKUP,BRIGHT,184,0.19457300972493247,0.12114288787726842
BACKUP,BRIGHT,185,0.3450740230822964,0.400322730671711
BACKUP,BRIGHT,186,0.06732070960787451,0.05129028445442971
BACKUP,BRIGHT,187,0.2756456364203356,0.2558294496660452
BACKUP,BRIGHT,188,0.24721794131862676,0.18581391306902786
BACKUP,BRIGHT,189,0.3938726511654096,0.41536697791544697
BACKUP,BRIGHT,190,0.14104953121088834,0.14454028400623967
BACKUP,BRIGHT,191,0.28384214929316437,0.3354340053766369
BACKUP,BRIGHT,192,0.05014144410263319,0.05874266885352914
BACKUP,BRIGHT,193,0.2996561421611175,0.2796030743689116
BACKUP,BRIGHT,194,0.24603335109070537,0.22159380530260886
BACKUP,BRIGHT,195,0.21612499612358285,0.11890413951717144
BACKUP,BRIGHT,196,-0.14610458741549293,-0.1788052227867919
BACKUP,BRIGHT,197,0.21986675189157665,0.24164608324027526
BACKUP,BRIGHT,198,0.07366976511864685,0.06512901816811276
BACKUP,BRIGHT,199,-0.004952615666279938,0.08331250356053273
BACKUP,BRIGHT,200,0.1699329869744938,0.24042108852196703
BACKUP,BRIGHT,201,0.05881161613203669,0.011151657034432752
BACKUP,BRIGHT,202,0.27525000584645987,0.27937604557661894
BACKUP,BRIGHT,203,0.12955880242478723,0.09019680642730521
BACKUP,BRIGHT,204,-0.12747567299992058,-0.15874183362554756
BACKUP,BRIGHT,205,0.10485349295912706,0.07270861153780594
BACKUP,BRIGHT,206,0.021138177167611717,0.037408566078480636
BACKUP,BRIGHT,207,0.004203692376600382,0.01943655948963446
BACKUP,BRIGHT,208,0.17650603140880453,0.18951243003365847
BACKUP,BRIGHT,209,0.13323332711517574,0.17616265144048382
BACKUP,BRIGHT,210,0.015601314289285339,-0.00852307169234995
BACKUP,BRIGHT,211,0.3230156481325171,0.29431944453662
BACKUP,BRIGHT,212,0.09693783573285185,0.10319358160750522
BACKUP,BRIGHT,213,0.010980139034619371,0.009918134041607473
BACKUP,BRIGHT,214,0.24372345308249235,0.2487180091803195
BACKUP,BRIGHT,215,0.06043399134778076,0.04142558571597435
BACKUP,BRIGHT,216,0.2561490437315091,0.21773819501890251
BACKUP,BRIGHT,217,0.36444305478600303,0.37610960730001264
BACKUP,BRIGHT,218,0.23731016861218174,0.3680287556742194
BACKUP,BRIGHT,219,0.03560669786798069,0.09078645000527263
BACKUP,BRIGHT,220,0.10113821123179662,0.12302256128029004
BACKUP,BRIGHT,221,-0.03531653840197344,0.021841089886553665
BACKUP,BRIGHT,222,0.3152988713878938,0.3231018509479526
BACKUP,BRIGHT,223,0.07356370061797894,0.09723428359167373
BACKUP,BRIGHT,224,-0.16868783026685283,-0.20541073199179916
BACKUP,BRIGHT,225,0.1145196957388918,0.16600512178122404
BACKUP,BRIGHT,226,0.11357247275022328,0.1140963388868209
BACKUP,BRIGHT,227,0.053807512428011794,0.10668248270003108
BACKUP,BRIGHT,228,-0.05471546041804879,-0.06858181917149812
BACKUP,BRIGHT,229,0.12406117793552666,0.10674714401508979
BACKUP,BRIGHT,230,0.09151092043569543,0.08767081498420527
BACKUP,BRIGHT,231,-0.14404494233451384,-0.06944309596021747
BACKUP,BRIGHT,232,0.0492713416721528,0.027899077513662725
BACKUP,BRIGHT,233,0.04911890020749516,0.05197191255588814
BACKUP,BRIGHT,234,0.319076815111521,0.28244132226384483
BACKUP,BRIGHT,235,0.3503314917819981,0.4221812499035699
BACKUP,BRIGHT,236,0.1632910344510275,0.1529085296358553
BACKUP,BRIGHT,237,0.11891393188650211,0.16712753419565696
BACKUP,BRIGHT,238,0.00639925339532109,0.005464707536346028
BACKUP,BRIGHT,239,0.21168674733380674,0.20821101675550358
BACKUP,BRIGHT,240,0.14992167595659892,0.2543178105671138
BACKUP,BRIGHT,241,0.1698402789365259,0.16618851355875108
BACKUP,BRIGHT,242,0.2902289566905188,0.21795868352832853
BACKUP,BRIGHT,243,-0.025957887596128798,-0.02572666621878293
BACKUP,BRIGHT,244,0.20057999630107673,0.2043057547852114
BACKUP,BRIGHT,245,0.19627825618791037,0.15077797257687808
BACKUP,BRIGHT,246,0.27438669558282397,0.26585606985293897
BACKUP,BRIGHT,247,0.18273821524538889,0.13566799441883595
BACKUP,BRIGHT,248,0.11484876595056479,0.1307398213243265
BACKUP,BRIGHT,249,-0.164896016358122,-0.1795326747673737
BACKUP,BRIGHT,250,0.0925582667811609,0.09563604686532268
BACKUP,BRIGHT,251,0.2354376952651396,0.24918516297691137
BACKUP,BRIGHT,252,0.13545445938204503,0.15345805788522743
BACKUP,BRIGHT,253,0.10341906667328858,0.11081208588936632
BACKUP,BRIGHT,254,0.14487504416244018,0.18771937520769322
BACKUP,BRIGHT,255,0.15795489487789544,0.13767025341519828
BACKUP,BRIGHT,256,-0.0197469765907567,-0.05340152429668917
BACKUP,BRIGHT,257,0.08505841305593022,0.11041438104195318
BACKUP,BRIGHT,258,-0.08031060521439189,-0.1407138353039555
BACKUP,BRIGHT,259,0.060764311070049974,0.10502758229659905
BACKUP,BRIGHT,260,0.07601668378227489,0.06585510480364203
BACKUP,BRIGHT,261,0.218445927631695,0.1793009774728107
BACKUP,BRIGHT,262,0.25968525959772376,0.25278466237376773
BACKUP,BRIGHT,263,0.22440820755153462,0.25411714776205535
BACKUP,BRIGHT,264,0.13269500139122786,0.14897494751223914
BACKUP,BRIGHT,265,-0.07941965805788408,-0.023097253654254458
BACKUP,BRIGHT,266,0.34547455306877606,0.39719942262832864
BACKUP,BRIGHT,267,0.04103552668108688,0.04327857351113811
BACKUP,BRIGHT,268,0.2501341177052543,0.22650083948574154
BACKUP,BRIGHT,269,0.044776976271115675,0.02688109372198128
BACKUP,BRIGHT,270,-0.17280424901128555,-0.19037715359672427
BACKUP,BRIGHT,271,-0.008831207370814526,-0.03430074299051724
BACKUP,BRIGHT,272,0.016787020172523766,-0.01598702422414438
BACKUP,BRIGHT,273,0.07197593723412861,0.0726005896466538
BACKUP,BRIGHT,274,0.0852994178486683,0.07566846820883155
BACKUP,BRIGHT,275,0.10669934168818548,0.13278403768545768
BACKUP,BRIGHT,276,0.35586407929886443,0.34335353779637096
BACKUP,BRIGHT,277,0.1085988402055961,0.13084173175631308
BACKUP,BRIGHT,278,0.1985349679623642,0.2479881868275563
BACKUP,BRIGHT,279,0.28193241240491557,0.24804749282443103
BACKUP,BRIGHT,280,-0.012811001219346392,0.010058463441144493
BACKUP,BRIGHT,281,0.12276634667938738,0.16104418627007297
BACKUP,BRIGHT,282,0.04820183327467971,-0.055307104095647264
BACKUP,BRIGHT,283,0.05975284916130156,0.009862978818589498
BACKUP,BRIGHT,284,0.014021269067592117,0.09396826016002192
BACKUP,BRIGHT,285,0.2718415587694544,0.28348355727839086
BACKUP,BRIGHT,286,0.23487323154778764,0.2107502159782512
BACKUP,BRIGHT,287,0.2463934860361141,0.1535232995810615
BACKUP,BRIGHT,288,0.016011503892600674,0.041719302868156956
BACKUP,BRIGHT,289,0.028312650866349834,0.0016418015369550096
BACKUP,BRIGHT,290,0.24628880259116698,0.1908786497222629
BACKUP,BRIGHT,291,0.38172151465580784,0.42208620982565653
BACKUP,BRIGHT,292,0.36052662740723257,0.39943242045003907
BACKUP,BRIGHT,293,0.12308071373371349,0.17526427921372098
BACKUP,BRIGHT,294,-0.0021060496231429344,-0.02549096172856285
BACKUP,BRIGHT,295,0.10821208833856105,0.09036934554473537
BACKUP,BRIGHT,296,0.11924986150927049,0.12682152714615108
BACKUP,BRIGHT,297,0.08347822122722602,0.030700590086238124
BACKUP,BRIGHT,298,0.20514547156007434,0.23729984214961913
BACKUP,BRIGHT,299,-0.05298296315546839,-0.04584701965860856
BACKUP,BRIGHT,300,0.21144148229518256,0.24552761277467364
BACKUP,BRIGHT,301,0.16980402728100136,0.23822449506538604
BACKUP,BRIGHT,302,0.061637340903447635,0.06292822496254412
BACKUP,BRIGHT,303,0.134412342654369,0.08738292776948302
BACKUP,BRIGHT,304,0.130676609691346,0.13509951416456112
BACKUP,BRIGHT,305,0.2180236331074727,0.18002060107865722
BACKUP,BRIGHT,306,-0.015003764270702154,0.12467210466301756
BACKUP,BRIGHT,307,0.28993463418146725,0.37291538844769057
BACKUP,BRIGHT,308,0.19368084452825907,0.16563083197634645
BACKUP,BRIGHT,309,0.12652508267954848,0.10426641160760575
BACKUP,BRIGHT,310,0.0620545625499481,0.015353691530696654
BACKUP,BRIGHT,311,0.23687330250463748,0.2624874707435111
BACKUP,BRIGHT,312,-0.08332168498297804,1.1321411723351324e-05
BACKUP,BRIGHT,313,0.1749687421015715,0.20054251622650873
BACKUP,BRIGHT,314,0.09769986249625981,-0.00262208749237966
BACKUP,BRIGHT,315,0.24819298351412697,0.24469121861243662
BACKUP,BRIGHT,316,-0.06363141811446898,-0.023522886352065904
BACKUP,BRIGHT,317,0.3169200204101386,0.3141913785830461
BACKUP,BRIGHT,318,-0.021249477144100873,-0.08409003706221159
BACKUP,BRIGHT,319,0.17427154384903198,0.13811311582475894
BACKUP,BRIGHT,320,0.24642312825565083,0.2280430032007742
BACKUP,BRIGHT,321,-0.03908470473744696,-0.05796265954417134
BACKUP,BRIGHT,322,0.15614077240273444,0.14898108427260817
BACKUP,BRIGHT,323,0.2414432509298187,0.16435378060754324
BACKUP,BRIGHT,324,0.1474429437241003,0.09257369188607077
BACKUP,BRIGHT,325,0.033475264321812186,0.058272737567759136
BACKUP,BRIGHT,326,0.2586238747771795,0.22003038728234164
BACKUP,BRIGHT,327,-0.02298123160621127,-0.007762539076474157
BACKUP,BRIGHT,328,-0.013857670414132734,-0.0273213052645194
BACKUP,BRIGHT,329,0.22266753623587465,0.22534765309375646
BACKUP,BRIGHT,330,0.0632851053148715,0.06372268885293488
BACKUP,BRIGHT,331,-0.021304181606423275,-0.0622072419607808
BACKUP,BRIGHT,332,0.15138163075551192,0.1691271861741423
BACKUP,BRIGHT,333,-0.12713425484016658,-0.10415104882443611
BACKUP,BRIGHT,334,0.1496217034878081,0.17380532846150606
BACKUP,BRIGHT,335,0.400232456065843,0.3967421815283751
BACKUP,BRIGHT,336,0.44728192224164093,0.3888699584329102
BACKUP,BRIGHT,337,-0.007600456935243321,0.034691096003358866
BACKUP,BRIGHT,338,0.3839790554951082,0.42233144312527204
BACKUP,BRIGHT,339,-0.11280183912186272,-0.1538463411371298
BACKUP,BRIGHT,340,0.010385409888793813,0.001660349370398398
BACKUP,BRIGHT,341,0.047552966353754354,0.058250225319962295
BACKUP,BRIGHT,342,0.010383696960169567,-0.027015845095392146
BACKUP,BRIGHT,343,0.06540878240198728,0.026211377063737214
BACKUP,BRIGHT,344,-0.10726281120517873,-0.07768446270527647
BACKUP,BRIGHT,345,0.3289748293529167,0.32750716828957077
BACKUP,BRIGHT,346,-0.104133257650036,-0.06920522841250193
BACKUP,BRIGHT,347,0.13597583632788596,0.142911261940486
BACKUP,BRIGHT,348,0.1173257286174903,0.11716277186977189
BACKUP,BRIGHT,349,0.13305773514529723,0.1119892203183266
BACKUP,BRIGHT,350,0.41611833037359897,
BACKUP,BRIGHT,351,0.10363020820629483,0.09669253675502622
BACKUP,BRIGHT,352,0.24972618648033232,0.23065714388278352
BACKUP,BRIGHT,353,0.3541061616823455,0.33303678708770795
BACKUP,BRIGHT,354,0.20415538829677216,0.27467161418033553
BACKUP,BRIGHT,355,0.2550765226731911,0.2635348270446422
BACKUP,BRIGHT,356,0.26232995640355466,0.2610431207584502
BACKUP,BRIGHT,357,-0.02254214139001954,-0.08294650377261288
BACKUP,BRIGHT,358,0.24983616253724975,0.2522573247486336
BACKUP,BRIGHT,359,-0.019505768501361147,-0.006671333070352443
BACKUP,BRIGHT,360,-0.07649416262544602,-0.0962283382856597
BACKUP,BRIGHT,361,0.1808588952718328,0.1816730617620581
BACKUP,BRIGHT,362,0.12245401482599529,0.2262864820477479
BACKUP,BRIGHT,363,0.17048191932105522,0.22306601387885158
BACKUP,BRIGHT,364,0.017488496044186216,0.16375855484710958
BACKUP,BRIGHT,365,0.2596489306430241,0.25752831568534806
BACKUP,BRIGHT,366,0.0033346068145058815,-0.05135092149514604
BACKUP,BRIGHT,367,0.021815295118432457,0.022355807948165822
BACKUP,BRIGHT,368,0.2020061077040494,0.13135215107161397
BACKUP,BRIGHT,369,-0.10019995269603164,-0.08280874390769308
BACKUP,BRIGHT,370,0.1527970200081353,0.17013597536481131
BACKUP,BRIGHT,371,0.00861907801400267,0.011583691332357555
BACKUP,BRIGHT,372,0.28014035678450466,0.23799578113476824
BACKUP,BRIGHT,373,0.20029772885638084,0.19591632849565085
BACKUP,BRIGHT,374,0.12620323506647896,0.1902167836815737
BACKUP,BRIGHT,375,0.37964054491116817,0.36383517288749057
BACKUP,BRIGHT,376,0.12332091659925681,0.16401945969572404
BACKUP,BRIGHT,377,0.4385760279845524,0.5078964132019242
BACKUP,BRIGHT,378,0.04320360509397337,0.08888967358049875
BACKUP,BRIGHT,379,0.058878569281381944,0.08630227916031263
BACKUP,BRIGHT,380,0.024589274145335443,0.038978260293290136
BACKUP,BRIGHT,381,0.361360181127747,0.4004800676954143
BACKUP,BRIGHT,382,0.3051466050975006,0.2784426690305913
BACKUP,BRIGHT,383,0.33241748039119035,0.39993122875997816
BACKUP,BRIGHT,384,-0.09846011184395306,-0.07891632709513242
BACKUP,BRIGHT,385,0.27067520064625705,0.3018682179320381
BACKUP,BRIGHT,386,0.0721933072607906,0.13106925132505737
BACKUP,BRIGHT,387,0.030766988271427556,-0.016756718942288237
BACKUP,BRIGHT,388,-0.08416111297124632,-0.028864663156026815
BACKUP,BRIGHT,389,0.12502912157385618,0.10997966597107217
BACKUP,BRIGHT,390,0.16223226070491886,0.14713345585397636
BACKUP,BRIGHT,391,0.11301632188628297,0.10674222569586762
BACKUP,BRIGHT,392,0.008007527886561075,0.015688213504513732
BACKUP,BRIGHT,393,0.3606441261164019,0.3120502548176348
BACKUP,BRIGHT,394,0.3261512844622277,0.34754593157862873
BACKUP,BRIGHT,395,0.2866603543821359,0.23727325359012824
BACKUP,BRIGHT,396,0.052892252006129147,0.04574417711584439
BACKUP,BRIGHT,397,0.11530884281701143,0.12076370682323112
BACKUP,BRIGHT,398,0.17008410921199654,0.16250479460174078
BACKUP,BRIGHT,399,0.27690089868194284,0.31528422331526423
BACKUP,BRIGHT,400,0.29966232809185245,0.33909579182633626
BACKUP,BRIGHT,401,0.06151126995053205,0.04413548806707467
BACKUP,BRIGHT,402,-0.11375804051871374,-0.07791559916868797
BACKUP,BRIGHT,403,0.1559348706924202,0.18573722140224416
BACKUP,BRIGHT,404,0.12225856522492445,0.10496397122116187
BACKUP,BRIGHT,405,0.2834736560971885,0.26582170382923354
BACKUP,BRIGHT,406,-0.10746224931044965,-0.03472195887310937
BACKUP,BRIGHT,407,0.1272746044151984,0.12753698475902506
BACKUP,BRIGHT,408,0.14664888481833396,0.1406534761606092
BACKUP,BRIGHT,409,0.22065811920072836,0.23677554210867133
BACKUP,BRIGHT,410,0.21071759489965583,0.2712274861853061
BACKUP,BRIGHT,411,0.11036523282542804,0.10289498848507499
BACKUP,BRIGHT,412,0.022987181270058183,0.05959418239491797
BACKUP,BRIGHT,413,0.08342167682071644,0.1549474079617778
BACKUP,BRIGHT,414,0.25614350884399,0.19646456988721836
BACKUP,BRIGHT,415,0.08178302535615622,0.0801179064113996
BACKUP,BRIGHT,416,-0.024378895546648162,-0.016373564527704724
BACKUP,BRIGHT,417,0.356155055945204,0.368346874402758
BACKUP,BRIGHT,418,0.046964447888803794,0.03452778578342606
BACKUP,BRIGHT,419,0.04498544450735572,0.07083654127968361
BACKUP,BRIGHT,420,0.17095049585903543,0.08232528597747416
BACKUP,BRIGHT,421,0.3188889263513829,0.3268166571938288
BACKUP,BRIGHT,422,0.16129438449410188,0.13258599024143472
BACKUP,BRIGHT,423,0.0065729477532540295,0.06884782015614431
BACKUP,BRIGHT,424,0.1907801993644506,0.10521886860410228
BACKUP,BRIGHT,425,0.17037010518019044,0.15284612212557866
BACKUP,BRIGHT,426,-0.0957205882065884,-0.02909370776753362
BACKUP,BRIGHT,427,0.05521253188048994,0.006313035490021833
BACKUP,BRIGHT,428,0.22570435449878865,0.18484289293269202
BACKUP,BRIGHT,429,0.2069538030228972,0.22242998526093766
BACKUP,BRIGHT,430,0.19134491560573558,0.2701383849467872
BACKUP,BRIGHT,431,-0.009646581645140598,-0.023572402986143513
BACKUP,BRIGHT,432,0.030047304828963974,-0.0021289885178481325
BACKUP,BRIGHT,433,0.18303100749319304,0.16934835605127738
BACKUP,BRIGHT,434,0.059875288520855295,0.06706938407066342
BACKUP,BRIGHT,435,0.07113721886407108,0.07438518515032261
BACKUP,BRIGHT,436,0.15303372945479818,0.14291148573051005
BACKUP,BRIGHT,437,0.09903376185812877,0.1099010742875296
BACKUP,BRIGHT,438,0.18446207423414954,0.24968054988508326
BACKUP,BRIGHT,439,0.08167731792495633,0.0627663795646284
BACKUP,BRIGHT,440,0.17640751340162802,0.1883993576426225
BACKUP,BRIGHT,441,0.18912622106298868,0.23996071545324577
BACKUP,BRIGHT,442,-0.19268891105342287,-0.15255011129014306
BACKUP,BRIGHT,443,0.15358943259407853,0.16874996731024286
BACKUP,BRIGHT,444,-0.011015338669624076,0.04421816174789774
BACKUP,BRIGHT,445,0.14124990488815026,0.12720553419336528
BACKUP,BRIGHT,446,0.13496328560718113,0.11729736244828051
BACKUP,BRIGHT,447,0.07358328658448347,0.10411510564634043
BACKUP,BRIGHT,448,0.19108831788700925,0.2264520001292647
BACKUP,BRIGHT,449,0.38461191550700763,0.40683760941615504
BACKUP,BRIGHT,450,0.5125128983184475,0.557870719009228
BACKUP,BRIGHT,451,0.13536379490114925,0.17620365110952382
BACKUP,BRIGHT,452,0.02232655597329384,0.015581041856657199
BACKUP,BRIGHT,453,0.11641199446195014,0.12734056097494587
BACKUP,BRIGHT,454,-0.06808633548686656,-0.06091190061227079
BACKUP,BRIGHT,455,0.009019787040846872,0.03981082359048929
BACKUP,BRIGHT,456,0.1125673951152749,-0.018400302144476813
BACKUP,BRIGHT,457,-0.2575766764093253,-0.11394561500319597
BACKUP,BRIGHT,458,0.21056452156442867,0.14385573065763788
BACKUP,BRIGHT,459,0.20907907392956557,0.25422011494756586
BACKUP,BRIGHT,460,0.1527489097860219,0.15983793437216673
BACKUP,BRIGHT,461,0.17156498340291876,0.26024968857042546
BACKUP,BRIGHT,462,0.07560066166240088,0.02705245372080379
BACKUP,BRIGHT,463,0.0608099113705328,0.10389265962979628
BACKUP,BRIGHT,464,-0.10124696126057,-0.07682694839101284
BACKUP,BRIGHT,465,0.13624332853732848,0.20280626042841127
BACKUP,BRIGHT,466,0.09397973464573671,0.1200316072628729
BACKUP,BRIGHT,467,0.06319461904013483,0.006346375006014416
BACKUP,BRIGHT,468,0.1787687862852527,0.19407455847541613
BACKUP,BRIGHT,469,-0.014327121021687244,0.12047813792348243
BACKUP,BRIGHT,470,0.2610119216402803,0.2744236706244375
BACKUP,BRIGHT,471,0.20197813396353298,0.2133506036843676
BACKUP,BRIGHT,472,0.17482772956629225,0.2278190942293327
BACKUP,BRIGHT,473,0.10600777243013336,0.11291016695366261
BACKUP,BRIGHT,474,0.2373697187317514,0.16980652534970964
BACKUP,BRIGHT,475,0.22907952990438563,0.24065004059880452
BACKUP,BRIGHT,476,0.32520439982968613,0.4190647212441888
BACKUP,BRIGHT,477,0.2652143159005276,0.267026306804006
BACKUP,BRIGHT,478,-0.030426364821348358,0.07391755895636791
BACKUP,BRIGHT,479,0.11166206817731962,0.13159651448488874
BACKUP,BRIGHT,480,-0.053438531287485054,-0.025480226138768484
BACKUP,BRIGHT,481,0.1832433287579909,0.17330128881893134
BACKUP,BRIGHT,482,0.018779718084256714,0.058299382959166285
BACKUP,BRIGHT,483,0.17858572834450784,0.1567482906704882
BACKUP,BRIGHT,484,0.11316279656111586,0.14676016030369232
BACKUP,BRIGHT,485,0.16787212417316985,0.2413678337458879
BACKUP,BRIGHT,486,0.1655520764891174,0.17505747360514626
BACKUP,BRIGHT,487,-0.027597222396408494,-0.06468927652416541
BACKUP,BRIGHT,488,0.1976599209494678,0.1937860939254189
BACKUP,BRIGHT,489,0.04303184630304346,0.02093158648660686
BACKUP,BRIGHT,490,0.1597152761532547,0.13413425863796405
BACKUP,BRIGHT,491,0.16365250580511156,0.1014106591741464
BACKUP,BRIGHT,492,0.2783904613882279,0.32634242456211016
BACKUP,BRIGHT,493,0.016139063202088307,-0.02024965575971939
BACKUP,BRIGHT,494,-0.04599123894847175,-0.05313770675792349
BACKUP,BRIGHT,495,-0.041262098791583,-0.11343573129079479
BACKUP,BRIGHT,496,0.1686141909151335,0.2200243437746284
BACKUP,BRIGHT,497,0.023415280690005313,-0.007994822489596013
BACKUP,BRIGHT,498,0.29931228387027037,0.32000945455872065
BACKUP,BRIGHT,499,0.3991066773299814,0.2535029677418149
BACKUP,BRIGHT,500,0.11023029287584385,0.07978415213590637
BACKUP,BRIGHT,501,-0.08754584718437153,-0.07822755970747872
BACKUP,BRIGHT,502,0.14858045952141183,0.11576528563297316
BACKUP,BRIGHT,503,-0.0560399987811214,0.1547011684562914
BACKUP,BRIGHT,504,-0.12655832973949896,-0.11807391967947976
BACKUP,BRIGHT,505,-0.0319978428664661,-0.050701569859719846
BACKUP,BRIGHT,506,-0.06538433270097468,-0.1047549603792066
BACKUP,BRIGHT,507,0.1667551714502802,0.09696308419933518
BACKUP,BRIGHT,508,-0.02420008832736547,-0.017861111386936638
BACKUP,BRIGHT,509,0.27381621959630487,0.2595648024995011
BACKUP,BRIGHT,510,0.2616123248454427,0.28018513175196164
BACKUP,BRIGHT,511,-0.026872860236172486,0.022015158005924258
BACKUP,BRIGHT,512,0.25045772327431237,0.2980131727420211
BACKUP,BRIGHT,513,0.0455633228685078,0.02856829063956092
BACKUP,BRIGHT,514,-0.020303950549693833,-0.00970644124719464
BACKUP,BRIGHT,515,0.08368872401017882,0.04259234884115838
BACKUP,BRIGHT,516,0.062184646183405794,0.07195327797722079
BACKUP,BRIGHT,517,0.12662028437697337,0.1587140281710322
BACKUP,BRIGHT,518,0.2886756063532866,0.33066475999280864
BACKUP,BRIGHT,519,0.31700366474643593,0.34272099406234574
BACKUP,BRIGHT,520,0.14122016356615658,0.13466404147287075
BACKUP,BRIGHT,521,-0.020065250193824224,0.04054665887610574
BACKUP,BRIGHT,522,0.29711771590825975,0.2764508272669586
BACKUP,BRIGHT,523,0.23473951380031335,0.23914159736848709
BACKUP,BRIGHT,524,0.20688884018424541,0.1860207850374722
BACKUP,BRIGHT,525,0.22531748847118735,0.21152653823796072
BACKUP,BRIGHT,526,0.07206478402773155,0.13984304601118747
BACKUP,BRIGHT,527,0.16085598328621867,0.1663445363387321
BACKUP,BRIGHT,528,0.12188391509593885,0.07295009544379161
BACKUP,BRIGHT,529,0.13344437989739255,0.18749060354346012
BACKUP,BRIGHT,530,0.2868033101523135,0.32161094668248436
BACKUP,BRIGHT,531,0.22966489078977248,0.25681419531343463
BACKUP,BRIGHT,532,0.08357884697293433,0.07572291879077886
BACKUP,BRIGHT,533,0.1388072736998691,0.15290227225162062
BACKUP,BRIGHT,534,0.09458472594172054,0.06393695935688652
BACKUP,BRIGHT,535,0.20365319020309228,0.2403144188353059
BACKUP,BRIGHT,536,-0.012723765867543734,0.0348522198059499
BACKUP,BRIGHT,537,0.3606009042947175,0.3490017805912636
BACKUP,BRIGHT,538,0.14529510055641762,0.1574803574103366
BACKUP,BRIGHT,539,0.030345044651262237,0.07018090482019579
BACKUP,BRIGHT,540,0.0649254333362677,0.03766940959900377
BACKUP,BRIGHT,541,-0.064193775297308,-0.06561759550754637
BACKUP,BRIGHT,542,-0.03091964219405907,-0.04193063131071889
BACKUP,BRIGHT,543,0.16903099104022618,0.22501460874832058
BACKUP,BRIGHT,544,0.015577324811483178,0.02527220710093068
BACKUP,BRIGHT,545,0.3408513656208784,0.3594942855343903
BACKUP,BRIGHT,546,0.28030005134745156,0.24398670610191048
BACKUP,BRIGHT,547,-0.0419143559590761,0.004669088845644621
BACKUP,BRIGHT,548,0.2795764336807131,0.31275083844457396
BACKUP,BRIGHT,549,0.1298562206716098,0.08011351727871739
BACKUP,BRIGHT,550,0.1552579015341179,0.22584883775144912
BACKUP,BRIGHT,551,0.08502967308186718,0.07967314205928962
BACKUP,BRIGHT,552,-0.1736349105191894,-0.23646459205620185
BACKUP,BRIGHT,553,0.32491060875692224,0.36183011469111404
BACKUP,BRIGHT,554,-0.009239516339727178,-0.05854558959092268
BACKUP,BRIGHT,555,-0.08134659382962378,-0.18462597095423294
BACKUP,BRIGHT,556,0.24815238387496505,0.24573383818294392
BACKUP,BRIGHT,557,0.20016260403397548,0.2404537947452582
BACKUP,BRIGHT,558,0.060580392765207644,-0.006535773332046603
BACKUP,BRIGHT,559,0.30839112683464653,0.26542307166873047
BACKUP,BRIGHT,560,0.27698419513465083,0.27036826342814874
BACKUP,BRIGHT,561,0.03767454484280186,0.1408907443072164
BACKUP,BRIGHT,562,0.07117094638764933,0.034783258163392075
BACKUP,BRIGHT,563,0.11947812145713907,0.0928131749110006
BACKUP,BRIGHT,564,0.22925818202584808,0.24289402775336041
BACKUP,BRIGHT,565,0.15960754176284006,0.213348605429093
BACKUP,BRIGHT,566,0.32746901278850116,0.3952759013918224
BACKUP,BRIGHT,567,0.0393912139900856,0.03371177939465598
BACKUP,BRIGHT,568,0.06635091101948677,0.016818772239689077
BACKUP,BRIGHT,569,0.03392410710113947,0.12806106835162223
BACKUP,BRIGHT,570,-0.026194100060753834,-0.04050606468514302
BACKUP,BRIGHT,571,0.07622219763395444,0.10980467035548042
BACKUP,BRIGHT,572,0.19236598989498757,0.12566757146064578
BACKUP,BRIGHT,573,0.33647853134296957,0.37949124397700695
BACKUP,BRIGHT,574,0.18176784714050584,0.16811787735820724
BACKUP,BRIGHT,575,0.07840036974213728,0.06691283395300653
BACKUP,BRIGHT,576,0.32626798070525953,0.38944007012538445
BACKUP,BRIGHT,577,0.24948285717119562,0.25037717764947953
BACKUP,BRIGHT,578,0.1426098599425496,0.09443386300115975
BACKUP,BRIGHT,579,0.111016751896187,0.05465732835776111
BACKUP,BRIGHT,580,0.005188677576558868,0.08209999303380451
BACKUP,BRIGHT,581,-0.1448054864384578,-0.1513717677455166
BACKUP,BRIGHT,582,0.259397867097906,0.3231440837596586
BACKUP,BRIGHT,583,0.24106970613964948,0.22284115190687187
BACKUP,BRIGHT,584,-0.04850745606780289,-0.02756126795528548
BACKUP,BRIGHT,585,0.03367419641760801,0.05607226628367249
BACKUP,BRIGHT,586,0.035675867699889376,0.1072539465397356
BACKUP,BRIGHT,587,0.21537804387367168,0.19705678680547034
BACKUP,BRIGHT,588,0.014542159292475236,0.035787353284876554
BACKUP,BRIGHT,589,0.15282924800014994,0.16769805568280433
BACKUP,BRIGHT,590,0.3556961934447561,0.25982688836535944
BACKUP,BRIGHT,591,0.009832861862810426,0.037117714477033874
BACKUP,BRIGHT,592,0.2545449139580393,0.21326572954255982
BACKUP,BRIGHT,593,0.08135197416558106,0.06307700674841259
BACKUP,BRIGHT,594,0.07399874197358078,0.07126654487271672
BACKUP,BRIGHT,595,0.30098223348603176,0.23460531964695322
BACKUP,BRIGHT,596,0.10810372041446867,0.14141353882130184
BACKUP,BRIGHT,597,0.11142002985665851,0.07045887880330741
BACKUP,BRIGHT,598,0.02183089558566953,-0.000953350493186241
BACKUP,BRIGHT,599,0.33011496547623254,0.3984031074631626
BACKUP,BRIGHT,600,-0.05878349351886537,-0.07885573604856787
BACKUP,BRIGHT,601,0.22606630572566366,0.16545662939441388
BACKUP,BRIGHT,602,0.05227574048314873,0.05496010962772091
BACKUP,BRIGHT,603,0.0691898424732645,-0.01718030836899583
BACKUP,BRIGHT,604,0.0014627319045367715,0.028860504172607476
BACKUP,BRIGHT,605,0.2729294711465575,0.2856690133489596
BACKUP,BRIGHT,606,0.2715111301333738,0.23244252471456
BACKUP,BRIGHT,607,0.0466740014987572,0.04273324800663649
BACKUP,BRIGHT,608,0.13809997724097087,0.14531303821712288
BACKUP,BRIGHT,609,-0.013517258660870857,0.005518827596749572
BACKUP,BRIGHT,610,0.18157496885758637,0.19173370778529705
BACKUP,BRIGHT,611,0.16537647567656683,0.17101185265433433
BACKUP,BRIGHT,612,0.09483215447373618,0.11643651406938352
BACKUP,BRIGHT,613,0.18177969776339642,0.23471590318654725
BACKUP,BRIGHT,614,-0.056722904342357425,-0.08545733000105771
BACKUP,BRIGHT,615,0.21677055260809647,0.20330739872110387
BACKUP,BRIGHT,616,0.3887646591541319,0.43374971994634137
BACKUP,BRIGHT,617,-0.002155600340375924,-0.023671796388535605
BACKUP,BRIGHT,618,0.15387005016435404,0.16762281893064662
BACKUP,BRIGHT,619,0.10549175882934882,0.12633096625921436
BACKUP,BRIGHT,620,0.21882035536331984,0.2097254247288551
BACKUP,BRIGHT,621,0.18166728778043317,0.24081413334137972
BACKUP,BRIGHT,622,0.0990325695272465,0.0993089326619198
BACKUP,BRIGHT,623,0.3952090011632834,0.4199233351825198
BACKUP,BRIGHT,624,-0.0710242734162373,-0.1312715353481007
BACKUP,BRIGHT,625,0.4125158900212581,0.3696380145829776
BACKUP,BRIGHT,626,0.10755486857232313,0.10367217867027406
BACKUP,BRIGHT,627,0.03875397851527009,0.04389699008670333
BACKUP,BRIGHT,628,0.26942797070305297,0.2084003909821047
BACKUP,BRIGHT,629,0.3531537443237058,0.41577369035950873
BACKUP,BRIGHT,630,0.23963907263524944,0.2506721078630267
BACKUP,BRIGHT,631,0.19073086248698803,0.16523704170145925
BACKUP,BRIGHT,632,0.2723173063257707,0.317101880833926
BACKUP,BRIGHT,633,0.24855942558800767,0.21070588849289076
BACKUP,BRIGHT,634,0.27989294752221106,0.21966385366178515
BACKUP,BRIGHT,635,-0.09295041802834811,-0.084885563265288
BACKUP,BRIGHT,636,0.10085600377701337,0.06263790538065353
BACKUP,BRIGHT,637,-0.07722591428297797,-0.08816520730196835
BACKUP,BRIGHT,638,0.2528873577438502,0.24303129482562183
BACKUP,BRIGHT,639,-0.10880197579034667,-0.14713945034099474
BACKUP,BRIGHT,640,0.12338001099177041,0.11893074877067304
BACKUP,BRIGHT,641,0.4652440619370612,0.4778750530096585
BACKUP,BRIGHT,642,0.20062414359111355,0.17366868748229025
BACKUP,BRIGHT,643,0.13095461065715414,0.16228721980861038
BACKUP,BRIGHT,644,-0.008190882643063415,0.01654566054381549
BACKUP,BRIGHT,645,0.15608783142016772,0.1572248647745474
BACKUP,BRIGHT,646,0.12759680484065525,0.0980573322408477
BACKUP,BRIGHT,647,0.24036216129685622,0.18266794464950156
BACKUP,BRIGHT,648,0.13534622166967672,0.06897028962763868
BACKUP,BRIGHT,649,0.18125426079542256,0.1930240283420064
BACKUP,BRIGHT,650,0.08196071551754432,0.08979448162128192
BACKUP,BRIGHT,651,-0.05289800690473238,-0.029905851621527837
BACKUP,BRIGHT,652,0.07414303353928087,0.10425453415902113
BACKUP,BRIGHT,653,0.21812375575501053,0.27789585727705435
BACKUP,BRIGHT,654,0.08590727290486089,0.15893985323399917
BACKUP,BRIGHT,655,0.016887483327622063,0.039529131529155104
BACKUP,BRIGHT,656,0.10134643596331212,0.1472808531901492
BACKUP,BRIGHT,657,0.13486899854943304,0.11350696283080608
BACKUP,BRIGHT,658,0.3233631537126254,0.3247256753378613
BACKUP,BRIGHT,659,-0.06951811162018441,-0.036316249813456436
BACKUP,BRIGHT,660,-0.0037622595976507444,0.000660225150754272
BACKUP,BRIGHT,661,0.33067478033036224,0.3889685016228995
BACKUP,BRIGHT,662,0.19829198088702318,0.22785299568062325
BACKUP,BRIGHT,663,0.15901561983128262,0.15604562108713613
BACKUP,BRIGHT,664,0.049055636106315116,0.03021531479472719
BACKUP,BRIGHT,665,0.14934604257993864,0.18338319110821732
BACKUP,BRIGHT,666,0.41944128739158515,0.39793769127233103
BACKUP,BRIGHT,667,0.11973867899018466,0.021869498340190967
BACKUP,BRIGHT,668,0.2900532042748558,0.310184313362126
BACKUP,BRIGHT,669,0.24625515890088037,0.28719192126358767
BACKUP,BRIGHT,670,0.1994770027845067,0.16758215557716502
BACKUP,BRIGHT,671,-0.03630107071632243,-0.007002107676710667
BACKUP,BRIGHT,672,0.05092280493027707,0.08842439310337802
BACKUP,BRIGHT,673,0.19209745306059445,0.23625280955166686
BACKUP,BRIGHT,674,0.2029595160100829,0.14083920958830642
BACKUP,BRIGHT,675,0.20648606911174738,0.21263820858342333
BACKUP,BRIGHT,676,0.11588912460240945,0.2074849226983882
BACKUP,BRIGHT,677,0.16429944028471466,0.09907655235802577
BACKUP,BRIGHT,678,0.27217465234367955,0.2572069733141716
BACKUP,BRIGHT,679,0.07374749084917867,0.08072852690348649
BACKUP,BRIGHT,680,0.1964835561176591,0.25112122972183043
BACKUP,BRIGHT,681,0.1686321169167989,0.14821848764391138
BACKUP,BRIGHT,682,-0.04451518203982308,-0.0016949172597743871
BACKUP,BRIGHT,683,0.02734047090809482,0.08260900598153101
BACKUP,BRIGHT,684,0.06168628381022716,0.08664971887780719
BACKUP,BRIGHT,685,0.004010555983396431,-0.012688708882433418
BACKUP,BRIGHT,686,0.11202286714389435,0.15479849748170507
BACKUP,BRIGHT,687,0.1864590496382348,0.198242327454265
BACKUP,BRIGHT,688,0.1908480959815872,0.2012349211532105
BACKUP,BRIGHT,689,0.2476829021125082,0.20456057197416708
BACKUP,BRIGHT,690,0.15362372153592735,0.10362838530501896
BACKUP,BRIGHT,691,0.015017223066996127,0.0077929858910114995
BACKUP,BRIGHT,692,-0.07504975692169522,-0.11545950476550305
BACKUP,BRIGHT,693,0.1035268894816596,0.1559677083524352
BACKUP,BRIGHT,694,-0.09874021776318834,-0.13657504328146924
BACKUP,BRIGHT,695,0.06524064054766522,0.04888860328934504
BACKUP,BRIGHT,696,0.12548780718340796,0.10992995567972662
BACKUP,BRIGHT,697,0.07519601298081299,0.11926581781274072
BACKUP,BRIGHT,698,-0.10073499519171668,-0.07792098460357356
BACKUP,BRIGHT,699,-0.02533485040490291,-0.016047778905117882
BACKUP,BRIGHT,700,0.029273319958154142,-0.03438749662370269
BACKUP,BRIGHT,701,0.08089568377771097,0.048145733452391246
BACKUP,BRIGHT,702,0.16559930409450002,0.15901232729062562
BACKUP,BRIGHT,703,0.030863121503575584,0.06875822683151311
BACKUP,BRIGHT,704,0.31140017017952293,0.30950419778304883
BACKUP,BRIGHT,705,-0.1519032018478066,-0.17224048671203057
BACKUP,BRIGHT,706,0.026482257284651638,0.0602869548005902
BACKUP,BRIGHT,707,0.03671444749784222,0.024402037238221295
BACKUP,BRIGHT,708,0.2973032717383254,0.40166760369957666
BACKUP,BRIGHT,709,-0.07459370932419518,0.038694399890692975
BACKUP,BRIGHT,710,0.09552425555448897,0.05688471927078815
BACKUP,BRIGHT,711,0.007433085470688813,-0.02114576743708548
BACKUP,BRIGHT,712,0.08994969804694106,0.09864528331441955
BACKUP,BRIGHT,713,0.03689052862822949,0.058182503125384845
BACKUP,BRIGHT,714,0.14461419645556803,0.17059110587321322
BACKUP,BRIGHT,715,0.17331955286923603,0.19912134339115742
BACKUP,BRIGHT,716,-0.017216205417791088,-0.0200589057404488
BACKUP,BRIGHT,717,0.3473621656690324,0.41511196215910073
BACKUP,BRIGHT,718,0.10231412234677756,0.12290135253852057
BACKUP,BRIGHT,719,0.09424752768236151,0.21729948249926917
BACKUP,BRIGHT,720,0.15520687587104798,0.12148596611887144
BACKUP,BRIGHT,721,0.19977548719702784,0.23937161322513853
BACKUP,BRIGHT,722,-0.021014548455109156,-0.008852911258851027
BACKUP,BRIGHT,723,0.04374069148939848,-0.00116424382741086
BACKUP,BRIGHT,724,0.11101729817775394,0.13205011970716093
BACKUP,BRIGHT,725,0.35589101591175154,0.3768205019616797
BACKUP,BRIGHT,726,0.03279920604100523,-0.03397034105204238
BACKUP,BRIGHT,727,0.27362196879526496,0.24676465670784306
BACKUP,BRIGHT,728,0.14824191746422666,0.15679460605700515
BACKUP,BRIGHT,729,-0.0003212729150591329,-0.04877079913127213
BACKUP,BRIGHT,730,0.34185653007707506,0.3420922033502393
BACKUP,BRIGHT,731,0.2590513004882683,0.2974994674273354
BACKUP,BRIGHT,732,0.293621372174349,0.2967914466399353
BACKUP,BRIGHT,733,0.08549430239149662,0.12622490775502757
BACKUP,BRIGHT,734,0.17970004251049082,0.14578198023413078
BACKUP,BRIGHT,735,0.2645874849822375,0.24896976436621612
BACKUP,BRIGHT,736,0.18672926791600955,0.20932009640011218
BACKUP,BRIGHT,737,0.024396642814233593,-0.0009910444810828619
BACKUP,BRIGHT,738,0.36958438462269,0.297634333472116
BACKUP,BRIGHT,739,0.23014422880593788,0.2353945559451321
BACKUP,BRIGHT,740,0.13803435593694596,0.10227291560289684
BACKUP,BRIGHT,741,0.3890923917798543,0.40083808409090793
BACKUP,BRIGHT,742,0.2753542739788785,0.30304679959303615
BACKUP,BRIGHT,743,0.062159602597922914,0.07730910263903897
BACKUP,BRIGHT,744,0.12619532637750047,0.12092624964828705
BACKUP,BRIGHT,745,0.12972132617927892,0.13715635128605377
BACKUP,BRIGHT,746,0.2712620393442786,0.27450049838871016
BACKUP,BRIGHT,747,-0.08831566524279572,-0.15254582354853763
BACKUP,BRIGHT,748,0.06465993013988178,-0.04079310948871199
BACKUP,BRIGHT,749,0.10724174007743723,0.142123080521727
BACKUP,BRIGHT,750,0.09521762956748864,0.09398887418774364
BACKUP,BRIGHT,751,0.113512003663408,0.15830055656250583
BACKUP,BRIGHT,752,0.4690241751599875,0.5361875591015881
BACKUP,BRIGHT,753,0.046673947950208954,0.0170148385745875
BACKUP,BRIGHT,754,0.22364905997286244,0.3358875312334394
BACKUP,BRIGHT,755,0.04602676875788643,-0.0040330518222703605
BACKUP,BRIGHT,756,-0.08148111336026197,-0.06040942047852265
BACKUP,BRIGHT,757,0.07945701519831909,0.06392067867034651
BACKUP,BRIGHT,758,0.22500770920230315,0.2512084206555209
BACKUP,BRIGHT,759,-0.04306767022207036,-0.0881404406086011
BACKUP,BRIGHT,760,0.2115297096321221,0.22976560237667665
BACKUP,BRIGHT,761,0.16879948761928698,0.13980179104282892
BACKUP,BRIGHT,762,0.31526427081286,0.3166791190235843
BACKUP,BRIGHT,763,0.2622287553766417,0.28062489985174055
BACKUP,BRIGHT,764,0.022490390547146546,0.05969965520424938
BACKUP,BRIGHT,765,0.35632197159409357,0.3764417148001811
BACKUP,BRIGHT,766,-0.04589473741958654,-0.07728817083905659
BACKUP,BRIGHT,767,0.05280477209295483,0.008637343465383156
BACKUP,BRIGHT,768,0.1855525974304101,0.15915151862937968
BACKUP,BRIGHT,769,0.2654352656703701,0.25289285424480373
BACKUP,BRIGHT,770,-0.10195520337721128,-0.075059128339435
BACKUP,BRIGHT,771,0.23559135994068664,0.2088629477501093
BACKUP,BRIGHT,772,0.17696804088578139,0.1454509863702438
BACKUP,BRIGHT,773,-0.07931796570592485,-0.02682599371868428
BACKUP,BRIGHT,774,0.05574599382413148,0.05830988249396933
BACKUP,BRIGHT,775,0.06572623001279901,0.05128619064451753
BACKUP,BRIGHT,776,0.22168514146179633,0.2755922871319256
BACKUP,BRIGHT,777,0.23700585881846414,0.2449197173234932
BACKUP,BRIGHT,778,0.23340441319159283,0.2339211244700578
BACKUP,BRIGHT,779,0.03244306615439951,0.0383284175426155
BACKUP,BRIGHT,780,0.13931674569083966,0.1859439706682288
BACKUP,BRIGHT,781,-0.01838879934742572,0.006557956046889531
BACKUP,BRIGHT,782,0.04402088760437671,-0.012958623723898048
BACKUP,BRIGHT,783,-0.12056564340896947,-0.14952468821543288
BACKUP,BRIGHT,784,-0.05783532769856837,-0.08195884852025685
BACKUP,BRIGHT,785,0.40938785753561757,0.4206337029671697
BACKUP,BRIGHT,786,0.038064647351602185,0.03173327838023623
BACKUP,BRIGHT,787,0.34269173219973004,0.3983074514709333
BACKUP,BRIGHT,788,0.22042981877936843,0.17801607758187274
BACKUP,BRIGHT,789,0.2394183536583074,0.3280163222390491
BACKUP,BRIGHT,790,0.07292829995719753,0.10292531825626686
BACKUP,BRIGHT,791,0.39072288043590575,0.4803659332263651
BACKUP,BRIGHT,792,0.02663870429624781,-0.005580079805394551
BACKUP,BRIGHT,793,0.25501329860608096,0.25788437850029566
BACKUP,BRIGHT,794,0.17604753455630875,0.2068592396950132
BACKUP,BRIGHT,795,0.0869105382042334,0.163719067841887
BACKUP,BRIGHT,796,0.17141626870970728,0.2159897167672509
BACKUP,BRIGHT,797,0.007341982805470728,-0.04506127228893568
BACKUP,BRIGHT,798,0.15578972565522792,0.16681150036578776
BACKUP,BRIGHT,799,0.14057573632282602,0.14053755101736273
BACKUP,BRIGHT,800,0.1944076349210537,0.18690787666635122
BACKUP,BRIGHT,801,0.3312351607613139,0.35588075123409574
BACKUP,BRIGHT,802,0.4349820542317454,0.45032963582905783
BACKUP,BRIGHT,803,0.11054165406143138,0.1653737820620134
BACKUP,BRIGHT,804,0.1779376984940744,0.17364369400319307
BACKUP,BRIGHT,805,0.17999222349482025,0.19209338055153338
BACKUP,BRIGHT,806,-0.004930195764408128,0.05271229168160774
BACKUP,BRIGHT,807,0.2564780709551863,0.15871903013604693
BACKUP,BRIGHT,808,0.28862922619633363,0.2750275213753516
BACKUP,BRIGHT,809,0.15155667431076075,0.12004976482859339
BACKUP,BRIGHT,810,0.14693847383155925,0.1271006280996182
BACKUP,BRIGHT,811,0.05721836255752837,0.1372319401071695
BACKUP,BRIGHT,812,0.14831510100130207,0.10120073681139088
BACKUP,BRIGHT,813,0.24995124443750089,0.2856685777653711
BACKUP,BRIGHT,814,0.2327549785032759,0.2875990183083144
BACKUP,BRIGHT,815,0.19212140736231903,0.17272695703015625
BACKUP,BRIGHT,816,0.055742473001922616,0.0455251843550422
BACKUP,BRIGHT,817,0.1357713393466298,0.14261997140107777
BACKUP,BRIGHT,818,0.024091757350064004,0.06676107310926772
BACKUP,BRIGHT,819,0.1041052348549335,0.10215575768055034
BACKUP,BRIGHT,820,0.03359619405412965,0.022354375497380414
BACKUP,BRIGHT,821,0.18322466158263082,0.19899014739997858
BACKUP,BRIGHT,822,0.12186439033705007,0.25263882864877135
BACKUP,BRIGHT,823,0.31117513491149473,0.29700304654701914
BACKUP,BRIGHT,824,0.17334072304390255,0.13439310929000978
BACKUP,BRIGHT,825,0.20976432168785117,0.24269351654546
BACKUP,BRIGHT,826,0.10851173424956208,0.030589777765092075
BACKUP,BRIGHT,827,0.2797397116054905,0.34949831966186035
BACKUP,BRIGHT,828,0.26543915736702806,0.25153784696424075
BACKUP,BRIGHT,829,-0.07540111437619626,-0.07049258341636928
BACKUP,BRIGHT,830,0.26453139690096616,0.19365406145239641
BACKUP,BRIGHT,831,0.3226688203305934,0.33227600167822813
BACKUP,BRIGHT,832,0.34006401636842293,0.34949177470116904
BACKUP,BRIGHT,833,0.048124680320395914,-0.031680130318827014
BACKUP,BRIGHT,834,0.09870235428346315,0.08250061997513133
BACKUP,BRIGHT,835,0.3049100192481311,0.33403217052859463
BACKUP,BRIGHT,836,0.008474418028790842,-0.008321839585086867
BACKUP,BRIGHT,837,0.13387613562539352,0.1709125707094807
BACKUP,BRIGHT,838,0.21933748323217295,0.23826588830524564
BACKUP,BRIGHT,839,0.19752578311542657,0.21381391937475
BACKUP,BRIGHT,840,0.33656237927248356,0.3798320829661719
BACKUP,BRIGHT,841,0.15881841623727205,0.10033163357686574
BACKUP,BRIGHT,842,0.05892956124707903,0.0693376954999697
BACKUP,BRIGHT,843,0.15300880262515,0.15940903447807084
BACKUP,BRIGHT,844,0.12475828849279151,0.20262889663866246
BACKUP,BRIGHT,845,0.17158566246991186,0.17157014058247738
BACKUP,BRIGHT,846,-0.06875793973166673,0.006723700478105089
BACKUP,BRIGHT,847,0.02125104053411104,0.05360181224179795
BACKUP,BRIGHT,848,0.14621219765480387,0.12266621011828768
BACKUP,BRIGHT,849,0.21575954778907702,0.21102785304600957
BACKUP,BRIGHT,850,0.05744761702494706,0.02927313786997264
BACKUP,BRIGHT,851,0.1441634093433984,0.12631401679665674
BACKUP,BRIGHT,852,0.2849990521805968,0.3310780957329958
BACKUP,BRIGHT,853,0.10647179555988885,0.0848520011665757
BACKUP,BRIGHT,854,0.265983514716844,0.20417939283916905
BACKUP,BRIGHT,855,0.03543382164806391,-0.027410709083127264
BACKUP,BRIGHT,856,0.16661245656178247,0.2569660083218105
BACKUP,BRIGHT,857,0.38933270520771346,0.39131876044052205
BACKUP,BRIGHT,858,0.09987022404994873,0.06296644176910456
BACKUP,BRIGHT,859,0.13847207693499256,0.13417426803899718
BACKUP,BRIGHT,860,0.16236195280518595,0.10257913045396075
BACKUP,BRIGHT,861,0.04264562379818102,0.024392287281100027
BACKUP,BRIGHT,862,-0.0697650735053032,-0.07611953314754329
BACKUP,BRIGHT,863,0.2962264017165001,0.28124270756757536
BACKUP,BRIGHT,864,0.25624600086058574,0.28244398222434774
BACKUP,BRIGHT,865,0.040596681070921695,0.05372935527731331
BACKUP,BRIGHT,866,0.24294734186707553,0.2500437352074625
BACKUP,BRIGHT,867,0.10417390826423249,0.3675147526222126
BACKUP,BRIGHT,868,-0.08930096957812692,-0.09739555582630652
BACKUP,BRIGHT,869,0.2755340730165257,0.28955732812762836
BACKUP,BRIGHT,870,0.2171854859298439,0.23184981698262083
BACKUP,BRIGHT,871,0.028679577904656067,0.0202169227857959
BACKUP,BRIGHT,872,0.2958372002300802,0.28472693294627804
BACKUP,BRIGHT,873,0.03140509296780519,0.06960072212339642
BACKUP,BRIGHT,874,0.08336650235149343,-0.07056445307507717
BACKUP,BRIGHT,875,0.12644303729941944,0.19605737994178446
BACKUP,BRIGHT,876,0.16081540320224444,0.17838821811555483
BACKUP,BRIGHT,877,0.019773752403768895,-0.0276386621278803
BACKUP,BRIGHT,878,0.38698724898401526,0.411720888703936
BACKUP,BRIGHT,879,-0.05462192153097995,-0.06383224632399036
BACKUP,BRIGHT,880,0.40668742589524626,0.48014919922981236
BACKUP,BRIGHT,881,0.1613337526203374,0.1794397901396226
BACKUP,BRIGHT,882,-0.15855091718646358,-0.1963888799502966
BACKUP,BRIGHT,883,0.1907052334965503,0.19334576241716142
BACKUP,BRIGHT,884,0.13942736288528945,0.16564501500579132
BACKUP,BRIGHT,885,0.195003919893776,0.18968725751504942
BACKUP,BRIGHT,886,0.15903013284753234,0.15607542627291157
BACKUP,BRIGHT,887,0.12036140434995027,0.17005500197178988
BACKUP,BRIGHT,888,0.20418734561386206,0.22024123201522655
BACKUP,BRIGHT,889,0.18849193031044129,0.1757886521890835
BACKUP,BRIGHT,890,0.37589704668383034,0.36593552943360896
BACKUP,BRIGHT,891,-0.0735930667448059,-0.034842306946477886
BACKUP,BRIGHT,892,0.134447679848827,0.1269878721989934
BACKUP,BRIGHT,893,0.05511281498720557,0.025312348534984465
BACKUP,BRIGHT,894,0.13949559569397355,0.14297139398811728
BACKUP,BRIGHT,895,0.2566921736659087,0.2680182632104693
BACKUP,BRIGHT,896,0.21310595920410866,0.1836758367904175
BACKUP,BRIGHT,897,0.017133451113514876,0.0016246199076340715
BACKUP,BRIGHT,898,-0.007564136666790148,-0.006596268581069208
BACKUP,BRIGHT,899,0.05148416940506621,0.06795857578100561
BACKUP,BRIGHT,900,-0.08342027153816844,-0.06756506418047666
BACKUP,BRIGHT,901,-0.016508229696164715,0.058114832549211244
BACKUP,BRIGHT,902,0.11165799450246595,0.07198668383959571
BACKUP,BRIGHT,903,0.0421943518618424,0.036628209486225985
BACKUP,BRIGHT,904,0.24953806278746324,0.28448724397814334
BACKUP,BRIGHT,905,0.07948868291368011,0.020143266746048438
BACKUP,BRIGHT,906,-0.0553551698949771,-0.05957323256804125
BACKUP,BRIGHT,907,0.18664015411948764,0.1298106075650926
BACKUP,BRIGHT,908,0.31708892198497873,0.3438282996454816
BACKUP,BRIGHT,909,0.0034983666287462752,-0.0008349247678375976
BACKUP,BRIGHT,910,0.18381110640817594,0.19749131286527774
BACKUP,BRIGHT,911,0.2420842326179765,0.3107146182617527
BACKUP,BRIGHT,912,0.1035864827443993,0.11253720892520733
BACKUP,BRIGHT,913,-0.07618872169407814,-0.021624341710501385
BACKUP,BRIGHT,914,-0.009166668523286528,0.0919905552326368
BACKUP,BRIGHT,915,0.27868564111767696,0.2497155691403012
BACKUP,BRIGHT,916,-0.15082933512879074,0.015877912932860876
BACKUP,BRIGHT,917,-0.23082255190069018,-0.15735109590391397
BACKUP,BRIGHT,918,0.15454139229205716,0.19393592621108222
BACKUP,BRIGHT,919,-0.10493696178315505,-0.08835723379661135
BACKUP,BRIGHT,920,0.22145102387175652,0.213183738813684
BACKUP,BRIGHT,921,-0.049577743612621954,0.0015988116198262126
BACKUP,BRIGHT,922,-0.12683624009706432,-0.148102271066585
BACKUP,BRIGHT,923,0.08017711093126392,0.08975498769490911
BACKUP,BRIGHT,924,0.036785556863652556,0.11247059968436306
BACKUP,BRIGHT,925,0.2340779293110664,0.212897158612613
BACKUP,BRIGHT,926,0.10853733877626283,0.15065996517676733
BACKUP,BRIGHT,927,0.02461656373176802,0.05880553485673266
BACKUP,BRIGHT,928,0.1671267626034788,0.1694264445530873
BACKUP,BRIGHT,929,0.057629646661228384,0.011553196670542505
BACKUP,BRIGHT,930,0.08672914958503924,0.20566619600751523
BACKUP,BRIGHT,931,0.012011094834513776,0.01306189672446303
BACKUP,BRIGHT,932,-0.04036792806797311,-0.023847233376877483
BACKUP,BRIGHT,933,-0.06171197351797943,-0.010786118891759042
BACKUP,BRIGHT,934,0.27890477311005807,0.3193245446415709
BACKUP,BRIGHT,935,0.38183291544859105,0.41742944941557186
BACKUP,BRIGHT,936,0.121811562296536,0.13892639806045085
BACKUP,BRIGHT,937,0.2911922196166819,0.23350511378446567
BACKUP,BRIGHT,938,0.30684496280000406,0.36871917443894014
BACKUP,BRIGHT,939,-0.002884549926700456,0.049287474933502586
BACKUP,BRIGHT,940,0.14356823258485807,0.14449990890977774
BACKUP,BRIGHT,941,0.2125199515894843,0.2359605700582509
BACKUP,BRIGHT,942,0.22441972257440593,0.21098915805469265
BACKUP,BRIGHT,943,0.32387047435084626,0.3247736549524612
BACKUP,BRIGHT,944,0.005706676285096334,0.005721822848485644
BACKUP,BRIGHT,945,0.24484527347544,0.22998700113287956
BACKUP,BRIGHT,946,0.11238974081134391,0.10246938567714572
BACKUP,BRIGHT,947,0.1769754202530157,0.09192451433031797
BACKUP,BRIGHT,948,-0.17172441473501854,-0.07725144807480952
BACKUP,BRIGHT,949,0.20574541074267338,0.20853479707492537
BACKUP,BRIGHT,950,0.12082328952725886,0.15517303357054932
BACKUP,BRIGHT,951,0.10955501675995989,0.029310864345514834
BACKUP,BRIGHT,952,0.1587472865718245,0.20724165995987623
BACKUP,BRIGHT,953,0.05289431433176101,0.15863541924196334
BACKUP,BRIGHT,954,0.1633018630760962,0.1675367968209169
BACKUP,BRIGHT,955,0.19573972482545526,0.23151701660130927
BACKUP,BRIGHT,956,0.24351550321947585,0.30245561123287895
BACKUP,BRIGHT,957,0.1426377892620775,0.15447897236754335
BACKUP,BRIGHT,958,0.1518164540537567,0.15892885127879214
BACKUP,BRIGHT,959,0.4941616395403819,0.5420541433994285
BACKUP,BRIGHT,960,0.29179526752238916,0.3823072032759252
BACKUP,BRIGHT,961,-0.12042281515602087,-0.14248285667800673
BACKUP,BRIGHT,962,0.1246154455504861,0.11997484970109563
BACKUP,BRIGHT,963,0.2550574302202287,0.2500116018140302
BACKUP,BRIGHT,964,0.28575635795266247,0.3451109141666775
BACKUP,BRIGHT,965,0.15727262680861917,0.18946328609522153
BACKUP,BRIGHT,966,0.1734918686399116,0.20060013966601278
BACKUP,BRIGHT,967,0.012585516844531148,0.03300611945321761
BACKUP,BRIGHT,968,0.2571908537755877,0.26764126863310544
BACKUP,BRIGHT,969,0.014412127178890333,-0.022392717912736403
BACKUP,BRIGHT,970,0.2816931317849175,0.23528133363831893
BACKUP,BRIGHT,971,0.2606826490857616,0.20124777534570437
BACKUP,BRIGHT,972,0.08200379508943798,0.09785553030446974
BACKUP,BRIGHT,973,0.04534128353361911,0.05057903011810015
BACKUP,BRIGHT,974,0.05014963840473529,-0.00787924295926511
BACKUP,BRIGHT,975,-0.17046917299442615,-0.219543299795424
BACKUP,BRIGHT,976,-0.018934472965669358,0.015939101317401325
BACKUP,BRIGHT,977,0.11762698526432872,0.1440051336025216
BACKUP,BRIGHT,978,0.4588855545933293,0.40412238449445803
BACKUP,BRIGHT,979,0.10890636092186019,0.040043758995253385
BACKUP,BRIGHT,980,0.052003565828467796,-0.007419324710509562
BACKUP,BRIGHT,981,0.23986856608581214,0.31938339488993417
BACKUP,BRIGHT,982,-0.01608479720132205,-0.07289648999609265
BACKUP,BRIGHT,983,0.10941627452721445,0.17919467849480022
BACKUP,BRIGHT,984,-0.2512155450271802,-0.17841573199280222
BACKUP,BRIGHT,985,-0.02132936472628336,-0.02622764962904991
BACKUP,BRIGHT,986,0.46378419806975596,0.46553805321788744
BACKUP,BRIGHT,987,0.089538435795554,0.06941662291683832
BACKUP,BRIGHT,988,0.26855980170921456,0.3114014266400062
BACKUP,BRIGHT,989,0.047698704314106985,0.022528142541539342
BACKUP,BRIGHT,990,0.09897103463764129,0.10199525931547171
BACKUP,BRIGHT,991,-0.1168537854990355,-0.15130396499019005
BACKUP,BRIGHT,992,-0.08631709560108625,-0.12973964052673856
BACKUP,BRIGHT,993,0.11297571465234564,0.14765077127189175
BACKUP,BRIGHT,994,0.06825209243792102,0.09272443791565332
BACKUP,BRIGHT,995,0.05137301462186317,0.06777883244020837
BACKUP,BRIGHT,996,0.03174479775440839,0.06513057744574774
BACKUP,BRIGHT,997,0.2629796223773349,0.28195389647830443
BACKUP,BRIGHT,998,0.09108342412218881,0.08083628407209315
BACKUP,BRIGHT,999,-0.030135873510110624,-0.04171354059040421
BACKUP,DARK,0,-0.041441804405470774,-0.10327886476842438
BACKUP,DARK,1,-0.051768278437878464,-0.1268309207364508
BACKUP,DARK,2,0.5594422818397585,0.620635247978662
BACKUP,DARK,3,-0.04394750693173124,-0.020449821517956525
BACKUP,DARK,4,0.1814633805289264,0.15365049367060526
BACKUP,DARK,5,0.22701467768062336,0.034427628731252546
BACKUP,DARK,6,0.07507955700348799,0.005487242340166987
BACKUP,DARK,7,0.04249107178970761,-0.028627021561440934
BACKUP,DARK,8,0.36212089822821786,0.22739683218532863
BACKUP,DARK,9,0.10177845245489461,-0.005823852076960023
BACKUP,DARK,10,0.011871934613342891,-0.12799820973125509
BACKUP,DARK,11,0.24689683852681243,0.2819614664546168
BACKUP,DARK,12,-0.058866943927724735,-0.13847114932126567
BACKUP,DARK,13,-0.19046141599794958,-0.21023065813526795
BACKUP,DARK,14,0.10126125613274566,0.07068233987225747
BACKUP,DARK,15,-0.007845085586834073,-0.11287049703830968
BACKUP,DARK,16,-0.090993711493948,-0.07810292694711103
BACKUP,DARK,17,-0.062102681662811715,-0.06966619553379655
BACKUP,DARK,18,0.2721314670163231,0.21346549859087965
BACKUP,DARK,19,0.04161439339294946,0.007405464819737734
BACKUP,DARK,20,-0.23107326382608,-0.2645414017998471
BACKUP,DARK,21,0.27625097831908424,0.23703999859336983
BACKUP,DARK,22,-0.1509038768481166,-0.2065560982917754
BACKUP,DARK,23,-0.0792655254080262,-0.15152450594827557
BACKUP,DARK,24,-0.1237989226744497,-0.1652756683577323
BACKUP,DARK,25,-0.10574040466081443,-0.09693487620101611
BACKUP,DARK,26,0.02954645138425474,0.040326660893178184
BACKUP,DARK,27,-0.11144488647865694,-0.09929650443195724
BACKUP,DARK,28,0.6229876322546078,0.6942231706554237
BACKUP,DARK,29,-0.01856863057348698,0.024575534747452096
BACKUP,DARK,30,-0.2724373013728283,-0.3340726307246249
BACKUP,DARK,31,-0.01648941449343612,-0.04071082557663458
BACKUP,DARK,32,-0.006486869463552595,-0.04424906281327653
BACKUP,DARK,33,0.1912340453362922,0.10479336353131409
BACKUP,DARK,34,-0.03519605561483364,-0.13126927128795762
BACKUP,DARK,35,-0.028207634580261935,-0.09266295356367311
BACKUP,DARK,36,0.11874399204988416,-0.10065637098015831
BACKUP,DARK,37,-0.2003429693377523,-0.24562873294508278
BACKUP,DARK,38,0.2734176229763978,0.3045936637078753
BACKUP,DARK,39,,
BACKUP,DARK,40,0.0889098075095274,0.0030729013365893443
BACKUP,DARK,41,0.00456760264716218,-0.06805389935781833
BACKUP,DARK,42,-0.16993157200173795,-0.12575692220723994
BACKUP,DARK,43,0.10918482842549172,-0.06912982391175376
BACKUP,DARK,44,0.16114857393841786,0.11680640173966494
BACKUP,DARK,45,-0.0031933221563920813,0.02141633498695631
BACKUP,DARK,46,-0.041581175477157575,-0.1247566942245209
BACKUP,DARK,47,-0.06810844846000635,-0.20517200196399976
BACKUP,DARK,48,0.396490498601305,0.4101218204168694
BACKUP,DARK,49,0.23158444081906834,-0.050001695678914576
BACKUP,DARK,50,0.18918067059976765,0.15303330899505818
BACKUP,DARK,51,0.19094051161795264,0.08639908821218857
BACKUP,DARK,52,0.08929137805256025,0.038719963301801996
BACKUP,DARK,53,0.01254485533217057,-0.30085824131622874
BACKUP,DARK,54,-0.2345896783536648,-0.275205781416831
BACKUP,DARK,55,-0.01324825181560097,-0.09104426089881038
BACKUP,DARK,56,-0.05760179494439942,-0.18564416294450284
BACKUP,DARK,57,-0.007233664214756879,-0.0798912956220192
BACKUP,DARK,58,0.11254170611892658,0.07494033788527109
BACKUP,DARK,59,0.2356995817432004,0.07370946628777114
BACKUP,DARK,60,-0.1754698132489297,-0.168099354193011
BACKUP,DARK,61,0.025091243274426345,-0.02461891149649362
BACKUP,DARK,62,0.005011342057461455,-0.0026083153672466592
BACKUP,DARK,63,-0.026555983637965692,-0.07006393579514783
BACKUP,DARK,64,-0.0624022570161746,-0.06450628417505219
BACKUP,DARK,65,0.19849642670546347,0.14267295341699354
BACKUP,DARK,66,0.30783305577074693,0.39307441350029676
BACKUP,DARK,67,-0.06703453670398911,-0.273808074407034
BACKUP,DARK,68,-0.08607303481397836,-0.21498828798847452
BACKUP,DARK,69,0.061385099980694136,0.08157850854695328
BACKUP,DARK,70,-0.002942032711859201,-0.06397000657215902
BACKUP,DARK,71,-0.16185929296579235,-0.2441691118369807
BACKUP,DARK,72,-0.2325336908097703,-0.3550841088854408
BACKUP,DARK,73,0.39820355974620947,0.23306710360659763
BACKUP,DARK,74,0.1462008218773431,0.11312991235081382
BACKUP,DARK,75,0.12417576280334545,-0.07870307033112739
BACKUP,DARK,76,-0.08827107932093359,-0.21806423874387254
BACKUP,DARK,77,0.21163888465586694,0.02045657070255038
BACKUP,DARK,78,-0.059628234263390194,-0.08517866843048269
BACKUP,DARK,79,-0.29106447426422755,-0.2928999472580399
BACKUP,DARK,80,-0.08651710821429803,-0.0962951148582455
BACKUP,DARK,81,0.33282592302080294,0.30048200155034455
BACKUP,DARK,82,-0.14483060497474112,-0.18578385560866023
BACKUP,DARK,83,-0.16076511048370598,-0.41810750643564454
BACKUP,DARK,84,0.17714056559286817,0.08858498650671082
BACKUP,DARK,85,0.12276772916402283,0.03483667855496514
BACKUP,DARK,86,0.08167429795699202,-0.0832983165625605
BACKUP,DARK,87,-0.02387668028331394,-0.07837569233872246
BACKUP,DARK,88,-0.015330376970523196,-0.16574626644222007
BACKUP,DARK,89,-0.11779606728451743,-0.17935137348802316
BACKUP,DARK,90,0.32433688715393943,0.12555039839297513
BACKUP,DARK,91,-0.017955172566488688,-0.11321838349289684
BACKUP,DARK,92,-0.1065163893622291,-0.10322132250526367
BACKUP,DARK,93,0.2350721631688491,0.2983849167105965
BACKUP,DARK,94,0.17557834468178354,0.10984492125044482
BACKUP,DARK,95,-0.08393961908426704,-0.1463233821201618
BACKUP,DARK,96,,
BACKUP,DARK,97,0.24282113079958342,0.2335090784300922
BACKUP,DARK,98,-0.06702521494739701,-0.2333864882949054
BACKUP,DARK,99,0.7635626290995341,0.40061004260705213
BACKUP,DARK,100,0.0798519811294909,0.05961309908295776
BACKUP,DARK,101,-0.028744740539196612,-0.11940843068152689
BACKUP,DARK,102,-0.03595781235211792,-0.0790138887816126
BACKUP,DARK,103,-0.23702840918167573,-0.34157690858371315
BACKUP,DARK,104,0.20759504419633404,0.15287661419669504
BACKUP,DARK,105,-0.16570860064021203,-0.265820676870883
BACKUP,DARK,106,-0.004165806521536714,-0.06369339029048673
BACKUP,DARK,107,-0.3266021695881681,-0.3124114130478417
BACKUP,DARK,108,0.1434380967678085,0.08200089434236037
BACKUP,DARK,109,-0.05540241224740845,-0.2358070069316556
BACKUP,DARK,110,,
BACKUP,DARK,111,0.20810374950448685,0.16793099413537987
BACKUP,DARK,112,-0.07197298450180833,-0.12224932377722354
BACKUP,DARK,113,-0.0680326865489546,-0.054276370283413165
BACKUP,DARK,114,-0.18772537665593822,-0.23454219607078153
BACKUP,DARK,115,0.22590070568144172,0.12342305950318301
BACKUP,DARK,116,0.34955451137247134,0.18946533502993723
BACKUP,DARK,117,-0.06396288006943218,-0.12355966063615995
BACKUP,DARK,118,-0.34562803464831443,-0.3592577788924086
BACKUP,DARK,119,-0.1960607508994448,-0.32036483891533646
BACKUP,DARK,120,0.12415784317327702,-0.12198710695114254
BACKUP,DARK,121,0.054382624040755285,-0.0048943841992365135
BACKUP,DARK,122,0.06030795066773023,0.03183484815606147
BACKUP,DARK,123,0.10481190202649232,0.019183841460734746
BACKUP,DARK,124,-0.01812021085408838,0.054428663585219424
BACKUP,DARK,125,0.46274267249362666,0.4479058407068467
BACKUP,DARK,126,0.033698699746249165,0.017464228096161022
BACKUP,DARK,127,0.10443358457489442,-0.12049529912896924
BACKUP,DARK,128,-0.09632005083230706,-0.17132644304037373
BACKUP,DARK,129,-0.11682819180452363,-0.06809701686218005
BACKUP,DARK,130,0.2703315261406753,-0.04109983256622195
BACKUP,DARK,131,0.4218852276193801,0.3544964629440389
BACKUP,DARK,132,-0.0073225391408030275,0.050931486071593535
BACKUP,DARK,133,0.013815322935618237,-0.018472059227023906
BACKUP,DARK,134,-0.24400259277320338,-0.27047164829761183
BACKUP,DARK,135,-0.1024394395277555,-0.024847041774670172
BACKUP,DARK,136,-0.3118715743661438,-0.34365113852748286
BACKUP,DARK,137,0.0782230195342803,0.05085253310778977
BACKUP,DARK,138,-0.008177087172506953,0.04581064785987442
BACKUP,DARK,139,-0.1004353859217987,-0.1363987573701069
BACKUP,DARK,140,-0.08392141941638728,-0.09741088492763925
BACKUP,DARK,141,0.18530650135691074,0.14164926047319604
BACKUP,DARK,142,,
BACKUP,DARK,143,-0.11551390827921636,-0.1070429065109003
BACKUP,DARK,144,0.07599727358316616,-0.09836942716323464
BACKUP,DARK,145,,
BACKUP,DARK,146,0.0795038425082266,-0.08332135644344575
BACKUP,DARK,147,0.18904249637827816,0.097590946176351
BACKUP,DARK,148,-0.021665698520624232,0.19799463702725842
BACKUP,DARK,149,0.0832406725000914,-0.12186692588363844
BACKUP,DARK,150,0.1208408618545358,0.12920682831382777
BACKUP,DARK,151,-0.11349254023857971,-0.12774367863443956
BACKUP,DARK,152,0.5146258788937802,0.24201122058322966
BACKUP,DARK,153,0.16744852142850433,0.16714635544096426
BACKUP,DARK,154,0.07652322475155465,0.0974976900444401
BACKUP,DARK,155,-0.0863857029510641,-0.10224822236826273
BACKUP,DARK,156,-0.0896371406449008,-0.13522210015146835
BACKUP,DARK,157,-0.04744223887848904,-0.04933707047062669
BACKUP,DARK,158,0.054350230117592414,0.09031112718996738
BACKUP,DARK,159,-0.3496490963966591,-0.3702761198217521
BACKUP,DARK,160,0.3360715336008592,0.07629155264547914
BACKUP,DARK,161,0.13571645487047496,-0.04327291055575469
BACKUP,DARK,162,-0.02903504164507859,-0.10459920594646599
BACKUP,DARK,163,-0.2108163171307994,-0.2631496560251106
BACKUP,DARK,164,0.01361995184056065,0.018302311754418984
BACKUP,DARK,165,-0.0810830200546662,-0.13960035912036575
BACKUP,DARK,166,0.101642934733654,0.01953536147481047
BACKUP,DARK,167,0.28602828541884,0.07321776026060575
BACKUP,DARK,168,-0.09754862176161394,-0.12478742753158129
BACKUP,DARK,169,-0.023757223150217967,0.01969674465363366
BACKUP,DARK,170,0.5127492678446881,0.48608061017923737
BACKUP,DARK,171,-0.020754817739867343,-0.027008817751981537
BACKUP,DARK,172,0.4003919825368398,0.30625911452598154
BACKUP,DARK,173,0.11978463050552098,0.05450685407737754
BACKUP,DARK,174,0.4525393660802103,0.33426655547997575
BACKUP,DARK,175,0.01943767350633944,0.013335873214810683
BACKUP,DARK,176,-0.020686160646603096,-0.004509837491339546
BACKUP,DARK,177,-0.20796599205222566,-0.07340481005206645
BACKUP,DARK,178,,
BACKUP,DARK,179,0.6294844883906782,0.3314366328977397
BACKUP,DARK,180,-0.11596685575965561,-0.2117526103528082
BACKUP,DARK,181,-0.07084492117406094,-0.15810316771312952
BACKUP,DARK,182,-0.07558571081046389,-0.05763373849761726
BACKUP,DARK,183,-0.29955948980889585,-0.28008108862532805
BACKUP,DARK,184,0.2504091513475842,0.2821748680494146
BACKUP,DARK,185,-0.1349227430961343,-0.08797650152566021
BACKUP,DARK,186,0.1903392097465676,0.1458659396925357
BACKUP,DARK,187,-0.13832015260653452,-0.22744101669284664
BACKUP,DARK,188,-0.04168933894343142,-0.09851722038634483
BACKUP,DARK,189,0.20708704438258288,0.006261405672190965
BACKUP,DARK,190,0.025913372784765527,-0.25953527322928427
BACKUP,DARK,191,0.01194877702659005,0.014704116601912906
BACKUP,DARK,192,-0.21333308245510335,-0.08856033242566476
BACKUP,DARK,193,0.17284990169832415,0.19234183821765508
BACKUP,DARK,194,0.3500477224916348,0.30302881801610665
BACKUP,DARK,195,-0.16185327453807605,-0.1211137274483464
BACKUP,DARK,196,0.052087297511663216,-0.3334630619507108
BACKUP,DARK,197,-0.1724566731032115,-0.474998213237208
BACKUP,DARK,198,0.040647579999176266,0.01833439965076308
BACKUP,DARK,199,-0.11908101064702428,-0.16901239203019772
BACKUP,DARK,200,-0.12183421638823964,-0.12924480392179477
BACKUP,DARK,201,0.14933743196162377,0.022064887880091075
BACKUP,DARK,202,-0.08723604347294156,-0.3493987497995403
BACKUP,DARK,203,-0.26189302889237803,-0.28051273405486404
BACKUP,DARK,204,-0.006245821792354786,-0.14617219800393638
BACKUP,DARK,205,-0.07634179457096334,-0.1807481531947029
BACKUP,DARK,206,-0.07628662835521881,-0.11692074203518923
BACKUP,DARK,207,0.04129242051885026,-0.06818327701646376
BACKUP,DARK,208,-0.1794880710967513,-0.25412746304841405
BACKUP,DARK,209,-0.1868017219849834,-0.3693900577298408
BACKUP,DARK,210,0.038454830028600416,0.03334043936929028
BACKUP,DARK,211,0.09343534551379316,0.11995858269096286
BACKUP,DARK,212,-0.1265313409173196,-0.22072689110184046
BACKUP,DARK,213,,
BACKUP,DARK,214,,
BACKUP,DARK,215,0.014745394965030321,0.08130045021421876
BACKUP,DARK,216,-0.09703424907427227,-0.1250512848477351
BACKUP,DARK,217,,
BACKUP,DARK,218,0.24230599601371053,0.03676012249305756
BACKUP,DARK,219,0.27303187074883306,0.14151292936002952
BACKUP,DARK,220,0.21860130454867033,0.06840341939979534
BACKUP,DARK,221,0.44946152796854255,0.39916476763900904
BACKUP,DARK,222,,
BACKUP,DARK,223,-0.15187308363918564,-0.21149182289182114
BACKUP,DARK,224,0.01295458099579309,0.110124792329964
BACKUP,DARK,225,0.09668196298340746,0.0727854127546341
BACKUP,DARK,226,0.010424908559626115,-0.04822948520394658
BACKUP,DARK,227,0.1021792110282277,0.028145543701397848
BACKUP,DARK,228,-0.049323331140586374,-0.04668528055601401
BACKUP,DARK,229,0.30590224053701925,0.1627962997808013
BACKUP,DARK,230,-0.00868148603901928,-0.11680530099383195
BACKUP,DARK,231,-0.09869649083747975,-0.18910566391230813
BACKUP,DARK,232,-0.31833315109187243,-0.3633907062326093
BACKUP,DARK,233,0.19851006178318967,0.10992339718439648
BACKUP,DARK,234,-0.32199234904217666,-0.4347819398640682
BACKUP,DARK,235,0.23494390836712067,0.13335974225726707
BACKUP,DARK,236,-0.2586891913390117,-0.28974804226205464
BACKUP,DARK,237,0.20528786512167324,0.02422192070313353
BACKUP,DARK,238,0.09571392526104297,0.13393964131457245
BACKUP,DARK,239,-0.20459475229917706,-0.2132902148459928
BACKUP,DARK,240,-0.25671249128199447,-0.2486963449558269
BACKUP,DARK,241,0.14679246302964394,0.08546742030701741
BACKUP,DARK,242,-0.1308626693339559,-0.09153643986297669
BACKUP,DARK,243,0.593657632609345,0.4694561886901008
BACKUP,DARK,244,0.01328828561037979,-0.12026069416984637
BACKUP,DARK,245,-0.04364272582555116,-0.05859841862072101
BACKUP,DARK,246,0.08549239047212567,0.015824917003090088
BACKUP,DARK,247,0.07659477114065259,0.037243897961374166
BACKUP,DARK,248,0.6375667509628681,0.6207610594365962
BACKUP,DARK,249,,
BACKUP,DARK,250,0.13233085928168772,-0.012311053636407186
BACKUP,DARK,251,-0.321983804189592,-0.36758003317448246
BACKUP,DARK,252,-0.12755926156150305,-0.2989929037461574
BACKUP,DARK,253,-0.040098783370869494,-0.27563932391697643
BACKUP,DARK,254,0.07286649775437429,0.08305480934743474
BACKUP,DARK,255,0.11724304266605823,-0.103075607929697
BACKUP,DARK,256,-0.13528735102237263,-0.18202641921564702
BACKUP,DARK,257,-0.24127072396964094,-0.3240766856434722
BACKUP,DARK,258,0.02921783298521767,-0.06558555997009932
BACKUP,DARK,259,0.060074587753206246,-0.09232878458751398
BACKUP,DARK,260,0.007531883797492479,0.03814208323232403
BACKUP,DARK,261,0.20672384678378514,0.11098987775078914
BACKUP,DARK,262,0.2875542771538973,0.12644484080136775
BACKUP,DARK,263,-0.11542656792333965,-0.10359791335328036
BACKUP,DARK,264,-0.06571940570313939,-0.0462272494861066
BACKUP,DARK,265,0.2617843879101789,-0.05154199189756449
BACKUP,DARK,266,0.24069294825566603,0.29724074301127495
BACKUP,DARK,267,0.4275129568511197,0.3735274000312919
BACKUP,DARK,268,0.18042108335222878,0.01387945328853591
BACKUP,DARK,269,-0.01761663073217941,-0.10002849478464915
BACKUP,DARK,270,0.015005592449029085,-0.11142043026179457
BACKUP,DARK,271,-0.2671303035869353,-0.30318554960911004
BACKUP,DARK,272,-0.13994686549136154,-0.19990140469203166
BACKUP,DARK,273,0.1779757683012105,-0.30500527604640754
BACKUP,DARK,274,0.09369136304612226,0.0115608902819529
BACKUP,DARK,275,0.18003265352932057,0.050628722058391376
BACKUP,DARK,276,0.09278528638038579,0.06980871073238525
BACKUP,DARK,277,0.16834666505989015,0.1509241841976991
BACKUP,DARK,278,0.22020199571068924,0.17771937118863054
BACKUP,DARK,279,0.04185327684368693,-0.04336692306540445
BACKUP,DARK,280,-0.019934873810900686,-0.06751127187276823
BACKUP,DARK,281,0.0819626258661067,0.059919285917902826
BACKUP,DARK,282,0.10100506483009959,0.11615901258258861
BACKUP,DARK,283,-0.007261492594606565,-0.04071693838645618
BACKUP,DARK,284,-0.1203743990772294,-0.17036839878717414
BACKUP,DARK,285,-0.23583491697108264,-0.214558644260118
BACKUP,DARK,286,0.013680011784592204,-0.02690286152725177
BACKUP,DARK,287,0.16914036667389123,-0.019960313172880287
BACKUP,DARK,288,,
BACKUP,DARK,289,0.06408887828296753,0.06194302057708275
BACKUP,DARK,290,,
BACKUP,DARK,291,0.08091350728575297,-0.03379611539882627
BACKUP,DARK,292,-0.2144676504349719,-0.24734646411832004
BACKUP,DARK,293,0.2385133682409784,0.05612557449872704
BACKUP,DARK,294,0.006336413447442675,-0.013353488349681957
BACKUP,DARK,295,-0.021996622802463138,-0.055162198772764785
BACKUP,DARK,296,,
BACKUP,DARK,297,,
BACKUP,DARK,298,0.04781559843990634,-0.043351453727569204
BACKUP,DARK,299,0.07668494451304053,0.04265905738182844
BACKUP,DARK,300,0.27810594979061304,0.1408403771860793
BACKUP,DARK,301,0.13948702992191733,0.02126056038955359
BACKUP,DARK,302,-0.010799687116906018,-0.05386547909926936
BACKUP,DARK,303,0.0660903548174554,0.06821885839949526
BACKUP,DARK,304,0.4326999244811753,0.1645178856981634
BACKUP,DARK,305,0.5352794060720831,0.5880717877255561
BACKUP,DARK,306,-0.0766553598132901,-0.19432164840105368
BACKUP,DARK,307,0.008795157060473511,0.00012021368174027935
BACKUP,DARK,308,0.09651692033614946,0.09037220444283371
BACKUP,DARK,309,-0.30151367151060116,-0.2977435127281852
BACKUP,DARK,310,-0.16753048587636818,-0.23288622157355973
BACKUP,DARK,311,-0.04086690149204681,-0.0921237817343916
BACKUP,DARK,312,-0.12790947506507164,-0.0716253979077914
BACKUP,DARK,313,0.14753568475148107,0.08332829523380182
BACKUP,DARK,314,-0.33503867154911543,-0.3874456983265874
BACKUP,DARK,315,0.18227485537777371,0.02011559707541202
BACKUP,DARK,316,,
BACKUP,DARK,317,0.07467469398834102,-0.030554488332409084
BACKUP,DARK,318,-0.1494060286313952,-0.14329105145906731
BACKUP,DARK,319,,
BACKUP,DARK,320,0.19361254689490823,0.034414687441889566
BACKUP,DARK,321,-0.27899758066378627,-0.2770265784741109
BACKUP,DARK,322,-0.08662046234275624,-0.06072647574705566
BACKUP,DARK,323,-0.007478838649175947,-0.0846921649280564
BACKUP,DARK,324,-0.06524114404562993,0.021709921088467612
BACKUP,DARK,325,-0.1216459027816165,-0.2608845003036906
BACKUP,DARK,326,0.08650829412280109,-0.013980046263141258
BACKUP,DARK,327,-0.3138228648360955,-0.40584406800175543
BACKUP,DARK,328,-0.07225326757055978,-0.08998664427992246
BACKUP,DARK,329,-0.11887852689262747,-0.15970211179402558
BACKUP,DARK,330,0.20823111761731947,0.13258054371703154
BACKUP,DARK,331,0.0340201901534378,0.0177557586564296
BACKUP,DARK,332,0.23763341108715308,-0.009468587065598236
BACKUP,DARK,333,0.16906767284908808,0.06710769981712841
BACKUP,DARK,334,0.1583242776814676,0.016758600466887517
BACKUP,DARK,335,-0.06902879598432288,-0.26870854237633873
BACKUP,DARK,336,0.1529824634123299,0.039218762299956536
BACKUP,DARK,337,0.06143118394228295,0.12174844560512231
BACKUP,DARK,338,0.43140903838938116,0.29788528929318614
BACKUP,DARK,339,0.14278376525832542,0.07471215425619017
BACKUP,DARK,340,0.07247829588757376,0.06228459547589235
BACKUP,DARK,341,-0.5012492194606688,-0.5843272747696583
BACKUP,DARK,342,0.35844311709105686,0.4024775246534379
BACKUP,DARK,343,0.026925184063828107,0.029937149692758323
BACKUP,DARK,344,-0.3805935287141475,-0.40124584007861824
BACKUP,DARK,345,0.32233510107191143,0.04308660205630846
BACKUP,DARK,346,0.16694101460254995,0.13507337363305957
BACKUP,DARK,347,-0.18442489752256988,-0.20758510223307816
BACKUP,DARK,348,-0.08856592434175224,-0.144867016248668
BACKUP,DARK,349,0.1557562850265596,0.1029152914235803
BACKUP,DARK,350,-0.13923145297828493,-0.10529616513277817
BACKUP,DARK,351,-0.15907525559808627,-0.23875659953050243
BACKUP,DARK,352,0.20846672038744626,0.07729271190234402
BACKUP,DARK,353,,
BACKUP,DARK,354,0.16569248134704798,0.1020946479040251
BACKUP,DARK,355,-0.044659405704282264,-0.13445021075689945
BACKUP,DARK,356,0.13968922818649646,0.07870667365204037
BACKUP,DARK,357,-0.1241973960061607,-0.10564424496001604
BACKUP,DARK,358,0.07607568664900902,0.0007599607702549793
BACKUP,DARK,359,0.04827061445305765,-0.12851552817750725
BACKUP,DARK,360,0.25578895257546164,0.19590755103779647
BACKUP,DARK,361,-0.09798830438119839,-0.09202900228114258
BACKUP,DARK,362,0.017113015417911062,-0.024631241626863917
BACKUP,DARK,363,0.050718563233209814,0.023471208222456925
BACKUP,DARK,364,0.28717535864818206,0.24544378519842275
BACKUP,DARK,365,0.14127103124079862,0.1769213854603506
BACKUP,DARK,366,0.09438418035354977,0.04091329141376335
BACKUP,DARK,367,0.33807020544723815,0.23127802298167432
BACKUP,DARK,368,-0.004724191251961061,-0.07134724414171019
BACKUP,DARK,369,0.033141073232070106,-0.14906042707878164
BACKUP,DARK,370,-0.24589739872991304,-0.25404480406398633
BACKUP,DARK,371,-0.15905186163746024,-0.3240453921415183
BACKUP,DARK,372,0.284894146735015,0.20523378998096348
BACKUP,DARK,373,-0.05440768976532981,-0.18634287529141286
BACKUP,DARK,374,,
BACKUP,DARK,375,-0.3153475228401526,-0.39066061027095245
BACKUP,DARK,376,,
BACKUP,DARK,377,-0.062284665820436416,-0.14014490746573685
BACKUP,DARK,378,0.120356930407761,0.07894784047825452
BACKUP,DARK,379,0.010919734144290287,-0.18925090492117608
BACKUP,DARK,380,-0.08781268797993269,-0.1678371222220532
BACKUP,DARK,381,-0.23513911584348704,-0.22473253520563627
BACKUP,DARK,382,0.004964715627891545,-0.10360411412615453
BACKUP,DARK,383,0.32139146659949136,0.17911104098860217
BACKUP,DARK,384,-0.1352288343700814,-0.2733095954568581
BACKUP,DARK,385,0.09857775841602176,0.06343673784888998
BACKUP,DARK,386,0.21396595668592575,0.1328380684166958
BACKUP,DARK,387,-0.04589048599464392,-0.07317495579873444
BACKUP,DARK,388,0.1419294025558237,0.04324671682939345
BACKUP,DARK,389,-0.19572425355186668,-0.2788415827747013
BACKUP,DARK,390,-0.18750624046770523,-0.28524477808614657
BACKUP,DARK,391,-0.07211808723005815,-0.009683615364127984
BACKUP,DARK,392,-0.09026645235721766,-0.1371489403627036
BACKUP,DARK,393,-0.24621064808150755,-0.2509946894735384
BACKUP,DARK,394,-0.18157179760946418,-0.18738391479198882
BACKUP,DARK,395,-0.28436786578738166,-0.3964012716829787
BACKUP,DARK,396,-0.19424669948763845,-0.21406207061212335
BACKUP,DARK,397,0.1637456045201865,-0.04370862748378135
BACKUP,DARK,398,0.14154868463453563,0.2715364886628415
BACKUP,DARK,399,,
BACKUP,DARK,400,-0.2746495720462487,-0.3314411151725716
BACKUP,DARK,401,0.2402099365556297,0.07175740517667976
BACKUP,DARK,402,0.1126961580762209,-0.0782315915906591
BACKUP,DARK,403,0.17085466546758268,0.1501740187109623
BACKUP,DARK,404,0.14365658340507437,0.04592733440328741
BACKUP,DARK,405,0.17095060815160842,-0.04714306805956265
BACKUP,DARK,406,-0.08718212457400625,-0.08237975287741141
BACKUP,DARK,407,-0.05345748333477492,-0.0806917128361745
BACKUP,DARK,408,-0.16789926325757948,-0.1507722018196641
BACKUP,DARK,409,-0.1429162753894387,-0.12960978760390662
BACKUP,DARK,410,0.051318644205744106,-0.0425066181385264
BACKUP,DARK,411,0.1485178656782159,-0.03049930213127139
BACKUP,DARK,412,0.2231788698842303,0.2575368408738057
BACKUP,DARK,413,-0.0521781792621783,-0.12764826225861786
BACKUP,DARK,414,0.0566266100308073,-0.019479890169095276
BACKUP,DARK,415,-0.07809129911140925,-0.054265855686365064
BACKUP,DARK,416,0.19254504424042482,0.06527435748689886
BACKUP,DARK,417,-0.04413792493744229,-0.1198775125000366
BACKUP,DARK,418,-0.06522563156111756,-0.23499275312780785
BACKUP,DARK,419,-0.05449448129880415,-0.0979702945248267
BACKUP,DARK,420,-0.0659134622390209,-0.37484255473348466
BACKUP,DARK,421,0.30105089352192604,0.3261759630509312
BACKUP,DARK,422,0.21232342334743154,-0.1465625329785893
BACKUP,DARK,423,0.031239937599677473,-0.28968098695881495
BACKUP,DARK,424,0.5523524874944853,0.09412280941887058
BACKUP,DARK,425,0.0736938933387492,-0.07377096705890177
BACKUP,DARK,426,-0.08427485124544197,-0.028434200505148687
BACKUP,DARK,427,0.17974133921827332,0.16370674381069747
BACKUP,DARK,428,0.19523897592918074,0.16584784273063255
BACKUP,DARK,429,-0.06857477141281183,-0.1758120808228002
BACKUP,DARK,430,0.13139889168201246,0.1707584600937154
BACKUP,DARK,431,0.06830080255537294,-0.004814841255061788
BACKUP,DARK,432,0.4344607888839205,0.3901129530452286
BACKUP,DARK,433,-0.027953375845889774,-0.08700317123989976
BACKUP,DARK,434,0.18843154981297747,0.16453370058248126
BACKUP,DARK,435,0.0012199654483523214,-0.09860268142262196
BACKUP,DARK,436,0.17740580772568434,0.13708808179517593
BACKUP,DARK,437,-0.16354966719897027,-0.15420162181185387
BACKUP,DARK,438,0.3370779064855558,0.3665448835813966
BACKUP,DARK,439,0.080802022490276,0.039532985311241935
BACKUP,DARK,440,-0.0624345759315823,-0.12648915425391075
BACKUP,DARK,441,-0.10623223129364467,-0.09015076326037046
BACKUP,DARK,442,0.22513225995094055,0.17383878474964165
BACKUP,DARK,443,0.07359584914623678,0.09439909413215984
BACKUP,DARK,444,0.1671976104502392,-0.056008021146773015
BACKUP,DARK,445,0.22802361587952327,0.2547964489720962
BACKUP,DARK,446,0.12251119406321145,0.06692550143651708
BACKUP,DARK,447,0.0772569121591808,0.1136173556641571
BACKUP,DARK,448,0.16150268690745834,0.13661164643776896
BACKUP,DARK,449,-0.16251165581057575,-0.21211956817602978
BACKUP,DARK,450,0.033478050447991146,-0.012782153196336224
BACKUP,DARK,451,0.20920772887132855,0.24674316365000265
BACKUP,DARK,452,-0.013811217016199586,-0.027079151151674388
BACKUP,DARK,453,0.10381072830297586,-0.00037210644163460197
BACKUP,DARK,454,0.3154772057553596,0.21533089359901142
BACKUP,DARK,455,0.04925641187946688,-0.11422834212292018
BACKUP,DARK,456,0.1782532197879963,0.11036692612682754
BACKUP,DARK,457,0.16882404169345247,0.2887402510190657
BACKUP,DARK,458,0.028965438352909836,-0.09067515621907736
BACKUP,DARK,459,0.09150623610571601,0.038987487934896474
BACKUP,DARK,460,0.17028505759664594,-0.04127633570951612
BACKUP,DARK,461,-0.12556356579364572,-0.18695251024531168
BACKUP,DARK,462,,
BACKUP,DARK,463,0.1694859901953658,0.11481599852148631
BACKUP,DARK,464,0.06659820769688982,0.058471966401122906
BACKUP,DARK,465,,
BACKUP,DARK,466,0.02172774418623922,-0.2439724888563796
BACKUP,DARK,467,0.12185247524258767,0.00238156076400344
BACKUP,DARK,468,0.35489292970116076,0.3789772291343551
BACKUP,DARK,469,0.07119385179144123,0.12844965564260297
BACKUP,DARK,470,0.043534230934925075,-0.13218377176778595
BACKUP,DARK,471,0.2695065043130142,0.26982229635271066
BACKUP,DARK,472,0.4481548539770701,0.39153578355750773
BACKUP,DARK,473,0.23844673667670735,0.11184196783015432
BACKUP,DARK,474,0.15458019483236796,0.10718610692070309
BACKUP,DARK,475,0.0029295945620755608,-0.0022659216010978813
BACKUP,DARK,476,-0.10232053059735723,-0.14853795202630626
BACKUP,DARK,477,-0.053269806420830394,-0.10375888837228575
BACKUP,DARK,478,-0.15757911094463736,-0.10380517171356185
BACKUP,DARK,479,0.05022059501799429,0.04591640668735303
BACKUP,DARK,480,0.12782114398232894,-0.04538633311045332
BACKUP,DARK,481,-0.16255036177678495,-0.13030615253038338
BACKUP,DARK,482,0.5288007919911286,0.37832667354584304
BACKUP,DARK,483,0.08833724765400254,-0.15528367142122781
BACKUP,DARK,484,-0.052151119428992365,-0.07083207743847708
BACKUP,DARK,485,-0.06106798983318817,-0.04813012840711113
BACKUP,DARK,486,-0.05233135289154257,-0.08309505678878698
BACKUP,DARK,487,0.1035661743755112,-0.03171948305054185
BACKUP,DARK,488,-0.17015619495299172,-0.1860304777896132
BACKUP,DARK,489,0.5271856283550653,0.44430852276170657
BACKUP,DARK,490,0.0012695146698790912,-0.0701711592679633
BACKUP,DARK,491,-0.05455460816389136,-0.05565628851595572
BACKUP,DARK,492,0.03411831113574452,-0.20324596353513355
BACKUP,DARK,493,-0.13808117350550772,-0.482422232693979
BACKUP,DARK,494,0.1392178245278405,0.1863610603984658
BACKUP,DARK,495,-0.4327499279047734,-0.6583588164612895
BACKUP,DARK,496,-0.2022928368387657,-0.3148883005069154
BACKUP,DARK,497,0.06484648306978111,0.011402797295488635
BACKUP,DARK,498,0.07493248287726208,-0.0402176652213373
BACKUP,DARK,499,0.13167617935384773,0.17098584700032105
BACKUP,DARK,500,-0.21702198312703588,-0.2891806958523033
BACKUP,DARK,501,-0.01832120983404919,-0.1288415659224169
BACKUP,DARK,502,-0.3690399004773927,-0.37933680567121436
BACKUP,DARK,503,0.1668673250715498,0.05152390327026293
BACKUP,DARK,504,-0.0043615070476224135,-0.2829777648497456
BACKUP,DARK,505,0.24975178243082632,0.10575895532283572
BACKUP,DARK,506,0.08256934093929735,0.06298087851543385
BACKUP,DARK,507,-0.03679577227482681,-0.05588309546453412
BACKUP,DARK,508,0.02375195263896717,-0.09927968472055569
BACKUP,DARK,509,-0.1255463296555006,-0.12790526341483668
BACKUP,DARK,510,0.4792216876109074,0.3685900893567175
BACKUP,DARK,511,0.08925613308594484,-0.1319402855190479
BACKUP,DARK,512,-0.04008442951481672,-0.07872814191430623
BACKUP,DARK,513,0.10043634795254981,0.0921705740388759
BACKUP,DARK,514,0.02170302841518588,-0.07233022840527885
BACKUP,DARK,515,-0.0268324172930133,-0.19761496633316813
BACKUP,DARK,516,-0.13948589327488098,-0.11631818243633252
BACKUP,DARK,517,0.14473494977205736,-0.02327053399612395
BACKUP,DARK,518,0.2871889611800896,0.0935910649435718
BACKUP,DARK,519,-0.16579398175762217,-0.3425467596363819
BACKUP,DARK,520,0.009299983132059717,0.06789169416036665
BACKUP,DARK,521,0.09615992260073628,-0.05740640229212389
BACKUP,DARK,522,-0.1698631526925455,-0.20206763138408068
BACKUP,DARK,523,0.32107216693687674,-0.13948613115228709
BACKUP,DARK,524,0.0686783291253007,-0.08259378313043982
BACKUP,DARK,525,-0.0034851887320083183,-0.027876671534514754
BACKUP,DARK,526,0.09160119500867096,0.03574465033871372
BACKUP,DARK,527,-0.17601395429043082,-0.2790420174001045
BACKUP,DARK,528,0.07658246477024035,0.024988166177552555
BACKUP,DARK,529,-0.1464590613428817,-0.1148452050485494
BACKUP,DARK,530,0.3598408548825836,0.4116245325298873
BACKUP,DARK,531,-0.11177039120208002,-0.2102592349348275
BACKUP,DARK,532,-0.034038095707604986,-0.09662101860474066
BACKUP,DARK,533,-0.1058398041829515,-0.13073552232342797
BACKUP,DARK,534,,
BACKUP,DARK,535,0.04612588946379297,-0.08567603980195593
BACKUP,DARK,536,-0.015336857933641701,-0.01915891730706269
BACKUP,DARK,537,-0.20143394534977901,-0.22728033633085626
BACKUP,DARK,538,0.34431774595546816,0.19496924896919476
BACKUP,DARK,539,-0.29578922234962596,-0.29192842385849405
BACKUP,DARK,540,-0.19244233461619953,-0.1493080105389962
BACKUP,DARK,541,-0.09506466825722182,-0.11511180258135519
BACKUP,DARK,542,-0.05202361302441357,-0.03328324444597542
BACKUP,DARK,543,-0.3432687004745063,-0.37809358269394816
BACKUP,DARK,544,-0.2656784115097946,-0.22378941968122826
BACKUP,DARK,545,-0.005867852902301296,-0.15578893579932318
BACKUP,DARK,546,0.20969198027729863,0.2635171925320282
BACKUP,DARK,547,,
BACKUP,DARK,548,-0.1393576114765869,-0.2700018260633846
BACKUP,DARK,549,-0.10488095166206002,-0.11490016422811672
BACKUP,DARK,550,-0.043319217618150746,-0.1641153655573914
BACKUP,DARK,551,0.09075613673397985,0.027166677232514362
BACKUP,DARK,552,0.06992928857451967,0.01695218147151976
BACKUP,DARK,553,0.10132004885303397,-0.16592728156128594
BACKUP,DARK,554,0.2827376673130783,0.22603350963716157
BACKUP,DARK,555,0.15310322706956112,0.036889240621500514
BACKUP,DARK,556,-0.10518114921293047,-0.043100217263582055
BACKUP,DARK,557,-0.20945580211670095,-0.19259709501243064
BACKUP,DARK,558,-0.04105234391951431,-0.11582745120326517
BACKUP,DARK,559,,
BACKUP,DARK,560,-0.04020283601443843,-0.08983855095768764
BACKUP,DARK,561,-0.07813091252728713,-0.06601186166483049
BACKUP,DARK,562,-0.05854731466605187,-0.0353921999329547
BACKUP,DARK,563,-0.12142018073826685,-0.14509215993427957
BACKUP,DARK,564,0.05206525466343241,-0.025138818282466526
BACKUP,DARK,565,0.1603766428186023,0.12233991904749553
BACKUP,DARK,566,-0.25544786895944055,-0.3229085500698479
BACKUP,DARK,567,0.01793635001785542,-0.14922705699476677
BACKUP,DARK,568,-0.3112833578868367,-0.3539513738974716
BACKUP,DARK,569,0.0820785066915979,0.016922115794068313
BACKUP,DARK,570,-0.21793968548263085,-0.3272723434381952
BACKUP,DARK,571,0.3022265558516324,0.10508892112634806
BACKUP,DARK,572,0.07220803711948143,0.04629062293634023
BACKUP,DARK,573,0.0870053169162753,-0.025922959742152744
BACKUP,DARK,574,0.13831237519442535,0.12580583668931
BACKUP,DARK,575,0.49310462418345163,0.3998066386448595
BACKUP,DARK,576,0.4264296726398378,0.13632093558332156
BACKUP,DARK,577,0.016573124294617735,-0.18765344321596314
BACKUP,DARK,578,0.13909629718376676,0.14306244097331
BACKUP,DARK,579,0.04858352926134828,-0.00711449464065034
BACKUP,DARK,580,0.13620249614325258,0.05594426637068988
BACKUP,DARK,581,0.09088036330354445,-0.2089932582773318
BACKUP,DARK,582,,
BACKUP,DARK,583,0.15649957593050756,0.0749472866370084
BACKUP,DARK,584,-0.2905876562471793,-0.28263786642309446
BACKUP,DARK,585,0.1082591370106603,-0.006093487912158496
BACKUP,DARK,586,0.09585158677974374,0.11029664560342754
BACKUP,DARK,587,-0.1662302742455798,-0.19384105591982545
BACKUP,DARK,588,0.04840339890772036,-0.07627599657839103
BACKUP,DARK,589,-0.14664336463621816,-0.10748610526868221
BACKUP,DARK,590,-0.017023733604604997,-0.030967730228220903
BACKUP,DARK,591,0.025091782550196708,-0.019492472227193174
BACKUP,DARK,592,0.13913825523891687,0.1177134992269022
BACKUP,DARK,593,,
BACKUP,DARK,594,0.1798955450200753,0.09761725553227943
BACKUP,DARK,595,0.437169843010746,0.36220416231583025
BACKUP,DARK,596,0.1709271144438466,0.18881418102014252
BACKUP,DARK,597,0.5335474306515686,0.28530556186726264
BACKUP,DARK,598,-0.07936106031824464,-0.12634653268590756
BACKUP,DARK,599,-0.05322116373932219,-0.07434416634586384
BACKUP,DARK,600,0.017703728129071786,-0.0891410579248651
BACKUP,DARK,601,0.13565316676832256,-0.20316036633961193
BACKUP,DARK,602,0.21512755304843453,0.12938653986394955
BACKUP,DARK,603,-0.0914749133102675,-0.25633334323304435
BACKUP,DARK,604,0.12677944623022058,0.08225104429519911
BACKUP,DARK,605,0.09325860951914236,0.05957988719134726
BACKUP,DARK,606,,
BACKUP,DARK,607,-0.11288165145056119,-0.09490740867561784
BACKUP,DARK,608,,
BACKUP,DARK,609,0.2955618999809186,0.07747903605258917
BACKUP,DARK,610,0.18349455373089327,0.09143712544738833
BACKUP,DARK,611,0.23746518212201506,0.19526034666954747
BACKUP,DARK,612,-0.04286247765382192,-0.0764486656864998
BACKUP,DARK,613,-0.12039879875624045,-0.07745283510166194
BACKUP,DARK,614,-0.06918301809168373,-0.10828429700611082
BACKUP,DARK,615,,
BACKUP,DARK,616,-0.06183444296574884,-0.14231236295073743
BACKUP,DARK,617,0.3525915929320044,0.25665237888300924
BACKUP,DARK,618,0.09299525158300598,0.07957329010337116
BACKUP,DARK,619,-0.07659392068495678,-0.2525054336186453
BACKUP,DARK,620,-0.018345840547541875,-0.06325098803471264
BACKUP,DARK,621,0.1431129426324309,-0.027388934919549898
BACKUP,DARK,622,-0.07388598758449154,-0.12451662439994071
BACKUP,DARK,623,0.09722528515210621,-0.106463424823678
BACKUP,DARK,624,0.10359575338634824,0.14808848044515613
BACKUP,DARK,625,-0.29311676095853306,-0.41592410241695
BACKUP,DARK,626,0.17583904665061711,0.21712019109359
BACKUP,DARK,627,-0.46791614157947814,-0.5384329387455933
BACKUP,DARK,628,0.08070293664675954,0.0015393089537046243
BACKUP,DARK,629,0.17577931100269417,0.0752049963688716
BACKUP,DARK,630,0.15316930706817,0.1915583362278429
BACKUP,DARK,631,0.29947674322351353,-0.03245922012668459
BACKUP,DARK,632,0.1777637768554362,-0.014922261064791135
BACKUP,DARK,633,0.4419033589754679,0.43097383619199026
BACKUP,DARK,634,,
BACKUP,DARK,635,-0.07071983716943062,-0.023409327539411832
BACKUP,DARK,636,-0.014683058864552626,-0.21580946265618386
BACKUP,DARK,637,0.17531528869316404,0.12246737425556956
BACKUP,DARK,638,0.26729121044418686,0.26050887054450333
BACKUP,DARK,639,,
BACKUP,DARK,640,-0.19663248452757853,-0.23417305302648253
BACKUP,DARK,641,0.30190629593850643,0.29506344289943376
BACKUP,DARK,642,-0.2796652148097158,-0.1258799653847112
BACKUP,DARK,643,,
BACKUP,DARK,644,0.06190447655690004,-0.14798438213526752
BACKUP,DARK,645,0.06684266616369197,0.04801898102331933
BACKUP,DARK,646,-0.022752999687311575,-0.13277600511451662
BACKUP,DARK,647,-0.34881015895523665,-0.3007965451926783
BACKUP,DARK,648,-0.028824064235551315,-0.05180623023268754
BACKUP,DARK,649,0.2891388677129899,0.322354234469643
BACKUP,DARK,650,0.041012013258537615,0.017960748363096888
BACKUP,DARK,651,-0.05701853422263885,-0.3278814931502173
BACKUP,DARK,652,0.2915889752865592,0.24117122633108798
BACKUP,DARK,653,0.20081256317697652,0.16642809939397368
BACKUP,DARK,654,0.1819200922792099,-0.12838915454436187
BACKUP,DARK,655,0.18718221465214635,-0.10956650702842896
BACKUP,DARK,656,0.04748810056668103,0.021668086642596555
BACKUP,DARK,657,-0.16322598658027934,-0.12545421038102825
BACKUP,DARK,658,-0.3424672578329975,-0.3185863446102431
BACKUP,DARK,659,0.01850407643180136,-0.03750008732191111
BACKUP,DARK,660,0.07565221890148141,-0.02101931870062213
BACKUP,DARK,661,-0.15385232256411788,-0.16099551940470888
BACKUP,DARK,662,-0.09900709066909871,-0.052817745516750426
BACKUP,DARK,663,-0.0133422193492241,-0.04307582725978982
BACKUP,DARK,664,-0.12437497759834283,-0.10077543965707102
BACKUP,DARK,665,0.12334014294142286,0.12062833613267691
BACKUP,DARK,666,0.18996554853390543,0.0032702080797971556
BACKUP,DARK,667,0.05336857383770728,-0.19225683100698254
BACKUP,DARK,668,0.11259862629776411,0.0685901236347239
BACKUP,DARK,669,0.08468964524363909,-0.009849630831409169
BACKUP,DARK,670,0.25309949271637416,0.12147418749979452
BACKUP,DARK,671,0.24563858957057103,0.01627063848029112
BACKUP,DARK,672,,
BACKUP,DARK,673,0.21709706929205713,0.1111311454794443
BACKUP,DARK,674,0.3418308719299995,0.24493107995647068
BACKUP,DARK,675,,
BACKUP,DARK,676,-0.1929055114725988,-0.28243160959238756
BACKUP,DARK,677,0.1250421668416276,-0.02105183077100122
BACKUP,DARK,678,0.024182125423895355,-0.1952920390851109
BACKUP,DARK,679,0.1902554970859616,0.07213242674379458
BACKUP,DARK,680,-0.20342513238954787,-0.34869687026565066
BACKUP,DARK,681,-0.30543364988672117,-0.35109854687630826
BACKUP,DARK,682,0.14445408557070677,0.08911005073555536
BACKUP,DARK,683,0.2851245601677256,0.25319497029767046
BACKUP,DARK,684,-0.12774558885172438,-0.14181786058716225
BACKUP,DARK,685,0.10694277912409454,0.009923351522268186
BACKUP,DARK,686,0.22941064093040073,-0.02664476560077596
BACKUP,DARK,687,0.0179988705166298,-0.07114180106311808
BACKUP,DARK,688,-0.10307486561216408,-0.13964218223727132
BACKUP,DARK,689,0.17457674425053113,0.09677803768114852
BACKUP,DARK,690,-0.048796379982994305,-0.17077340130304736
BACKUP,DARK,691,-0.06253460754607428,-0.08282994600580826
BACKUP,DARK,692,0.10811061734129619,0.17762997703133868
BACKUP,DARK,693,-0.22056404390873177,-0.1970003865066432
BACKUP,DARK,694,-0.2004822059937785,-0.19740058660019194
BACKUP,DARK,695,-0.009961639407095359,-0.05956542732105942
BACKUP,DARK,696,0.44706830721189583,0.4495216324285693
BACKUP,DARK,697,-0.011119424277382212,0.004590620777040079
BACKUP,DARK,698,-0.07935618286787662,-0.182345888879128
BACKUP,DARK,699,0.10271610520271741,0.08009601876391685
BACKUP,DARK,700,-0.14268905603691043,-0.33299474512758087
BACKUP,DARK,701,0.26618501378782206,0.2635910358887717
BACKUP,DARK,702,-0.1302249935779303,-0.15368336881332717
BACKUP,DARK,703,-0.17428264740102023,-0.16004142653417774
BACKUP,DARK,704,0.08537198666496329,0.07552236814518389
BACKUP,DARK,705,0.019626185494336323,0.00011074165133739604
BACKUP,DARK,706,0.06765104240345755,0.003600806655417997
BACKUP,DARK,707,0.2266897474158839,0.23838261761281485
BACKUP,DARK,708,0.40599460481348865,0.11268264105155476
BACKUP,DARK,709,0.16579317930582663,0.03900292730652822
BACKUP,DARK,710,-0.10632469895119732,-0.1591604706674052
BACKUP,DARK,711,0.11519589398248282,-0.055551047098793306
BACKUP,DARK,712,0.05477133240788429,-0.0033477571575442483
BACKUP,DARK,713,-0.07383208110599897,-0.25786845916210155
BACKUP,DARK,714,-0.06658416372447248,-0.2798699767632407
BACKUP,DARK,715,-0.21798765880323956,-0.2356486676655636
BACKUP,DARK,716,0.06664881565901477,-0.015203255465455498
BACKUP,DARK,717,-0.09148193620821647,-0.06340378613608903
BACKUP,DARK,718,-0.16344127596447985,-0.24735892789216654
BACKUP,DARK,719,-0.1736269446237764,-0.25242096267636577
BACKUP,DARK,720,-0.16934317718729014,-0.20771621407889138
BACKUP,DARK,721,0.04495522754137339,-0.2065705435938197
BACKUP,DARK,722,-0.04660526093755391,-0.015648218252190725
BACKUP,DARK,723,0.017950693140361094,-0.08253571991055507
BACKUP,DARK,724,0.15585156450937612,0.06286869395766312
BACKUP,DARK,725,0.13324276097963494,0.05310612620930149
BACKUP,DARK,726,-0.051800104978689684,-0.08705087390412236
BACKUP,DARK,727,0.26736331001718056,0.2556917262203625
BACKUP,DARK,728,0.05102830033945049,0.002190355948153641
BACKUP,DARK,729,-0.041852851612233524,-0.04507151953743141
BACKUP,DARK,730,-0.01983253326168981,-0.11041210601107365
BACKUP,DARK,731,-0.2285118744041654,-0.21012867763961962
BACKUP,DARK,732,-0.0867096840112478,-0.1914230647184391
BACKUP,DARK,733,0.12161260273922327,0.10110351621811589
BACKUP,DARK,734,0.12361577387248279,0.08508579054253623
BACKUP,DARK,735,-0.1474201493392842,-0.11637807558284202
BACKUP,DARK,736,0.0832033794571248,0.09102482322420474
BACKUP,DARK,737,0.30401939301147696,0.28945999243666026
BACKUP,DARK,738,-0.020747441730247913,-0.07154990275480061
BACKUP,DARK,739,-0.2593774828286123,-0.35460275945299613
BACKUP,DARK,740,-0.01637771548884956,-0.10296361492336996
BACKUP,DARK,741,0.05190935396936206,-0.037930941673503055
BACKUP,DARK,742,0.47858593579367553,0.22134289227194232
BACKUP,DARK,743,-0.3363142496160583,-0.33592286499760216
BACKUP,DARK,744,0.5103633813769572,0.4810744217979559
BACKUP,DARK,745,0.014800195063418255,-0.047631168426489234
BACKUP,DARK,746,0.059113474644008145,0.0838980922528715
BACKUP,DARK,747,-0.049014041258381075,-0.21464757127657666
BACKUP,DARK,748,0.21754565487142324,0.1651101848508537
BACKUP,DARK,749,,
BACKUP,DARK,750,0.37467846287677675,0.23822856099351503
BACKUP,DARK,751,-0.010272177629376695,-0.2430992844111857
BACKUP,DARK,752,0.11543894088934259,-0.07531572041811217
BACKUP,DARK,753,-0.06505571348264076,-0.25033256657304687
BACKUP,DARK,754,0.30780456400399925,0.02673408861970095
BACKUP,DARK,755,0.09201772393185263,-0.08513655251300287
BACKUP,DARK,756,0.08199670071694536,0.020360305931930864
BACKUP,DARK,757,0.2835837161298143,0.3128650810873783
BACKUP,DARK,758,0.29795398185609073,0.21897864370611186
BACKUP,DARK,759,0.17436995916825646,-0.03818397986187061
BACKUP,DARK,760,,
BACKUP,DARK,761,0.2874476461015417,0.23954849647495036
BACKUP,DARK,762,-0.1384759765707174,-0.15802902547460948
BACKUP,DARK,763,0.1359370151559467,0.12648023269416442
BACKUP,DARK,764,0.17014104988929252,0.18837104137294028
BACKUP,DARK,765,0.2028100799433545,0.017363659377501853
BACKUP,DARK,766,-0.26920793760505224,-0.5835478121617862
BACKUP,DARK,767,0.02981897654569056,-0.03715663817374341
BACKUP,DARK,768,0.24346978782715653,0.23476659047287818
BACKUP,DARK,769,0.08823675706938114,0.017978551364460388
BACKUP,DARK,770,-0.10956453504088376,-0.29062897645311775
BACKUP,DARK,771,0.17258138604930254,0.21216254656208508
BACKUP,DARK,772,0.05516357795920757,0.0027735413102583767
BACKUP,DARK,773,-0.08662610875657573,-0.4244403238521798
BACKUP,DARK,774,-0.12272868301923304,-0.2550580295010795
BACKUP,DARK,775,0.3237576929725908,0.24200785602857258
BACKUP,DARK,776,-0.05962118691084798,-0.13237849412851402
BACKUP,DARK,777,-0.04949592814547325,-0.18509502896843527
BACKUP,DARK,778,0.23909444142934674,0.15559965319291133
BACKUP,DARK,779,-0.07317864153813629,-0.08904001057769342
BACKUP,DARK,780,0.009182349504448527,-0.07555632086235846
BACKUP,DARK,781,-0.004277675281837043,-0.13938295498828582
BACKUP,DARK,782,0.04727967312971762,-0.1382100014466931
BACKUP,DARK,783,0.25316667540551885,0.21428596942117917
BACKUP,DARK,784,,
BACKUP,DARK,785,,
BACKUP,DARK,786,,
BACKUP,DARK,787,-0.16672924589927543,-0.15488813773858165
BACKUP,DARK,788,,
BACKUP,DARK,789,-0.03997488353769255,-0.036158475184625
BACKUP,DARK,790,-0.032705907109279383,-0.07675631034696596
BACKUP,DARK,791,0.23018203599485781,0.13938776989776192
BACKUP,DARK,792,-0.16671462865425277,-0.13478002390182064
BACKUP,DARK,793,-0.016205200041674812,-0.057904117984358905
BACKUP,DARK,794,-0.4188452099493782,-0.42298412271632474
BACKUP,DARK,795,-0.07888538800014866,-0.2860475017176087
BACKUP,DARK,796,0.09495682830322257,-0.0705865209858165
BACKUP,DARK,797,0.0437017506224086,0.060055742909747585
BACKUP,DARK,798,0.0926284896352779,-0.13277834701170918
BACKUP,DARK,799,-0.1333343901500001,-0.14825323868852075
BACKUP,DARK,800,0.29444755191581107,0.2783112953723574
BACKUP,DARK,801,-0.1853000737965829,-0.18362477598901714
BACKUP,DARK,802,-0.34523391630366285,-0.3307318981303688
BACKUP,DARK,803,-0.06157261792117353,-0.07581007252699844
BACKUP,DARK,804,0.16525978271194805,-0.09778944893993398
BACKUP,DARK,805,-0.11756995340775157,-0.10934692393794951
BACKUP,DARK,806,0.03613339973005756,-0.1157355658820479
BACKUP,DARK,807,-0.013260257820350696,-0.26275015081337655
BACKUP,DARK,808,0.2857299314967219,-0.051406767946739214
BACKUP,DARK,809,0.0873172784720167,-0.050972512222712735
BACKUP,DARK,810,0.2861619737771615,0.1823876306020032
BACKUP,DARK,811,0.14038998900143926,0.042210254300880205
BACKUP,DARK,812,0.24605324758549357,-0.025561815405148278
BACKUP,DARK,813,-0.18418943182400488,-0.14034433182498876
BACKUP,DARK,814,-0.10786405133457669,-0.20369433847243146
BACKUP,DARK,815,-0.05787005129797682,-0.23273477738492374
BACKUP,DARK,816,-0.035190960662714106,-0.21630281626356884
BACKUP,DARK,817,0.2581721907654269,0.15916108849889232
BACKUP,DARK,818,0.09251615693360973,0.1082545506003109
BACKUP,DARK,819,0.24312019961524511,0.1749237209713468
BACKUP,DARK,820,-0.1370774575288506,-0.13936317452497385
BACKUP,DARK,821,0.09904038286648156,0.019973597667878266
BACKUP,DARK,822,-0.1696947342558107,-0.30108876505789545
BACKUP,DARK,823,0.26782383542654004,0.08992524886064654
BACKUP,DARK,824,0.20837219879968713,0.03713538470392903
BACKUP,DARK,825,-0.16191924368006516,-0.18119864796226684
BACKUP,DARK,826,0.27057358195492726,0.2177465608216105
BACKUP,DARK,827,-0.0029399677163679345,0.018282491768861858
BACKUP,DARK,828,0.013804827882676105,-0.030624051874477053
BACKUP,DARK,829,-0.09626752641957248,-0.178916348133502
BACKUP,DARK,830,,
BACKUP,DARK,831,0.26887668317210284,0.27325002984038044
BACKUP,DARK,832,0.04738620206724854,-0.11625325011671477
BACKUP,DARK,833,0.12141522221572149,0.14974964212408137
BACKUP,DARK,834,-0.024737584431254234,-0.11384776053412593
BACKUP,DARK,835,0.4534897372814762,0.3899519146566779
BACKUP,DARK,836,0.2911499061144561,0.11368882683731661
BACKUP,DARK,837,0.033286416713111146,-0.17069722186801115
BACKUP,DARK,838,0.2691349929266706,0.0002415213020325766
BACKUP,DARK,839,-0.04548135829111165,-0.01918429967504511
BACKUP,DARK,840,-0.0320360889948798,0.049400342899489164
BACKUP,DARK,841,0.20699820035537234,0.06585845096296171
BACKUP,DARK,842,-0.11608558506951672,-0.1193554762767256
BACKUP,DARK,843,0.057441864838947414,-0.04934125807123686
BACKUP,DARK,844,0.07404909194324948,-0.09024183666806128
BACKUP,DARK,845,0.3710949976875958,0.3739764860911635
BACKUP,DARK,846,-0.17320294762698843,-0.23642698859402791
BACKUP,DARK,847,0.3209130868348601,0.32696821993704384
BACKUP,DARK,848,0.05334925930621845,-0.00783163715817309
BACKUP,DARK,849,0.2446847093856963,0.11026264185429602
BACKUP,DARK,850,-0.015868610434253257,0.0015790940360415977
BACKUP,DARK,851,,
BACKUP,DARK,852,0.1908293494704358,0.08350460867606783
BACKUP,DARK,853,0.24578820417108257,0.07095260935796084
BACKUP,DARK,854,0.0983165592948693,-0.2302402058791632
BACKUP,DARK,855,0.20272932020524953,0.18175326575321904
BACKUP,DARK,856,0.31616618637935506,0.2942492647295587
BACKUP,DARK,857,-0.22681659228903814,-0.36518440662738283
BACKUP,DARK,858,-0.20760237105842103,-0.2708821845024931
BACKUP,DARK,859,-0.043267352331216986,-0.12002769276288579
BACKUP,DARK,860,-0.018985064022109154,-0.14357523718381482
BACKUP,DARK,861,0.14508303550830276,0.17298720965912412
BACKUP,DARK,862,0.1749954921286066,-0.0028296460950166247
BACKUP,DARK,863,0.12690486193978115,0.047471921362514394
BACKUP,DARK,864,-0.19826186105092877,-0.3118520519071865
BACKUP,DARK,865,,
BACKUP,DARK,866,-0.19815328971159632,-0.2822403366401298
BACKUP,DARK,867,-0.25108303997648973,-0.3512101140562994
BACKUP,DARK,868,-0.011688342118072823,0.012136586127551311
BACKUP,DARK,869,0.31050401414911144,0.33496561654001883
BACKUP,DARK,870,0.39612303636052704,0.3833536716224009
BACKUP,DARK,871,0.08831853082564384,-0.004731163048225295
BACKUP,DARK,872,-0.24621904255007687,-0.23672293950694284
BACKUP,DARK,873,-0.185426173113846,-0.20905149011178814
BACKUP,DARK,874,-0.03799033211002255,-0.13358658645119698
BACKUP,DARK,875,-0.1185923831746505,-0.11932684345786732
BACKUP,DARK,876,-0.005723937815550679,-0.07845478229338197
BACKUP,DARK,877,0.30794352618924525,0.1976579638434507
BACKUP,DARK,878,0.439799794845073,0.2988202872368154
BACKUP,DARK,879,,
BACKUP,DARK,880,0.12335219966041776,-0.00747227730389494
BACKUP,DARK,881,0.16709902790916595,0.08968686797138828
BACKUP,DARK,882,-0.18912286722799185,-0.2380178009054187
BACKUP,DARK,883,-0.1704133191559279,-0.20491334980495987
BACKUP,DARK,884,0.19418562605365744,0.06778443564919494
BACKUP,DARK,885,-0.041098943325892916,-0.09595069079515406
BACKUP,DARK,886,0.2181399312037434,-0.03021485068633468
BACKUP,DARK,887,-0.20506635840892717,-0.2864149995643695
BACKUP,DARK,888,-0.14418826342721777,-0.14449555237217562
BACKUP,DARK,889,0.2947889822076771,0.2647474679968352
BACKUP,DARK,890,0.02691052325496779,-0.0026290332083437193
BACKUP,DARK,891,0.33380822773266977,0.10420150666971129
BACKUP,DARK,892,-0.0003034538199296902,-0.06564192318856409
BACKUP,DARK,893,-0.10775300835857934,-0.21081073584862217
BACKUP,DARK,894,0.18842001816683948,0.0968961263886075
BACKUP,DARK,895,0.3628114246126637,0.3514778633388377
BACKUP,DARK,896,-0.1873678687037191,-0.18882291084848066
BACKUP,DARK,897,-0.08486373091467814,-0.15016820430116481
BACKUP,DARK,898,-0.19937766542985205,-0.2470927790171363
BACKUP,DARK,899,0.0457738774732641,-0.07165684839311827
BACKUP,DARK,900,0.44343430763260033,0.3574056913141539
BACKUP,DARK,901,0.03905496618772571,0.008492081531172358
BACKUP,DARK,902,0.2807878022105625,0.28861314005988853
BACKUP,DARK,903,-0.05593903514265893,-0.07655650020271662
BACKUP,DARK,904,-0.04811764565539021,-0.1886659015027949
BACKUP,DARK,905,-0.05535123501991692,-0.1990191320342857
BACKUP,DARK,906,0.34825601764384156,-0.04369789110700932
BACKUP,DARK,907,0.18049113170745812,0.13986032152455202
BACKUP,DARK,908,0.11127787437738737,0.025900033596863097
BACKUP,DARK,909,-0.0033265430419105214,-0.09774090362675512
BACKUP,DARK,910,-0.009831157683024908,-0.012185065380184273
BACKUP,DARK,911,-0.12693398937522968,-0.19944354162308528
BACKUP,DARK,912,0.05459611436288423,0.05244252857345744
BACKUP,DARK,913,-0.21751643525132322,-0.38284285290939646
BACKUP,DARK,914,-0.146838586557573,-0.16336284388267508
BACKUP,DARK,915,0.22359387189659602,0.10767690559924539
BACKUP,DARK,916,0.08271456240109101,0.2698758540107836
BACKUP,DARK,917,0.2896799594547625,0.07254825892494307
BACKUP,DARK,918,0.03936482728890181,-0.015807400456589897
BACKUP,DARK,919,0.18800704388256392,0.1596954344505512
BACKUP,DARK,920,0.157172080882783,0.08028993170524551
BACKUP,DARK,921,-0.031439300096483144,-0.09765376828617944
BACKUP,DARK,922,0.16673277523026264,0.03991599095489238
BACKUP,DARK,923,-0.1721229281795088,-0.2434366946050593
BACKUP,DARK,924,0.10203493548275339,-0.018145953357651807
BACKUP,DARK,925,0.011584326869868855,0.05391593318660567
BACKUP,DARK,926,0.3964585564008305,0.20350148853374217
BACKUP,DARK,927,0.009470690722417088,-0.04693360812184503
BACKUP,DARK,928,0.32237043486002426,0.306296080191207
BACKUP,DARK,929,-0.25138824764282364,-0.3106382028078548
BACKUP,DARK,930,-0.01856949871720546,-0.29803143759682926
BACKUP,DARK,931,-0.04106556235329615,-0.06133292115832051
BACKUP,DARK,932,-0.04781912482960296,-0.06302831994674817
BACKUP,DARK,933,0.5125012602696943,0.32374288172627635
BACKUP,DARK,934,0.23337099462715705,0.20672605289420037
BACKUP,DARK,935,-0.24859796764810252,-0.20799993440084372
BACKUP,DARK,936,-0.1816251386184444,-0.24570327667854197
BACKUP,DARK,937,0.21338893048658675,0.04679526061359912
BACKUP,DARK,938,0.16160907076227257,0.214194385194023
BACKUP,DARK,939,0.13475570146820579,-0.16426449504045687
BACKUP,DARK,940,0.28791832071108037,0.16073725059523938
BACKUP,DARK,941,0.08282800031660603,0.001449668839083873
BACKUP,DARK,942,-0.07188609493550069,-0.12517731093339923
BACKUP,DARK,943,,
BACKUP,DARK,944,0.06887054499427418,0.04287039598804811
BACKUP,DARK,945,-0.06171483533558315,-0.04098393491614298
BACKUP,DARK,946,0.2559116275083951,0.2679838945246388
BACKUP,DARK,947,-0.038274874737988115,-0.005059338404967521
BACKUP,DARK,948,-0.07672166602990464,0.03843132826326423
BACKUP,DARK,949,-0.13014637273989202,-0.11830434581943969
BACKUP,DARK,950,0.4817967367164139,0.36550874512516623
BACKUP,DARK,951,-0.16791176516874912,-0.2454618266571206
BACKUP,DARK,952,,
BACKUP,DARK,953,,
BACKUP,DARK,954,0.06287032196967007,0.008718477421151493
BACKUP,DARK,955,0.07401364799734499,-0.0322368453595997
BACKUP,DARK,956,0.15428695867796688,0.060221632973725514
BACKUP,DARK,957,-0.03932029847901572,-0.10974058684927275
BACKUP,DARK,958,-0.11532346465987157,-0.37301496054113303
BACKUP,DARK,959,-0.0024443312843973083,-0.2053965890722348
BACKUP,DARK,960,0.18984670380710628,0.1847583595094557
BACKUP,DARK,961,-0.060755710377352785,-0.07877980045314868
BACKUP,DARK,962,0.27674895171944597,0.3423180938108229
BACKUP,DARK,963,0.27188197418791576,0.17383563935005383
BACKUP,DARK,964,-0.05026526724901604,-0.06221308721875532
BACKUP,DARK,965,-0.15325373577131055,-0.1569673256055573
BACKUP,DARK,966,-0.05611261518566871,-0.06009870460008578
BACKUP,DARK,967,0.2580996697278815,0.30789888085581674
BACKUP,DARK,968,0.11982928712835442,0.09907056078794357
BACKUP,DARK,969,0.3987031464870124,0.3465357256965353
BACKUP,DARK,970,0.04730668637655614,0.05489940951938877
BACKUP,DARK,971,0.22180441512460733,0.20706577414200592
BACKUP,DARK,972,0.24397681540722987,0.13131394691491874
BACKUP,DARK,973,0.11897063474360048,-0.06491538966701667
BACKUP,DARK,974,-0.22891247868708897,-0.2988503858151168
BACKUP,DARK,975,0.1179213964793432,-0.010264073197660872
BACKUP,DARK,976,-0.0757811809359488,-0.14825885306013425
BACKUP,DARK,977,0.10800918567427774,0.06952341093305052
BACKUP,DARK,978,-0.1663028884106568,-0.2298858975270584
BACKUP,DARK,979,-0.30693840856890575,-0.2935906899801099
BACKUP,DARK,980,0.057281220754676426,0.030643698624226313
BACKUP,DARK,981,-0.12863631169741152,-0.2503780536579696
BACKUP,DARK,982,0.10039172897830596,0.09143756308911657
BACKUP,DARK,983,0.11336424541111953,0.16146266397287132
BACKUP,DARK,984,0.23329846146882502,0.1231274153963402
BACKUP,DARK,985,-0.06193772054137139,-0.05392573660230362
BACKUP,DARK,986,-0.20825520940898798,-0.24533290720073256
BACKUP,DARK,987,0.14183224376842116,0.0005713143938196469
BACKUP,DARK,988,0.06243298348291407,0.010037026584182722
BACKUP,DARK,989,0.018095725229989323,0.03922814345791039
BACKUP,DARK,990,0.26657939612815673,0.16031392482590878
BACKUP,DARK,991,,
BACKUP,DARK,992,0.004304766239277457,-0.013327318897505217
BACKUP,DARK,993,-0.052389661286598894,-0.10925498735850286
BACKUP,DARK,994,,
BACKUP,DARK,995,-0.13831694036594452,-0.1976999876987186
BACKUP,DARK,996,-0.12767683190413073,-0.07372629238967399
BACKUP,DARK,997,-0.10721400002476764,-0.11526329648134036
BACKUP,DARK,998,-0.18323117315475437,-0.1966840761914589
BACKUP,DARK,999,0.13830811670226031,-0.002876519408199999
