PROGRAM,DRAW,AGGREGATE_R_1_7D
BACKUP,0,-0.10834535978177993
BACKUP,1,-0.17390739624754362
BACKUP,2,0.00313380536926533
BACKUP,3,0.06607381644663803
BACKUP,4,-0.08066324872932781
BACKUP,5,0.023160094081989165
BACKUP,6,-0.08635552563875425
BACKUP,7,0.0001723109907694436
BACKUP,8,-0.07724022526196256
BACKUP,9,-0.09098200368921397
BACKUP,10,-0.0751538294964029
BACKUP,11,-0.021920732470846454
BACKUP,12,0.1581305499893833
BACKUP,13,-0.10273772049645655
BACKUP,14,-0.16109157764841245
BACKUP,15,0.2019488016563213
BACKUP,16,0.008941584042843365
BACKUP,17,0.0646360873278381
BACKUP,18,-0.09097606391814003
BACKUP,19,-0.04939031797981007
BACKUP,20,0.0286253070699898
BACKUP,21,0.01184948419109779
BACKUP,22,-0.16671364735465288
BACKUP,23,-0.18630457174431272
BACKUP,24,-0.10617404897295651
BACKUP,25,0.13480911359630315
BACKUP,26,-0.002246860646478259
BACKUP,27,-0.05171613927454533
BACKUP,28,-0.09375760484229619
BACKUP,29,0.0646982188852754
BACKUP,30,-0.11777493110417839
BACKUP,31,-0.045519618993029566
BACKUP,32,-0.04066034659540161
BACKUP,33,-0.16999753686313718
BACKUP,34,-0.06971709882924514
BACKUP,35,-0.10958989485043416
BACKUP,36,-0.06753994424082492
BACKUP,37,-0.07942632417551075
BACKUP,38,-0.08676281507475105
BACKUP,39,-0.05543334641260332
BACKUP,40,-0.038518496754839295
BACKUP,41,-0.21502294615206566
BACKUP,42,-0.05966067974856835
BACKUP,43,-0.04054249655532322
BACKUP,44,-0.09931722889010343
BACKUP,45,0.028886873861964802
BACKUP,46,-0.0817853863946585
BACKUP,47,-0.05431097139372759
BACKUP,48,-0.03555941513156919
BACKUP,49,-0.03955175993156087
BACKUP,50,-0.0935918020934978
BACKUP,51,-0.07286804554236954
BACKUP,52,-0.08152831262497952
BACKUP,53,0.012787984093631102
BACKUP,54,0.14673069002659284
BACKUP,55,-0.17812499642078458
BACKUP,56,-0.0509845335860008
BACKUP,57,-0.12974383846970736
BACKUP,58,-0.21868084053095624
BACKUP,59,-0.21231877973314947
BACKUP,60,0.06791972942843094
BACKUP,61,-0.06631625572372202
BACKUP,62,-0.04306776657622858
BACKUP,63,-0.05598586497079953
BACKUP,64,-0.08750069932231151
BACKUP,65,0.0005942554896194668
BACKUP,66,-0.0004598964681781012
BACKUP,67,-0.08614871879489797
BACKUP,68,-0.08849241326253943
BACKUP,69,-0.0888552017998932
BACKUP,70,-0.0896700642620718
BACKUP,71,-0.03620827383859161
BACKUP,72,0.01010180664281644
BACKUP,73,-0.22440569012155748
BACKUP,74,0.1339985896355977
BACKUP,75,0.010163129133104031
BACKUP,76,-0.18332187354714344
BACKUP,77,-0.08931210109568875
BACKUP,78,-0.0026148008066768625
BACKUP,79,0.018765971444221104
BACKUP,80,-0.2159080577362812
BACKUP,81,-0.1314924126686079
BACKUP,82,-0.059242584041212104
BACKUP,83,-0.06172343265889666
BACKUP,84,-0.11432537659610965
BACKUP,85,-0.027742267581215868
BACKUP,86,-0.1387360644899481
BACKUP,87,-0.07218190056360736
BACKUP,88,0.12198334149304065
BACKUP,89,-0.06776240156649788
BACKUP,90,0.026979856628296384
BACKUP,91,0.042798406344922484
BACKUP,92,0.015286588464530841
BACKUP,93,0.14444226220071782
BACKUP,94,-0.055335744167143645
BACKUP,95,-0.12361085153477129
BACKUP,96,-0.0414632200263492
BACKUP,97,0.0651106666204529
BACKUP,98,-0.014371881695947778
BACKUP,99,0.05190694627027805
BACKUP,100,-0.08668265904350353
BACKUP,101,0.056183960751683186
BACKUP,102,-0.01662697303365211
BACKUP,103,-0.18306843372725323
BACKUP,104,-0.05156050822072012
BACKUP,105,0.03880642119185386
BACKUP,106,-0.1572299721775803
BACKUP,107,-0.03445779455275386
BACKUP,108,-0.18628658542817328
BACKUP,109,0.15669431847860027
BACKUP,110,-0.02051171800900168
BACKUP,111,-0.1973220178104098
BACKUP,112,-0.09529841233833444
BACKUP,113,0.0016754577043544248
BACKUP,114,-0.09842264452198718
BACKUP,115,-0.12800120360396278
BACKUP,116,-0.1233434541259045
BACKUP,117,-0.01586144933064353
BACKUP,118,-0.0713001976717867
BACKUP,119,-0.020549983012678213
BACKUP,120,0.11960859906085067
BACKUP,121,0.011190215568856323
BACKUP,122,-0.04782538196675625
BACKUP,123,0.05978663191716448
BACKUP,124,0.041874061318755214
BACKUP,125,-0.040729677547568385
BACKUP,126,-0.12017249325515542
BACKUP,127,0.026166014005274338
BACKUP,128,-0.020906517697878105
BACKUP,129,0.013249704680172699
BACKUP,130,-0.12803414099598528
BACKUP,131,-0.09655173936354097
BACKUP,132,-0.00473145221478437
BACKUP,133,0.07554689135539393
BACKUP,134,-0.11169122544437812
BACKUP,135,-0.07193216502032113
BACKUP,136,-0.08567318509048939
BACKUP,137,-0.04065457108936993
BACKUP,138,-0.11526656169034868
BACKUP,139,-0.006110230057868996
BACKUP,140,-0.015376284645102087
BACKUP,141,0.13040908312936303
BACKUP,142,-0.1015747045300634
BACKUP,143,-0.16718565883044664
BACKUP,144,-0.04285784039127388
BACKUP,145,-0.03985825419628211
BACKUP,146,0.10627407357573365
BACKUP,147,0.033075733981236345
BACKUP,148,-0.02996028209383493
BACKUP,149,0.027615084950685403
BACKUP,150,-0.08031629377692821
BACKUP,151,-0.048646497825672486
BACKUP,152,-0.02690896475025603
BACKUP,153,-0.18429350716441711
BACKUP,154,-0.0032423356315704603
BACKUP,155,-0.21842391983903245
BACKUP,156,-0.0411936407549913
BACKUP,157,0.07703084501181899
BACKUP,158,-0.023468151857901676
BACKUP,159,0.10577995289796147
BACKUP,160,-0.09638402104220017
BACKUP,161,0.040989485672522495
BACKUP,162,-0.10075064013034223
BACKUP,163,-0.07568900818004413
BACKUP,164,-0.08675618553865938
BACKUP,165,-0.09680322041149718
BACKUP,166,0.08780369282556452
BACKUP,167,-0.1065445751795671
BACKUP,168,0.11857257207053125
BACKUP,169,0.03143434691401023
BACKUP,170,-0.08882209997859686
BACKUP,171,0.027692705275865
BACKUP,172,-0.02474059540034164
BACKUP,173,-0.04548915078891801
BACKUP,174,-0.012409535027369582
BACKUP,175,0.12146418005930497
BACKUP,176,-0.09843017937491551
BACKUP,177,-0.039593850958923975
BACKUP,178,-0.19743270867941182
BACKUP,179,-0.07704808221731256
BACKUP,180,-0.08102424310528795
BACKUP,181,0.032619157064585076
BACKUP,182,-0.07589961198474947
BACKUP,183,-0.04046952751422084
BACKUP,184,-0.11547858577265947
BACKUP,185,-0.04993186778793788
BACKUP,186,-0.1190745903719748
BACKUP,187,-0.06428526205090761
BACKUP,188,-0.17340997937672833
BACKUP,189,0.002294693599899802
BACKUP,190,0.0735635192186091
BACKUP,191,-0.07386243969426994
BACKUP,192,-0.11906372820126718
BACKUP,193,-0.10141182603750222
BACKUP,194,-0.115396858908397
BACKUP,195,-0.023308281903757874
BACKUP,196,0.14159032486039116
BACKUP,197,0.007308018484873143
BACKUP,198,-0.02526943053551367
BACKUP,199,-0.06618850208894543
BACKUP,200,-0.17609419411538246
BACKUP,201,-0.18899127575111963
BACKUP,202,-0.10767324783025442
BACKUP,203,-0.07299490694500275
BACKUP,204,-0.15047158017360662
BACKUP,205,-0.03937679021278639
BACKUP,206,0.06045968378059804
BACKUP,207,-0.2232572473051617
BACKUP,208,-0.008925338654961656
BACKUP,209,-0.07346583601190909
BACKUP,210,-0.13255120240611104
BACKUP,211,-0.1316830959689239
BACKUP,212,-0.09988381730082306
BACKUP,213,0.0401059411630861
BACKUP,214,-0.0835418826795664
BACKUP,215,-0.009124663104887572
BACKUP,216,-0.21945185833179942
BACKUP,217,-0.06318516947299418
BACKUP,218,-0.13705268997975095
BACKUP,219,-0.18038159806382154
BACKUP,220,-0.005190311112149435
BACKUP,221,-0.1337789325311048
BACKUP,222,-0.1202202736193458
BACKUP,223,0.006532349716661595
BACKUP,224,-0.18558145175028468
BACKUP,225,-0.06947682099924926
BACKUP,226,-0.03824013644354248
BACKUP,227,-0.07382181355454519
BACKUP,228,-0.07836691223411803
BACKUP,229,-0.20322499641128824
BACKUP,230,-0.1404791329705397
BACKUP,231,0.10937799674228686
BACKUP,232,-0.0030516872570830853
BACKUP,233,-0.0074537128793423675
BACKUP,234,-0.0917038826857948
BACKUP,235,0.10492248652395797
BACKUP,236,-0.0045982391081210395
BACKUP,237,-0.014187012403619257
BACKUP,238,-0.00288512148930326
BACKUP,239,6.280977611321612e-06
BACKUP,240,0.12246658414218639
BACKUP,241,0.1161904279156961
BACKUP,242,-0.07630333306108975
BACKUP,243,0.020223959155953
BACKUP,244,-0.025411169555967443
BACKUP,245,-0.04709975491079757
BACKUP,246,0.08758235872375848
BACKUP,247,-0.05252460553444189
BACKUP,248,0.04555597715805483
BACKUP,249,-0.15701860699090062
BACKUP,250,0.06695454345227231
BACKUP,251,-0.0534744546194919
BACKUP,252,0.013427090942701145
BACKUP,253,-0.059028714411972896
BACKUP,254,-0.12016021890109937
BACKUP,255,0.21736108901830267
BACKUP,256,0.10442369104674272
BACKUP,257,0.08391652952483575
BACKUP,258,-0.015824772498376043
BACKUP,259,0.13053546788878856
BACKUP,260,0.002324108134838221
BACKUP,261,0.024540769410925468
BACKUP,262,-0.020666245458156044
BACKUP,263,-0.034338787704093106
BACKUP,264,-0.053944526448689585
BACKUP,265,0.057554355742405104
BACKUP,266,0.13713942787934022
BACKUP,267,0.044353919775812836
BACKUP,268,0.16395186375419726
BACKUP,269,-0.08585547415671606
BACKUP,270,-0.1274090964719041
BACKUP,271,-0.005975311015484373
BACKUP,272,-0.08082477774008481
BACKUP,273,-0.04959717756880513
BACKUP,274,0.12447466942093108
BACKUP,275,0.019167114377709953
BACKUP,276,-0.02993208113847301
BACKUP,277,-0.08930280154018519
BACKUP,278,-0.05467067599450104
BACKUP,279,-0.16886971948780843
BACKUP,280,-0.09349778838278404
BACKUP,281,-0.062894711291747
BACKUP,282,-0.17770936662441517
BACKUP,283,-0.10012637808872285
BACKUP,284,-0.003922994424188122
BACKUP,285,-0.1173924854157463
BACKUP,286,-0.0847596993493666
BACKUP,287,-0.05171374229596423
BACKUP,288,-0.09925302320639018
BACKUP,289,0.021406535104076918
BACKUP,290,-0.05247985520510111
BACKUP,291,0.047287253680133756
BACKUP,292,0.16233352936903298
BACKUP,293,-0.009101452048923868
BACKUP,294,-0.022371616988853923
BACKUP,295,-0.0841172927603582
BACKUP,296,0.014196644937134698
BACKUP,297,0.09912066062345405
BACKUP,298,-0.149554898755781
BACKUP,299,-0.12630130044164567
BACKUP,300,-0.01006646877191429
BACKUP,301,-0.06358173340979954
BACKUP,302,-0.062254986050991785
BACKUP,303,-0.1267552087847287
BACKUP,304,-0.10248267227503217
BACKUP,305,-0.14044959389543318
BACKUP,306,-0.07843382903236118
BACKUP,307,-0.03560082337001606
BACKUP,308,-0.01717533225647656
BACKUP,309,-0.07342661107536476
BACKUP,310,-0.10389460807656788
BACKUP,311,0.034864748023248945
BACKUP,312,-0.15701840967647876
BACKUP,313,-0.07357876595042563
BACKUP,314,-0.06439526282716884
BACKUP,315,-0.18551834392294603
BACKUP,316,-0.15481571703485034
BACKUP,317,-0.058983714197422266
BACKUP,318,0.06341471333516122
BACKUP,319,-0.03141064367970883
BACKUP,320,0.06714163373407706
BACKUP,321,0.03144044749325855
BACKUP,322,-0.0650395331107754
BACKUP,323,-0.052795741735555714
BACKUP,324,-0.049139519420606
BACKUP,325,-0.113095670814834
BACKUP,326,-0.1674539762348812
BACKUP,327,-0.06843021323178287
BACKUP,328,-0.06174762389095927
BACKUP,329,-0.08003741543204335
BACKUP,330,-0.008268453000088816
BACKUP,331,-0.1999928418286787
BACKUP,332,-0.04109589261829909
BACKUP,333,0.027854901469865634
BACKUP,334,-0.036836996736062375
BACKUP,335,-0.05987523191992302
BACKUP,336,-0.12484237029843935
BACKUP,337,-0.1288960588588472
BACKUP,338,-0.12916737486764318
BACKUP,339,-0.027209967796078552
BACKUP,340,-0.1463844230725676
BACKUP,341,-0.06248985172005594
BACKUP,342,-0.07457594359074828
BACKUP,343,-0.062268800944722855
BACKUP,344,-0.2021646745580597
BACKUP,345,-0.16554181647244084
BACKUP,346,-0.09947622593546922
BACKUP,347,-0.06008914156156193
BACKUP,348,-0.09270220741390883
BACKUP,349,-0.08187123653601462
BACKUP,350,0.18628019897123704
BACKUP,351,-0.05340144399866718
BACKUP,352,0.22279465991249225
BACKUP,353,-0.11399402075286282
BACKUP,354,0.07382847373274502
BACKUP,355,-0.007004309588297435
BACKUP,356,-0.07790346673826412
BACKUP,357,0.0639742958951103
BACKUP,358,-0.06901519322814385
BACKUP,359,0.0054296613121380495
BACKUP,360,0.027933015319411968
BACKUP,361,-0.08351052134375075
BACKUP,362,0.013704499464472775
BACKUP,363,-0.0919086223027853
BACKUP,364,0.06330869784671216
BACKUP,365,0.2337008020860256
BACKUP,366,0.04565773931475253
BACKUP,367,0.05853467216669739
BACKUP,368,-0.09170708852468909
BACKUP,369,-0.17384141503432443
BACKUP,370,0.0989441646708582
BACKUP,371,-0.09007893566956933
BACKUP,372,0.023821575919419174
BACKUP,373,-0.04069349233942215
BACKUP,374,-0.0025460139977915284
BACKUP,375,-0.05574683823128288
BACKUP,376,-0.08695890843622804
BACKUP,377,-0.053094346992245224
BACKUP,378,0.06857432095797926
BACKUP,379,-0.02575757438279091
BACKUP,380,0.03943988120476496
BACKUP,381,-0.09538380625314448
BACKUP,382,0.09707633238071782
BACKUP,383,0.05134176435292379
BACKUP,384,0.1344342611149669
BACKUP,385,-0.11827295027560407
BACKUP,386,-0.135107059538035
BACKUP,387,0.023687395703547824
BACKUP,388,-0.019205207319936395
BACKUP,389,-0.1529839764730712
BACKUP,390,-0.046908553036837476
BACKUP,391,-0.14574415434916094
BACKUP,392,0.11628584517774866
BACKUP,393,0.0016977065201857005
BACKUP,394,-0.09582553708661398
BACKUP,395,0.06931739190154979
BACKUP,396,-0.0712266198045119
BACKUP,397,-0.13468367545533674
BACKUP,398,-0.13059544179616517
BACKUP,399,0.09837676050496268
BACKUP,400,-0.0376024176664089
BACKUP,401,-0.1515607745673351
BACKUP,402,0.023259909312982174
BACKUP,403,0.04185613485635131
BACKUP,404,0.008131885453931644
BACKUP,405,-0.12467337582202107
BACKUP,406,0.11812343914318152
BACKUP,407,-0.09034889895155104
BACKUP,408,-0.1286578915082559
BACKUP,409,-0.11430332988862009
BACKUP,410,-0.027713606072530986
BACKUP,411,0.03787395219458825
BACKUP,412,-0.08106216459040545
BACKUP,413,-0.00010638626726213372
BACKUP,414,0.008904969290088771
BACKUP,415,-0.07249223444272643
BACKUP,416,-0.13427256713103047
BACKUP,417,-0.07901550550534951
BACKUP,418,0.17512079083525575
BACKUP,419,-0.23119289211547747
BACKUP,420,0.025435702671841698
BACKUP,421,-0.10343708709174561
BACKUP,422,-0.09968857101124073
BACKUP,423,-0.13482713432308197
BACKUP,424,-0.08212640323189861
BACKUP,425,-0.0993044443251416
BACKUP,426,-0.13303575224726616
BACKUP,427,-0.08151650960627359
BACKUP,428,-0.06146571453176511
BACKUP,429,-0.11770189756198393
BACKUP,430,-0.1765998940573863
BACKUP,431,-0.20718887300449296
BACKUP,432,0.010301237621438879
BACKUP,433,0.01858867115671561
BACKUP,434,-0.0774257231336762
BACKUP,435,0.05250211777096682
BACKUP,436,0.05800841509755573
BACKUP,437,0.08719117612674362
BACKUP,438,-0.012344754915156804
BACKUP,439,-0.1473172383341521
BACKUP,440,-0.0841660808080809
BACKUP,441,0.08991644813285844
BACKUP,442,-0.07625651960614568
BACKUP,443,-0.06436942077000968
BACKUP,444,-0.08787423394212561
BACKUP,445,-0.12015578997328336
BACKUP,446,-0.08293237040048805
BACKUP,447,-0.031522788445571964
BACKUP,448,-0.059023103886824066
BACKUP,449,-0.10883705903297743
BACKUP,450,-0.10718382770883729
BACKUP,451,0.12490756975646658
BACKUP,452,0.0507919196938332
BACKUP,453,-0.11468503519608096
BACKUP,454,-0.044155441915240755
BACKUP,455,-0.06371312340327208
BACKUP,456,0.13678742517240933
BACKUP,457,-0.09564068277762187
BACKUP,458,-0.17813325091338159
BACKUP,459,-0.01555437676482175
BACKUP,460,-0.037509517702196495
BACKUP,461,-0.17483780701528912
BACKUP,462,-0.15285756821625274
BACKUP,463,-0.026274380324784793
BACKUP,464,0.13702389594881792
BACKUP,465,-0.06679015271429448
BACKUP,466,0.10479174987077287
BACKUP,467,-0.006519119013361943
BACKUP,468,-0.12298124723823291
BACKUP,469,-0.13710708932116097
BACKUP,470,-0.0013924615098443195
BACKUP,471,-0.021277189974397752
BACKUP,472,0.019055898180385767
BACKUP,473,-0.06056059787885885
BACKUP,474,0.01022654633427147
BACKUP,475,0.05076294055471634
BACKUP,476,-0.005424614213834636
BACKUP,477,-0.08888344951589422
BACKUP,478,-0.01617416431212974
BACKUP,479,-0.12003566486862897
BACKUP,480,-0.3061903912999915
BACKUP,481,-0.11455467297149104
BACKUP,482,-0.03796364656066689
BACKUP,483,-0.06409045802901944
BACKUP,484,0.04031728530462474
BACKUP,485,-0.07163827882512708
BACKUP,486,0.012955434732854336
BACKUP,487,0.07619502405823218
BACKUP,488,-0.10503358621749122
BACKUP,489,-0.04232847531922054
BACKUP,490,0.0072329412957987315
BACKUP,491,-0.07459579280585127
BACKUP,492,-0.1343946530825413
BACKUP,493,-0.1140077796528584
BACKUP,494,-0.021503002148071146
BACKUP,495,-0.11046615799270171
BACKUP,496,-0.056059933206984165
BACKUP,497,-0.08035998980829401
BACKUP,498,-0.05765293498531486
BACKUP,499,-0.027390274022930077
BACKUP,500,-0.023397534200017257
BACKUP,501,0.11798497272252673
BACKUP,502,-0.018875667791283503
BACKUP,503,-0.2211115458148439
BACKUP,504,-0.04958658257772941
BACKUP,505,-0.02013758764541276
BACKUP,506,-0.059300489698068636
BACKUP,507,-0.16542899570949082
BACKUP,508,-0.0807032775633035
BACKUP,509,-0.06231943337896164
BACKUP,510,-0.08453795652968084
BACKUP,511,-0.03831994466919531
BACKUP,512,0.11836992978410692
BACKUP,513,-0.22562223490397704
BACKUP,514,-0.03425510020971374
BACKUP,515,0.06697724521688281
BACKUP,516,-0.04809299204009458
BACKUP,517,0.0021584581425479867
BACKUP,518,0.0860643339992571
BACKUP,519,-0.09967820588999174
BACKUP,520,-0.002343664447085505
BACKUP,521,-0.08354359504253323
BACKUP,522,0.06303302749480971
BACKUP,523,-0.1241931688913662
BACKUP,524,0.02088824561200858
BACKUP,525,-0.0797750780310615
BACKUP,526,-0.1204363370338002
BACKUP,527,-0.07710101935973006
BACKUP,528,-0.11531023915748384
BACKUP,529,-0.02075785568254575
BACKUP,530,0.025458337960263238
BACKUP,531,0.06383016865490328
BACKUP,532,-0.16770508721131983
BACKUP,533,-0.10171781897771351
BACKUP,534,-0.030382890578772467
BACKUP,535,0.07999490315641967
BACKUP,536,-0.2175332059586492
BACKUP,537,-0.051012913936773256
BACKUP,538,0.03198383331663676
BACKUP,539,0.027266673514296687
BACKUP,540,0.0010497988709411402
BACKUP,541,-0.1894687902947187
BACKUP,542,-0.1588195341797367
BACKUP,543,0.08641427270314464
BACKUP,544,0.007901405184210425
BACKUP,545,-0.06363183280186083
BACKUP,546,-0.0715364426308619
BACKUP,547,-0.015031317711468898
BACKUP,548,-0.07296646799512008
BACKUP,549,-0.13453512893308836
BACKUP,550,-0.18030674916865208
BACKUP,551,-0.045631343041523116
BACKUP,552,-0.09029480098913023
BACKUP,553,-0.06927760447937625
BACKUP,554,0.002477610984814449
BACKUP,555,-0.09136831693761868
BACKUP,556,-0.1678203919134753
BACKUP,557,0.0338854786271192
BACKUP,558,-0.018796127645656798
BACKUP,559,0.06768724916011913
BACKUP,560,-0.029001007603596363
BACKUP,561,-0.07295936620189292
BACKUP,562,-0.18775445358981052
BACKUP,563,-0.06761893978739623
BACKUP,564,-0.037597541262072855
BACKUP,565,-0.14464938974648367
BACKUP,566,0.08105799330112227
BACKUP,567,-0.015133803667685351
BACKUP,568,-0.12209746946966135
BACKUP,569,0.15222044775631366
BACKUP,570,-0.08732282016398499
BACKUP,571,0.20573117766933624
BACKUP,572,-0.0788273362274174
BACKUP,573,-0.11682867798061305
BACKUP,574,-0.005765116449719798
BACKUP,575,0.022641156168032136
BACKUP,576,-0.03584296044233992
BACKUP,577,-0.054054164891046426
BACKUP,578,-0.00013196974181413777
BACKUP,579,0.005870103490765098
BACKUP,580,-0.03365374709912962
BACKUP,581,0.010864369622424739
BACKUP,582,-0.07993753186111105
BACKUP,583,-0.172946729595103
BACKUP,584,-0.10209792111746174
BACKUP,585,-0.12518937033415148
BACKUP,586,-0.09967511639682332
BACKUP,587,0.0389562167056896
BACKUP,588,-0.07208615603757114
BACKUP,589,-0.1293625611589952
BACKUP,590,0.0948354063968953
BACKUP,591,-0.049676684022127146
BACKUP,592,0.0004616268379623303
BACKUP,593,0.14842111715419395
BACKUP,594,-0.09351315590288187
BACKUP,595,-0.040027766185558714
BACKUP,596,-0.1821510430837635
BACKUP,597,-0.06953258536179019
BACKUP,598,0.03266429696860728
BACKUP,599,-0.07923071373121623
BACKUP,600,-0.17196762430258022
BACKUP,601,-0.0787450850498912
BACKUP,602,-0.032003550059357004
BACKUP,603,-0.08097416688023973
BACKUP,604,-0.12923658241306968
BACKUP,605,-0.05779814548725526
BACKUP,606,-0.13031764665679035
BACKUP,607,-0.19037846778960293
BACKUP,608,-0.09928699319004244
BACKUP,609,-0.11313198282717016
BACKUP,610,-0.050337215235619764
BACKUP,611,-0.03618167694082231
BACKUP,612,-0.03988658935045752
BACKUP,613,-0.026785105871067943
BACKUP,614,0.012972905215884263
BACKUP,615,0.1510226786560135
BACKUP,616,-0.12332737718151075
BACKUP,617,0.09313655173188873
BACKUP,618,-0.09320144956598907
BACKUP,619,-0.1683239564473694
BACKUP,620,0.030384964103232298
BACKUP,621,0.028350985467463966
BACKUP,622,-0.030680017584062143
BACKUP,623,-0.11136831110390966
BACKUP,624,0.032785456560189837
BACKUP,625,0.028902135582454767
BACKUP,626,0.12679591294935189
BACKUP,627,-0.01391191709687886
BACKUP,628,-0.10308697740026414
BACKUP,629,-0.05880304496258384
BACKUP,630,-0.07070978980437793
BACKUP,631,0.009864709768430468
BACKUP,632,-0.034319680746358334
BACKUP,633,-0.05715492412905399
BACKUP,634,-0.07380441950198574
BACKUP,635,-0.011990902967846129
BACKUP,636,0.12662090897954825
BACKUP,637,-0.050175949834777106
BACKUP,638,-0.22249903823657213
BACKUP,639,0.00703335736931214
BACKUP,640,-0.011835243256524214
BACKUP,641,-0.07518713819960147
BACKUP,642,-0.1507594877390299
BACKUP,643,-0.0006501799730921289
BACKUP,644,0.227750503419973
BACKUP,645,-0.05319934981562921
BACKUP,646,-0.12671890693277138
BACKUP,647,-0.21312038710627562
BACKUP,648,-0.0625273319800205
BACKUP,649,-0.08370693652150805
BACKUP,650,0.008630546719628936
BACKUP,651,-0.02879597758209766
BACKUP,652,-0.10695363637665621
BACKUP,653,-0.06523479696592746
BACKUP,654,-0.08359631276407468
BACKUP,655,0.03337533231640623
BACKUP,656,-0.07738472495898051
BACKUP,657,-0.04404865948537821
BACKUP,658,0.008006914565745983
BACKUP,659,-0.004579791298381471
BACKUP,660,0.07413875224236921
BACKUP,661,-0.13519426881236604
BACKUP,662,0.06830693808147092
BACKUP,663,-0.0995024258461243
BACKUP,664,0.07770151042224226
BACKUP,665,-0.10833487408176035
BACKUP,666,-0.014358621515787507
BACKUP,667,-0.05778241445167118
BACKUP,668,-0.08335840506670947
BACKUP,669,-0.12757993020974623
BACKUP,670,-0.11713178611620832
BACKUP,671,-0.005474689831294726
BACKUP,672,0.1638139629104705
BACKUP,673,0.10037043166044092
BACKUP,674,-0.10550534657788392
BACKUP,675,-0.04394825953923319
BACKUP,676,0.1000231088938677
BACKUP,677,-0.006210018607975906
BACKUP,678,-0.10155168335975771
BACKUP,679,-0.020336211448925584
BACKUP,680,0.20616634046954954
BACKUP,681,-0.1750961344739408
BACKUP,682,-0.024120518813450995
BACKUP,683,0.10620942234578824
BACKUP,684,-0.008498067925788553
BACKUP,685,-0.03825425827699023
BACKUP,686,-0.010288600937931231
BACKUP,687,-0.041050140258359284
BACKUP,688,0.021980063881607906
BACKUP,689,-0.13166867636518378
BACKUP,690,0.036193246255915315
BACKUP,691,-0.06881297651500036
BACKUP,692,0.04556120385371052
BACKUP,693,0.036645968879698086
BACKUP,694,-0.10756378860151973
BACKUP,695,0.06456178558221312
BACKUP,696,0.07085873167160185
BACKUP,697,-0.09765858249490836
BACKUP,698,-0.010898305065491571
BACKUP,699,-0.09326648129576043
BACKUP,700,-0.0641927863677212
BACKUP,701,-0.05572902165079426
BACKUP,702,-0.0354442893490678
BACKUP,703,0.19202029453562322
BACKUP,704,-0.0824610927269624
BACKUP,705,-0.0457274970880708
BACKUP,706,-0.006627943505701123
BACKUP,707,0.08071443137034506
BACKUP,708,-0.15683331462196842
BACKUP,709,0.04425871356944358
BACKUP,710,-0.019724477743691352
BACKUP,711,0.1971807865408449
BACKUP,712,0.009020728579072821
BACKUP,713,-0.003455244220410341
BACKUP,714,-0.11446057049142741
BACKUP,715,0.013839326970936873
BACKUP,716,-0.12449853050459435
BACKUP,717,-0.0899234784149371
BACKUP,718,0.019468607018096457
BACKUP,719,-0.12955898717607156
BACKUP,720,0.04389523403489311
BACKUP,721,-0.03605261715717947
BACKUP,722,-0.13639447567171809
BACKUP,723,-0.0356683036360397
BACKUP,724,0.051373425971904564
BACKUP,725,0.08090746086612932
BACKUP,726,-0.015637684781663098
BACKUP,727,-0.09370269263490344
BACKUP,728,0.05489976121788199
BACKUP,729,0.03187004128729527
BACKUP,730,-0.2072752977481439
BACKUP,731,0.027800680380970205
BACKUP,732,-0.1200270005360363
BACKUP,733,0.06749986872339857
BACKUP,734,0.04180820864234868
BACKUP,735,-0.019210037068561094
BACKUP,736,-0.16212135050916016
BACKUP,737,-0.1216327920907898
BACKUP,738,0.03380931716792519
BACKUP,739,-0.06924951702451766
BACKUP,740,0.07189380367200718
BACKUP,741,0.044281867374668236
BACKUP,742,-0.06498251232698578
BACKUP,743,-0.09779909731018957
BACKUP,744,-0.1024714207785497
BACKUP,745,-0.05530260517286706
BACKUP,746,-0.01000330902058371
BACKUP,747,-0.12226914374955251
BACKUP,748,-0.13992087007705611
BACKUP,749,0.17494815522030188
BACKUP,750,-0.040276718378271965
BACKUP,751,-0.08955425257089053
BACKUP,752,-0.0076593873476727544
BACKUP,753,-0.13772533838652878
BACKUP,754,-0.07766231221223
BACKUP,755,0.049210822182802406
BACKUP,756,-0.05132048598080861
BACKUP,757,-0.015722034365289177
BACKUP,758,0.13553604997364732
BACKUP,759,0.07892138696331713
BACKUP,760,0.07039419310404266
BACKUP,761,0.02758892563388699
BACKUP,762,-0.008081856055840664
BACKUP,763,-0.11431524032047322
BACKUP,764,-0.010898385965062122
BACKUP,765,-0.014471183198170328
BACKUP,766,-0.08888823877168715
BACKUP,767,0.06608377797631404
BACKUP,768,0.03073347856968641
BACKUP,769,-0.012182008374742247
BACKUP,770,-0.003252630732515605
BACKUP,771,-0.0021780718233310368
BACKUP,772,-0.13615955200659297
BACKUP,773,-0.16680912080299562
BACKUP,774,-0.016511203399891292
BACKUP,775,-0.117791746596176
BACKUP,776,0.1648797194099719
BACKUP,777,-0.08695820922682057
BACKUP,778,0.07164677892692983
BACKUP,779,-0.031986385742663104
BACKUP,780,0.24339192146553418
BACKUP,781,-0.1476249738373597
BACKUP,782,0.16113885342348205
BACKUP,783,-0.1124576732019468
BACKUP,784,-0.16138145789994204
BACKUP,785,-0.10033896056885976
BACKUP,786,-0.12518872224698643
BACKUP,787,-0.06529318161495197
BACKUP,788,-0.07182161728967443
BACKUP,789,0.06101396757865553
BACKUP,790,-0.006939063632782811
BACKUP,791,0.030545334435913542
BACKUP,792,-0.13981826661459995
BACKUP,793,-0.0772277175061594
BACKUP,794,-0.07089515581896778
BACKUP,795,0.003926925617667914
BACKUP,796,-0.0035845449319775657
BACKUP,797,-0.09932472231232481
BACKUP,798,-0.1399069476014615
BACKUP,799,-0.06909389676184288
BACKUP,800,0.04061371354754298
BACKUP,801,-0.014889241363009169
BACKUP,802,-0.1467614717080819
BACKUP,803,0.11154725496753241
BACKUP,804,-0.039817211638502714
BACKUP,805,-0.040668894301376594
BACKUP,806,-0.17469345961898824
BACKUP,807,-0.04797300441504864
BACKUP,808,0.0003294015843986741
BACKUP,809,0.0598190007014973
BACKUP,810,-0.03922624999253874
BACKUP,811,-0.16079198166283876
BACKUP,812,0.07675630107774588
BACKUP,813,-0.07536440649606667
BACKUP,814,0.034359770835128256
BACKUP,815,-0.08195196814220214
BACKUP,816,-0.08333532612712102
BACKUP,817,0.1376615006183503
BACKUP,818,-0.10094295666420024
BACKUP,819,0.0008091767526393929
BACKUP,820,-0.06339974726436755
BACKUP,821,-0.15020192024265522
BACKUP,822,-0.27671212133837003
BACKUP,823,-0.15269263918046633
BACKUP,824,-0.12956214452764933
BACKUP,825,0.13566464405004494
BACKUP,826,-0.14469109759960933
BACKUP,827,0.04736530886989235
BACKUP,828,-0.08364745180085661
BACKUP,829,0.10740243224167353
BACKUP,830,-0.03459196474838318
BACKUP,831,0.014713260851808766
BACKUP,832,-0.04808329473747749
BACKUP,833,-0.0979655637316544
BACKUP,834,-0.18014591972915897
BACKUP,835,-0.21392440247481972
BACKUP,836,-0.12229313442772029
BACKUP,837,-0.16381452837073118
BACKUP,838,-0.08395947543434136
BACKUP,839,-0.15580936984584176
BACKUP,840,-0.0957855487714635
BACKUP,841,0.03340339115977043
BACKUP,842,-0.04033017353628295
BACKUP,843,0.04815632373573787
BACKUP,844,-0.07064207215996161
BACKUP,845,-0.21694797212539682
BACKUP,846,-0.1191797955771188
BACKUP,847,-0.07432848080396158
BACKUP,848,-0.10093937171280644
BACKUP,849,-0.1475789839152716
BACKUP,850,-0.043612882058636386
BACKUP,851,-0.14448806716873522
BACKUP,852,-0.1493435170534337
BACKUP,853,-0.017977999379016996
BACKUP,854,-0.0809777916026385
BACKUP,855,0.01968563606265512
BACKUP,856,-0.09835490028859925
BACKUP,857,-0.04439005090710667
BACKUP,858,-0.09852633359643044
BACKUP,859,-0.10441058456300349
BACKUP,860,-0.05715479084609488
BACKUP,861,-0.06055522809975826
BACKUP,862,-0.09760757922931096
BACKUP,863,0.20737537279289586
BACKUP,864,0.16266837877463033
BACKUP,865,-0.18337178656710512
BACKUP,866,-0.08082261882571413
BACKUP,867,-0.04736960210595272
BACKUP,868,-0.09683780169838371
BACKUP,869,-0.04227424224295577
BACKUP,870,0.03930045627497772
BACKUP,871,0.12970521485601702
BACKUP,872,-0.0339637081105086
BACKUP,873,-0.009062764955892946
BACKUP,874,-0.09991050298229444
BACKUP,875,-0.06516941563289777
BACKUP,876,0.03990119042624639
BACKUP,877,-0.038080003104340406
BACKUP,878,-0.05137050736485334
BACKUP,879,0.0702799285394873
BACKUP,880,-0.03655177435441014
BACKUP,881,-0.015984941955694422
BACKUP,882,-0.024265790485790237
BACKUP,883,-0.1058154788853777
BACKUP,884,-0.010234866987989628
BACKUP,885,-0.06116815075605425
BACKUP,886,-0.1084009885749433
BACKUP,887,-0.09168234567384304
BACKUP,888,-0.0512484187650916
BACKUP,889,0.08790380052106665
BACKUP,890,-0.02001048351605681
BACKUP,891,-0.11241378327454765
BACKUP,892,0.13058325746884686
BACKUP,893,0.05417934494366634
BACKUP,894,-0.11604906698762078
BACKUP,895,0.06678218828102925
BACKUP,896,-0.08035119075188574
BACKUP,897,-0.06551448776320223
BACKUP,898,-0.12493906478800247
BACKUP,899,-0.006964870308960793
BACKUP,900,0.06934853133607151
BACKUP,901,-0.03870788898900022
BACKUP,902,0.13060694880166004
BACKUP,903,-0.004509505899005328
BACKUP,904,0.06142057953924549
BACKUP,905,-0.050066233810580646
BACKUP,906,-0.015652533829586666
BACKUP,907,-0.07435295653974279
BACKUP,908,0.01986896554538633
BACKUP,909,-0.008936116937029193
BACKUP,910,-0.10472947504286238
BACKUP,911,-0.09393441841310875
BACKUP,912,-0.04505609977997734
BACKUP,913,-0.021359119687091477
BACKUP,914,-0.1051675796462861
BACKUP,915,-0.2332317049128561
BACKUP,916,0.17592498527536513
BACKUP,917,-0.1326976041580118
BACKUP,918,-0.01918799510132857
BACKUP,919,-0.07157018322877101
BACKUP,920,-0.03628051338427775
BACKUP,921,-0.047149621941613984
BACKUP,922,-0.13410430212974295
BACKUP,923,0.050455164966964894
BACKUP,924,-0.0776794724607857
BACKUP,925,-0.07325396899363881
BACKUP,926,-0.09103033017037788
BACKUP,927,0.2447503882045599
BACKUP,928,-0.11586030442536142
BACKUP,929,-0.07122741170029466
BACKUP,930,-0.051310561858460856
BACKUP,931,0.08342203532905595
BACKUP,932,-0.05314565541086255
BACKUP,933,-0.12765858997514432
BACKUP,934,-0.09489782405924123
BACKUP,935,0.010666091005354495
BACKUP,936,-0.05407676277257095
BACKUP,937,-0.028651396952166043
BACKUP,938,-0.050857048734113765
BACKUP,939,-0.09096038310013024
BACKUP,940,-0.2286080242823397
BACKUP,941,0.12629267332882144
BACKUP,942,0.06379388146914754
BACKUP,943,0.021763482776587496
BACKUP,944,-0.08941618518004942
BACKUP,945,0.15848778700435603
BACKUP,946,-0.057745364788262796
BACKUP,947,-0.10988061460488592
BACKUP,948,-0.004044739760474673
BACKUP,949,-0.05696640974767518
BACKUP,950,0.12740787756606775
BACKUP,951,-0.12512441410876224
BACKUP,952,-0.17510267486977568
BACKUP,953,0.022800174049379316
BACKUP,954,-0.0006419148996555955
BACKUP,955,-0.04505446711269873
BACKUP,956,0.05914165359649928
BACKUP,957,-0.05229628566814753
BACKUP,958,-0.0814074643824761
BACKUP,959,-0.0802963727414422
BACKUP,960,0.14457263508990717
BACKUP,961,-0.03143317100403811
BACKUP,962,0.059422813596461004
BACKUP,963,0.20855294465321206
BACKUP,964,-0.03425489192428178
BACKUP,965,0.12945328875338824
BACKUP,966,-0.08613299213934146
BACKUP,967,-0.1407650196772618
BACKUP,968,0.0003878945597947864
BACKUP,969,-0.0870438086013513
BACKUP,970,-0.056232206918081194
BACKUP,971,-0.03790497918456236
BACKUP,972,0.028745977355116834
BACKUP,973,-0.052365518707467675
BACKUP,974,-0.020949228698644358
BACKUP,975,0.0584369461824296
BACKUP,976,-0.035332951594995735
BACKUP,977,-0.01947509446303634
BACKUP,978,0.04260844130199286
BACKUP,979,-0.13931028580321822
BACKUP,980,-0.07151040900337652
BACKUP,981,-0.018112368234689927
BACKUP,982,-0.09489285552800959
BACKUP,983,0.11591272679885302
BACKUP,984,-0.09711495665520789
BACKUP,985,-0.06954259802020311
BACKUP,986,-0.06434667432272569
BACKUP,987,0.22550044634784244
BACKUP,988,-0.06579826411853015
BACKUP,989,0.06809706935833133
BACKUP,990,-0.02069750014499119
BACKUP,991,0.017374757895672454
BACKUP,992,-0.10872361290116515
BACKUP,993,-0.008847111488574705
BACKUP,994,-0.11379070837763437
BACKUP,995,0.0016110100759324443
BACKUP,996,0.13018658764934696
BACKUP,997,-0.019739519913727358
BACKUP,998,-0.13088605722745328
BACKUP,999,0.009128936554006595
BACKUP,1000,0.1054736499294385
BACKUP,1001,-0.10936311951114143
BACKUP,1002,0.05670461633527579
BACKUP,1003,0.07928304034542256
BACKUP,1004,0.032653048355292064
BACKUP,1005,0.015479076077412474
BACKUP,1006,-0.08260859232881801
BACKUP,1007,-0.077687885670837
BACKUP,1008,-0.008658542159655721
BACKUP,1009,0.08803305621060499
BACKUP,1010,-0.012826039015368492
BACKUP,1011,-0.047888659119220404
BACKUP,1012,0.09097017244725189
BACKUP,1013,-0.09541576813982652
BACKUP,1014,0.032080205395807956
BACKUP,1015,-0.09809152027013104
BACKUP,1016,0.11465471095481405
BACKUP,1017,-0.06577246594065023
BACKUP,1018,0.1761068417949255
BACKUP,1019,-0.16843636741746104
BACKUP,1020,-0.01115465012658149
BACKUP,1021,0.15528780823226734
BACKUP,1022,-0.04663951321029768
BACKUP,1023,0.12491484960325137
BACKUP,1024,-0.05110981184179311
BACKUP,1025,-0.09835110535548397
BACKUP,1026,-0.18662914522245685
BACKUP,1027,-0.07796704684115473
BACKUP,1028,-0.09022913234806211
BACKUP,1029,0.1187321456035224
BACKUP,1030,-0.04629260009906451
BACKUP,1031,-0.14193180544431258
BACKUP,1032,-0.061057840738361804
BACKUP,1033,-0.14494894876970152
BACKUP,1034,-0.17320774316720705
BACKUP,1035,-0.06745425166663846
BACKUP,1036,-0.138515596583662
BACKUP,1037,-0.14685152374638688
BACKUP,1038,-0.17467343305671454
BACKUP,1039,-0.010319688861119803
BACKUP,1040,-0.1278934532182112
BACKUP,1041,-0.21170163764679897
BACKUP,1042,-0.05399008213023101
BACKUP,1043,0.02760047023063778
BACKUP,1044,0.011601788647136261
BACKUP,1045,-0.035745291610119544
BACKUP,1046,0.10120792810523262
BACKUP,1047,0.12470400054550926
BACKUP,1048,0.06432140353296184
BACKUP,1049,-0.04904078235126721
BACKUP,1050,0.03354530395558833
BACKUP,1051,-0.06014207902132672
BACKUP,1052,0.04784286481377994
BACKUP,1053,-0.08795593188502134
BACKUP,1054,-0.15270235657329206
BACKUP,1055,-0.09599898426968648
BACKUP,1056,-0.061042277870609556
BACKUP,1057,-0.14808831902954128
BACKUP,1058,-0.0371570920272004
BACKUP,1059,-0.011419633167436995
BACKUP,1060,-0.11346889399189605
BACKUP,1061,0.14019622775392748
BACKUP,1062,-0.046798411462813556
BACKUP,1063,-0.11167884510465662
BACKUP,1064,0.012195437220343334
BACKUP,1065,-0.056705653720908265
BACKUP,1066,-0.10078652303674641
BACKUP,1067,-0.12202415470653515
BACKUP,1068,0.023734273733434116
BACKUP,1069,-0.15709509305074945
BACKUP,1070,0.18098337004925946
BACKUP,1071,0.07357244960654602
BACKUP,1072,-0.04480210726248884
BACKUP,1073,-0.07921016142762147
BACKUP,1074,-0.06967854405643627
BACKUP,1075,-0.08561876299675257
BACKUP,1076,0.04881343055335513
BACKUP,1077,-0.10362384308760828
BACKUP,1078,-0.18032592154540475
BACKUP,1079,0.03131785922497281
BACKUP,1080,-0.16678146707989888
BACKUP,1081,-0.078580790453377
BACKUP,1082,-0.06507917258416591
BACKUP,1083,-0.050266649573691376
BACKUP,1084,0.08429073682876663
BACKUP,1085,-0.0595162967161919
BACKUP,1086,-0.09366265520911177
BACKUP,1087,-0.11019245865055587
BACKUP,1088,0.002851545042702291
BACKUP,1089,-0.05533342449869527
BACKUP,1090,-0.11497835339135011
BACKUP,1091,-0.057342884307604966
BACKUP,1092,-0.20053619014308718
BACKUP,1093,0.0373931002527542
BACKUP,1094,-0.08903805963397166
BACKUP,1095,0.060797371322985544
BACKUP,1096,-0.19177723782941575
BACKUP,1097,0.009023716095393148
BACKUP,1098,0.07024073525692989
BACKUP,1099,-0.1821074502604337
BACKUP,1100,-0.1393317881129982
BACKUP,1101,-0.0919020696713325
BACKUP,1102,-0.1428476912120788
BACKUP,1103,-0.13665028474438162
BACKUP,1104,-0.02549248422654632
BACKUP,1105,-0.04348327293780916
BACKUP,1106,-0.035839831032080285
BACKUP,1107,-0.007329166315293784
BACKUP,1108,-0.02475273988977851
BACKUP,1109,-0.10870011183283276
BACKUP,1110,-0.06347930568014984
BACKUP,1111,0.02022607522086133
BACKUP,1112,0.10879652334091061
BACKUP,1113,-0.06408948166260407
BACKUP,1114,-0.10829402229892748
BACKUP,1115,0.013806180551031446
BACKUP,1116,-0.07976803438757689
BACKUP,1117,-0.055724607223036134
BACKUP,1118,-0.008379770995015287
BACKUP,1119,-0.1217152627198638
BACKUP,1120,0.07421459803649223
BACKUP,1121,0.16144749891160845
BACKUP,1122,-0.0877797703023383
BACKUP,1123,-0.1384645596901499
BACKUP,1124,-0.18678761049538622
BACKUP,1125,-0.033251968259295855
BACKUP,1126,-0.0010583448496985805
BACKUP,1127,-0.08917499482087365
BACKUP,1128,-0.1904742477530195
BACKUP,1129,-0.11641731227910895
BACKUP,1130,-0.22255779575371223
BACKUP,1131,-0.09269537678907905
BACKUP,1132,0.02007553239762433
BACKUP,1133,-0.07567391022664513
BACKUP,1134,-0.08229141493105774
BACKUP,1135,-0.04709432000431473
BACKUP,1136,-0.07827054098538275
BACKUP,1137,-0.021762579508978277
BACKUP,1138,0.0026983622374025873
BACKUP,1139,0.007148064278617438
BACKUP,1140,-0.06078550956474798
BACKUP,1141,-0.11265341220022405
BACKUP,1142,-0.10322821743745025
BACKUP,1143,0.0026808601027059013
BACKUP,1144,-0.0943956984714637
BACKUP,1145,-0.04234907044135291
BACKUP,1146,0.133495102313833
BACKUP,1147,-0.13610687018090542
BACKUP,1148,-0.11562934060969522
BACKUP,1149,-0.03626141385634008
BACKUP,1150,-0.1783391581723843
BACKUP,1151,-0.08547465994567768
BACKUP,1152,-0.14737259247237955
BACKUP,1153,0.027580819629442074
BACKUP,1154,-0.06010370860319506
BACKUP,1155,-0.03723281025972068
BACKUP,1156,-0.09416151968765407
BACKUP,1157,-0.004293346885989615
BACKUP,1158,-0.005402586799465418
BACKUP,1159,-0.11172213501272443
BACKUP,1160,-0.20939361849668947
BACKUP,1161,-0.030260674838043275
BACKUP,1162,-0.14510651891183024
BACKUP,1163,-0.09257998164569402
BACKUP,1164,0.0593316729535795
BACKUP,1165,0.06702121249904099
BACKUP,1166,0.07864459282600056
BACKUP,1167,-0.09451307581932501
BACKUP,1168,0.0002777621733821258
BACKUP,1169,-0.06413187902407735
BACKUP,1170,0.0413192442725391
BACKUP,1171,-0.05869734213765104
BACKUP,1172,-0.0731108951008583
BACKUP,1173,-0.16702355611858485
BACKUP,1174,-0.12183706783766374
BACKUP,1175,-0.200286315007631
BACKUP,1176,-0.08869727127241403
BACKUP,1177,-0.04150148238410592
BACKUP,1178,-0.04530149523193388
BACKUP,1179,-0.09430583915578074
BACKUP,1180,-0.09613224729400587
BACKUP,1181,-0.06945567328620139
BACKUP,1182,0.13991030599154688
BACKUP,1183,0.060627400214368216
BACKUP,1184,0.057742932882153895
BACKUP,1185,-0.06724895970779993
BACKUP,1186,-0.02496579040819787
BACKUP,1187,0.06261247785534303
BACKUP,1188,0.012646672940258518
BACKUP,1189,-0.07171835263875743
BACKUP,1190,-0.10337822139238362
BACKUP,1191,-0.22104032457089842
BACKUP,1192,-0.030110223323689306
BACKUP,1193,0.09416502153106031
BACKUP,1194,-0.08370261034058467
BACKUP,1195,-0.1726610482264452
BACKUP,1196,-0.07664908678523892
BACKUP,1197,-0.11358540431090015
BACKUP,1198,0.010883075105780711
BACKUP,1199,-0.02661414546373431
BACKUP,1200,-0.17385249045575996
BACKUP,1201,-0.11854186659443386
BACKUP,1202,-0.06838841334814556
BACKUP,1203,-0.07945010662105159
BACKUP,1204,-0.0730265108394076
BACKUP,1205,-0.045274100941481585
BACKUP,1206,-0.09456852852234263
BACKUP,1207,0.05477620754078593
BACKUP,1208,-0.019647185792662725
BACKUP,1209,-0.04026120792744712
BACKUP,1210,-0.008176860378675984
BACKUP,1211,0.017857312951164397
BACKUP,1212,0.06141256095524215
BACKUP,1213,-0.14287171953048491
BACKUP,1214,-0.16744560972359707
BACKUP,1215,-0.066413657218074
BACKUP,1216,-0.13844754815386037
BACKUP,1217,0.004024850098628123
BACKUP,1218,-0.01991849698989884
BACKUP,1219,-0.14095220800152697
BACKUP,1220,0.0076897718401144535
BACKUP,1221,-0.0402065734967826
BACKUP,1222,-0.054436275587679536
BACKUP,1223,0.17013482334712568
BACKUP,1224,-0.08951633848447826
BACKUP,1225,-0.08591314383830727
BACKUP,1226,-0.056486193530489635
BACKUP,1227,-0.11085639928454928
BACKUP,1228,0.08018538189636172
BACKUP,1229,-0.04361033995309161
BACKUP,1230,0.04784755943071252
BACKUP,1231,0.0012962088660643481
BACKUP,1232,-0.03430496186139843
BACKUP,1233,-0.08012685109994365
BACKUP,1234,-0.1624212685503465
BACKUP,1235,0.09170617811112691
BACKUP,1236,-0.1578685045372825
BACKUP,1237,-0.12165048891517515
BACKUP,1238,-0.01945291813998811
BACKUP,1239,-0.024456496205237453
BACKUP,1240,-0.1330881323887209
BACKUP,1241,-0.13861836391860363
BACKUP,1242,-0.05398446264135395
BACKUP,1243,0.010350084032289649
BACKUP,1244,-0.153882330729887
BACKUP,1245,-0.05328992599892227
BACKUP,1246,-0.10244912021823772
BACKUP,1247,-0.05604657120095206
BACKUP,1248,0.009638627359318332
BACKUP,1249,-0.011870737874142643
BACKUP,1250,-0.052379302447167216
BACKUP,1251,0.025098343310494955
BACKUP,1252,-0.013962369112315283
BACKUP,1253,-0.07637096557181691
BACKUP,1254,-0.0919269129117029
BACKUP,1255,0.011923876967360187
BACKUP,1256,-0.09137586067324299
BACKUP,1257,-0.0681800719719931
BACKUP,1258,0.026963138576188633
BACKUP,1259,0.15383739532741858
BACKUP,1260,0.09051758673829728
BACKUP,1261,-0.03480631409523686
BACKUP,1262,-0.08122054659714813
BACKUP,1263,-0.1469391957896554
BACKUP,1264,-0.1395841531904442
BACKUP,1265,-0.0932723325876373
BACKUP,1266,-0.08086798807320643
BACKUP,1267,-0.06884271335043599
BACKUP,1268,-0.26001880593287485
BACKUP,1269,-0.005273013035253607
BACKUP,1270,0.03184227060479196
BACKUP,1271,0.020221373872701526
BACKUP,1272,-0.056933645610228435
BACKUP,1273,-0.005438963231687803
BACKUP,1274,-0.04119936345518464
BACKUP,1275,0.05394180585283016
BACKUP,1276,-0.09104328152069559
BACKUP,1277,-0.06476869377348089
BACKUP,1278,-0.05434757835052011
BACKUP,1279,0.023559225016949174
BACKUP,1280,-0.052927638964009115
BACKUP,1281,-0.08948444462936847
BACKUP,1282,0.12575500776655033
BACKUP,1283,-0.14805191681696878
BACKUP,1284,-0.04222374563731142
BACKUP,1285,-0.060577496289645455
BACKUP,1286,-0.0500653015788759
BACKUP,1287,-0.059566359314532455
BACKUP,1288,0.005681916756119142
BACKUP,1289,-0.12778382079131162
BACKUP,1290,-0.08285516197543465
BACKUP,1291,0.07685795958503727
BACKUP,1292,-0.1260230164812018
BACKUP,1293,0.011938040772138048
BACKUP,1294,0.045998200342968774
BACKUP,1295,-0.04404484379816291
BACKUP,1296,-0.1757009071706827
BACKUP,1297,0.06616918533002118
BACKUP,1298,-0.06488404978834252
BACKUP,1299,-0.16605176460986878
BACKUP,1300,0.013106291699794511
BACKUP,1301,0.03342283523061806
BACKUP,1302,-0.029344518280311496
BACKUP,1303,0.11035985085542864
BACKUP,1304,-0.04677704139943779
BACKUP,1305,0.02034909658592817
BACKUP,1306,0.013647741556240822
BACKUP,1307,0.08290992678672145
BACKUP,1308,0.09987333892221087
BACKUP,1309,-0.05219421040425852
BACKUP,1310,-0.05530179718275716
BACKUP,1311,-0.08962009026230863
BACKUP,1312,0.0187176643372495
BACKUP,1313,0.02882364961888345
BACKUP,1314,-0.10532153686871758
BACKUP,1315,-0.0814077067332275
BACKUP,1316,0.022142048199474452
BACKUP,1317,-0.12718859818762152
BACKUP,1318,0.02881292576234851
BACKUP,1319,-0.05497251634000425
BACKUP,1320,0.019633351225293933
BACKUP,1321,-0.138478714030726
BACKUP,1322,-0.08728833419925897
BACKUP,1323,0.019812764809419684
BACKUP,1324,0.10002717549361315
BACKUP,1325,0.009277059250841022
BACKUP,1326,-0.09156750756012291
BACKUP,1327,-0.15351142776023147
BACKUP,1328,-0.04117245707750092
BACKUP,1329,-0.002248429206932907
BACKUP,1330,-0.2657297714104533
BACKUP,1331,0.013744873779484194
BACKUP,1332,-0.23745178402473321
BACKUP,1333,-0.16104663439822298
BACKUP,1334,-0.07368655938306069
BACKUP,1335,4.184404718979785e-05
BACKUP,1336,-0.040115490059888376
BACKUP,1337,0.04284590641376187
BACKUP,1338,-0.04839678954703237
BACKUP,1339,-0.046596986929178505
BACKUP,1340,-0.1617336374893492
BACKUP,1341,0.09817382053352738
BACKUP,1342,0.17474748704065066
BACKUP,1343,-0.01207658903177728
BACKUP,1344,-0.1266713348815315
BACKUP,1345,-0.00782940837076614
BACKUP,1346,-0.004809034407893755
BACKUP,1347,-0.022788093053457154
BACKUP,1348,0.11859270807267093
BACKUP,1349,-0.11960530827009298
BACKUP,1350,-0.08106873715799073
BACKUP,1351,-0.09721480518626638
BACKUP,1352,-0.14986939893826917
BACKUP,1353,-0.08340638027865171
BACKUP,1354,-0.07340807957390849
BACKUP,1355,-0.20708196600003642
BACKUP,1356,-0.016532304529635188
BACKUP,1357,0.02608705783012013
BACKUP,1358,-0.15246984187595783
BACKUP,1359,0.1967689668506565
BACKUP,1360,0.019182296264648502
BACKUP,1361,-0.23204910179235438
BACKUP,1362,-0.13062712762636158
BACKUP,1363,0.18821214454349486
BACKUP,1364,-0.12382972161310869
BACKUP,1365,-0.12063278932482788
BACKUP,1366,0.06258627351727943
BACKUP,1367,-0.07231985926648976
BACKUP,1368,-0.005304989113429447
BACKUP,1369,0.1353157674806673
BACKUP,1370,-0.02686519481844368
BACKUP,1371,-0.03853958426520846
BACKUP,1372,-0.2022327922949999
BACKUP,1373,-0.11622324666262503
BACKUP,1374,-0.023945143990166496
BACKUP,1375,-0.1910843174085224
BACKUP,1376,0.1310011851398871
BACKUP,1377,-0.09577703793936145
BACKUP,1378,0.03752145253483555
BACKUP,1379,-0.052960242970836395
BACKUP,1380,-0.03364862943199599
BACKUP,1381,0.06338435770784484
BACKUP,1382,-0.1054554987918506
BACKUP,1383,-0.03913191282807641
BACKUP,1384,-0.10629987771089035
BACKUP,1385,0.025509258737795592
BACKUP,1386,0.015325386621883966
BACKUP,1387,-0.15094833287890902
BACKUP,1388,0.04265224526618339
BACKUP,1389,-0.004935570321209509
BACKUP,1390,-0.13543562914333057
BACKUP,1391,-0.058894640091002835
BACKUP,1392,0.03244300343763471
BACKUP,1393,0.02111277638896328
BACKUP,1394,-0.12355439998564577
BACKUP,1395,-0.07622471173824717
BACKUP,1396,-0.03789554346962493
BACKUP,1397,0.06103947201259366
BACKUP,1398,-0.10184218352041849
BACKUP,1399,0.1407121607686073
BACKUP,1400,-0.1987739163648944
BACKUP,1401,-0.11930286452431481
BACKUP,1402,0.026365011210349173
BACKUP,1403,0.10627869706337771
BACKUP,1404,-0.06058763908254797
BACKUP,1405,-0.1156104646805026
BACKUP,1406,-0.06260929205393709
BACKUP,1407,-0.15007219346836367
BACKUP,1408,0.08793411049291525
BACKUP,1409,-0.11905640241607751
BACKUP,1410,-0.10156521374860225
BACKUP,1411,0.04397969201890088
BACKUP,1412,-0.07271750135755223
BACKUP,1413,-0.05315184633332775
BACKUP,1414,0.11288601216714027
BACKUP,1415,-0.10042083441873711
BACKUP,1416,0.09578423088419373
BACKUP,1417,-0.19640368121253357
BACKUP,1418,-0.009885906387697993
BACKUP,1419,-0.08885470437175376
BACKUP,1420,-0.05092326883845118
BACKUP,1421,0.016698194411608098
BACKUP,1422,0.03790906092497935
BACKUP,1423,-0.153107867893341
BACKUP,1424,-0.008111708974922254
BACKUP,1425,-0.10985038528334366
BACKUP,1426,-0.10709145456522708
BACKUP,1427,-0.09705472263439893
BACKUP,1428,-0.03706953682014879
BACKUP,1429,-0.05252877348612622
BACKUP,1430,-0.06453377750398386
BACKUP,1431,-0.1523530744321925
BACKUP,1432,-0.07775951760048332
BACKUP,1433,0.19656620821190002
BACKUP,1434,0.07630364653667548
BACKUP,1435,-0.03679945477497304
BACKUP,1436,0.08941149722890249
BACKUP,1437,0.04174900082053603
BACKUP,1438,0.04658754753717051
BACKUP,1439,-0.07794471490853942
BACKUP,1440,-0.117091958225591
BACKUP,1441,-0.2044236174955655
BACKUP,1442,-0.011033583405662493
BACKUP,1443,-0.08653035964963067
BACKUP,1444,0.013057526683021039
BACKUP,1445,0.03676282985912594
BACKUP,1446,-0.04637441036235157
BACKUP,1447,0.08425860621005378
BACKUP,1448,0.04001510274703869
BACKUP,1449,0.007820285835451402
BACKUP,1450,-0.14363856684840728
BACKUP,1451,-0.13655244497495558
BACKUP,1452,-0.005756355231486548
BACKUP,1453,0.024707369528790865
BACKUP,1454,-0.17702512229598394
BACKUP,1455,-0.05722047913352843
BACKUP,1456,-0.1329052842809268
BACKUP,1457,0.061703442555387775
BACKUP,1458,-0.004295454338444168
BACKUP,1459,0.1049061923176933
BACKUP,1460,0.12469443642523015
BACKUP,1461,-0.017816671944513703
BACKUP,1462,-0.0690840256867465
BACKUP,1463,-0.06657342629351644
BACKUP,1464,0.04010754150042434
BACKUP,1465,-0.04090284881650771
BACKUP,1466,-0.007142901098116642
BACKUP,1467,0.0400578322243052
BACKUP,1468,-0.03426696264320301
BACKUP,1469,-0.06043441675544126
BACKUP,1470,-0.01406134539784746
BACKUP,1471,0.0742231616575172
BACKUP,1472,-0.002994020390026186
BACKUP,1473,-0.1420197151671936
BACKUP,1474,-0.1583277911111932
BACKUP,1475,-0.1371025807701237
BACKUP,1476,-0.000580092857299619
BACKUP,1477,-0.015085934380790833
BACKUP,1478,0.1025038464347385
BACKUP,1479,-0.02565914905111119
BACKUP,1480,0.020353639821310127
BACKUP,1481,-0.04862277316319836
BACKUP,1482,-0.07673812898352014
BACKUP,1483,0.032764318464280295
BACKUP,1484,-0.07132708142291151
BACKUP,1485,0.07482413595286776
BACKUP,1486,-0.14835777354964516
BACKUP,1487,-0.07061982224503974
BACKUP,1488,0.05123378201138892
BACKUP,1489,-0.026283525621718658
BACKUP,1490,-0.1486211614544002
BACKUP,1491,-0.13171458311824524
BACKUP,1492,0.0815869080858207
BACKUP,1493,-0.24065293500812085
BACKUP,1494,-0.18873673135805785
BACKUP,1495,0.0390207703195773
BACKUP,1496,-0.017750196006128344
BACKUP,1497,-0.16917861487218386
BACKUP,1498,0.05207144423918734
BACKUP,1499,-0.01318156644566485
BACKUP,1500,-0.1701827464009645
BACKUP,1501,-0.09330941145729463
BACKUP,1502,-0.07479288690245017
BACKUP,1503,-0.19597604460778165
BACKUP,1504,0.058816671730053706
BACKUP,1505,-0.09019726687152353
BACKUP,1506,0.1187378735837238
BACKUP,1507,-0.1381109181308352
BACKUP,1508,-0.15573126764562262
BACKUP,1509,-0.08931328339993161
BACKUP,1510,-0.01902771744361822
BACKUP,1511,-0.08437160424352738
BACKUP,1512,0.058212772659281604
BACKUP,1513,0.13743214749588487
BACKUP,1514,-0.11525182000669641
BACKUP,1515,-0.11796147010775261
BACKUP,1516,-0.04755164841804447
BACKUP,1517,-0.028616631585017913
BACKUP,1518,-0.07462961985406669
BACKUP,1519,-0.1634912869390918
BACKUP,1520,0.17861555573350274
BACKUP,1521,-0.07207104600145947
BACKUP,1522,0.032997123458896785
BACKUP,1523,-0.11066268804239654
BACKUP,1524,-0.08229782068151752
BACKUP,1525,-0.11852705522381161
BACKUP,1526,0.18900707673100098
BACKUP,1527,-0.027948733973117024
BACKUP,1528,0.011295521011344196
BACKUP,1529,-0.032349024595885026
BACKUP,1530,-0.07859423938721452
BACKUP,1531,0.12482915574252747
BACKUP,1532,-0.06624463689639552
BACKUP,1533,-0.11303928053657099
BACKUP,1534,0.06069254427473267
BACKUP,1535,-0.047758211674723584
BACKUP,1536,0.0499119466145625
BACKUP,1537,-0.06331945294214801
BACKUP,1538,-0.13680762598748664
BACKUP,1539,-0.09029895143570914
BACKUP,1540,0.08363286884266326
BACKUP,1541,-0.021675302625571307
BACKUP,1542,-0.07758963015708333
BACKUP,1543,-0.03334833653180406
BACKUP,1544,-0.06683370886929924
BACKUP,1545,-0.1122658332467377
BACKUP,1546,-0.04168484894692052
BACKUP,1547,0.06758736522058263
BACKUP,1548,0.04454657868879759
BACKUP,1549,-0.17518767583320022
BACKUP,1550,-0.04083294322149305
BACKUP,1551,-0.08824196755666225
BACKUP,1552,-0.03608342089396794
BACKUP,1553,-0.02652374076708879
BACKUP,1554,-0.054849850345020275
BACKUP,1555,-0.08096844466865798
BACKUP,1556,-0.038285913394701436
BACKUP,1557,-0.06508286814211228
BACKUP,1558,-0.005670037417756382
BACKUP,1559,0.040613219825934854
BACKUP,1560,-0.05351820848738558
BACKUP,1561,-0.03893487173831557
BACKUP,1562,0.005557830056036562
BACKUP,1563,-0.05395613914347549
BACKUP,1564,-0.05606624239912848
BACKUP,1565,-0.04241216225924619
BACKUP,1566,-0.08105128974142431
BACKUP,1567,-0.07402739640207325
BACKUP,1568,0.19965717331511645
BACKUP,1569,-0.1550612347427138
BACKUP,1570,-0.00963288084661925
BACKUP,1571,0.03033145944173655
BACKUP,1572,0.11525683103863457
BACKUP,1573,-0.12057201859840543
BACKUP,1574,-0.10613961219226395
BACKUP,1575,0.12589380866952476
BACKUP,1576,-0.09993050690260682
BACKUP,1577,-0.059911528562428984
BACKUP,1578,-0.05542347815073733
BACKUP,1579,-0.13808218278718146
BACKUP,1580,-0.07373811530953667
BACKUP,1581,-0.04285303523065985
BACKUP,1582,-0.07597701317101005
BACKUP,1583,0.07638609881578083
BACKUP,1584,-0.009700000569157067
BACKUP,1585,0.12891242969821456
BACKUP,1586,-0.20346729919612616
BACKUP,1587,-0.05732807524778395
BACKUP,1588,-0.044157771114728586
BACKUP,1589,0.09019009584064788
BACKUP,1590,0.028876563592972547
BACKUP,1591,-0.1118665843746301
BACKUP,1592,-0.11882260119687803
BACKUP,1593,0.01631606267538821
BACKUP,1594,-0.016902390065750554
BACKUP,1595,-0.03272182738225662
BACKUP,1596,0.0150762831390763
BACKUP,1597,0.15566039366401385
BACKUP,1598,-0.10180026372012801
BACKUP,1599,-0.05028531072791326
BACKUP,1600,-0.2816089802895091
BACKUP,1601,-0.09717280526610932
BACKUP,1602,-0.14082460502544572
BACKUP,1603,0.02431647833299448
BACKUP,1604,0.042849376934456083
BACKUP,1605,-0.2089899253183032
BACKUP,1606,-0.17240287057303036
BACKUP,1607,-0.13446987739654984
BACKUP,1608,0.007599181141299792
BACKUP,1609,-0.15309557516765618
BACKUP,1610,0.1530153292321819
BACKUP,1611,-0.02530445805335803
BACKUP,1612,0.05141344554205285
BACKUP,1613,-0.10608580604273674
BACKUP,1614,0.004540214981862487
BACKUP,1615,0.004108535627700758
BACKUP,1616,-0.07194152039463655
BACKUP,1617,-0.06661502992047448
BACKUP,1618,-0.10213543352816547
BACKUP,1619,0.1357397591200103
BACKUP,1620,-0.18367519936570426
BACKUP,1621,-0.25210997260866236
BACKUP,1622,-0.017231365349221428
BACKUP,1623,0.08118529669248734
BACKUP,1624,-0.04479884528849292
BACKUP,1625,0.02655874709444986
BACKUP,1626,-0.07196059988879931
BACKUP,1627,-0.17883079106416605
BACKUP,1628,-0.14537307386429663
BACKUP,1629,-0.0626151642085595
BACKUP,1630,-0.06145050182891404
BACKUP,1631,-0.08431085794439577
BACKUP,1632,-0.011953732419110187
BACKUP,1633,0.07552945899235049
BACKUP,1634,-0.011558193856745913
BACKUP,1635,-0.03310770499299406
BACKUP,1636,-0.06037280573363099
BACKUP,1637,-0.07172955833677974
BACKUP,1638,0.06988876436218872
BACKUP,1639,-0.03944842867094718
BACKUP,1640,-0.06793247891540222
BACKUP,1641,-0.036482540920168324
BACKUP,1642,0.0898484230420945
BACKUP,1643,0.21378332285099805
BACKUP,1644,-0.034882366655144964
BACKUP,1645,-0.0354435525253098
BACKUP,1646,-0.02426936709646112
BACKUP,1647,-0.0580097000323199
BACKUP,1648,0.04614485293192501
BACKUP,1649,-0.149396147146236
BACKUP,1650,-0.006623586324203069
BACKUP,1651,-0.12470936666931055
BACKUP,1652,-0.17797790126913365
BACKUP,1653,0.10558281149545781
BACKUP,1654,0.10792840637290164
BACKUP,1655,-0.21504450728787725
BACKUP,1656,-0.006277939728172449
BACKUP,1657,-0.02729256030419075
BACKUP,1658,-0.14884867693763065
BACKUP,1659,-0.09956553077966993
BACKUP,1660,0.09261518305654189
BACKUP,1661,-0.12493623031526134
BACKUP,1662,-0.05908727396769835
BACKUP,1663,-0.1053134614500368
BACKUP,1664,-0.1633112827554246
BACKUP,1665,-0.054872298654844776
BACKUP,1666,-0.05745802605679717
BACKUP,1667,-0.03672818816455327
BACKUP,1668,-0.130763528007491
BACKUP,1669,-0.016398290675962938
BACKUP,1670,-0.11344195575795703
BACKUP,1671,0.05014364041141062
BACKUP,1672,-0.06509755839257995
BACKUP,1673,0.013177129013048402
BACKUP,1674,0.0011210657578567549
BACKUP,1675,-0.0852920005343189
BACKUP,1676,-0.05062822101309909
BACKUP,1677,-0.06389315936360684
BACKUP,1678,-0.14574375599166497
BACKUP,1679,0.0529398915910513
BACKUP,1680,0.027007725318538234
BACKUP,1681,-0.07194030478921831
BACKUP,1682,-0.056904128495376904
BACKUP,1683,-0.07329295321759689
BACKUP,1684,0.11622465879761625
BACKUP,1685,0.10601523300607524
BACKUP,1686,-0.0996713232217497
BACKUP,1687,-0.06345362902396523
BACKUP,1688,-0.021763925857850173
BACKUP,1689,-0.05028280710311608
BACKUP,1690,-0.07339718437609555
BACKUP,1691,-0.09308558796173044
BACKUP,1692,-0.04542991947258674
BACKUP,1693,-0.06305789833959025
BACKUP,1694,-0.022691129166758642
BACKUP,1695,-0.02455231745503228
BACKUP,1696,-0.055389136650678114
BACKUP,1697,-0.11422674931685964
BACKUP,1698,-0.028942425588361097
BACKUP,1699,0.12849036016427481
BACKUP,1700,-0.011375996908004244
BACKUP,1701,-0.1399189881967455
BACKUP,1702,-0.13792996417043304
BACKUP,1703,-0.18822870052520832
BACKUP,1704,-0.08565169569519682
BACKUP,1705,0.05214428147097414
BACKUP,1706,0.03553160319280542
BACKUP,1707,-0.059432508145394004
BACKUP,1708,-0.1454320246159529
BACKUP,1709,0.09629999402812618
BACKUP,1710,-0.13858074307568016
BACKUP,1711,-0.0028538266450521994
BACKUP,1712,-0.033178246887378804
BACKUP,1713,-0.13647221419919597
BACKUP,1714,-0.07583516163344486
BACKUP,1715,-0.1607679240424936
BACKUP,1716,-0.14288129565465738
BACKUP,1717,-0.01436664187545085
BACKUP,1718,-0.07893483813165826
BACKUP,1719,-0.04653332490346792
BACKUP,1720,-0.16011804764164267
BACKUP,1721,0.06374151280993441
BACKUP,1722,0.025307044112906716
BACKUP,1723,-0.06597511432655928
BACKUP,1724,-0.006549502808602624
BACKUP,1725,0.0878661760292486
BACKUP,1726,0.044634325767079465
BACKUP,1727,-0.09923939280093025
BACKUP,1728,-0.08253244081932393
BACKUP,1729,0.00013659768434790896
BACKUP,1730,-0.09097377869499394
BACKUP,1731,0.025003024039495902
BACKUP,1732,0.1633915291177394
BACKUP,1733,-0.0473771267065568
BACKUP,1734,-0.04712500146708183
BACKUP,1735,-0.16496917709739745
BACKUP,1736,-0.16161184429637668
BACKUP,1737,0.009754363697843056
BACKUP,1738,-0.0638842590625126
BACKUP,1739,-0.12647840355782616
BACKUP,1740,0.1371898525500229
BACKUP,1741,0.0088526466892161
BACKUP,1742,0.030997837510876054
BACKUP,1743,-0.06371854195068427
BACKUP,1744,-0.01238493500030306
BACKUP,1745,-0.09007365328838988
BACKUP,1746,-0.08598021121846382
BACKUP,1747,0.047285819609450795
BACKUP,1748,0.0062541107383281575
BACKUP,1749,-0.0532534009798841
BACKUP,1750,-0.147352486558776
BACKUP,1751,-0.04363838757997533
BACKUP,1752,-0.09101004015186799
BACKUP,1753,0.05605363368667277
BACKUP,1754,0.016874566961917636
BACKUP,1755,-0.17310015359052394
BACKUP,1756,-0.1598272615846221
BACKUP,1757,-0.053716431205159475
BACKUP,1758,0.08613957155534425
BACKUP,1759,-0.09784963160102789
BACKUP,1760,-0.1035965459798745
BACKUP,1761,-0.048253779714490096
BACKUP,1762,-0.0800799437079551
BACKUP,1763,-0.006831715290870722
BACKUP,1764,-0.11922324781436142
BACKUP,1765,-0.007579063393833699
BACKUP,1766,-0.08218412223727006
BACKUP,1767,-0.11095202811909201
BACKUP,1768,-0.05299282287933591
BACKUP,1769,0.004410796421401
BACKUP,1770,0.08889363624608612
BACKUP,1771,0.15866419805300666
BACKUP,1772,-0.06458523543199964
BACKUP,1773,-0.08342238585049562
BACKUP,1774,-0.1409604930921519
BACKUP,1775,-0.08578018681780906
BACKUP,1776,-0.0006025262269912876
BACKUP,1777,-0.05652399059002683
BACKUP,1778,-0.12151297388579947
BACKUP,1779,0.08885588100718679
BACKUP,1780,0.02967932144927487
BACKUP,1781,-0.1851023820859233
BACKUP,1782,-0.03033947971808792
BACKUP,1783,-0.028494574351186776
BACKUP,1784,0.17786353575528482
BACKUP,1785,0.019125640409965523
BACKUP,1786,-0.033360964782543565
BACKUP,1787,0.027642737123630683
BACKUP,1788,-0.0897140801219683
BACKUP,1789,-0.15031643314486084
BACKUP,1790,-0.04588872235375578
BACKUP,1791,-0.09038957747595405
BACKUP,1792,-0.09581972657634001
BACKUP,1793,-0.04420080955468891
BACKUP,1794,-0.03778032225386919
BACKUP,1795,-0.14119073811375799
BACKUP,1796,-0.018848950449775442
BACKUP,1797,-0.04020944267144777
BACKUP,1798,-0.07020842335238811
BACKUP,1799,0.015183841338322297
BACKUP,1800,-0.1765884832956297
BACKUP,1801,-0.10094022823585515
BACKUP,1802,-0.11386152032203853
BACKUP,1803,0.12171928929341565
BACKUP,1804,-0.13369335815547911
BACKUP,1805,0.015948442374403023
BACKUP,1806,-0.12697426464098502
BACKUP,1807,0.005475426799252854
BACKUP,1808,-0.1719232934855325
BACKUP,1809,0.010382079113951588
BACKUP,1810,0.08546155127338805
BACKUP,1811,-0.10686930234514337
BACKUP,1812,-0.08925589676179257
BACKUP,1813,-0.1709383827819334
BACKUP,1814,-0.09361014302543584
BACKUP,1815,-0.12815086084672808
BACKUP,1816,-0.10385231833417999
BACKUP,1817,-0.08303592870023727
BACKUP,1818,-0.12243767093612298
BACKUP,1819,-0.0586451970484645
BACKUP,1820,-0.05012270933337345
BACKUP,1821,-0.14149695391905878
BACKUP,1822,0.18640586589793065
BACKUP,1823,0.0002138657253230658
BACKUP,1824,-0.07905938193309993
BACKUP,1825,-0.08215855027929564
BACKUP,1826,0.006679708420473392
BACKUP,1827,-0.05192600479554714
BACKUP,1828,-0.01244567940622589
BACKUP,1829,-0.08329798031113057
BACKUP,1830,0.03699094279222477
BACKUP,1831,-0.10389772021584297
BACKUP,1832,-0.1543535798220917
BACKUP,1833,0.13675406910869572
BACKUP,1834,-0.09015607385069832
BACKUP,1835,-0.1268925982255482
BACKUP,1836,-0.09766135531316468
BACKUP,1837,0.000585999485742907
BACKUP,1838,0.19523113895120747
BACKUP,1839,-0.0614146094270881
BACKUP,1840,0.09232244505024814
BACKUP,1841,-0.1179115596827733
BACKUP,1842,-0.06635582790095397
BACKUP,1843,-0.10658931149553358
BACKUP,1844,-0.03357316900122742
BACKUP,1845,-0.03875655229298632
BACKUP,1846,-0.10049182969612641
BACKUP,1847,-0.2542409689687186
BACKUP,1848,0.0900703516691172
BACKUP,1849,0.033734450198418
BACKUP,1850,0.11537758161920544
BACKUP,1851,-0.04952803215563714
BACKUP,1852,-0.1157625993361442
BACKUP,1853,-0.08982968289981053
BACKUP,1854,-0.10486509557631585
BACKUP,1855,-0.11355013607433406
BACKUP,1856,-0.09205186937638582
BACKUP,1857,-0.05435988292489451
BACKUP,1858,-0.06703779897878473
BACKUP,1859,0.06431690217350014
BACKUP,1860,-0.09427349221347778
BACKUP,1861,-0.08468555273022602
BACKUP,1862,-0.1377423182527919
BACKUP,1863,0.03808823946673179
BACKUP,1864,-0.1696725118475232
BACKUP,1865,-0.10992892788738645
BACKUP,1866,-0.1300341986913302
BACKUP,1867,-0.048525054422787886
BACKUP,1868,-0.09457917997683095
BACKUP,1869,-0.010880764787450415
BACKUP,1870,-0.07588305410821695
BACKUP,1871,-0.1089209109477589
BACKUP,1872,-0.06953690418893713
BACKUP,1873,-0.07042013963595654
BACKUP,1874,-0.11925784153693243
BACKUP,1875,0.13643616408317064
BACKUP,1876,-0.07641161990544619
BACKUP,1877,0.09631265651598465
BACKUP,1878,-0.06808501341781764
BACKUP,1879,-0.0636379564603919
BACKUP,1880,-0.0627984502496609
BACKUP,1881,-0.12769985293644928
BACKUP,1882,-0.013694188723682457
BACKUP,1883,-0.1322542737936719
BACKUP,1884,-0.05248217760733494
BACKUP,1885,-0.06576346563122279
BACKUP,1886,-0.02296672803962755
BACKUP,1887,-0.08206323145980177
BACKUP,1888,-0.09279360773320885
BACKUP,1889,0.004179708975421564
BACKUP,1890,-0.1304579785037291
BACKUP,1891,-0.15863533149268413
BACKUP,1892,0.1298520774146452
BACKUP,1893,0.03713326753060595
BACKUP,1894,-0.09163549541137468
BACKUP,1895,-0.048517828324550726
BACKUP,1896,-0.1647054086292071
BACKUP,1897,0.006880926280802983
BACKUP,1898,-0.09766473889291105
BACKUP,1899,-0.09392323879663171
BACKUP,1900,0.06290014069093962
BACKUP,1901,-0.02199954339161708
BACKUP,1902,0.050866505231797934
BACKUP,1903,-0.040193434461965306
BACKUP,1904,-0.14382141737477114
BACKUP,1905,0.003068375637104085
BACKUP,1906,-0.1290772042973858
BACKUP,1907,-0.0466433147975291
BACKUP,1908,-0.028773918178786818
BACKUP,1909,-0.07120552927965063
BACKUP,1910,-0.07454646966479025
BACKUP,1911,0.05915352618586479
BACKUP,1912,-0.03520971581884548
BACKUP,1913,-0.13272587045835546
BACKUP,1914,0.05548444215601788
BACKUP,1915,-0.11366214719344671
BACKUP,1916,-0.10076996077932836
BACKUP,1917,-0.23440710325908884
BACKUP,1918,-0.07057355626771751
BACKUP,1919,-0.03932614942061986
BACKUP,1920,-0.08919111458332235
BACKUP,1921,-0.13452759961316654
BACKUP,1922,0.039397036205647745
BACKUP,1923,-0.051564211341817316
BACKUP,1924,0.08557652554102782
BACKUP,1925,-0.23240510485491622
BACKUP,1926,0.028220979041688837
BACKUP,1927,-0.035131195594608436
BACKUP,1928,-0.07692461854729152
BACKUP,1929,-0.13286630557284423
BACKUP,1930,-0.14130402102918282
BACKUP,1931,-0.07741645383816512
BACKUP,1932,-0.04017431771917481
BACKUP,1933,0.01290462975658978
BACKUP,1934,-0.0934414042282747
BACKUP,1935,-0.1504707699137559
BACKUP,1936,-0.1176281392245042
BACKUP,1937,0.02006410201124977
BACKUP,1938,-0.12065415502387623
BACKUP,1939,-0.009684502814307184
BACKUP,1940,0.05557772463914571
BACKUP,1941,0.005261019893834015
BACKUP,1942,-0.19475981482634916
BACKUP,1943,-0.04009275460333407
BACKUP,1944,-0.033555180015664536
BACKUP,1945,-0.1251656989650201
BACKUP,1946,-0.14937486709921596
BACKUP,1947,0.022859831572710786
BACKUP,1948,-0.02744113617526727
BACKUP,1949,-0.09290550258776624
BACKUP,1950,-0.027203618169926263
BACKUP,1951,-0.06988633556521813
BACKUP,1952,-0.0972198009032508
BACKUP,1953,-0.041271250601550555
BACKUP,1954,-0.056582840696411354
BACKUP,1955,-0.03453583269802365
BACKUP,1956,0.16487069262969914
BACKUP,1957,0.10276313409252023
BACKUP,1958,-0.10571176084036885
BACKUP,1959,-0.12505759912999329
BACKUP,1960,-0.02576018579860863
BACKUP,1961,-0.11593693866596126
BACKUP,1962,-0.09855046929781995
BACKUP,1963,-0.07934673916486297
BACKUP,1964,-0.1196400118689789
BACKUP,1965,-0.07154270454039627
BACKUP,1966,-0.11449852328611594
BACKUP,1967,-0.06801587743028281
BACKUP,1968,-0.08929613319370945
BACKUP,1969,0.017880850586177582
BACKUP,1970,-0.01150948067176795
BACKUP,1971,-0.06285414798185548
BACKUP,1972,-0.07074426303267327
BACKUP,1973,-0.08142846929391218
BACKUP,1974,0.008054662011268986
BACKUP,1975,-0.12994521595789085
BACKUP,1976,0.011356207172130248
BACKUP,1977,-0.07551854294823801
BACKUP,1978,-0.06780231373535585
BACKUP,1979,-0.06657645206233533
BACKUP,1980,-0.18307730753008897
BACKUP,1981,-0.12448752202601703
BACKUP,1982,-0.09350865064336061
BACKUP,1983,-0.12611959475283743
BACKUP,1984,-0.16816019573474283
BACKUP,1985,-0.07869003821765043
BACKUP,1986,-0.10189252663025805
BACKUP,1987,-0.11537284864603187
BACKUP,1988,-0.11468609795390469
BACKUP,1989,0.11668176693442718
BACKUP,1990,0.05127888401219495
BACKUP,1991,-0.08817271438663075
BACKUP,1992,-0.0397654317923422
BACKUP,1993,0.08952554520379492
BACKUP,1994,-0.0007392766206929216
BACKUP,1995,-0.14057827410007132
BACKUP,1996,-0.0360142292631228
BACKUP,1997,0.07914912680166902
BACKUP,1998,-0.12393099438182556
BACKUP,1999,0.06106721985893976
BACKUP,2000,-0.09715256141775622
BACKUP,2001,0.07206460380717589
BACKUP,2002,-0.14050561417290022
BACKUP,2003,-0.15287082323577394
BACKUP,2004,0.007430534075655884
BACKUP,2005,-0.084540953738989
BACKUP,2006,-0.02289443159081675
BACKUP,2007,-0.08907569826015775
BACKUP,2008,-0.03952191946338422
BACKUP,2009,-0.06332784267460533
BACKUP,2010,0.024535456432067157
BACKUP,2011,-0.04383661967044976
BACKUP,2012,0.018498236412185894
BACKUP,2013,-0.1059177822295146
BACKUP,2014,0.04105205403926651
BACKUP,2015,-0.025568479966541567
BACKUP,2016,-0.1154838290120346
BACKUP,2017,0.07187186752470978
BACKUP,2018,-0.03741185765928857
BACKUP,2019,0.002134097873228829
BACKUP,2020,-0.12089725138374634
BACKUP,2021,-0.06466311223047863
BACKUP,2022,-0.0018737540978168914
BACKUP,2023,-0.07116880506602666
BACKUP,2024,0.015350119480928263
BACKUP,2025,0.17884797589982104
BACKUP,2026,0.07184033110880192
BACKUP,2027,0.062044997411896896
BACKUP,2028,-0.0422002535874284
BACKUP,2029,0.044479837039697434
BACKUP,2030,-0.12158270658873807
BACKUP,2031,-0.07284757139381565
BACKUP,2032,-0.06698817398296436
BACKUP,2033,-0.1195645726464583
BACKUP,2034,0.05196227151050983
BACKUP,2035,-0.11865467104061118
BACKUP,2036,-0.07281336431558703
BACKUP,2037,-0.011943426053849977
BACKUP,2038,0.04562942286566925
BACKUP,2039,-0.1464780544452876
BACKUP,2040,0.041849605440323526
BACKUP,2041,-0.05691862482033634
BACKUP,2042,-0.04634721938509077
BACKUP,2043,-0.050220586893359134
BACKUP,2044,-0.07232602871444982
BACKUP,2045,-0.02903221569214503
BACKUP,2046,-0.08623310987434868
BACKUP,2047,-0.014605737108574959
BACKUP,2048,-0.13323215637006489
BACKUP,2049,-0.031463466078124586
BACKUP,2050,-0.08902423906696423
BACKUP,2051,-0.22450917825114688
BACKUP,2052,-0.15589620965151227
BACKUP,2053,-0.004972763720494152
BACKUP,2054,-0.1803641960602684
BACKUP,2055,-0.0017773233657521262
BACKUP,2056,-0.14125297113733606
BACKUP,2057,-0.053022773542879056
BACKUP,2058,-0.0762216376272921
BACKUP,2059,-0.041796323700503936
BACKUP,2060,-0.01594138605026069
BACKUP,2061,0.09004419396018029
BACKUP,2062,-0.06856413815284512
BACKUP,2063,-0.03755582239928355
BACKUP,2064,0.0881112362584158
BACKUP,2065,-0.03665230623690481
BACKUP,2066,-0.1262380475092872
BACKUP,2067,-0.10235461203727184
BACKUP,2068,-0.08631770703162876
BACKUP,2069,0.05176025689995655
BACKUP,2070,0.09838234604860376
BACKUP,2071,0.032411702527317725
BACKUP,2072,-0.14373064907127175
BACKUP,2073,-0.007217646234069953
BACKUP,2074,0.12763311399221003
BACKUP,2075,0.044645606511917284
BACKUP,2076,-0.020529171536726572
BACKUP,2077,0.03138906888469215
BACKUP,2078,-0.03218682714920657
BACKUP,2079,-0.058741537977384094
BACKUP,2080,-0.10513545120873621
BACKUP,2081,-0.036674280745154206
BACKUP,2082,0.17589826242198536
BACKUP,2083,-0.08280593604731823
BACKUP,2084,-0.10193840445332486
BACKUP,2085,0.06210903532991124
BACKUP,2086,0.07672118753684934
BACKUP,2087,0.07174069938485525
BACKUP,2088,0.09537496160858444
BACKUP,2089,-0.08941967071815134
BACKUP,2090,-0.1297347904758599
BACKUP,2091,0.014337170166899749
BACKUP,2092,-0.06457174207899732
BACKUP,2093,-0.08793063540055221
BACKUP,2094,-0.10756529973320439
BACKUP,2095,-0.03239040620057395
BACKUP,2096,0.008773995938479155
BACKUP,2097,-0.10939483992679301
BACKUP,2098,0.024579920827445027
BACKUP,2099,-0.02044920166054782
BACKUP,2100,-0.02984640593154655
BACKUP,2101,-0.20365821024129402
BACKUP,2102,-0.0045760219398478675
BACKUP,2103,-0.12004772134889999
BACKUP,2104,0.0023950458955901057
BACKUP,2105,0.002514537943514084
BACKUP,2106,0.058406021825778684
BACKUP,2107,-0.10945017583028051
BACKUP,2108,-0.035513408263654164
BACKUP,2109,-0.13003205463075457
BACKUP,2110,0.050089060125190446
BACKUP,2111,0.009808633584829266
BACKUP,2112,-0.013462847049796731
BACKUP,2113,-0.11717553560393473
BACKUP,2114,0.01259502996284128
BACKUP,2115,0.06927745242359322
BACKUP,2116,-0.09562284391693177
BACKUP,2117,-0.13278139959887006
BACKUP,2118,-0.004924087004057862
BACKUP,2119,-0.18383429190855524
BACKUP,2120,-0.21538495361207993
BACKUP,2121,-0.04053951718290059
BACKUP,2122,-0.0844662942836983
BACKUP,2123,-0.08661837045958226
BACKUP,2124,-0.011332819370833051
BACKUP,2125,-0.11561433145784698
BACKUP,2126,-0.03730206360451721
BACKUP,2127,0.01957742580365427
BACKUP,2128,-0.10757949018712018
BACKUP,2129,-0.0620321848109179
BACKUP,2130,-0.12726970583017463
BACKUP,2131,0.00125827288839024
BACKUP,2132,-0.06359747752370505
BACKUP,2133,-0.20935452165362176
BACKUP,2134,0.04153227187570151
BACKUP,2135,0.02362051374537626
BACKUP,2136,-0.09305501182393985
BACKUP,2137,0.11394746931224109
BACKUP,2138,-0.06042034581748721
BACKUP,2139,-0.19191167776324816
BACKUP,2140,0.053538902847260525
BACKUP,2141,-0.06848818118751905
BACKUP,2142,-0.13004346093858082
BACKUP,2143,-0.15399236612519238
BACKUP,2144,0.1231420719868114
BACKUP,2145,-0.06629536479676268
BACKUP,2146,0.025376097155452557
BACKUP,2147,-0.04490601622415985
BACKUP,2148,-0.1382651756324055
BACKUP,2149,-0.05368802914681325
BACKUP,2150,0.002976520449532452
BACKUP,2151,0.049020731276801725
BACKUP,2152,0.24737815267937865
BACKUP,2153,-0.006389322383086523
BACKUP,2154,-0.20766669328916557
BACKUP,2155,-0.013756556503906035
BACKUP,2156,-0.06828617745357829
BACKUP,2157,-0.04810225662007673
BACKUP,2158,-0.10014916968316645
BACKUP,2159,-0.08339317673416316
BACKUP,2160,-0.05299554419656615
BACKUP,2161,-0.024559714294779964
BACKUP,2162,-0.11005341807524137
BACKUP,2163,-0.005871306370686949
BACKUP,2164,-0.09535357247529987
BACKUP,2165,-0.1074317541057021
BACKUP,2166,-0.2551767042142395
BACKUP,2167,-0.15392974709748936
BACKUP,2168,0.09032745605372207
BACKUP,2169,-0.060844533668817986
BACKUP,2170,-0.155188713008282
BACKUP,2171,-0.04706650032958315
BACKUP,2172,0.2097341447676325
BACKUP,2173,-0.05295552576069732
BACKUP,2174,-0.07998014727719073
BACKUP,2175,-0.07369249687530682
BACKUP,2176,-0.0783240992959799
BACKUP,2177,0.06357049443339492
BACKUP,2178,0.0038941412042271858
BACKUP,2179,-0.007729800705702624
BACKUP,2180,-0.058031661516632214
BACKUP,2181,-0.06641285204439835
BACKUP,2182,0.016541980447895684
BACKUP,2183,0.07901215329295593
BACKUP,2184,-0.06052586438303762
BACKUP,2185,0.087651443401886
BACKUP,2186,-0.09155081923067494
BACKUP,2187,0.12786939700621694
BACKUP,2188,-0.0828240983108728
BACKUP,2189,-0.01666731748008193
BACKUP,2190,-0.026265902258127905
BACKUP,2191,-0.08387685947128022
BACKUP,2192,0.06468883455422882
BACKUP,2193,-0.08241236515315606
BACKUP,2194,-0.08035115623959249
BACKUP,2195,-0.25793296346754263
BACKUP,2196,-0.060320746539144404
BACKUP,2197,-0.04187818340150692
BACKUP,2198,-0.09524913118456049
BACKUP,2199,-0.02907400180236233
BACKUP,2200,-0.11418853728376131
BACKUP,2201,-0.1328775625888948
BACKUP,2202,0.18449788150678847
BACKUP,2203,-0.008136346994588192
BACKUP,2204,-0.11766821228327498
BACKUP,2205,-0.21326507160318023
BACKUP,2206,0.10301366897717727
BACKUP,2207,-0.13285995600127026
BACKUP,2208,-0.0273522215583118
BACKUP,2209,0.19919066018619472
BACKUP,2210,-0.052990266757715794
BACKUP,2211,-0.11099286689983975
BACKUP,2212,-0.14670011851081916
BACKUP,2213,-0.17267485065625254
BACKUP,2214,-0.15532199812727362
BACKUP,2215,0.07027465521473744
BACKUP,2216,-0.03479652673281436
BACKUP,2217,-0.11432384305259007
BACKUP,2218,-0.10637396374479832
BACKUP,2219,-0.19383521059475303
BACKUP,2220,-0.04930971898681531
BACKUP,2221,-0.09010743949048686
BACKUP,2222,-0.004132696773113935
BACKUP,2223,0.03797902275496272
BACKUP,2224,-0.14167802769941412
BACKUP,2225,-0.08132237984860136
BACKUP,2226,-0.1299710147185673
BACKUP,2227,0.050007229844495
BACKUP,2228,-0.13203281230963768
BACKUP,2229,0.04714792264969469
BACKUP,2230,-0.059802183002425874
BACKUP,2231,-0.05074797593377229
BACKUP,2232,-0.16205775500380296
BACKUP,2233,-0.0718119540380947
BACKUP,2234,-0.04038079310020105
BACKUP,2235,-0.20747003204663841
BACKUP,2236,-0.050226276911579854
BACKUP,2237,-0.04039145667611254
BACKUP,2238,0.043794551305483924
BACKUP,2239,-0.13350649530989914
BACKUP,2240,-0.08212915944316793
BACKUP,2241,-0.19002967256682143
BACKUP,2242,-0.1090706477884698
BACKUP,2243,0.038120127797339316
BACKUP,2244,0.03338068296650581
BACKUP,2245,-0.06032775154537173
BACKUP,2246,-0.06045307465947211
BACKUP,2247,-0.11467457243115665
BACKUP,2248,-0.01243511514990854
BACKUP,2249,-0.04336999655567797
BACKUP,2250,-0.1150617958187451
BACKUP,2251,0.04701830701608627
BACKUP,2252,-0.06480949213632019
BACKUP,2253,-0.14143349664169885
BACKUP,2254,-0.09674535566074265
BACKUP,2255,-0.009254521716981528
BACKUP,2256,-0.08504829047954218
BACKUP,2257,-0.049447326028440486
BACKUP,2258,-0.0022397620768082253
BACKUP,2259,-0.05300911456815261
BACKUP,2260,0.02548153190866548
BACKUP,2261,-0.08558702198756764
BACKUP,2262,-0.008351652923952747
BACKUP,2263,-0.173981844349483
BACKUP,2264,-0.05043451074677733
BACKUP,2265,-0.16471011999519605
BACKUP,2266,0.08877333591398089
BACKUP,2267,-0.1370132241722866
BACKUP,2268,-0.10247628114992076
BACKUP,2269,-0.06426805992163051
BACKUP,2270,-0.08947488500064421
BACKUP,2271,0.1916623385602237
BACKUP,2272,-0.08101449417454634
BACKUP,2273,-0.010510355748500667
BACKUP,2274,-0.007011930300238002
BACKUP,2275,-0.20848958308499138
BACKUP,2276,0.11267748867345444
BACKUP,2277,-0.08084268150216987
BACKUP,2278,0.020627580527561983
BACKUP,2279,0.03569385090156309
BACKUP,2280,-0.05787213461595948
BACKUP,2281,-0.0977874829194657
BACKUP,2282,-0.1086022418988379
BACKUP,2283,-0.05941316986031396
BACKUP,2284,-0.06532397245242223
BACKUP,2285,-0.04937042887719835
BACKUP,2286,-0.05118233869215099
BACKUP,2287,0.043695446141491345
BACKUP,2288,-0.06460948769699437
BACKUP,2289,0.10603076258232677
BACKUP,2290,-0.05898673858975063
BACKUP,2291,0.10772714446293262
BACKUP,2292,-0.20580721326290152
BACKUP,2293,-0.09618642668868407
BACKUP,2294,-0.12858569085554936
BACKUP,2295,-0.03694682593180624
BACKUP,2296,-0.04383757826115347
BACKUP,2297,-0.03349771094503928
BACKUP,2298,-0.11996341071097533
BACKUP,2299,-0.03710242671010871
BACKUP,2300,-0.09017216232976032
BACKUP,2301,0.07237286781133483
BACKUP,2302,-0.07547726068099112
BACKUP,2303,0.04802922655113674
BACKUP,2304,-0.016398876902857337
BACKUP,2305,-0.1189349410914673
BACKUP,2306,0.10816897553240687
BACKUP,2307,0.04651909197852255
BACKUP,2308,-0.04171199621588808
BACKUP,2309,-0.00205832901377972
BACKUP,2310,-0.08434694895307367
BACKUP,2311,-0.0790991216019718
BACKUP,2312,-0.14343158976947384
BACKUP,2313,0.0009771825642023119
BACKUP,2314,-0.11166378998905505
BACKUP,2315,-0.057791328520217726
BACKUP,2316,-0.04447183564041642
BACKUP,2317,0.007988582954173932
BACKUP,2318,-0.016943680073620317
BACKUP,2319,-0.06410789194752001
BACKUP,2320,-0.03391224638557115
BACKUP,2321,0.019996217939408933
BACKUP,2322,-0.20557120984208638
BACKUP,2323,-0.14129917367018016
BACKUP,2324,-0.15943535896190064
BACKUP,2325,-0.0034016634435274046
BACKUP,2326,-0.037039670303232415
BACKUP,2327,-0.0795192036830939
BACKUP,2328,0.03970549550901004
BACKUP,2329,0.04353896114562447
BACKUP,2330,-0.09914150915103406
BACKUP,2331,-0.007006590852203572
BACKUP,2332,-0.18402788979674284
BACKUP,2333,0.07549721159921613
BACKUP,2334,-0.07770010697691403
BACKUP,2335,0.01414026502258498
BACKUP,2336,-0.13679815359693062
BACKUP,2337,0.006824748003931412
BACKUP,2338,-0.016898752517391202
BACKUP,2339,-0.11339387102891546
BACKUP,2340,0.021906031994454848
BACKUP,2341,0.051649998896736375
BACKUP,2342,-0.07039417456869299
BACKUP,2343,-0.05462492392998748
BACKUP,2344,-0.007597577878271966
BACKUP,2345,-0.0765169759854083
BACKUP,2346,0.01367236986332209
BACKUP,2347,-0.05465084364410961
BACKUP,2348,-0.0614298462157224
BACKUP,2349,0.035516076852841034
BACKUP,2350,-0.013568924427762847
BACKUP,2351,-0.045513945209754714
BACKUP,2352,-0.0378934670279452
BACKUP,2353,-0.10105300896752091
BACKUP,2354,0.05123955650566053
BACKUP,2355,-0.01961406399925094
BACKUP,2356,-0.1258743391259305
BACKUP,2357,-0.07279237156687558
BACKUP,2358,0.09029796026764018
BACKUP,2359,-0.09391647865395063
BACKUP,2360,0.01474514980691609
BACKUP,2361,-0.1293503600610878
BACKUP,2362,-0.03811716704628057
BACKUP,2363,-0.08105091247473632
BACKUP,2364,-0.06309352124901807
BACKUP,2365,-0.19758747504936292
BACKUP,2366,-0.16525849774178608
BACKUP,2367,0.10204738693017297
BACKUP,2368,0.13003051613233543
BACKUP,2369,-0.1365754036436983
BACKUP,2370,-0.07682216771146398
BACKUP,2371,-0.07883670309384835
BACKUP,2372,-0.040294265421737814
BACKUP,2373,-0.07118031326208019
BACKUP,2374,-0.09058086007855203
BACKUP,2375,-0.06810710878618785
BACKUP,2376,0.015777133720406383
BACKUP,2377,-0.07491593900341066
BACKUP,2378,-0.02611477607025323
BACKUP,2379,-0.08538435701827356
BACKUP,2380,0.036836142593180146
BACKUP,2381,0.039835148243791176
BACKUP,2382,-0.1156337408625226
BACKUP,2383,-0.2221627576271386
BACKUP,2384,-0.08846015238568357
BACKUP,2385,-0.0517364954284004
BACKUP,2386,0.01052443358754642
BACKUP,2387,0.1440799106235188
BACKUP,2388,-0.05371315506074932
BACKUP,2389,-0.07955132383390935
BACKUP,2390,-0.15056272984263697
BACKUP,2391,0.14324130058760934
BACKUP,2392,0.030465377376025338
BACKUP,2393,-0.06444671574183493
BACKUP,2394,-0.03303103195298614
BACKUP,2395,-0.06879426778838738
BACKUP,2396,-0.026948167170254916
BACKUP,2397,-0.019849778260682623
BACKUP,2398,-0.12205854113828261
BACKUP,2399,0.1073446592385307
BACKUP,2400,-0.024998580364837705
BACKUP,2401,-0.16109248724632313
BACKUP,2402,-0.005187916154985777
BACKUP,2403,0.13980027920559335
BACKUP,2404,0.010356471019332123
BACKUP,2405,-0.12643511846227615
BACKUP,2406,0.06647340614881286
BACKUP,2407,0.055080445345869644
BACKUP,2408,-0.032823035597023695
BACKUP,2409,-0.1284971744754067
BACKUP,2410,-0.04282481859709843
BACKUP,2411,-0.1199600717614708
BACKUP,2412,-0.010669773732977679
BACKUP,2413,-0.0219825017877338
BACKUP,2414,-0.027838540640141095
BACKUP,2415,-0.011580789904100742
BACKUP,2416,-0.00794815383499852
BACKUP,2417,-0.13721674079500829
BACKUP,2418,-0.1434788872455469
BACKUP,2419,-0.13401507662085493
BACKUP,2420,-0.0677790412130429
BACKUP,2421,-0.19659888454664537
BACKUP,2422,0.0032641458652535333
BACKUP,2423,-0.17200466790842278
BACKUP,2424,-0.09778464089213657
BACKUP,2425,-0.13788696596470967
BACKUP,2426,-0.11134986031208555
BACKUP,2427,0.038550049456094186
BACKUP,2428,-0.19849283187667335
BACKUP,2429,-0.06553440449630299
BACKUP,2430,-0.1595130693232311
BACKUP,2431,-0.15902730340841534
BACKUP,2432,-0.026194552676152238
BACKUP,2433,0.06328048005133644
BACKUP,2434,-0.09284510880591396
BACKUP,2435,-0.16928641141358816
BACKUP,2436,0.07413553670711044
BACKUP,2437,-0.106430356370082
BACKUP,2438,-0.12467533809622759
BACKUP,2439,-0.14519999022367835
BACKUP,2440,-0.04264274800323778
BACKUP,2441,0.008464138542449436
BACKUP,2442,-0.12228716930698766
BACKUP,2443,-0.10514476531634553
BACKUP,2444,0.018280056157942686
BACKUP,2445,-0.014595219157204594
BACKUP,2446,-0.02196032231886195
BACKUP,2447,0.07225358719739057
BACKUP,2448,-0.0997780198972647
BACKUP,2449,0.0911049340597527
BACKUP,2450,-0.11166604200045886
BACKUP,2451,-0.055928219020134645
BACKUP,2452,-0.16418018538621615
BACKUP,2453,0.06275700225368203
BACKUP,2454,0.11575585528014537
BACKUP,2455,-0.05359472470766561
BACKUP,2456,0.05907156302255079
BACKUP,2457,-0.11486736218485752
BACKUP,2458,-0.022098533689766744
BACKUP,2459,0.0012415706112958338
BACKUP,2460,0.021685017664504612
BACKUP,2461,-0.04422472150098457
BACKUP,2462,-0.06486408056997844
BACKUP,2463,-0.1594257552711056
BACKUP,2464,0.08913381199204212
BACKUP,2465,-0.15051075074728668
BACKUP,2466,0.11323896192652497
BACKUP,2467,-0.014544725714864227
BACKUP,2468,-0.1098130995544841
BACKUP,2469,-0.044928610917607054
BACKUP,2470,-0.004390511599922
BACKUP,2471,-0.084746280865728
BACKUP,2472,-0.14257769162960268
BACKUP,2473,-0.13787207110454727
BACKUP,2474,-0.16483210689460778
BACKUP,2475,0.03075826745494564
BACKUP,2476,-0.09950147362577026
BACKUP,2477,0.09723974673820543
BACKUP,2478,0.03720776925771524
BACKUP,2479,-0.10780718562398002
BACKUP,2480,-0.01723739134037144
BACKUP,2481,-0.053869823029134595
BACKUP,2482,-0.1274824210146546
BACKUP,2483,0.09420381591977275
BACKUP,2484,-0.07172256637786853
BACKUP,2485,0.09108072713022397
BACKUP,2486,0.15396135758058238
BACKUP,2487,0.011613791819473734
BACKUP,2488,-0.021706431980649952
BACKUP,2489,-0.07834668888342544
BACKUP,2490,0.11326461841488682
BACKUP,2491,-0.0807868690785183
BACKUP,2492,-0.057781750252702026
BACKUP,2493,-0.06121771574470462
BACKUP,2494,-0.014664750901540883
BACKUP,2495,-0.08426562124478851
BACKUP,2496,0.01125249301006162
BACKUP,2497,-0.0477255851413591
BACKUP,2498,-0.1179365395426909
BACKUP,2499,-0.08819256784986905
BACKUP,2500,-0.006559109422030244
BACKUP,2501,-0.09416504570137614
BACKUP,2502,0.011593489212936927
BACKUP,2503,-0.19806023499836647
BACKUP,2504,-0.07935877189835475
BACKUP,2505,-0.058525279050206234
BACKUP,2506,-0.10529807751573143
BACKUP,2507,-0.006557896692622484
BACKUP,2508,-0.04062917313009026
BACKUP,2509,-0.09518791440726501
BACKUP,2510,0.0012884706175092635
BACKUP,2511,0.043397234150959495
BACKUP,2512,-0.1851733106113726
BACKUP,2513,-0.11065897539803629
BACKUP,2514,0.13134629528559782
BACKUP,2515,0.01824161248887667
BACKUP,2516,0.02201438236263842
BACKUP,2517,-0.05888424499845417
BACKUP,2518,-0.08338001565170446
BACKUP,2519,0.045773455067490525
BACKUP,2520,-0.11546141232912607
BACKUP,2521,-0.00864379664769926
BACKUP,2522,0.031017306567351088
BACKUP,2523,-0.11711337305089747
BACKUP,2524,0.03183558804353129
BACKUP,2525,0.01382827326197658
BACKUP,2526,-0.06347305184540644
BACKUP,2527,-0.1665605782520299
BACKUP,2528,-0.10473168156223685
BACKUP,2529,-0.0788707111032557
BACKUP,2530,0.045627746325180484
BACKUP,2531,-0.07744816387804118
BACKUP,2532,-0.1451918823852271
BACKUP,2533,-0.11505178991738875
BACKUP,2534,-0.051059059107971795
BACKUP,2535,-0.09629434569634976
BACKUP,2536,-0.012279659910823413
BACKUP,2537,-0.0628117023444185
BACKUP,2538,0.012906705973315547
BACKUP,2539,0.06568355338146752
BACKUP,2540,-0.08743379978598578
BACKUP,2541,-0.03920119660671604
BACKUP,2542,-0.13419312005773013
BACKUP,2543,-0.04383705033260524
BACKUP,2544,-0.07117738993871509
BACKUP,2545,0.028251408624614383
BACKUP,2546,0.06679957918851882
BACKUP,2547,-0.06397147361738326
BACKUP,2548,-0.008902716500283608
BACKUP,2549,-0.06953290695487244
BACKUP,2550,-0.18218626358533965
BACKUP,2551,-0.08862596970841903
BACKUP,2552,0.14151853258391106
BACKUP,2553,-0.17686870474688673
BACKUP,2554,0.02055634467244177
BACKUP,2555,0.08420707521341757
BACKUP,2556,0.12423921324668367
BACKUP,2557,0.027429941534146563
BACKUP,2558,-0.11063029411941362
BACKUP,2559,-0.09258953104392698
BACKUP,2560,-0.12191748907898817
BACKUP,2561,-0.06686838948863187
BACKUP,2562,-0.029271978594790526
BACKUP,2563,-0.07318889973972272
BACKUP,2564,-0.03679072865065649
BACKUP,2565,0.20140705431362066
BACKUP,2566,-0.20566189291194498
BACKUP,2567,-0.059205697347622925
BACKUP,2568,-0.047890522187332
BACKUP,2569,0.09695683434516132
BACKUP,2570,-0.09285875027111985
BACKUP,2571,-0.0827248836819651
BACKUP,2572,0.1381914047003352
BACKUP,2573,0.08151678762576521
BACKUP,2574,-0.017820138485413774
BACKUP,2575,-0.08451974724840236
BACKUP,2576,0.21055549831202333
BACKUP,2577,-0.07920061058556932
BACKUP,2578,-0.09623591090611867
BACKUP,2579,-0.051661096319073486
BACKUP,2580,-0.15752536148293594
BACKUP,2581,0.09741251750489982
BACKUP,2582,0.06701643157389414
BACKUP,2583,-0.05546609553735405
BACKUP,2584,0.011938952409935887
BACKUP,2585,-0.037393218155426365
BACKUP,2586,-0.0740652060190687
BACKUP,2587,-0.1908846147898591
BACKUP,2588,-0.020287649285610086
BACKUP,2589,-0.013915716633833652
BACKUP,2590,0.12864875483924818
BACKUP,2591,-0.09629620551686563
BACKUP,2592,0.12038669907287232
BACKUP,2593,-0.08170955494268343
BACKUP,2594,0.08535568756500311
BACKUP,2595,-0.16292971782417826
BACKUP,2596,-0.07168913131710437
BACKUP,2597,-0.017401286440062533
BACKUP,2598,-0.06127375711207946
BACKUP,2599,-0.03226577547568673
BACKUP,2600,-0.049013935112489644
BACKUP,2601,-0.09315131118152128
BACKUP,2602,-0.08768086142374698
BACKUP,2603,-0.13188293958864347
BACKUP,2604,0.2483959258941621
BACKUP,2605,-0.0828546389376952
BACKUP,2606,-0.07704856442947228
BACKUP,2607,-0.005456609886341548
BACKUP,2608,-0.1283731536080722
BACKUP,2609,-0.0722741057143549
BACKUP,2610,-0.041828098397288786
BACKUP,2611,-0.018535888920127943
BACKUP,2612,-0.1370480097085202
BACKUP,2613,-0.18050849252429368
BACKUP,2614,-0.05512789073318344
BACKUP,2615,-0.07382872693919118
BACKUP,2616,-0.040669371604632375
BACKUP,2617,-0.06146068569359612
BACKUP,2618,-0.09537866331916665
BACKUP,2619,0.15631228110538975
BACKUP,2620,-0.14676712849321216
BACKUP,2621,0.0772633505642616
BACKUP,2622,-0.07163641259233292
BACKUP,2623,-0.050265304327111994
BACKUP,2624,-0.020817533467319526
BACKUP,2625,0.033068255731492864
BACKUP,2626,0.04132455932164174
BACKUP,2627,-0.06477210170773261
BACKUP,2628,-0.10845318969118443
BACKUP,2629,-0.002485356258229031
BACKUP,2630,0.08953774380884541
BACKUP,2631,0.053238623137208375
BACKUP,2632,-0.02040971963514503
BACKUP,2633,0.1395125948091283
BACKUP,2634,0.008032266532789881
BACKUP,2635,0.014087737055904463
BACKUP,2636,-0.18140410557539133
BACKUP,2637,-0.08010486484205875
BACKUP,2638,-0.10540211183404441
BACKUP,2639,-0.005183026944834118
BACKUP,2640,0.13572846799032307
BACKUP,2641,-0.004794158051813516
BACKUP,2642,0.07411709068143814
BACKUP,2643,0.06325380960957123
BACKUP,2644,-0.07902469404599405
BACKUP,2645,0.0724084985221573
BACKUP,2646,-0.034883216422144425
BACKUP,2647,-0.04533277067160286
BACKUP,2648,0.08025635971247193
BACKUP,2649,-0.04255445240496626
BACKUP,2650,-0.13114430937778904
BACKUP,2651,-0.009046642765843084
BACKUP,2652,-0.1104848970995875
BACKUP,2653,-0.08378820510731691
BACKUP,2654,0.17902033099958306
BACKUP,2655,-0.1087049982001417
BACKUP,2656,-0.0672107366532857
BACKUP,2657,0.04410930053426953
BACKUP,2658,-0.06944064494518852
BACKUP,2659,-0.0709634207619093
BACKUP,2660,0.06485623740570401
BACKUP,2661,-0.046011518722789066
BACKUP,2662,-0.047728108201172355
BACKUP,2663,0.09241215797172651
BACKUP,2664,-0.08088481995440668
BACKUP,2665,-0.05589007391343898
BACKUP,2666,-0.09009938880043915
BACKUP,2667,0.15296472537091993
BACKUP,2668,-0.12590290531747164
BACKUP,2669,-0.003482226752962598
BACKUP,2670,-0.06883738378443241
BACKUP,2671,-0.1296580592331201
BACKUP,2672,0.1207248473865636
BACKUP,2673,0.047245546390533626
BACKUP,2674,-0.06843512945862174
BACKUP,2675,-0.10694908974155266
BACKUP,2676,0.03718420830386393
BACKUP,2677,-0.1377558016660928
BACKUP,2678,-0.06719649501601316
BACKUP,2679,-0.05412503270780257
BACKUP,2680,0.2116690498739703
BACKUP,2681,-0.0424488162096305
BACKUP,2682,0.04200149333565676
BACKUP,2683,-0.020876266586456388
BACKUP,2684,-0.031512864777116956
BACKUP,2685,-0.09973728415752318
BACKUP,2686,-0.033202803887699577
BACKUP,2687,-0.03938239515384286
BACKUP,2688,-0.12336391577304755
BACKUP,2689,-0.15818609370215012
BACKUP,2690,0.007360369448788332
BACKUP,2691,-0.11470543241481676
BACKUP,2692,-0.06908654284626531
BACKUP,2693,0.08805284660416678
BACKUP,2694,0.11847972506445184
BACKUP,2695,0.015492896002269515
BACKUP,2696,-0.13648209460095584
BACKUP,2697,0.06262317680298675
BACKUP,2698,-0.07209727816866661
BACKUP,2699,-0.20563151305461264
BACKUP,2700,-0.1304568168361457
BACKUP,2701,-0.058678496000509145
BACKUP,2702,0.09751691694870536
BACKUP,2703,0.03437880343540059
BACKUP,2704,-0.003540511472378527
BACKUP,2705,-0.019795744822020827
BACKUP,2706,-0.012984875158620566
BACKUP,2707,-0.03177375963803272
BACKUP,2708,0.02236713855099636
BACKUP,2709,0.0013313138475483197
BACKUP,2710,-0.025314552326519163
BACKUP,2711,-0.10918364047385437
BACKUP,2712,0.055629120507172766
BACKUP,2713,-0.039661364103132195
BACKUP,2714,-0.19599653010904822
BACKUP,2715,-0.01853514148297193
BACKUP,2716,0.11278670678173838
BACKUP,2717,-0.03207962017077801
BACKUP,2718,-0.13727202248381917
BACKUP,2719,-0.12239531058680489
BACKUP,2720,-0.14940552156654963
BACKUP,2721,0.01647912147781322
BACKUP,2722,-0.10418984098714273
BACKUP,2723,-0.0486052081212323
BACKUP,2724,-0.13428708735445752
BACKUP,2725,-0.1697681716710145
BACKUP,2726,-0.1115699683014856
BACKUP,2727,-0.13773697006805766
BACKUP,2728,0.04679779290490029
BACKUP,2729,-0.09786907010827871
BACKUP,2730,-0.0807186360812604
BACKUP,2731,0.10016562503931686
BACKUP,2732,-0.031285929704131854
BACKUP,2733,-0.08369677042957234
BACKUP,2734,-0.003945346198592761
BACKUP,2735,0.06487914647070799
BACKUP,2736,-0.058314937186609045
BACKUP,2737,-0.0012687566480729788
BACKUP,2738,-0.17775442946218228
BACKUP,2739,0.06265649693263634
BACKUP,2740,-0.0859420660030005
BACKUP,2741,-0.08396517464859025
BACKUP,2742,0.04388898206230026
BACKUP,2743,-0.13479291260533732
BACKUP,2744,0.06295324137922706
BACKUP,2745,-0.05007789386828065
BACKUP,2746,-0.12152286577292992
BACKUP,2747,-0.11205559333371697
BACKUP,2748,0.12619863941613865
BACKUP,2749,-0.08285395275668465
BACKUP,2750,-0.11641857918246247
BACKUP,2751,0.1010923245712711
BACKUP,2752,-0.09147959288323197
BACKUP,2753,-0.08522973065459452
BACKUP,2754,0.05965125581120392
BACKUP,2755,-0.12576607534519932
BACKUP,2756,-0.10987439791847513
BACKUP,2757,-0.022005839931269054
BACKUP,2758,-0.11853497681443635
BACKUP,2759,-0.17542698484403757
BACKUP,2760,-0.10425699497869183
BACKUP,2761,0.06329579411918272
BACKUP,2762,-0.15661271343996142
BACKUP,2763,0.051415460738616706
BACKUP,2764,0.0006201959227209621
BACKUP,2765,-0.10434645945990748
BACKUP,2766,-0.08765424928699574
BACKUP,2767,-0.1357208587869648
BACKUP,2768,-0.05667473803891629
BACKUP,2769,-0.04802613636279841
BACKUP,2770,-0.0771027587388371
BACKUP,2771,-0.037563845451398195
BACKUP,2772,-0.08025492675885515
BACKUP,2773,-0.1209269540175223
BACKUP,2774,-0.05984229397469595
BACKUP,2775,-0.16002735444477423
BACKUP,2776,-0.14042280193431111
BACKUP,2777,0.08553248232668666
BACKUP,2778,-0.049823991062599465
BACKUP,2779,0.002515079347214473
BACKUP,2780,-0.05350894383112096
BACKUP,2781,0.010387850959752462
BACKUP,2782,0.026626770136296704
BACKUP,2783,-0.1041311977883541
BACKUP,2784,0.00846838074470384
BACKUP,2785,-0.025542698911562738
BACKUP,2786,0.07246138390079067
BACKUP,2787,-0.07089943218956823
BACKUP,2788,0.0017339653957430816
BACKUP,2789,-0.10873682053702352
BACKUP,2790,-0.05048367394299929
BACKUP,2791,-0.042433265547962985
BACKUP,2792,-0.06125531161291167
BACKUP,2793,0.13351002809975454
BACKUP,2794,-0.166962005388815
BACKUP,2795,0.21664413317469494
BACKUP,2796,-0.0788730230206531
BACKUP,2797,0.09006228598090962
BACKUP,2798,-0.039217121777703694
BACKUP,2799,-0.1560315569881603
BACKUP,2800,-0.026441554726166112
BACKUP,2801,0.0230376150648081
BACKUP,2802,0.042972365127851686
BACKUP,2803,0.13097073574425713
BACKUP,2804,0.040287780001636686
BACKUP,2805,-0.10184456086237884
BACKUP,2806,-0.06959889146276912
BACKUP,2807,-0.1267321171166736
BACKUP,2808,0.030889791242870102
BACKUP,2809,0.17194287574647618
BACKUP,2810,0.1888358102198735
BACKUP,2811,-0.1010425769900316
BACKUP,2812,-0.07886464168327323
BACKUP,2813,0.003785041192296972
BACKUP,2814,0.11862024355744238
BACKUP,2815,0.12088704970516187
BACKUP,2816,-0.1637196836739193
BACKUP,2817,-0.0010661819258509237
BACKUP,2818,0.13071500563442487
BACKUP,2819,-0.13477473394989054
BACKUP,2820,0.01947507689901939
BACKUP,2821,0.07008092541434564
BACKUP,2822,-0.08926183897398025
BACKUP,2823,0.009298412410393463
BACKUP,2824,0.006847903792296625
BACKUP,2825,-0.10946311686336153
BACKUP,2826,-0.04122240891205225
BACKUP,2827,-0.03616450041545385
BACKUP,2828,0.01930978580426524
BACKUP,2829,-0.09740571579310608
BACKUP,2830,-0.1460995761974605
BACKUP,2831,-0.1398576169422548
BACKUP,2832,-0.07090251967691609
BACKUP,2833,-0.09296613566246027
BACKUP,2834,0.004470127715201219
BACKUP,2835,-0.043129399326669954
BACKUP,2836,-0.019799219059725506
BACKUP,2837,-0.06835710496939795
BACKUP,2838,0.007436875505856619
BACKUP,2839,-0.09898440100321548
BACKUP,2840,-0.09085197519364276
BACKUP,2841,0.03321262626616306
BACKUP,2842,-0.06354436984096519
BACKUP,2843,-0.03432330922438832
BACKUP,2844,0.08734749073629322
BACKUP,2845,-0.18028055079690516
BACKUP,2846,-0.07044034227379539
BACKUP,2847,-0.013141257234754896
BACKUP,2848,-0.15032003508185637
BACKUP,2849,0.001462512865804702
BACKUP,2850,0.19040589108078612
BACKUP,2851,0.01404687693241102
BACKUP,2852,-0.0969877749004633
BACKUP,2853,0.017688847409616085
BACKUP,2854,-0.11464298665560926
BACKUP,2855,-0.046865503412440584
BACKUP,2856,-0.08259196520506869
BACKUP,2857,-0.09828881863870094
BACKUP,2858,-0.1013277099824897
BACKUP,2859,0.0666609880483992
BACKUP,2860,0.026666093533467935
BACKUP,2861,-0.010649597351729729
BACKUP,2862,0.19969516359413222
BACKUP,2863,-0.041322893380540515
BACKUP,2864,-0.05736014345187913
BACKUP,2865,-0.10890170631248726
BACKUP,2866,-0.016607273812822274
BACKUP,2867,-0.1911811086605014
BACKUP,2868,0.10087247129954084
BACKUP,2869,-0.04880335696276796
BACKUP,2870,-0.09508148867510784
BACKUP,2871,-0.10602907678958882
BACKUP,2872,-0.09437521392258279
BACKUP,2873,-0.11762945206167079
BACKUP,2874,0.01602644154951429
BACKUP,2875,-0.10563274699123174
BACKUP,2876,-0.01712932557739414
BACKUP,2877,0.025873497154045858
BACKUP,2878,-0.04964255185225682
BACKUP,2879,-0.09051593283964111
BACKUP,2880,0.02433119584509649
BACKUP,2881,-0.04390016116474369
BACKUP,2882,-0.09095667350902115
BACKUP,2883,-0.08874504437179857
BACKUP,2884,-0.12574591421075643
BACKUP,2885,-0.1856112777522304
BACKUP,2886,-0.10020958512501306
BACKUP,2887,-0.08618526401368452
BACKUP,2888,0.08061337433784116
BACKUP,2889,-0.013503860176854355
BACKUP,2890,-0.08048070309441797
BACKUP,2891,-0.035548375195181725
BACKUP,2892,-0.1767137406257851
BACKUP,2893,-0.01662940269112365
BACKUP,2894,-0.13556685505873817
BACKUP,2895,0.02877567102834069
BACKUP,2896,0.017352370576735998
BACKUP,2897,-0.02292253201508918
BACKUP,2898,-0.04125049179788143
BACKUP,2899,0.16009319971786162
BACKUP,2900,-0.014234027616869914
BACKUP,2901,-0.13066794822756694
BACKUP,2902,-0.13291149424745627
BACKUP,2903,-0.03759178509217092
BACKUP,2904,-0.126639021453534
BACKUP,2905,0.026681377525491864
BACKUP,2906,-0.11809926477332275
BACKUP,2907,-0.13000054480481174
BACKUP,2908,-0.07467486731890616
BACKUP,2909,-0.19484747392276144
BACKUP,2910,0.0065942037112515905
BACKUP,2911,-0.20752476174083737
BACKUP,2912,-0.0811141519361858
BACKUP,2913,-0.11365131612421109
BACKUP,2914,-0.17670545195779877
BACKUP,2915,0.002389136562668885
BACKUP,2916,0.030737305873973962
BACKUP,2917,-0.05599220612851699
BACKUP,2918,0.10414305209496755
BACKUP,2919,-0.04741556623012432
BACKUP,2920,0.031407387089320185
BACKUP,2921,-0.043056438385917585
BACKUP,2922,-0.04948111576792904
BACKUP,2923,-0.11231438200713635
BACKUP,2924,-0.14868364457288533
BACKUP,2925,-0.002398174547146798
BACKUP,2926,0.1016567226250382
BACKUP,2927,-0.041927890854813125
BACKUP,2928,0.18956966254571322
BACKUP,2929,-0.16482443034570116
BACKUP,2930,-0.1053696461712289
BACKUP,2931,-0.06902080559275385
BACKUP,2932,-0.15876898595135472
BACKUP,2933,-0.012208598150992605
BACKUP,2934,-0.11214785780876271
BACKUP,2935,0.11813682664830795
BACKUP,2936,-0.03670478074568092
BACKUP,2937,0.1023826464338062
BACKUP,2938,0.0350148206078767
BACKUP,2939,-0.07439911289400802
BACKUP,2940,0.14740897455630259
BACKUP,2941,-0.06456931794554555
BACKUP,2942,-0.10982446218089695
BACKUP,2943,-0.15199662394649682
BACKUP,2944,0.016764677865650876
BACKUP,2945,-0.08676072475761323
BACKUP,2946,-0.018718226582003793
BACKUP,2947,-0.05664025708681428
BACKUP,2948,0.10590282124514562
BACKUP,2949,-0.05514238308175365
BACKUP,2950,-0.09305005889384091
BACKUP,2951,-0.031004545129193855
BACKUP,2952,-0.024633103950636184
BACKUP,2953,0.04933416813031596
BACKUP,2954,0.025622487046536226
BACKUP,2955,-0.02778425883649313
BACKUP,2956,-0.04039109336956861
BACKUP,2957,-0.005274004836505026
BACKUP,2958,-0.11282118143447549
BACKUP,2959,-0.08744987259431967
BACKUP,2960,0.05551736389969522
BACKUP,2961,-0.0902254427773113
BACKUP,2962,-0.05105409969369538
BACKUP,2963,-0.029396519438896453
BACKUP,2964,0.011491143005755293
BACKUP,2965,-0.10040386992844419
BACKUP,2966,-0.06299882901614196
BACKUP,2967,0.02719084457578292
BACKUP,2968,0.0012985340240439826
BACKUP,2969,-0.20410193508877372
BACKUP,2970,-0.06007653432059912
BACKUP,2971,-0.03191034294323082
BACKUP,2972,-0.12578507915889128
BACKUP,2973,-0.03382306589006444
BACKUP,2974,-0.06464146990599233
BACKUP,2975,0.08828688626228735
BACKUP,2976,-0.11557424532590559
BACKUP,2977,-0.09343298659055949
BACKUP,2978,-0.0304064386802488
BACKUP,2979,-0.04105179775639167
BACKUP,2980,-0.001316172622580981
BACKUP,2981,-0.012018479331198723
BACKUP,2982,0.04603366933507934
BACKUP,2983,0.10431435843484892
BACKUP,2984,-0.14699567396052435
BACKUP,2985,-0.056448394934132694
BACKUP,2986,-0.05771236845203609
BACKUP,2987,-0.07764379621558948
BACKUP,2988,-0.04496061988968975
BACKUP,2989,0.0192611108328468
BACKUP,2990,-0.027912899236683983
BACKUP,2991,-0.08791041361595826
BACKUP,2992,-0.12716620319380892
BACKUP,2993,-0.09448647907987513
BACKUP,2994,0.1673446810435046
BACKUP,2995,-0.14175580911850585
BACKUP,2996,0.0012940507015618769
BACKUP,2997,-0.12861067867544482
BACKUP,2998,0.00940923597526057
BACKUP,2999,-0.05863029564338049
BACKUP,3000,0.00814538718292563
BACKUP,3001,-0.03738733512463754
BACKUP,3002,-0.11589247658639994
BACKUP,3003,-0.05880947317252148
BACKUP,3004,-0.0851540958589574
BACKUP,3005,-0.0970238158672206
BACKUP,3006,0.10582653021179038
BACKUP,3007,-0.14901784804870008
BACKUP,3008,-0.09825648124390217
BACKUP,3009,-0.10960604690994454
BACKUP,3010,0.16985106498341304
BACKUP,3011,-0.07064673100880728
BACKUP,3012,-0.10213237984127549
BACKUP,3013,0.054281309843849705
BACKUP,3014,0.09524350364310863
BACKUP,3015,-0.10085747011970417
BACKUP,3016,-0.02023679877773071
BACKUP,3017,-0.01945140231672297
BACKUP,3018,-0.0672289562597693
BACKUP,3019,0.03663553297874709
BACKUP,3020,-0.0421831862289989
BACKUP,3021,-0.09525431325900208
BACKUP,3022,0.054666542138058445
BACKUP,3023,-0.10099243468020871
BACKUP,3024,-0.021916088860779927
BACKUP,3025,-0.06867768362412612
BACKUP,3026,-0.061272859011921574
BACKUP,3027,-0.06225435974600119
BACKUP,3028,-0.06086873724956392
BACKUP,3029,-0.03643410702367954
BACKUP,3030,-0.08944096330298797
BACKUP,3031,-0.02337154109573055
BACKUP,3032,-0.0884391250857023
BACKUP,3033,-0.10938201769765497
BACKUP,3034,-0.0239520253677972
BACKUP,3035,-0.05259380559560804
BACKUP,3036,-0.10195559706829586
BACKUP,3037,0.05689461155126554
BACKUP,3038,-0.17864040263857386
BACKUP,3039,-0.034349216169694906
BACKUP,3040,-0.047489577107265604
BACKUP,3041,-0.15869281412767375
BACKUP,3042,0.06661244513370258
BACKUP,3043,-0.1148381725875135
BACKUP,3044,0.043004674007870815
BACKUP,3045,-0.21454938862441153
BACKUP,3046,-0.13671017989782355
BACKUP,3047,-0.04968619714970505
BACKUP,3048,-0.07144641102260325
BACKUP,3049,-0.05239577508849581
BACKUP,3050,0.009720550255014152
BACKUP,3051,0.054329599704755996
BACKUP,3052,-0.011117184850672016
BACKUP,3053,0.013631190848413077
BACKUP,3054,-0.16721812994599797
BACKUP,3055,-0.21846810199567426
BACKUP,3056,-0.1107016191953718
BACKUP,3057,-0.13340520103737358
BACKUP,3058,-0.16900131693104745
BACKUP,3059,0.12219980099263841
BACKUP,3060,-0.15873525410895162
BACKUP,3061,-0.15608545141223099
BACKUP,3062,-0.027712724715115405
BACKUP,3063,-0.07179174073531684
BACKUP,3064,-0.19799695107892204
BACKUP,3065,0.017174136158554083
BACKUP,3066,-0.06496454146151592
BACKUP,3067,-0.1277696131838371
BACKUP,3068,0.09271793542966256
BACKUP,3069,-0.07619716805598248
BACKUP,3070,-0.2170566881073143
BACKUP,3071,-0.05780258505522602
BACKUP,3072,0.09760237828110825
BACKUP,3073,-0.13247706451212332
BACKUP,3074,-0.16686610334020865
BACKUP,3075,-0.050554963783650535
BACKUP,3076,-0.0013768902355643668
BACKUP,3077,-0.06525754505381869
BACKUP,3078,-0.09617377853503636
BACKUP,3079,-0.08464420851723767
BACKUP,3080,-0.1279850393624973
BACKUP,3081,-0.08885433813315533
BACKUP,3082,-0.019677976375739998
BACKUP,3083,-0.08490373286542936
BACKUP,3084,-0.046917395382795504
BACKUP,3085,-0.08765793399420567
BACKUP,3086,-0.10419867308217948
BACKUP,3087,0.006338137242770557
BACKUP,3088,-0.046645285288688554
BACKUP,3089,0.08931088334738511
BACKUP,3090,-0.031535703762623664
BACKUP,3091,0.024488195772417416
BACKUP,3092,0.004266971482702212
BACKUP,3093,-0.047185626553729126
BACKUP,3094,-0.09707879892455636
BACKUP,3095,0.024222777593249367
BACKUP,3096,0.01359282273313867
BACKUP,3097,0.07076937880617616
BACKUP,3098,-0.16828876879728846
BACKUP,3099,-0.007023685721327961
BACKUP,3100,-0.06494559739973492
BACKUP,3101,-0.1128727508956844
BACKUP,3102,-0.006458483719689846
BACKUP,3103,0.06000813834161281
BACKUP,3104,0.01509680201094003
BACKUP,3105,-0.07160743465855839
BACKUP,3106,0.01657458487002611
BACKUP,3107,0.13243188435928363
BACKUP,3108,0.005691963244388718
BACKUP,3109,0.021733744436272632
BACKUP,3110,0.02397790330799287
BACKUP,3111,-0.08803910304590745
BACKUP,3112,-0.11791175372433431
BACKUP,3113,0.14923187608886568
BACKUP,3114,-0.027910788059313508
BACKUP,3115,-0.0756994153839405
BACKUP,3116,0.06039180258829313
BACKUP,3117,-0.12194289916759653
BACKUP,3118,-0.02083329151036149
BACKUP,3119,0.02652327849112798
BACKUP,3120,-0.18961361240459787
BACKUP,3121,-0.03702125162418427
BACKUP,3122,-0.11569915779394478
BACKUP,3123,-0.14013079522829638
BACKUP,3124,-0.15238712422630518
BACKUP,3125,-0.06820362704100093
BACKUP,3126,-0.08539864989677846
BACKUP,3127,-0.050861308525742624
BACKUP,3128,-0.022307433301783273
BACKUP,3129,-0.09456338122229287
BACKUP,3130,-0.17865879167214488
BACKUP,3131,-0.16619365133853306
BACKUP,3132,-0.14951552994485237
BACKUP,3133,-0.037956432554127076
BACKUP,3134,0.05697328523039694
BACKUP,3135,-0.04138981686279567
BACKUP,3136,-0.07829475597843473
BACKUP,3137,-0.026262599469624396
BACKUP,3138,-0.088833987199135
BACKUP,3139,-0.12429006912766521
BACKUP,3140,-0.012590364615716616
BACKUP,3141,-0.07259863048824969
BACKUP,3142,-0.015796538609600168
BACKUP,3143,0.005694483434578582
BACKUP,3144,-0.18467698175042546
BACKUP,3145,-0.04550832631577081
BACKUP,3146,-0.04684423519239893
BACKUP,3147,-0.05524142244417171
BACKUP,3148,-0.1718176220120793
BACKUP,3149,-0.003467268581581309
BACKUP,3150,0.027999341891109655
BACKUP,3151,-0.037854134119775014
BACKUP,3152,-0.09119307489385385
BACKUP,3153,-0.0557373831587964
BACKUP,3154,-0.036363377010194174
BACKUP,3155,-0.08063790614057051
BACKUP,3156,-0.034068263206202244
BACKUP,3157,-0.07729871104082868
BACKUP,3158,0.028577779862309794
BACKUP,3159,-0.09363501842052448
BACKUP,3160,-0.035558403640430926
BACKUP,3161,-0.053623700611265375
BACKUP,3162,0.16521269266708188
BACKUP,3163,-0.12183956333263851
BACKUP,3164,0.035795445420278585
BACKUP,3165,-0.0008196689142152333
BACKUP,3166,-0.09553348259939395
BACKUP,3167,-0.10097343043111766
BACKUP,3168,-0.09214693169710601
BACKUP,3169,-0.18477765159136442
BACKUP,3170,-0.0381217385757198
BACKUP,3171,-0.11236803381005565
BACKUP,3172,-0.017419865640061004
BACKUP,3173,-0.10920242758360209
BACKUP,3174,0.1020165528395746
BACKUP,3175,-0.16115927565590338
BACKUP,3176,-0.04458155027493145
BACKUP,3177,-0.06533513645117013
BACKUP,3178,-0.09831123641861834
BACKUP,3179,-0.07051352064012914
BACKUP,3180,-0.20640276804990879
BACKUP,3181,-0.09315748735015
BACKUP,3182,-0.02982317099542982
BACKUP,3183,-0.05978137341595482
BACKUP,3184,0.02992414275355934
BACKUP,3185,-0.1235849585261698
BACKUP,3186,-0.0903363037153607
BACKUP,3187,-0.010533649212143736
BACKUP,3188,-0.08566754531113101
BACKUP,3189,-0.05522037049756981
BACKUP,3190,-0.041148989952442774
BACKUP,3191,-0.11577312218555832
BACKUP,3192,0.02448916227397769
BACKUP,3193,0.04169607761522102
BACKUP,3194,-0.008046951595444147
BACKUP,3195,-0.15195049303091349
BACKUP,3196,0.060397884880784854
BACKUP,3197,-0.035924656694153116
BACKUP,3198,-0.11759655020945511
BACKUP,3199,-0.21691988332933604
BACKUP,3200,-0.12765865962022993
BACKUP,3201,0.18834068591974135
BACKUP,3202,-0.003574217721570853
BACKUP,3203,0.0005686346750051575
BACKUP,3204,-0.01503117760426638
BACKUP,3205,-0.034498822613374745
BACKUP,3206,0.00721432020839884
BACKUP,3207,-0.14819058095788046
BACKUP,3208,-0.14056125819020143
BACKUP,3209,0.06902167884368432
BACKUP,3210,0.06517171152083161
BACKUP,3211,-0.110762994491249
BACKUP,3212,-0.19074039402409035
BACKUP,3213,-0.05717432566225017
BACKUP,3214,-0.10682091990861854
BACKUP,3215,-0.17829392842709046
BACKUP,3216,-0.012844296752153718
BACKUP,3217,-0.15443389886692194
BACKUP,3218,-0.08666051583168194
BACKUP,3219,-0.13671857653466832
BACKUP,3220,-0.18607646684678864
BACKUP,3221,-0.0299002503629284
BACKUP,3222,-0.003951893421637641
BACKUP,3223,0.062246321546987574
BACKUP,3224,-0.14521275388624205
BACKUP,3225,-0.13025372410259597
BACKUP,3226,-0.1075306203602124
BACKUP,3227,-0.05672763469584705
BACKUP,3228,-0.21851843574486754
BACKUP,3229,0.060973235771045964
BACKUP,3230,-0.060888112122906506
BACKUP,3231,0.07282191299058528
BACKUP,3232,-0.1292197658437742
BACKUP,3233,0.0065256949521221375
BACKUP,3234,-0.2015739673683795
BACKUP,3235,0.04410576698912689
BACKUP,3236,-0.21152014531473726
BACKUP,3237,0.1331400604898402
BACKUP,3238,0.16000032428329491
BACKUP,3239,-0.05175961779101339
BACKUP,3240,0.12578315372078452
BACKUP,3241,0.03630362804550776
BACKUP,3242,-0.19348994576475123
BACKUP,3243,0.1571529615439091
BACKUP,3244,-0.08757860203306056
BACKUP,3245,-0.12077590748177947
BACKUP,3246,-0.04011860578769659
BACKUP,3247,-0.14938296426974096
BACKUP,3248,0.20542090571496938
BACKUP,3249,-0.08216239928237594
BACKUP,3250,-0.1293798957302136
BACKUP,3251,0.012869874708878551
BACKUP,3252,-0.04761057899610733
BACKUP,3253,-0.07015330251162578
BACKUP,3254,0.008231288096929985
BACKUP,3255,-0.09135804351097172
BACKUP,3256,-0.1130211822303687
BACKUP,3257,-0.12313433490062956
BACKUP,3258,-0.14701802028980138
BACKUP,3259,-0.10409057255931135
BACKUP,3260,-0.18167821872453813
BACKUP,3261,0.05354504890357441
BACKUP,3262,0.04297688767963739
BACKUP,3263,-0.06380777533748076
BACKUP,3264,-0.059775960569214706
BACKUP,3265,-0.2353895060906641
BACKUP,3266,-0.11308487276834674
BACKUP,3267,0.1302745624035022
BACKUP,3268,-0.048902658968344254
BACKUP,3269,-0.10915127568300258
BACKUP,3270,0.03185659318883692
BACKUP,3271,0.10711983145296528
BACKUP,3272,-0.11280311517928764
BACKUP,3273,0.023481854462355418
BACKUP,3274,-0.12905357995057268
BACKUP,3275,0.022577051179575508
BACKUP,3276,-0.011163884953600337
BACKUP,3277,0.03195798949992965
BACKUP,3278,-0.15203210539337206
BACKUP,3279,-0.09116545039874487
BACKUP,3280,-0.0983767807595515
BACKUP,3281,-0.06932934835618103
BACKUP,3282,0.030700546165533773
BACKUP,3283,-0.08234923848836209
BACKUP,3284,-0.12632883705805256
BACKUP,3285,-0.0542587758972122
BACKUP,3286,0.13317812862694262
BACKUP,3287,-0.049442058422799466
BACKUP,3288,0.08895438288374587
BACKUP,3289,-0.09327426984144026
BACKUP,3290,-0.06678182020364774
BACKUP,3291,-0.0975243703245978
BACKUP,3292,-0.027014536687209493
BACKUP,3293,0.0927082196155096
BACKUP,3294,-0.1722216780977198
BACKUP,3295,-0.11798864537165887
BACKUP,3296,-0.12547107062060922
BACKUP,3297,-0.036155676827196906
BACKUP,3298,0.04240524696225098
BACKUP,3299,0.0507722769321842
BACKUP,3300,-0.00850279059480811
BACKUP,3301,-0.1746395585628739
BACKUP,3302,-0.08650463052806244
BACKUP,3303,-0.16180532912771034
BACKUP,3304,-0.022670697353946626
BACKUP,3305,0.03934009766010813
BACKUP,3306,-0.013717692075396195
BACKUP,3307,-0.20266673445122113
BACKUP,3308,0.05210601749357821
BACKUP,3309,-0.0840203317088571
BACKUP,3310,0.12823399098561655
BACKUP,3311,0.025830001672416576
BACKUP,3312,-0.009595525815790781
BACKUP,3313,0.0672861543644924
BACKUP,3314,-0.05462231660616909
BACKUP,3315,-0.07337580566951137
BACKUP,3316,-0.11188238818471902
BACKUP,3317,0.014286317180217186
BACKUP,3318,-0.017734452187756
BACKUP,3319,-0.019405568399302478
BACKUP,3320,0.07960092029093416
BACKUP,3321,-0.0912123568176957
BACKUP,3322,-0.03834710349207746
BACKUP,3323,0.07205181237767745
BACKUP,3324,-0.06028135884877932
BACKUP,3325,-0.08389396940340763
BACKUP,3326,-0.030052917189083643
BACKUP,3327,-0.09921379711306902
BACKUP,3328,0.10080634653549245
BACKUP,3329,-0.15819018156500025
BACKUP,3330,-0.14148991931976362
BACKUP,3331,-0.06367626217818947
BACKUP,3332,-0.047648489151176365
BACKUP,3333,-0.008569174693791743
BACKUP,3334,0.1273618943609598
BACKUP,3335,0.045684134718976595
BACKUP,3336,-0.08337772137125027
BACKUP,3337,-0.12172974161702219
BACKUP,3338,0.005080332510199292
BACKUP,3339,0.07764844656940911
BACKUP,3340,0.007878090406340427
BACKUP,3341,-0.0995999918845527
BACKUP,3342,0.08494314980786011
BACKUP,3343,0.1314504859918492
BACKUP,3344,0.13041633441626965
BACKUP,3345,-0.0883381144982516
BACKUP,3346,-0.11807077620851823
BACKUP,3347,-0.03496549610503471
BACKUP,3348,-0.0006701640780281231
BACKUP,3349,-0.07160493861924806
BACKUP,3350,-0.05451575924407544
BACKUP,3351,-0.10851548708342106
BACKUP,3352,-0.08201509079294254
BACKUP,3353,0.017705077092010506
BACKUP,3354,-0.12911436922726044
BACKUP,3355,0.048463507375147825
BACKUP,3356,-0.04789816046433433
BACKUP,3357,-0.0820609910570184
BACKUP,3358,0.18966834221408502
BACKUP,3359,0.03297382746892488
BACKUP,3360,0.12978692914751816
BACKUP,3361,-0.018208258478588795
BACKUP,3362,-0.05879132706293169
BACKUP,3363,-0.03370737189114913
BACKUP,3364,0.15570315871058382
BACKUP,3365,0.09189521549916208
BACKUP,3366,-0.014781668757659107
BACKUP,3367,0.14680120926851045
BACKUP,3368,-0.09715434286044967
BACKUP,3369,-0.1228311805263386
BACKUP,3370,-0.030271587841305205
BACKUP,3371,-0.08991620479006818
BACKUP,3372,-0.04821458491615164
BACKUP,3373,-0.11242752891469038
BACKUP,3374,0.03431271590641071
BACKUP,3375,-0.09184615587386642
BACKUP,3376,0.05577913048233936
BACKUP,3377,-0.13820027658000275
BACKUP,3378,-0.18692501595964278
BACKUP,3379,0.04639012781938292
BACKUP,3380,-0.06282120674287828
BACKUP,3381,-0.08717580638654981
BACKUP,3382,-0.06625133361591713
BACKUP,3383,0.04108130662301714
BACKUP,3384,-0.1373830172970335
BACKUP,3385,-0.10478506675446349
BACKUP,3386,-0.20464612106860144
BACKUP,3387,-0.11816379858480627
BACKUP,3388,-0.13961849109495808
BACKUP,3389,-0.15827216703819053
BACKUP,3390,0.008283263704818012
BACKUP,3391,-0.12732259292709652
BACKUP,3392,-0.03369391726004296
BACKUP,3393,-0.1202049989349232
BACKUP,3394,-0.1426634306761785
BACKUP,3395,-0.08308542371643761
BACKUP,3396,0.08938907789148541
BACKUP,3397,0.09191638796178861
BACKUP,3398,-0.09581886467005249
BACKUP,3399,-0.11090982584684161
BACKUP,3400,-0.1107223326556233
BACKUP,3401,0.12148086573601158
BACKUP,3402,-0.10237466760405549
BACKUP,3403,-0.17987052578424995
BACKUP,3404,-0.03960189221390146
BACKUP,3405,-0.05277146681490355
BACKUP,3406,-0.07982730588179746
BACKUP,3407,-0.07623754357993894
BACKUP,3408,-0.04030413411168395
BACKUP,3409,0.07677474875410088
BACKUP,3410,-0.19083824563374494
BACKUP,3411,-0.012740918328432573
BACKUP,3412,-0.06640899958547378
BACKUP,3413,-0.057861607608376955
BACKUP,3414,-0.11123546514137529
BACKUP,3415,-0.15142642853999422
BACKUP,3416,-0.08878918223417225
BACKUP,3417,-0.1245328989959743
BACKUP,3418,-0.11723450141636486
BACKUP,3419,-0.10268672684287852
BACKUP,3420,-0.0739415254167863
BACKUP,3421,0.2339218593129939
BACKUP,3422,-0.06754680624207142
BACKUP,3423,0.0003616336936232788
BACKUP,3424,-0.16858399171940483
BACKUP,3425,-0.13527039487786896
BACKUP,3426,0.0007970722734638068
BACKUP,3427,0.14755946007314888
BACKUP,3428,-0.06663209248288618
BACKUP,3429,-0.03953141197916885
BACKUP,3430,-0.12430553596303283
BACKUP,3431,-0.15416473939661993
BACKUP,3432,0.08079827111002706
BACKUP,3433,-0.03270122333430629
BACKUP,3434,0.026066868265133075
BACKUP,3435,0.13096936916701046
BACKUP,3436,-0.11734590974375483
BACKUP,3437,0.06132734601278129
BACKUP,3438,-0.16753315313259212
BACKUP,3439,-0.05136017153899063
BACKUP,3440,-0.12288154615789065
BACKUP,3441,-0.08683990900087005
BACKUP,3442,0.13439638314590105
BACKUP,3443,-0.06111177295463669
BACKUP,3444,-0.1523916804158928
BACKUP,3445,0.16560891343384862
BACKUP,3446,-0.011496238146858715
BACKUP,3447,-0.0691083969277582
BACKUP,3448,-0.13769950203868433
BACKUP,3449,-0.14332150990584286
BACKUP,3450,0.05871403689345076
BACKUP,3451,0.0538922416499239
BACKUP,3452,-0.07149378127963492
BACKUP,3453,-0.018960935866045674
BACKUP,3454,-0.06063314901628087
BACKUP,3455,-0.08146757356699565
BACKUP,3456,-0.0898168247168806
BACKUP,3457,-0.05091862854439067
BACKUP,3458,-0.015622795619984779
BACKUP,3459,-0.05414333458435455
BACKUP,3460,-0.09900077551417849
BACKUP,3461,-0.006601235998237906
BACKUP,3462,0.09561111669449707
BACKUP,3463,0.041387154556628516
BACKUP,3464,-0.08880974690974455
BACKUP,3465,-0.13657675573078187
BACKUP,3466,0.12297997476535234
BACKUP,3467,-0.027015999235972404
BACKUP,3468,-0.09184547383397508
BACKUP,3469,-0.15854584113417067
BACKUP,3470,-0.056053463246777395
BACKUP,3471,0.0030785569895120423
BACKUP,3472,0.026255072389138753
BACKUP,3473,-0.08168914576160446
BACKUP,3474,-0.0016916381339577978
BACKUP,3475,0.08644688910230625
BACKUP,3476,-0.07717975339414974
BACKUP,3477,-0.1660314427149108
BACKUP,3478,-0.17819339847586765
BACKUP,3479,-0.023038660552318502
BACKUP,3480,0.1346917554450354
BACKUP,3481,-0.03770222218295963
BACKUP,3482,-0.1579894265378932
BACKUP,3483,-0.02600671181345022
BACKUP,3484,-0.055014285806433284
BACKUP,3485,-0.029362412925091622
BACKUP,3486,0.16538969903598735
BACKUP,3487,-0.1301795300789381
BACKUP,3488,0.01886987652916136
BACKUP,3489,-0.00814430749090176
BACKUP,3490,0.0002896888205167529
BACKUP,3491,-0.06486784519391663
BACKUP,3492,0.08311477883046216
BACKUP,3493,-0.06006675991512817
BACKUP,3494,-0.16243867860996555
BACKUP,3495,-0.09544805419697144
BACKUP,3496,-0.060022680919017975
BACKUP,3497,-0.1184208724038058
BACKUP,3498,0.012733039093638345
BACKUP,3499,-0.10374454148988928
BACKUP,3500,-0.11974534574321778
BACKUP,3501,0.0018803346930649732
BACKUP,3502,0.005737219451468901
BACKUP,3503,-0.15896765757511847
BACKUP,3504,-0.022619799410685645
BACKUP,3505,-0.1293441040744233
BACKUP,3506,-0.04932637848623915
BACKUP,3507,-0.1428065518377962
BACKUP,3508,-0.1873397263772225
BACKUP,3509,-0.1737014217879676
BACKUP,3510,-0.16331879168271013
BACKUP,3511,0.0575890337554478
BACKUP,3512,0.23196402950576264
BACKUP,3513,0.00634129973210351
BACKUP,3514,-0.09072081537215056
BACKUP,3515,-0.19330621899899303
BACKUP,3516,-0.04884349970058833
BACKUP,3517,-0.028179636275109842
BACKUP,3518,0.0682804989229166
BACKUP,3519,-0.1666390700696415
BACKUP,3520,0.002274090826754278
BACKUP,3521,-0.12854455157744915
BACKUP,3522,0.07041980316706781
BACKUP,3523,-0.07391799282699045
BACKUP,3524,-0.030688431499536442
BACKUP,3525,0.14004807091892188
BACKUP,3526,-0.06650087048535032
BACKUP,3527,0.02294640110979483
BACKUP,3528,-0.05923893163151664
BACKUP,3529,-0.12000943625499842
BACKUP,3530,-0.09988735664918655
BACKUP,3531,-0.06037724376643756
BACKUP,3532,-0.088318352968418
BACKUP,3533,-0.06963546513602585
BACKUP,3534,-0.037599287075689145
BACKUP,3535,0.021918378578630684
BACKUP,3536,-0.07050201592788978
BACKUP,3537,0.0003943078778207319
BACKUP,3538,-0.04894742421966804
BACKUP,3539,-0.08191350469086113
BACKUP,3540,-0.11026994945659312
BACKUP,3541,0.12644131424103994
BACKUP,3542,-0.1874960125992859
BACKUP,3543,0.07875070215714007
BACKUP,3544,-0.05051898254171529
BACKUP,3545,-0.12200433147366849
BACKUP,3546,-0.07655716788378267
BACKUP,3547,0.007036719125451907
BACKUP,3548,-0.08846358485188316
BACKUP,3549,-0.09368874322133548
BACKUP,3550,-0.07040172038601351
BACKUP,3551,-0.3289306468798087
BACKUP,3552,-0.026013093706768256
BACKUP,3553,-0.09181934463528374
BACKUP,3554,0.07420019668022614
BACKUP,3555,-0.08508900835679094
BACKUP,3556,-0.006767620824128443
BACKUP,3557,-0.18842902342168302
BACKUP,3558,0.04735592591866345
BACKUP,3559,-0.04801653542671923
BACKUP,3560,0.02168701006624732
BACKUP,3561,-0.10876564715139124
BACKUP,3562,0.12983239367198435
BACKUP,3563,-0.10204299064519444
BACKUP,3564,-0.04599395646974916
BACKUP,3565,-0.10491824409856683
BACKUP,3566,-0.10669845080888829
BACKUP,3567,-0.004978229666533625
BACKUP,3568,0.1263794569030803
BACKUP,3569,-0.10842413488483443
BACKUP,3570,-0.10835577817797697
BACKUP,3571,0.0470633405653952
BACKUP,3572,-0.19098924455464913
BACKUP,3573,-0.11063371399156731
BACKUP,3574,-0.08379029769517278
BACKUP,3575,-0.050906454603747736
BACKUP,3576,0.053502845774449234
BACKUP,3577,-0.09043366161123507
BACKUP,3578,0.04380287856641887
BACKUP,3579,-0.03811391970718504
BACKUP,3580,-0.10958805787938729
BACKUP,3581,-0.20811438266649096
BACKUP,3582,0.006554071028928813
BACKUP,3583,0.0178381332970837
BACKUP,3584,-0.19058303874857757
BACKUP,3585,-0.20538500939654147
BACKUP,3586,-0.11851647044142251
BACKUP,3587,-0.06345301848623452
BACKUP,3588,-0.05523749036616534
BACKUP,3589,-0.04735083605997049
BACKUP,3590,-0.03752641553839372
BACKUP,3591,-0.0823046893652916
BACKUP,3592,-0.09759492673760009
BACKUP,3593,-0.07204146182645746
BACKUP,3594,-0.18864922968866002
BACKUP,3595,-0.1408115042577292
BACKUP,3596,-0.13263325392798053
BACKUP,3597,-0.11994694769483585
BACKUP,3598,0.03408925820517972
BACKUP,3599,-0.13051655116712654
BACKUP,3600,-0.09081145976149536
BACKUP,3601,-0.08301779867424272
BACKUP,3602,-0.02847279795292279
BACKUP,3603,-0.13383688868655758
BACKUP,3604,-0.006228450294265652
BACKUP,3605,-0.19388411363505326
BACKUP,3606,-0.060672640715322475
BACKUP,3607,-0.052947920305486694
BACKUP,3608,-0.07322966373406416
BACKUP,3609,0.05049247831419559
BACKUP,3610,-0.06637837614643596
BACKUP,3611,-0.08698434930633726
BACKUP,3612,-0.08294547922134414
BACKUP,3613,-0.035601541779704066
BACKUP,3614,-0.10422361365219146
BACKUP,3615,0.026726570219596027
BACKUP,3616,-0.041554020858448774
BACKUP,3617,-0.06250897588045845
BACKUP,3618,-0.03832110378095124
BACKUP,3619,-0.1368984334984256
BACKUP,3620,0.10481492446186658
BACKUP,3621,0.04519542734973452
BACKUP,3622,-0.18104252528744888
BACKUP,3623,-0.0340836874238541
BACKUP,3624,-0.020572996612571812
BACKUP,3625,-0.03951097977986189
BACKUP,3626,0.14493366905795016
BACKUP,3627,-0.10012108921494298
BACKUP,3628,-0.023120840562260013
BACKUP,3629,0.07477357037118947
BACKUP,3630,-0.01876028572182805
BACKUP,3631,-0.13543111061491683
BACKUP,3632,-0.08260935825555007
BACKUP,3633,-0.03732432001998935
BACKUP,3634,0.0758337563294252
BACKUP,3635,-0.10537023882185088
BACKUP,3636,-0.04231900563426435
BACKUP,3637,0.14226555502285895
BACKUP,3638,0.0706912234203438
BACKUP,3639,-0.1660546619762961
BACKUP,3640,0.09565777017695465
BACKUP,3641,-0.11341384902385432
BACKUP,3642,-0.11195700823702462
BACKUP,3643,0.026461486907600366
BACKUP,3644,-0.11046545680912476
BACKUP,3645,-0.04854257214529067
BACKUP,3646,-0.0416545867071543
BACKUP,3647,-0.08410931636821554
BACKUP,3648,-0.0714098855435358
BACKUP,3649,-0.07818078876119577
BACKUP,3650,0.24005682951808813
BACKUP,3651,-0.08621204459618567
BACKUP,3652,-0.07660326087820067
BACKUP,3653,-0.03287750269702371
BACKUP,3654,-0.12439369245746175
BACKUP,3655,0.026797700132056176
BACKUP,3656,0.115623710367665
BACKUP,3657,0.0652613671922413
BACKUP,3658,-0.012375941250639686
BACKUP,3659,-0.006752230437552974
BACKUP,3660,-0.07753499268316236
BACKUP,3661,-0.0482907379484764
BACKUP,3662,0.04281627476361337
BACKUP,3663,0.1047642345957003
BACKUP,3664,0.003791059648013237
BACKUP,3665,-0.004855967473215046
BACKUP,3666,-0.059251675840879196
BACKUP,3667,0.06884305275214361
BACKUP,3668,0.02608701029261655
BACKUP,3669,-0.08396682479318432
BACKUP,3670,-0.03871653058611197
BACKUP,3671,-0.009757049574975645
BACKUP,3672,-0.12244083051476681
BACKUP,3673,-0.07354913356659347
BACKUP,3674,0.042383079054261176
BACKUP,3675,-0.0053676032133246334
BACKUP,3676,-0.032266357044839655
BACKUP,3677,0.03240920540416035
BACKUP,3678,-0.04691438176786903
BACKUP,3679,-0.041906003609906775
BACKUP,3680,-0.013322338799807085
BACKUP,3681,-0.21286030190055555
BACKUP,3682,0.16555673943020974
BACKUP,3683,-0.07061951370118344
BACKUP,3684,-0.17936442267724853
BACKUP,3685,0.0974080685057925
BACKUP,3686,0.09734319461166921
BACKUP,3687,0.15875188296572668
BACKUP,3688,-0.07362211590033008
BACKUP,3689,-0.049519190289621935
BACKUP,3690,-0.05202522518080213
BACKUP,3691,-0.10480873108512964
BACKUP,3692,0.0848194234745546
BACKUP,3693,-0.06167390314923826
BACKUP,3694,-0.12249272926738844
BACKUP,3695,-0.06757821251950098
BACKUP,3696,-0.07249813444556294
BACKUP,3697,0.03990811514931991
BACKUP,3698,-0.0700260089111207
BACKUP,3699,-0.06847879895977256
BACKUP,3700,-0.09444544463440531
BACKUP,3701,0.05564973951732097
BACKUP,3702,-0.12224494279624737
BACKUP,3703,0.11249426840664403
BACKUP,3704,-0.028457266399035088
BACKUP,3705,-0.04840868615056559
BACKUP,3706,-0.0303312270860113
BACKUP,3707,-0.07371384178412643
BACKUP,3708,-0.03459864706786509
BACKUP,3709,-0.15696332359262236
BACKUP,3710,0.055131694355054106
BACKUP,3711,-0.26625124490497115
BACKUP,3712,-0.026576170076564102
BACKUP,3713,0.018859646127616377
BACKUP,3714,-0.13672616117471253
BACKUP,3715,-0.02669005957127822
BACKUP,3716,-0.07760277661432938
BACKUP,3717,-0.060233009926367216
BACKUP,3718,-0.1671509310373552
BACKUP,3719,-0.12083907871886625
BACKUP,3720,-0.047130569159412404
BACKUP,3721,-0.10311397502824611
BACKUP,3722,-0.19851104380494441
BACKUP,3723,-0.05346409135556306
BACKUP,3724,-0.13101440012543883
BACKUP,3725,0.07026223630968957
BACKUP,3726,0.07549160682682439
BACKUP,3727,0.00582985661655867
BACKUP,3728,-0.2111765682572221
BACKUP,3729,-0.0721800269424758
BACKUP,3730,0.22700254607864043
BACKUP,3731,0.07976210286278144
BACKUP,3732,-0.16655468226692216
BACKUP,3733,-0.1189161920876988
BACKUP,3734,-0.05650566575912837
BACKUP,3735,-0.08801814722625079
BACKUP,3736,-0.23367730966966063
BACKUP,3737,-0.11218103128555028
BACKUP,3738,0.08178728170318471
BACKUP,3739,0.08348864913977697
BACKUP,3740,-0.10498442887509317
BACKUP,3741,-0.04607740228800983
BACKUP,3742,0.08207538235395166
BACKUP,3743,-0.11305633003446587
BACKUP,3744,0.036841027268652855
BACKUP,3745,-0.0745543892888424
BACKUP,3746,0.019214912959342738
BACKUP,3747,-0.0894274154519848
BACKUP,3748,-0.09751514537217429
BACKUP,3749,-0.15264611184866833
BACKUP,3750,0.026530944799223966
BACKUP,3751,0.07002407140402082
BACKUP,3752,-0.02753824101194705
BACKUP,3753,-0.05930151592735306
BACKUP,3754,-0.011549236730521314
BACKUP,3755,-0.10844452243095107
BACKUP,3756,-0.18010662053602508
BACKUP,3757,-0.02971234831572786
BACKUP,3758,-0.012952870056829017
BACKUP,3759,-0.0167168902821142
BACKUP,3760,-0.012452074573961289
BACKUP,3761,0.029762832270979082
BACKUP,3762,-0.06804168478681157
BACKUP,3763,-0.081354522931948
BACKUP,3764,-0.11888888919877445
BACKUP,3765,-0.20610455630728194
BACKUP,3766,-0.059974563324299346
BACKUP,3767,-0.08773187487213417
BACKUP,3768,-0.008141376932153308
BACKUP,3769,0.019199390108532558
BACKUP,3770,-0.09376914686496593
BACKUP,3771,-0.048638496054446825
BACKUP,3772,0.016712054668176036
BACKUP,3773,-0.09416301143946641
BACKUP,3774,-0.03986197139318128
BACKUP,3775,-0.002804874632952968
BACKUP,3776,-0.02586367871921686
BACKUP,3777,-0.15931592001511766
BACKUP,3778,-0.19265338684605537
BACKUP,3779,0.06398193460342129
BACKUP,3780,0.16806367629304747
BACKUP,3781,0.03138862623614142
BACKUP,3782,-0.10294153019642646
BACKUP,3783,-0.11488960162092653
BACKUP,3784,-0.06366229423568834
BACKUP,3785,-0.10636265245606152
BACKUP,3786,-0.11603954707305726
BACKUP,3787,0.037977876215072925
BACKUP,3788,0.0763525131906778
BACKUP,3789,-0.16359034302513067
BACKUP,3790,-0.07702114594642076
BACKUP,3791,-0.001045719843859319
BACKUP,3792,-0.11739047223220349
BACKUP,3793,0.11958355427218582
BACKUP,3794,-0.1089875222708915
BACKUP,3795,-0.1248285889870618
BACKUP,3796,0.021005503546874072
BACKUP,3797,0.06684927800877871
BACKUP,3798,-0.03908960966645956
BACKUP,3799,-0.06935967139813667
BACKUP,3800,-0.006540494172205777
BACKUP,3801,-0.0839811025482601
BACKUP,3802,0.015496686615995217
BACKUP,3803,0.0046438031951770205
BACKUP,3804,-0.03134840909449061
BACKUP,3805,0.10020739079706774
BACKUP,3806,-0.05880924098914714
BACKUP,3807,-0.09024833279906228
BACKUP,3808,0.07987497724139138
BACKUP,3809,-0.14097509005081724
BACKUP,3810,-0.007969291032304544
BACKUP,3811,-0.12285824228948525
BACKUP,3812,-0.1372241686199379
BACKUP,3813,-0.0700803531591609
BACKUP,3814,-0.1183927947972009
BACKUP,3815,-0.10530426664023823
BACKUP,3816,-0.05273547138625387
BACKUP,3817,-0.1384458377071193
BACKUP,3818,-0.06113380106406307
BACKUP,3819,-0.07195148268340369
BACKUP,3820,-0.019556506228974074
BACKUP,3821,-0.10871556150727713
BACKUP,3822,-0.23537187746477667
BACKUP,3823,-0.05425214536795969
BACKUP,3824,-0.14749130724846524
BACKUP,3825,-0.0830359289358783
BACKUP,3826,0.03515838003784012
BACKUP,3827,-0.045852276597860876
BACKUP,3828,-0.1013722686991011
BACKUP,3829,-0.07513636884561888
BACKUP,3830,-0.007858317981133744
BACKUP,3831,-0.19295863320973966
BACKUP,3832,-0.06906333449571556
BACKUP,3833,-0.07922416561820407
BACKUP,3834,-0.06396679193171795
BACKUP,3835,-0.11862439937567802
BACKUP,3836,-0.0778312933832514
BACKUP,3837,-0.050317708973647006
BACKUP,3838,0.08796691523016882
BACKUP,3839,-0.10793446333415002
BACKUP,3840,-0.005388917711875938
BACKUP,3841,0.13976327497490262
BACKUP,3842,0.0067937292863178254
BACKUP,3843,-0.13214918233921677
BACKUP,3844,-0.0318824555923005
BACKUP,3845,-0.02064239776885927
BACKUP,3846,-0.055996057230765395
BACKUP,3847,-0.026934792228926897
BACKUP,3848,0.0026987385277294114
BACKUP,3849,-0.07629380254853929
BACKUP,3850,0.07470870727542704
BACKUP,3851,-0.09267652289639124
BACKUP,3852,-0.10336826632985256
BACKUP,3853,0.05983644238197804
BACKUP,3854,0.04521163512636786
BACKUP,3855,-0.029387139074269004
BACKUP,3856,0.03200134836899092
BACKUP,3857,-0.07445937806998874
BACKUP,3858,-0.07665405017203315
BACKUP,3859,-0.10690453232609677
BACKUP,3860,-0.022225103161208456
BACKUP,3861,-0.028956427063258232
BACKUP,3862,-0.06978828529674838
BACKUP,3863,-0.18936477712935038
BACKUP,3864,-0.06384307474621252
BACKUP,3865,0.025590536152735398
BACKUP,3866,-0.033477568639012925
BACKUP,3867,0.09985375230249505
BACKUP,3868,-0.018721544209589196
BACKUP,3869,-0.22216605757414049
BACKUP,3870,0.05568052832185222
BACKUP,3871,-0.11048260664120294
BACKUP,3872,-0.1195585099988553
BACKUP,3873,0.00223679201315716
BACKUP,3874,-0.1363834871670663
BACKUP,3875,-0.010181842573525385
BACKUP,3876,-0.0711885596361058
BACKUP,3877,-0.0008712889043911631
BACKUP,3878,-0.05568553400799912
BACKUP,3879,0.14445680522040882
BACKUP,3880,-0.03871903520906881
BACKUP,3881,0.06936874728512875
BACKUP,3882,-0.08080116548443131
BACKUP,3883,-0.02229610280050067
BACKUP,3884,-0.11195584129557469
BACKUP,3885,-0.005065710887399009
BACKUP,3886,-0.03225990675520802
BACKUP,3887,0.030719712447867052
BACKUP,3888,0.12146219869666867
BACKUP,3889,-0.12877540954578998
BACKUP,3890,-0.057732670340618034
BACKUP,3891,-0.11845577861020762
BACKUP,3892,-0.060029548918966814
BACKUP,3893,-0.027942493649252644
BACKUP,3894,-0.03192223926761228
BACKUP,3895,-0.043079931064012124
BACKUP,3896,-0.1003703228532114
BACKUP,3897,0.05345032285016427
BACKUP,3898,0.027044893788887553
BACKUP,3899,-0.04794219350763459
BACKUP,3900,-0.11209154721628517
BACKUP,3901,-0.013626563542462302
BACKUP,3902,-0.06827049307131802
BACKUP,3903,-0.09417670712408686
BACKUP,3904,-0.04561724549390213
BACKUP,3905,-0.11786372251529315
BACKUP,3906,-0.19788424699511312
BACKUP,3907,0.017298990794252952
BACKUP,3908,-0.03295990057968935
BACKUP,3909,0.021760255265617427
BACKUP,3910,-0.0914869952157992
BACKUP,3911,-0.06073841646532532
BACKUP,3912,-0.04759342286269813
BACKUP,3913,-0.1006479312947243
BACKUP,3914,0.08844713292133818
BACKUP,3915,0.03700747094212446
BACKUP,3916,0.02528165672640805
BACKUP,3917,0.022419461577819846
BACKUP,3918,-0.005552592895855611
BACKUP,3919,-0.08673365833924304
BACKUP,3920,-0.09603033235394047
BACKUP,3921,0.13898878243238347
BACKUP,3922,-0.03321588956018862
BACKUP,3923,-0.016863525957411477
BACKUP,3924,-0.1397516953015418
BACKUP,3925,-0.050030683274301664
BACKUP,3926,0.0025158949202847914
BACKUP,3927,-0.0447484670125556
BACKUP,3928,-0.13313745262194276
BACKUP,3929,-0.0924696873621062
BACKUP,3930,-0.14272626062206972
BACKUP,3931,-0.0477027987553778
BACKUP,3932,0.07937765103540141
BACKUP,3933,-0.03692829102113135
BACKUP,3934,-0.1569729692659261
BACKUP,3935,-0.06705545911774237
BACKUP,3936,-0.10737017337536392
BACKUP,3937,-0.009388482663285154
BACKUP,3938,-0.017691397340659568
BACKUP,3939,-0.02594714896725166
BACKUP,3940,-0.051344569401475845
BACKUP,3941,-0.06113101431920109
BACKUP,3942,-0.08161909000959217
BACKUP,3943,-0.0781254222312873
BACKUP,3944,0.026240468005896325
BACKUP,3945,-0.19143447568938962
BACKUP,3946,-0.06848032999953499
BACKUP,3947,0.04969031617962941
BACKUP,3948,-0.10664992305783964
BACKUP,3949,-0.06328365506681101
BACKUP,3950,-0.006072716460027038
BACKUP,3951,-0.03234137082845086
BACKUP,3952,-0.08027058400051593
BACKUP,3953,0.037358743318965465
BACKUP,3954,-0.0724365860850411
BACKUP,3955,-0.06431258478636621
BACKUP,3956,-0.008202745523440854
BACKUP,3957,-0.08466353199322318
BACKUP,3958,-0.037768338032182484
BACKUP,3959,-0.12902215133066927
BACKUP,3960,0.030108095788869856
BACKUP,3961,-0.008296876095420944
BACKUP,3962,-0.058793488835172235
BACKUP,3963,0.023485314207460656
BACKUP,3964,0.04926794017997421
BACKUP,3965,-0.07004933855035567
BACKUP,3966,-0.20537309831889233
BACKUP,3967,-0.15190747432537846
BACKUP,3968,-0.02551909325029249
BACKUP,3969,-0.1148077066443072
BACKUP,3970,-0.08965140372927384
BACKUP,3971,-0.08236183756791181
BACKUP,3972,-0.1278390231416463
BACKUP,3973,0.02633556493973105
BACKUP,3974,-0.1120342916909778
BACKUP,3975,-0.11986280504330077
BACKUP,3976,0.08547265721588419
BACKUP,3977,-0.08595827433152077
BACKUP,3978,-0.05339744448657633
BACKUP,3979,0.14135958578010477
BACKUP,3980,-0.037729773607447024
BACKUP,3981,-0.02266649269729677
BACKUP,3982,-0.07254487673648856
BACKUP,3983,0.013789844632591901
BACKUP,3984,0.057698262396912316
BACKUP,3985,-0.012008009831599272
BACKUP,3986,0.023772129278425463
BACKUP,3987,-0.17693372262930637
BACKUP,3988,0.03832492476645405
BACKUP,3989,-0.014590170683816456
BACKUP,3990,0.1051867114462804
BACKUP,3991,-0.03289906601124178
BACKUP,3992,-0.08372357120595954
BACKUP,3993,-0.005589378441850389
BACKUP,3994,-0.11555394351672837
BACKUP,3995,0.058130289166125865
BACKUP,3996,-0.1733150987054351
BACKUP,3997,-0.047728919056993085
BACKUP,3998,-0.016850959181167573
BACKUP,3999,0.028197303173170547
BACKUP,4000,-0.07357300161393643
BACKUP,4001,-0.09150637374304729
BACKUP,4002,-0.06532372488784906
BACKUP,4003,-0.09916754413070013
BACKUP,4004,-0.10137635070346514
BACKUP,4005,-0.14727120040088285
BACKUP,4006,-0.13798718277722385
BACKUP,4007,-0.11409790497666529
BACKUP,4008,-0.12763008732585587
BACKUP,4009,-0.11176345837591058
BACKUP,4010,-0.12007980249269225
BACKUP,4011,-0.0482276742834848
BACKUP,4012,-0.09475039471006115
BACKUP,4013,-0.10296219076205708
BACKUP,4014,0.04419353255232411
BACKUP,4015,-0.1409087763290548
BACKUP,4016,-0.05021107076803559
BACKUP,4017,-0.11941903144593069
BACKUP,4018,0.18988021545106643
BACKUP,4019,-0.09008890544271046
BACKUP,4020,0.030205638914843402
BACKUP,4021,-0.20148111318148804
BACKUP,4022,-0.009496841889880373
BACKUP,4023,-0.047154499327308357
BACKUP,4024,-0.09441446096849508
BACKUP,4025,-0.07639932574410416
BACKUP,4026,-0.011707906418712784
BACKUP,4027,2.1453609528778246e-05
BACKUP,4028,-0.0953628491682496
BACKUP,4029,0.09055501669924261
BACKUP,4030,0.008025410577766857
BACKUP,4031,-0.08053009933689026
BACKUP,4032,-0.00024615094056582455
BACKUP,4033,-0.046598109156707375
BACKUP,4034,-0.11835246688351181
BACKUP,4035,-0.005138988532207568
BACKUP,4036,0.08497056771617377
BACKUP,4037,0.09865980648843273
BACKUP,4038,-0.020527451842699485
BACKUP,4039,-0.11235888237301862
BACKUP,4040,-0.14020799802925382
BACKUP,4041,-0.16837574148853154
BACKUP,4042,-0.09098512248929201
BACKUP,4043,-0.049142079217098705
BACKUP,4044,0.13842680185587075
BACKUP,4045,-0.10117706822941408
BACKUP,4046,-0.16423242376414446
BACKUP,4047,0.04658140150409592
BACKUP,4048,-0.14991432499393587
BACKUP,4049,0.11874271558599099
BACKUP,4050,0.038718822195294995
BACKUP,4051,-0.018230756073176216
BACKUP,4052,-0.029455963369836385
BACKUP,4053,-0.0945324345038544
BACKUP,4054,0.013729882548571487
BACKUP,4055,-0.17999863323479853
BACKUP,4056,-0.0694438743762167
BACKUP,4057,0.01573611162670773
BACKUP,4058,-0.06693450635020835
BACKUP,4059,-0.07885631573318215
BACKUP,4060,-0.011758350830336224
BACKUP,4061,0.0014429791041069176
BACKUP,4062,-0.12389051625607558
BACKUP,4063,-0.04127831283048133
BACKUP,4064,-0.06584393799717336
BACKUP,4065,0.04450471385970436
BACKUP,4066,0.13611871429021796
BACKUP,4067,-0.1446336147156974
BACKUP,4068,0.11153730611400203
BACKUP,4069,0.043989386496548745
BACKUP,4070,-0.058622503058973464
BACKUP,4071,-0.05213117424859615
BACKUP,4072,0.05213849575556099
BACKUP,4073,-0.05435094647912352
BACKUP,4074,0.014134890311045808
BACKUP,4075,0.13162295707258137
BACKUP,4076,-0.018875727871022048
BACKUP,4077,-0.020285104928243605
BACKUP,4078,-0.035280838017935995
BACKUP,4079,-0.018057651356411342
BACKUP,4080,-0.18152068425059983
BACKUP,4081,-0.1042488341567281
BACKUP,4082,-0.16449541552505442
BACKUP,4083,-0.11277552197520692
BACKUP,4084,-0.07445784258198973
BACKUP,4085,0.11214490105801296
BACKUP,4086,-0.043580115344604736
BACKUP,4087,-0.06212296327712884
BACKUP,4088,-0.1290316350858542
BACKUP,4089,0.045849834981564794
BACKUP,4090,-0.1280043164651289
BACKUP,4091,-0.0708543726261565
BACKUP,4092,-0.05072415301624425
BACKUP,4093,0.02728407584311122
BACKUP,4094,-0.018070809833207788
BACKUP,4095,-0.040459763226979174
BACKUP,4096,-0.2209946572739982
BACKUP,4097,-0.08483624536866544
BACKUP,4098,0.11066337535205498
BACKUP,4099,-0.13524834963389573
BACKUP,4100,0.03770247006030972
BACKUP,4101,0.06718282810975237
BACKUP,4102,-0.009938724976739968
BACKUP,4103,0.07602008553121456
BACKUP,4104,-0.06925150988185956
BACKUP,4105,0.06632031364702826
BACKUP,4106,0.025160917448226697
BACKUP,4107,-0.0964882866276756
BACKUP,4108,-0.15291527381835066
BACKUP,4109,-0.15262946574899894
BACKUP,4110,-0.07580482056390875
BACKUP,4111,-0.12752164285730636
BACKUP,4112,-0.15692689859401718
BACKUP,4113,-0.13732334241389424
BACKUP,4114,0.05853905102685626
BACKUP,4115,-0.12349732195112954
BACKUP,4116,-0.04547028637024824
BACKUP,4117,-0.004361386463194854
BACKUP,4118,-0.020205455196807696
BACKUP,4119,-0.09588617493501951
BACKUP,4120,-0.14236121121681103
BACKUP,4121,0.13792609038000395
BACKUP,4122,-0.09907089499779852
BACKUP,4123,0.10615941200360517
BACKUP,4124,0.075943554831844
BACKUP,4125,-0.09823758554463735
BACKUP,4126,-0.0003996751412964683
BACKUP,4127,-0.04383659179636971
BACKUP,4128,-0.028843571469742355
BACKUP,4129,-0.040664628635727965
BACKUP,4130,-0.0179939886029454
BACKUP,4131,-0.011856907794343997
BACKUP,4132,-0.07401382893998681
BACKUP,4133,-0.14919604716976106
BACKUP,4134,-0.16781662703209596
BACKUP,4135,-0.02210775417987362
BACKUP,4136,-0.1114944648204517
BACKUP,4137,-0.10166529120346812
BACKUP,4138,-0.15032435398708055
BACKUP,4139,-0.07728655770976718
BACKUP,4140,-0.027969456938254995
BACKUP,4141,-0.13164628665321979
BACKUP,4142,-0.09481848602526925
BACKUP,4143,-0.06665492052182655
BACKUP,4144,0.07508852304032268
BACKUP,4145,0.14783112189171546
BACKUP,4146,-0.040914601009155574
BACKUP,4147,-0.12405242213721972
BACKUP,4148,-0.15274894454277121
BACKUP,4149,-0.18750967994117732
BACKUP,4150,-0.07074716144760343
BACKUP,4151,-0.06304169528812041
BACKUP,4152,0.02709271283832117
BACKUP,4153,-0.06575211267483479
BACKUP,4154,-0.09142800542083881
BACKUP,4155,-0.1402696745645323
BACKUP,4156,-0.042022556092420935
BACKUP,4157,0.029783903385825528
BACKUP,4158,-0.09718300712009179
BACKUP,4159,-0.034416472229787005
BACKUP,4160,-0.0300695077412326
BACKUP,4161,-0.05444555147595143
BACKUP,4162,-0.04536962023052934
BACKUP,4163,-0.0042338806470631095
BACKUP,4164,-0.020408568892832213
BACKUP,4165,0.04463155074428723
BACKUP,4166,-0.02135964138292041
BACKUP,4167,-0.0522799880458448
BACKUP,4168,0.11897580663878654
BACKUP,4169,-0.002040899607004149
BACKUP,4170,-0.01557368799933393
BACKUP,4171,-0.14966772079294413
BACKUP,4172,-0.07855797743545216
BACKUP,4173,-0.08025314318736028
BACKUP,4174,-0.13482701937474081
BACKUP,4175,0.02928943971702347
BACKUP,4176,0.10053355379456963
BACKUP,4177,-0.1713911603269813
BACKUP,4178,-0.028872728709490248
BACKUP,4179,0.0005535309986935636
BACKUP,4180,0.11194458970681001
BACKUP,4181,0.0004681200900658772
BACKUP,4182,-0.044839804696517285
BACKUP,4183,-0.17904336268798177
BACKUP,4184,0.056090184704713504
BACKUP,4185,0.10558379781241382
BACKUP,4186,-0.13262535723805335
BACKUP,4187,-0.09819137631518758
BACKUP,4188,-0.0912258419597436
BACKUP,4189,-0.0660097787339741
BACKUP,4190,0.06329469205908272
BACKUP,4191,0.17348254902455296
BACKUP,4192,-0.054688419691725894
BACKUP,4193,-0.04444892265951195
BACKUP,4194,-0.12170458331159106
BACKUP,4195,-0.1266748666624276
BACKUP,4196,0.05921788344435138
BACKUP,4197,0.05400175791239459
BACKUP,4198,0.07458635188573143
BACKUP,4199,-0.1209604631056896
BACKUP,4200,-0.043311198238436883
BACKUP,4201,-0.14566296786393915
BACKUP,4202,-0.1847728815969263
BACKUP,4203,-0.0813779884841874
BACKUP,4204,-0.07329080450315649
BACKUP,4205,0.039654791774020724
BACKUP,4206,-0.19639444319372093
BACKUP,4207,-0.053733809948288046
BACKUP,4208,-0.17285134218890982
BACKUP,4209,0.053030788184297135
BACKUP,4210,-0.11397995837802091
BACKUP,4211,-0.12151449759966482
BACKUP,4212,-0.022911332628188112
BACKUP,4213,0.06551948052186772
BACKUP,4214,-0.059531282757202146
BACKUP,4215,0.004459612431636483
BACKUP,4216,-0.032182280209386224
BACKUP,4217,-0.004692498008303027
BACKUP,4218,-0.04994134597062659
BACKUP,4219,-0.1496514661363567
BACKUP,4220,-0.08586651908086598
BACKUP,4221,0.058599458315056425
BACKUP,4222,0.10102243973196147
BACKUP,4223,-0.011223052927325693
BACKUP,4224,-0.13970712073989816
BACKUP,4225,0.05727924403268712
BACKUP,4226,-0.1095870091533124
BACKUP,4227,-0.041279678228315166
BACKUP,4228,-0.07336358455475658
BACKUP,4229,0.11766012289545627
BACKUP,4230,-0.027971425797177818
BACKUP,4231,-0.18132366701424127
BACKUP,4232,-0.03232396012282496
BACKUP,4233,-0.10766097925294983
BACKUP,4234,0.05578131043006465
BACKUP,4235,0.04090282726231585
BACKUP,4236,0.052883079063804295
BACKUP,4237,-0.06312488852455873
BACKUP,4238,-0.018700562314198154
BACKUP,4239,-0.0021240577592006116
BACKUP,4240,-0.16924915108636887
BACKUP,4241,0.015651866934737944
BACKUP,4242,-0.06249590152314983
BACKUP,4243,-0.035533611780534886
BACKUP,4244,0.07185724980041328
BACKUP,4245,0.05247947559461525
BACKUP,4246,0.14410104988932557
BACKUP,4247,-0.14282922226078676
BACKUP,4248,-0.14929533653944999
BACKUP,4249,0.15026791656449826
BACKUP,4250,-0.08945665707777135
BACKUP,4251,0.008173016046394565
BACKUP,4252,-0.02026195062335363
BACKUP,4253,-0.11220929637528836
BACKUP,4254,-0.11042867582866296
BACKUP,4255,-0.012852939853137223
BACKUP,4256,-0.025238090719739918
BACKUP,4257,-0.13053988679828615
BACKUP,4258,-0.009502118528661034
BACKUP,4259,-0.1948756940603309
BACKUP,4260,0.0015522759079946674
BACKUP,4261,-0.12722272098984533
BACKUP,4262,-0.17697559271022315
BACKUP,4263,0.008054662945680288
BACKUP,4264,-0.08928298292531506
BACKUP,4265,0.1614202591433443
BACKUP,4266,-0.15561228588357867
BACKUP,4267,-0.13819239481648937
BACKUP,4268,0.012635376985159017
BACKUP,4269,-0.14618053958281582
BACKUP,4270,-0.06710758498561854
BACKUP,4271,0.0810365624229323
BACKUP,4272,0.05614550713596555
BACKUP,4273,-0.08824636616450343
BACKUP,4274,-0.0664357925868162
BACKUP,4275,-0.018587714290818586
BACKUP,4276,-0.2182616532165646
BACKUP,4277,0.011273849726639825
BACKUP,4278,-0.08434112932119234
BACKUP,4279,-0.2900254502020873
BACKUP,4280,-0.0685879032544969
BACKUP,4281,-0.06664783222803292
BACKUP,4282,0.074989593761477
BACKUP,4283,-0.14594249653192048
BACKUP,4284,-0.1192503496115449
BACKUP,4285,-0.06368659420063011
BACKUP,4286,-0.18887344933420724
BACKUP,4287,-0.08861215902416376
BACKUP,4288,-0.227821067684101
BACKUP,4289,-0.04964683947728946
BACKUP,4290,0.1916628669543587
BACKUP,4291,-0.04074260325612401
BACKUP,4292,-0.01136038075229764
BACKUP,4293,0.03779417567602497
BACKUP,4294,-0.14368432821477933
BACKUP,4295,0.005826434261569674
BACKUP,4296,-0.19686682398488373
BACKUP,4297,-0.1856491949994592
BACKUP,4298,0.08191723960133977
BACKUP,4299,-0.09313706107950767
BACKUP,4300,-0.05116555009352455
BACKUP,4301,-0.23297421705042737
BACKUP,4302,-0.16639023839646308
BACKUP,4303,-0.029228217055151186
BACKUP,4304,-0.02260920117704953
BACKUP,4305,0.06872175145758137
BACKUP,4306,-0.05082502701736474
BACKUP,4307,-0.06840346652248001
BACKUP,4308,0.013440954776317482
BACKUP,4309,-0.04471477023297759
BACKUP,4310,-0.1871827616145361
BACKUP,4311,-0.00652724543997005
BACKUP,4312,-0.1370877817046607
BACKUP,4313,0.07257893295891467
BACKUP,4314,-0.03083129838758977
BACKUP,4315,-0.04910970522838906
BACKUP,4316,-0.02833395015536576
BACKUP,4317,0.05649927139369925
BACKUP,4318,-0.18148037946726198
BACKUP,4319,-0.10723670645391042
BACKUP,4320,0.12853904259181528
BACKUP,4321,0.0982749554521774
BACKUP,4322,-0.1033876774352233
BACKUP,4323,-0.12886646736537083
BACKUP,4324,-0.05637707782283031
BACKUP,4325,-0.09353669195723546
BACKUP,4326,-0.11207784617079755
BACKUP,4327,-0.10315126006804451
BACKUP,4328,0.08182776038935728
BACKUP,4329,-0.10476765932727009
BACKUP,4330,-0.11558098299022422
BACKUP,4331,0.07019676443665288
BACKUP,4332,0.14923226590319738
BACKUP,4333,0.14266396670256493
BACKUP,4334,0.052782849563332214
BACKUP,4335,-0.01780839418588686
BACKUP,4336,0.12051376335490656
BACKUP,4337,-0.07336323888001318
BACKUP,4338,-0.02458380753677061
BACKUP,4339,-0.061982668401386026
BACKUP,4340,0.11066359397215689
BACKUP,4341,0.054037483535135024
BACKUP,4342,0.134783745976353
BACKUP,4343,-0.022680526058305558
BACKUP,4344,-0.01328130862408737
BACKUP,4345,-0.11278001713793871
BACKUP,4346,0.13496368892201507
BACKUP,4347,-0.14728314817811297
BACKUP,4348,-0.01679909621338319
BACKUP,4349,-0.03616674255216547
BACKUP,4350,0.039995574374890146
BACKUP,4351,-0.10775587487800638
BACKUP,4352,-0.07403771632591005
BACKUP,4353,-0.0024460818621051027
BACKUP,4354,-0.10841903021695132
BACKUP,4355,-0.03309693844395878
BACKUP,4356,-0.1580718757431687
BACKUP,4357,-0.08862604055657317
BACKUP,4358,-0.01088196043862271
BACKUP,4359,-0.17972270561464834
BACKUP,4360,0.0769224620651844
BACKUP,4361,-0.13035587290480402
BACKUP,4362,-0.096405362832032
BACKUP,4363,-0.12510327458072695
BACKUP,4364,0.021134875813130508
BACKUP,4365,0.059959492524062026
BACKUP,4366,-0.08166653143741
BACKUP,4367,-0.17076074447033682
BACKUP,4368,-0.13022011097589153
BACKUP,4369,-0.01935739502144539
BACKUP,4370,-0.09458090339899387
BACKUP,4371,0.04375304078979377
BACKUP,4372,0.23064745735892703
BACKUP,4373,-0.11868249838421133
BACKUP,4374,0.033255993401195734
BACKUP,4375,0.07854286568384801
BACKUP,4376,0.09549446577602735
BACKUP,4377,0.0019886538688769335
BACKUP,4378,0.029884535718480282
BACKUP,4379,-0.13992562948509177
BACKUP,4380,-0.08742825493378066
BACKUP,4381,-0.17270009451958704
BACKUP,4382,-0.1552107443386265
BACKUP,4383,-0.07054712654000003
BACKUP,4384,-0.0037207742866392866
BACKUP,4385,0.006392690600272255
BACKUP,4386,-0.11822206748308374
BACKUP,4387,0.03615173349346851
BACKUP,4388,-0.1296178399050858
BACKUP,4389,-0.049087029981115665
BACKUP,4390,-0.008460771451014447
BACKUP,4391,0.04577099212392924
BACKUP,4392,-0.015096190055938251
BACKUP,4393,-0.06823286448235905
BACKUP,4394,0.030860902350577857
BACKUP,4395,0.006230183146927888
BACKUP,4396,-0.21641986336666388
BACKUP,4397,-0.12201212426393504
BACKUP,4398,-0.06498844702153629
BACKUP,4399,0.013665425319569
BACKUP,4400,-0.07583901593733022
BACKUP,4401,-0.07406633954422995
BACKUP,4402,-0.04486882252396548
BACKUP,4403,-0.08511423795107256
BACKUP,4404,-0.1004628276723275
BACKUP,4405,-0.18997180275684955
BACKUP,4406,-0.006380388387682214
BACKUP,4407,-0.09560151853743526
BACKUP,4408,0.04411505787616257
BACKUP,4409,0.018146225094869496
BACKUP,4410,-0.12320351844086452
BACKUP,4411,-0.19951846620222227
BACKUP,4412,-0.05127098630979162
BACKUP,4413,-0.07374218741624586
BACKUP,4414,-0.12774789533263817
BACKUP,4415,-0.03755007651376645
BACKUP,4416,0.0339165231087879
BACKUP,4417,-0.08339874631707996
BACKUP,4418,-0.1590709213024086
BACKUP,4419,-0.025286556628881275
BACKUP,4420,-0.015241434401789187
BACKUP,4421,0.009114990240062492
BACKUP,4422,-0.08745367195112799
BACKUP,4423,0.21435091865316408
BACKUP,4424,0.011693888871835484
BACKUP,4425,-0.007145217447609272
BACKUP,4426,0.08284624834851202
BACKUP,4427,0.20428744514277505
BACKUP,4428,0.10924380567442611
BACKUP,4429,0.038045663188494165
BACKUP,4430,-0.021187573811105035
BACKUP,4431,-0.06179935903417003
BACKUP,4432,-0.07719128590804968
BACKUP,4433,-0.02346191834230191
BACKUP,4434,-0.05130261245693524
BACKUP,4435,-0.009355741294864524
BACKUP,4436,-0.05230987142389888
BACKUP,4437,-0.10795786593836439
BACKUP,4438,-0.00851265420869237
BACKUP,4439,-0.06609700869338823
BACKUP,4440,-0.018531070646214887
BACKUP,4441,0.11938647696736734
BACKUP,4442,-0.20408364960669306
BACKUP,4443,0.09857272807372877
BACKUP,4444,-0.058875015021047875
BACKUP,4445,-0.07203677312832035
BACKUP,4446,-0.20629871518102463
BACKUP,4447,0.061685349214868526
BACKUP,4448,-0.10374623177174387
BACKUP,4449,-0.19643139922048125
BACKUP,4450,-0.07022179755864182
BACKUP,4451,0.20012136142271159
BACKUP,4452,0.01730224180562504
BACKUP,4453,0.08566482145851172
BACKUP,4454,-0.25737417789572725
BACKUP,4455,-0.023519884769622797
BACKUP,4456,-0.11982202740335367
BACKUP,4457,-0.14271558898311915
BACKUP,4458,-0.02994202743596518
BACKUP,4459,-0.04534686058406291
BACKUP,4460,-0.050394716304926174
BACKUP,4461,-0.048101228317275
BACKUP,4462,-0.12092427489938566
BACKUP,4463,-0.10814390503428976
BACKUP,4464,-0.021852048826209107
BACKUP,4465,-0.023242459252702137
BACKUP,4466,-0.028647615585732977
BACKUP,4467,-0.0738539099918631
BACKUP,4468,-0.22753418873184308
BACKUP,4469,-0.02589387233360804
BACKUP,4470,-0.05555726219906941
BACKUP,4471,-0.15605372010275687
BACKUP,4472,-0.20746162672259155
BACKUP,4473,0.029255782832260442
BACKUP,4474,-0.012830798547019904
BACKUP,4475,0.01901308079012284
BACKUP,4476,-0.16518062680996806
BACKUP,4477,-0.01155267555851555
BACKUP,4478,-0.027209323861730073
BACKUP,4479,0.006335135204617574
BACKUP,4480,-0.012535423656911283
BACKUP,4481,-0.03318062753069685
BACKUP,4482,-0.0813403997177427
BACKUP,4483,-0.010449093447906264
BACKUP,4484,-0.04562144871073143
BACKUP,4485,0.18088737244980235
BACKUP,4486,-0.05365112001160576
BACKUP,4487,-0.028418435932830922
BACKUP,4488,-0.012837962213954779
BACKUP,4489,-0.07375525659620921
BACKUP,4490,-0.07682224629271985
BACKUP,4491,0.24788678263116298
BACKUP,4492,0.0808479305548265
BACKUP,4493,-0.04901210556346006
BACKUP,4494,-0.056904723851658214
BACKUP,4495,-0.05403463355499174
BACKUP,4496,-0.15156995566212864
BACKUP,4497,0.09609649151529089
BACKUP,4498,-0.07692366300517696
BACKUP,4499,-0.03289561079648329
BACKUP,4500,-0.04251296722947202
BACKUP,4501,-0.04317441206075584
BACKUP,4502,0.16433703302945005
BACKUP,4503,-0.10235821800374309
BACKUP,4504,0.01072615630148914
BACKUP,4505,0.1904334006682208
BACKUP,4506,-0.0874751783145831
BACKUP,4507,0.02781552628969661
BACKUP,4508,-0.017913174958319577
BACKUP,4509,-0.055361610448537595
BACKUP,4510,-0.1005559284890333
BACKUP,4511,-0.18501459511853335
BACKUP,4512,-0.12441763436669012
BACKUP,4513,0.20422805278185116
BACKUP,4514,-0.08328654392059924
BACKUP,4515,0.10125350533721664
BACKUP,4516,-0.06980328122635315
BACKUP,4517,-0.06170901199552099
BACKUP,4518,-0.1199219304323086
BACKUP,4519,-0.11298313394482706
BACKUP,4520,-0.011243429331895878
BACKUP,4521,-0.07470096443080325
BACKUP,4522,-0.155872633707422
BACKUP,4523,-0.04994975148522452
BACKUP,4524,-0.12770626828642323
BACKUP,4525,0.027433422915727403
BACKUP,4526,0.23893711524719816
BACKUP,4527,-0.10432146911777417
BACKUP,4528,-0.17793301181725535
BACKUP,4529,-0.06871932010753119
BACKUP,4530,-0.11472807912285515
BACKUP,4531,-0.06499290542645594
BACKUP,4532,-0.10180010687900677
BACKUP,4533,-0.15847364565589672
BACKUP,4534,-0.07174780715809656
BACKUP,4535,0.20042272797673946
BACKUP,4536,-0.009416734783098752
BACKUP,4537,-0.09075370405103617
BACKUP,4538,-0.03998960955205286
BACKUP,4539,-0.05343038774372071
BACKUP,4540,-0.16168878451245539
BACKUP,4541,-0.16944572458757912
BACKUP,4542,-0.15850870633919292
BACKUP,4543,0.16818939582144604
BACKUP,4544,0.008581651572144208
BACKUP,4545,-0.021469091723298278
BACKUP,4546,-0.02983294322308468
BACKUP,4547,0.02529285721062029
BACKUP,4548,-0.029174126196299187
BACKUP,4549,-0.043900539472806206
BACKUP,4550,-0.14377948899952134
BACKUP,4551,-0.02935123503233656
BACKUP,4552,-0.09283696285790788
BACKUP,4553,0.002973226789755032
BACKUP,4554,-0.15640198836710456
BACKUP,4555,0.06905599218975428
BACKUP,4556,-0.08055888794491844
BACKUP,4557,-0.05616628278466595
BACKUP,4558,-0.033728085188419674
BACKUP,4559,0.027161734271507722
BACKUP,4560,-0.08110467138406505
BACKUP,4561,0.025607299885191247
BACKUP,4562,0.0031006635491966435
BACKUP,4563,0.08532828114207427
BACKUP,4564,-0.052263044884152586
BACKUP,4565,0.012343071994474765
BACKUP,4566,-0.09312076264501316
BACKUP,4567,-0.06169919814675204
BACKUP,4568,-0.09872484418535846
BACKUP,4569,-0.15233287490314404
BACKUP,4570,0.041847038546577245
BACKUP,4571,0.19356454860878414
BACKUP,4572,0.0777662152891191
BACKUP,4573,-0.0640263451145026
BACKUP,4574,0.011652065399788327
BACKUP,4575,-0.15482360977530493
BACKUP,4576,-0.05928210040747352
BACKUP,4577,-0.059539006510928666
BACKUP,4578,0.0014856680585095912
BACKUP,4579,-0.0008882050675161019
BACKUP,4580,-0.14084769825103843
BACKUP,4581,-0.02997115556719254
BACKUP,4582,-0.08019770632537233
BACKUP,4583,-0.10167372051792041
BACKUP,4584,-0.02650891447657478
BACKUP,4585,0.0610012975277125
BACKUP,4586,0.023062401796678022
BACKUP,4587,-0.12393337439930996
BACKUP,4588,-0.16196279866121063
BACKUP,4589,0.03846053992116736
BACKUP,4590,-0.0570130020797526
BACKUP,4591,-0.04886523792146574
BACKUP,4592,-0.060852850545894725
BACKUP,4593,0.1491360129293069
BACKUP,4594,0.03151221711959022
BACKUP,4595,0.010644679010277259
BACKUP,4596,-0.0460175475681596
BACKUP,4597,-0.056824254752099505
BACKUP,4598,-0.0633495048695496
BACKUP,4599,0.05521792185132637
BACKUP,4600,0.06445867559809355
BACKUP,4601,0.08836247459636865
BACKUP,4602,-0.18079514256911813
BACKUP,4603,-0.0469648658271497
BACKUP,4604,-0.08350514230921577
BACKUP,4605,-0.08735596380163262
BACKUP,4606,-0.005675403794136346
BACKUP,4607,-0.17637686976184921
BACKUP,4608,0.1287196840884096
BACKUP,4609,-0.0214856491281949
BACKUP,4610,-0.12720307553520938
BACKUP,4611,0.08965723928182263
BACKUP,4612,-0.07895783698000654
BACKUP,4613,-0.16032403949808394
BACKUP,4614,-0.0789344414780254
BACKUP,4615,-0.04249810571253739
BACKUP,4616,0.01147249470786271
BACKUP,4617,-0.08093620547153577
BACKUP,4618,-0.07989964502610578
BACKUP,4619,0.008368128333653036
BACKUP,4620,0.189361381871869
BACKUP,4621,-0.1398635764441413
BACKUP,4622,-0.03611537756875515
BACKUP,4623,0.07681375624737372
BACKUP,4624,-0.09140829493762652
BACKUP,4625,-0.06933595377959169
BACKUP,4626,0.16340952240350756
BACKUP,4627,0.00905461556199272
BACKUP,4628,-0.07675185102392774
BACKUP,4629,-0.004200753163188583
BACKUP,4630,0.06697742981715393
BACKUP,4631,0.08128806314723924
BACKUP,4632,-0.08365145198149446
BACKUP,4633,-0.13249258670655778
BACKUP,4634,-0.07790540158015635
BACKUP,4635,-0.13565076429733297
BACKUP,4636,-0.08744865231688731
BACKUP,4637,-0.029346092856820837
BACKUP,4638,0.057394334422087835
BACKUP,4639,-0.17058446589800044
BACKUP,4640,-0.08493552602622001
BACKUP,4641,-0.01928723854910719
BACKUP,4642,0.036924513600236186
BACKUP,4643,0.18457948948314312
BACKUP,4644,-0.06939528666873915
BACKUP,4645,0.09623646643289051
BACKUP,4646,-0.23699501570812576
BACKUP,4647,-0.05886256649379464
BACKUP,4648,-0.09027467115425587
BACKUP,4649,-0.11160954318176437
BACKUP,4650,-0.054687941232810636
BACKUP,4651,0.09056414180480536
BACKUP,4652,-0.1130600187957618
BACKUP,4653,0.015762105005338013
BACKUP,4654,0.054617995411177345
BACKUP,4655,-0.22084235567603583
BACKUP,4656,0.21079540078032533
BACKUP,4657,0.032940182958983544
BACKUP,4658,-0.02077041215251718
BACKUP,4659,0.14467947759506397
BACKUP,4660,-0.0778221905805103
BACKUP,4661,-0.03541142977864335
BACKUP,4662,-0.07178708076647419
BACKUP,4663,-0.0615243083772348
BACKUP,4664,-0.16483928917080684
BACKUP,4665,-0.03125426649024441
BACKUP,4666,-0.10200894296143333
BACKUP,4667,-0.01816705273501505
BACKUP,4668,-0.07675272054160347
BACKUP,4669,-0.03079220872990918
BACKUP,4670,-0.10409121807728829
BACKUP,4671,0.1702083818373699
BACKUP,4672,0.08429520053803881
BACKUP,4673,0.10288609415655774
BACKUP,4674,-0.033397594919081904
BACKUP,4675,-0.09008361981044163
BACKUP,4676,0.04930026237580006
BACKUP,4677,-0.11084772710449756
BACKUP,4678,-0.02312568590338689
BACKUP,4679,0.032069159929206933
BACKUP,4680,-0.09903707988593194
BACKUP,4681,-0.018585774193924848
BACKUP,4682,-0.014635628486481632
BACKUP,4683,0.06707210642848499
BACKUP,4684,-0.09430273507427522
BACKUP,4685,0.03239293964720434
BACKUP,4686,-0.082394549370786
BACKUP,4687,0.07378293765584333
BACKUP,4688,-0.14407619543761385
BACKUP,4689,-0.09260043443359359
BACKUP,4690,0.07319360345138885
BACKUP,4691,-0.039640783716551484
BACKUP,4692,-0.16562254627411915
BACKUP,4693,-0.048367641634139605
BACKUP,4694,0.0640628645757235
BACKUP,4695,-0.046942176916907746
BACKUP,4696,-0.061229049661605604
BACKUP,4697,0.042491950207457906
BACKUP,4698,-0.0024993434879281543
BACKUP,4699,0.1612975011274862
BACKUP,4700,-0.09441402575508494
BACKUP,4701,0.07048986134030859
BACKUP,4702,-0.05856651749108875
BACKUP,4703,-0.010790084827718443
BACKUP,4704,-0.01066293775469922
BACKUP,4705,-0.02846849781423277
BACKUP,4706,0.08807397297448502
BACKUP,4707,-0.2664794615825744
BACKUP,4708,-0.09599976860612847
BACKUP,4709,0.00592074955576009
BACKUP,4710,-0.07233489652770704
BACKUP,4711,-0.11513837441743739
BACKUP,4712,0.022249350597354903
BACKUP,4713,0.12317660008619599
BACKUP,4714,-0.13130010747619794
BACKUP,4715,-0.07758200685420502
BACKUP,4716,-0.02672208226369275
BACKUP,4717,-0.028613616259671674
BACKUP,4718,-0.056905513191024014
BACKUP,4719,-0.01834884422526718
BACKUP,4720,-0.09036586696799284
BACKUP,4721,-0.034770351584234006
BACKUP,4722,-0.16199013297982848
BACKUP,4723,-0.1043933251468307
BACKUP,4724,-0.0629565632978641
BACKUP,4725,0.1471636789552146
BACKUP,4726,-0.07134245662465219
BACKUP,4727,0.0910871071206065
BACKUP,4728,-0.051271106859488734
BACKUP,4729,-0.08811316567771559
BACKUP,4730,-0.03888029788906596
BACKUP,4731,0.03624622089753999
BACKUP,4732,0.05364596908346484
BACKUP,4733,-0.14778508018033754
BACKUP,4734,0.12492545301197333
BACKUP,4735,0.009182219114495661
BACKUP,4736,-0.10055987571790517
BACKUP,4737,0.1893450183996601
BACKUP,4738,0.07710265801399617
BACKUP,4739,-0.09894952099464743
BACKUP,4740,-0.07602084387005209
BACKUP,4741,-0.13113180800817528
BACKUP,4742,0.0052881306106827555
BACKUP,4743,-0.02298136387515076
BACKUP,4744,-0.03340463383257425
BACKUP,4745,-0.08118520406833692
BACKUP,4746,-0.05544908618146078
BACKUP,4747,-0.0247214204381624
BACKUP,4748,-0.07489944179595355
BACKUP,4749,0.0383750625521861
BACKUP,4750,-0.00695680843411641
BACKUP,4751,-0.07276443930760546
BACKUP,4752,-0.16309439248541374
BACKUP,4753,-0.07368685911702916
BACKUP,4754,0.13205796554132962
BACKUP,4755,-0.03682260127477308
BACKUP,4756,-0.0005351552055074748
BACKUP,4757,0.21098368088683228
BACKUP,4758,0.1256807682222856
BACKUP,4759,-0.09740271298212365
BACKUP,4760,-0.010901081425794852
BACKUP,4761,-0.09282381920528143
BACKUP,4762,-0.18029944777649215
BACKUP,4763,0.09410727204566297
BACKUP,4764,0.06912881112795437
BACKUP,4765,-0.1923882999382159
BACKUP,4766,0.011336763242912152
BACKUP,4767,-0.12622962903526466
BACKUP,4768,-0.07054692690072255
BACKUP,4769,-0.04973820296461817
BACKUP,4770,-0.01061858421562918
BACKUP,4771,0.01963552848883236
BACKUP,4772,-0.00265991307169618
BACKUP,4773,-0.0548246038017502
BACKUP,4774,-0.041090487858900994
BACKUP,4775,-0.00452552096851903
BACKUP,4776,0.004173103079141402
BACKUP,4777,-0.008722692081131425
BACKUP,4778,-0.09792075223249186
BACKUP,4779,-0.0036691174007101113
BACKUP,4780,-0.07261847840064733
BACKUP,4781,-0.11439345314697265
BACKUP,4782,-0.04690845764624198
BACKUP,4783,0.025606496006892708
BACKUP,4784,0.01007161502774896
BACKUP,4785,0.05196450993614417
BACKUP,4786,-0.02000049011834292
BACKUP,4787,0.015257372844898854
BACKUP,4788,-0.1437378189062423
BACKUP,4789,-0.11520501891443438
BACKUP,4790,0.02876439681075992
BACKUP,4791,0.19950027760551298
BACKUP,4792,0.005783505439310707
BACKUP,4793,-0.21799996719725007
BACKUP,4794,-0.14261946308277035
BACKUP,4795,-0.09272049783561015
BACKUP,4796,-0.11991569619120704
BACKUP,4797,0.014432879690726475
BACKUP,4798,-0.0784738826771404
BACKUP,4799,-0.11571409218397125
BACKUP,4800,0.092078999966173
BACKUP,4801,0.12699881514620223
BACKUP,4802,-0.12734918915432636
BACKUP,4803,-0.13364731183547232
BACKUP,4804,-0.10533434679299236
BACKUP,4805,-0.058604714978425045
BACKUP,4806,-0.06122892313581034
BACKUP,4807,-0.11894686764579872
BACKUP,4808,-0.10985800108279878
BACKUP,4809,0.03713794227822407
BACKUP,4810,-0.11141409861972502
BACKUP,4811,-0.12770450106658093
BACKUP,4812,-0.10542364764423841
BACKUP,4813,-0.01534969118162766
BACKUP,4814,-0.13017012983500872
BACKUP,4815,-0.10968313606016881
BACKUP,4816,-0.059593949535919136
BACKUP,4817,-0.021719306479540974
BACKUP,4818,-0.1172860947726096
BACKUP,4819,0.05816037792914617
BACKUP,4820,-0.04442231479690362
BACKUP,4821,-0.1264192426994178
BACKUP,4822,-0.05159688085868606
BACKUP,4823,-0.10740985890121733
BACKUP,4824,-0.02587769610333734
BACKUP,4825,-0.0783187511971065
BACKUP,4826,-0.10811911290199246
BACKUP,4827,0.023451771419462877
BACKUP,4828,-0.10271919405348409
BACKUP,4829,-0.04755401844736124
BACKUP,4830,-0.12660260198836426
BACKUP,4831,-0.12703091969280134
BACKUP,4832,-0.20944336549973191
BACKUP,4833,0.07861263605758363
BACKUP,4834,-0.14867026045613083
BACKUP,4835,-0.037783973316764766
BACKUP,4836,0.07418086985575002
BACKUP,4837,-0.05957547576283059
BACKUP,4838,-0.08383201868154377
BACKUP,4839,-0.029831506997021966
BACKUP,4840,0.05705365126134951
BACKUP,4841,-0.13470397096945014
BACKUP,4842,-0.09942751926299297
BACKUP,4843,0.018118511342268155
BACKUP,4844,-0.048094223529082734
BACKUP,4845,-0.14161457311879608
BACKUP,4846,-0.12196330010869882
BACKUP,4847,0.07032754451474224
BACKUP,4848,-0.0909177445254157
BACKUP,4849,-0.0506262910530548
BACKUP,4850,0.06456656766974074
BACKUP,4851,-0.014338335076296364
BACKUP,4852,0.02374983809889241
BACKUP,4853,0.04226194919061286
BACKUP,4854,0.05565938073097023
BACKUP,4855,-0.16001550979075355
BACKUP,4856,-0.20963393825584564
BACKUP,4857,0.04045246954052766
BACKUP,4858,0.054873141369075056
BACKUP,4859,-0.14869110229474278
BACKUP,4860,-0.0642722076551623
BACKUP,4861,-0.08987331842438248
BACKUP,4862,0.029267538985999823
BACKUP,4863,-0.040844761412318645
BACKUP,4864,-0.07729967846389336
BACKUP,4865,0.07892373104826324
BACKUP,4866,0.0039158775414716235
BACKUP,4867,-0.03651573278256226
BACKUP,4868,-0.02061354499248044
BACKUP,4869,-0.024195161953722576
BACKUP,4870,-0.0830415327744133
BACKUP,4871,-0.0038648929489325896
BACKUP,4872,-0.14432359044998208
BACKUP,4873,-0.1547304228473952
BACKUP,4874,0.03453925833248912
BACKUP,4875,-0.2157618289424521
BACKUP,4876,0.08143777381956675
BACKUP,4877,-0.08111707895325886
BACKUP,4878,0.16016647967167594
BACKUP,4879,-0.10978597509175068
BACKUP,4880,-0.08561084770847859
BACKUP,4881,-0.09021723280009282
BACKUP,4882,0.05779941935853785
BACKUP,4883,-0.07852498216537843
BACKUP,4884,-0.21216210698022425
BACKUP,4885,-0.057610104196610265
BACKUP,4886,-0.0433737214244611
BACKUP,4887,0.14355770816416286
BACKUP,4888,0.011042748118140915
BACKUP,4889,0.03777642630798994
BACKUP,4890,-0.11749769163015483
BACKUP,4891,-0.12379378136923298
BACKUP,4892,0.036299848223495655
BACKUP,4893,0.015038078072149776
BACKUP,4894,-0.19028765227409092
BACKUP,4895,0.053401953810496595
BACKUP,4896,-0.17140147662760605
BACKUP,4897,-0.167040891821644
BACKUP,4898,-0.08622268016224952
BACKUP,4899,-0.01212665850620016
BACKUP,4900,-0.12912336069327923
BACKUP,4901,-0.1532071815751401
BACKUP,4902,-0.04816214266083512
BACKUP,4903,0.026560380895592258
BACKUP,4904,-0.01473108654821977
BACKUP,4905,-0.14195803470632562
BACKUP,4906,0.0729382545376301
BACKUP,4907,-0.06144349089201277
BACKUP,4908,0.035683383725658505
BACKUP,4909,-0.017749226758072178
BACKUP,4910,-0.1633548125900559
BACKUP,4911,0.060349294067476834
BACKUP,4912,-0.06897359163576453
BACKUP,4913,0.07605763926621702
BACKUP,4914,-0.1911270825408144
BACKUP,4915,-0.05097714676482586
BACKUP,4916,-0.02409259879953655
BACKUP,4917,-0.07280530073588645
BACKUP,4918,-0.10911934973252255
BACKUP,4919,-0.05220606181429058
BACKUP,4920,-0.027316864497009773
BACKUP,4921,0.14341491700622835
BACKUP,4922,0.04318752590211982
BACKUP,4923,-0.05711208289292995
BACKUP,4924,-0.1878477237736327
BACKUP,4925,-0.27280319254969215
BACKUP,4926,-0.13177065794527804
BACKUP,4927,-0.0794303913011117
BACKUP,4928,-0.0753613499514499
BACKUP,4929,0.09756154064989618
BACKUP,4930,-0.18050163555153195
BACKUP,4931,-0.03912651572364862
BACKUP,4932,0.0973855334599888
BACKUP,4933,-0.1534993662899221
BACKUP,4934,-0.12407039426036824
BACKUP,4935,-0.02904887522833206
BACKUP,4936,-0.13196811192142374
BACKUP,4937,-0.14850780850906303
BACKUP,4938,-0.0669327383914846
BACKUP,4939,-0.11803476190482767
BACKUP,4940,0.016762541652729532
BACKUP,4941,0.05160884122355701
BACKUP,4942,0.10921126813324022
BACKUP,4943,-0.07994914025946184
BACKUP,4944,-0.1504141688345683
BACKUP,4945,-0.19439043320236432
BACKUP,4946,-0.08424473949617711
BACKUP,4947,0.14224959652854569
BACKUP,4948,-0.15464720877286586
BACKUP,4949,-0.11639212945000188
BACKUP,4950,-0.15958504682917468
BACKUP,4951,0.14800103220025734
BACKUP,4952,-0.033611201469031765
BACKUP,4953,-0.024728220093817622
BACKUP,4954,-0.16906292788844715
BACKUP,4955,-0.03455218033763751
BACKUP,4956,-0.15033754760879667
BACKUP,4957,-0.011860210179579455
BACKUP,4958,-0.027180721197490307
BACKUP,4959,0.11837217109649519
BACKUP,4960,0.07339516818283034
BACKUP,4961,-0.13205919485234707
BACKUP,4962,-0.10974882188170133
BACKUP,4963,-0.11139556539785908
BACKUP,4964,-0.04995826883346742
BACKUP,4965,-0.041360352716748316
BACKUP,4966,-0.02790077486786108
BACKUP,4967,-0.1359234530955511
BACKUP,4968,-0.08464481341726678
BACKUP,4969,-0.10271735310783552
BACKUP,4970,-0.1428542398938212
BACKUP,4971,-0.006863857839639283
BACKUP,4972,-0.14536888806165715
BACKUP,4973,-0.07881644736274805
BACKUP,4974,-0.08016179621812594
BACKUP,4975,-0.0057393715341355995
BACKUP,4976,0.06790136242198626
BACKUP,4977,-0.2130230726227827
BACKUP,4978,-0.08061004723220036
BACKUP,4979,-0.18033189378457226
BACKUP,4980,-0.07382970906290238
BACKUP,4981,-0.03785468095246483
BACKUP,4982,0.08469009357582549
BACKUP,4983,-0.0208144822237619
BACKUP,4984,-0.1559412309076407
BACKUP,4985,-0.059066203946215985
BACKUP,4986,-0.03935344535240019
BACKUP,4987,-0.011917012400987676
BACKUP,4988,0.0382468896826994
BACKUP,4989,-0.07936260057238244
BACKUP,4990,-0.08823999445278226
BACKUP,4991,-0.14792012846170466
BACKUP,4992,0.057401760362792244
BACKUP,4993,0.09967690430101687
BACKUP,4994,-0.03394313393048527
BACKUP,4995,-0.11697146239366558
BACKUP,4996,-0.07101285508490429
BACKUP,4997,-0.0840710261005781
BACKUP,4998,-0.13479240730338626
BACKUP,4999,0.09256601440866612
BACKUP,5000,0.007373219115125798
BACKUP,5001,-0.25372794723716907
BACKUP,5002,-0.16266594891533817
BACKUP,5003,-0.01273023514734237
BACKUP,5004,-0.16065984466769012
BACKUP,5005,-0.09574134245518082
BACKUP,5006,0.07212019848772026
BACKUP,5007,-0.16084151642576158
BACKUP,5008,0.015403145222099322
BACKUP,5009,-0.12806843654911965
BACKUP,5010,0.021153761166789558
BACKUP,5011,0.18676289598179827
BACKUP,5012,-0.07222057635054197
BACKUP,5013,-0.013535657284900379
BACKUP,5014,0.046510660193458606
BACKUP,5015,-0.07547753291979187
BACKUP,5016,0.0441041788683003
BACKUP,5017,0.013344187526852793
BACKUP,5018,0.00207681453505615
BACKUP,5019,-0.04117268623822076
BACKUP,5020,-0.00677183560457658
BACKUP,5021,-0.044983731975918956
BACKUP,5022,0.17000020927912834
BACKUP,5023,-0.004127091521754897
BACKUP,5024,-0.1572472530673091
BACKUP,5025,-0.08070245133568933
BACKUP,5026,0.06848111495914116
BACKUP,5027,-0.11895753785890183
BACKUP,5028,-0.08603886148915252
BACKUP,5029,-0.0159154350704633
BACKUP,5030,-0.12068507083602736
BACKUP,5031,-0.06699889178751606
BACKUP,5032,-0.12580837807623385
BACKUP,5033,0.015885512711781007
BACKUP,5034,0.04889901542095033
BACKUP,5035,0.08765056089208802
BACKUP,5036,-0.12235930607523209
BACKUP,5037,-0.17455318648640777
BACKUP,5038,0.006994482951425199
BACKUP,5039,-0.10130721989151424
BACKUP,5040,-0.20375621354313064
BACKUP,5041,-0.0801857765771048
BACKUP,5042,-0.048158554091979756
BACKUP,5043,0.12177537327333006
BACKUP,5044,-0.0518304414613849
BACKUP,5045,0.026335959096493708
BACKUP,5046,0.14836583257600586
BACKUP,5047,-0.1790631100311111
BACKUP,5048,-0.06251532695222227
BACKUP,5049,0.08498074595366018
BACKUP,5050,-0.11523179138365566
BACKUP,5051,0.06025323206521565
BACKUP,5052,0.011250562311068784
BACKUP,5053,-0.003564509630508818
BACKUP,5054,-0.0779684970690704
BACKUP,5055,0.06800677495461872
BACKUP,5056,-0.030126565414694547
BACKUP,5057,-0.03529370631073471
BACKUP,5058,0.016271873929540576
BACKUP,5059,-0.0945080416256844
BACKUP,5060,-0.06643926162873476
BACKUP,5061,-0.13002810998723419
BACKUP,5062,0.10926984335505162
BACKUP,5063,-0.08803100396522835
BACKUP,5064,-0.11696380935991406
BACKUP,5065,-0.1338596358281009
BACKUP,5066,-0.06690405214375353
BACKUP,5067,-0.031805191476543336
BACKUP,5068,0.03706823191205851
BACKUP,5069,-0.11946707615240232
BACKUP,5070,0.10162045797054094
BACKUP,5071,-0.1807549972185578
BACKUP,5072,-0.05364207443019223
BACKUP,5073,-0.009854911944657327
BACKUP,5074,0.005975162479656076
BACKUP,5075,-0.015267622072260224
BACKUP,5076,0.06043630621247315
BACKUP,5077,-0.11994907410520206
BACKUP,5078,-0.02245720110399474
BACKUP,5079,-0.08962176669892859
BACKUP,5080,0.06500779625368504
BACKUP,5081,-0.09705731471889455
BACKUP,5082,-0.011233926286622129
BACKUP,5083,-0.13455629607011355
BACKUP,5084,-0.08068926218451633
BACKUP,5085,-0.027993679394405547
BACKUP,5086,-0.1959626602989555
BACKUP,5087,-0.018315488736846974
BACKUP,5088,-0.0938440391166831
BACKUP,5089,-0.142121788103767
BACKUP,5090,-0.08758189259781463
BACKUP,5091,-0.19918790265011635
BACKUP,5092,0.08081278573794727
BACKUP,5093,-0.09149892923736519
BACKUP,5094,-0.12484936738031556
BACKUP,5095,0.0008384941601297815
BACKUP,5096,0.12991548411956622
BACKUP,5097,0.02433516045472555
BACKUP,5098,0.10068526592869768
BACKUP,5099,0.10137178792814343
BACKUP,5100,0.054990848259150425
BACKUP,5101,-0.10452591218414388
BACKUP,5102,-0.007025349876951201
BACKUP,5103,0.10427230329455132
BACKUP,5104,-0.11217503295401474
BACKUP,5105,-0.2181342991185615
BACKUP,5106,-0.15791832805101458
BACKUP,5107,-0.12036031457823236
BACKUP,5108,0.12566098290171554
BACKUP,5109,-0.024633582433270372
BACKUP,5110,0.0005524825822089101
BACKUP,5111,-0.08659428443239474
BACKUP,5112,0.07888760207499712
BACKUP,5113,0.06643666930555218
BACKUP,5114,0.015961862403611356
BACKUP,5115,0.06091945044277602
BACKUP,5116,0.013350581414359125
BACKUP,5117,-0.00425806644951018
BACKUP,5118,-0.004483786199361091
BACKUP,5119,-0.06468378418425545
BACKUP,5120,-0.007700086731772942
BACKUP,5121,-0.021471203782375253
BACKUP,5122,-0.0714627537145316
BACKUP,5123,-0.07068088626368903
BACKUP,5124,-0.08613419350219394
BACKUP,5125,-0.11937657755734284
BACKUP,5126,0.03554366979898013
BACKUP,5127,-0.031986842903720974
BACKUP,5128,0.12715551319183185
BACKUP,5129,-0.078362359274256
BACKUP,5130,-0.04425405254069926
BACKUP,5131,0.04836394061394736
BACKUP,5132,-0.03713333183665639
BACKUP,5133,0.21197409291235175
BACKUP,5134,-0.007676985669254661
BACKUP,5135,0.1521872632212918
BACKUP,5136,0.0318412749088503
BACKUP,5137,0.023361705535869574
BACKUP,5138,0.036786967962354596
BACKUP,5139,0.056734996431691866
BACKUP,5140,-0.03875507052645309
BACKUP,5141,-0.10994048344581785
BACKUP,5142,-0.05478415136463885
BACKUP,5143,-0.023757012883454026
BACKUP,5144,-0.06763027959636161
BACKUP,5145,-0.10575375977703524
BACKUP,5146,-0.09136397068178655
BACKUP,5147,0.1356207662728814
BACKUP,5148,-0.15474179082107822
BACKUP,5149,-0.02496052036514249
BACKUP,5150,0.058194784995365165
BACKUP,5151,0.0595962463869502
BACKUP,5152,-0.11534540210312101
BACKUP,5153,-0.026501516448842813
BACKUP,5154,-0.032065561580978105
BACKUP,5155,0.0909003410009936
BACKUP,5156,-0.09201326443520348
BACKUP,5157,-0.10700810246819523
BACKUP,5158,-0.11366623065924163
BACKUP,5159,-0.130844067352989
BACKUP,5160,0.029405217721597092
BACKUP,5161,-0.12275439907737362
BACKUP,5162,0.03981320952527008
BACKUP,5163,-0.12144276630753141
BACKUP,5164,0.05766007466542759
BACKUP,5165,-0.053875852239347655
BACKUP,5166,-0.1661270750319658
BACKUP,5167,-0.10702389263697436
BACKUP,5168,0.04585509469011271
BACKUP,5169,0.03738988387797558
BACKUP,5170,-0.14544885856986275
BACKUP,5171,-0.03826332584132183
BACKUP,5172,-0.0041771794827976305
BACKUP,5173,-0.13297229559659018
BACKUP,5174,0.155202303930966
BACKUP,5175,0.003923854546473767
BACKUP,5176,-0.0034810868706281754
BACKUP,5177,-0.11501587506760265
BACKUP,5178,0.09123255908218264
BACKUP,5179,-0.15831558927498782
BACKUP,5180,-0.20201315909348877
BACKUP,5181,-0.09362484629394464
BACKUP,5182,-0.029420870858677558
BACKUP,5183,-0.09761344179988947
BACKUP,5184,-0.06798006397280443
BACKUP,5185,-0.11358194091941974
BACKUP,5186,-0.01914659484201697
BACKUP,5187,0.045028284188689385
BACKUP,5188,-0.06323430007409346
BACKUP,5189,0.0905676544543107
BACKUP,5190,0.039662223155168916
BACKUP,5191,0.027094255484068602
BACKUP,5192,-0.15176695788460173
BACKUP,5193,0.0723715209048932
BACKUP,5194,-0.04186177636356695
BACKUP,5195,-0.11716404974770742
BACKUP,5196,-0.14520157362892155
BACKUP,5197,0.02716515339017003
BACKUP,5198,-0.07786040129892945
BACKUP,5199,-0.09000216450201677
BACKUP,5200,0.22704717315863526
BACKUP,5201,-0.06758279902306073
BACKUP,5202,-0.18528468973577453
BACKUP,5203,-0.13996905823879713
BACKUP,5204,0.10793826700429718
BACKUP,5205,-0.07942458215058602
BACKUP,5206,0.06114011394700019
BACKUP,5207,-0.013826835353442403
BACKUP,5208,-0.06120250419982872
BACKUP,5209,-0.0003146071766722292
BACKUP,5210,0.04017212442098232
BACKUP,5211,-0.0492893128574279
BACKUP,5212,-0.04945758498016936
BACKUP,5213,-0.023080944595521753
BACKUP,5214,-0.1004936019106678
BACKUP,5215,-0.10853327437850863
BACKUP,5216,-0.0013520853571826644
BACKUP,5217,-0.0014820009566872707
BACKUP,5218,-0.19584875624442727
BACKUP,5219,0.05498318074772411
BACKUP,5220,-0.1441511994857882
BACKUP,5221,-0.15905203371317217
BACKUP,5222,-0.12317878053523507
BACKUP,5223,0.12606681670322073
BACKUP,5224,-0.007621965110432608
BACKUP,5225,-0.024792521000873362
BACKUP,5226,-0.05596684661587719
BACKUP,5227,-0.1575339353380285
BACKUP,5228,0.08722865270976177
BACKUP,5229,0.005099218935536202
BACKUP,5230,-0.06122744149686317
BACKUP,5231,-0.09373746512765663
BACKUP,5232,-0.011601519491958178
BACKUP,5233,-0.1670304944111572
BACKUP,5234,-0.1513168370653697
BACKUP,5235,-0.09335518921206822
BACKUP,5236,-0.16283409303227467
BACKUP,5237,-0.1771292931957602
BACKUP,5238,-0.13915514831957415
BACKUP,5239,-0.11947156598621876
BACKUP,5240,0.060518351214748606
BACKUP,5241,-0.1871743179757524
BACKUP,5242,-0.08427366902395649
BACKUP,5243,0.06618039370627829
BACKUP,5244,-0.08076564257769485
BACKUP,5245,0.0051030257702666055
BACKUP,5246,0.0651234634615105
BACKUP,5247,0.16835862123574352
BACKUP,5248,0.15634463064808707
BACKUP,5249,0.05533574278442375
BACKUP,5250,-0.04985037118712085
BACKUP,5251,-0.0998240898292948
BACKUP,5252,0.1968186076174536
BACKUP,5253,-0.04423419447240879
BACKUP,5254,0.0889065568468862
BACKUP,5255,0.025004902550614293
BACKUP,5256,-0.03979068304826051
BACKUP,5257,0.10653191754437537
BACKUP,5258,-0.10901085976505365
BACKUP,5259,-0.019615128396702923
BACKUP,5260,-0.020957269326847813
BACKUP,5261,-0.009989599997264207
BACKUP,5262,-0.10174135185297058
BACKUP,5263,-0.14498431793815814
BACKUP,5264,-0.06702824230033086
BACKUP,5265,-0.1708086043805362
BACKUP,5266,0.11375890195108393
BACKUP,5267,0.18933962265226986
BACKUP,5268,0.07853313959028234
BACKUP,5269,0.012976095684482795
BACKUP,5270,0.06345925066826195
BACKUP,5271,-0.038525683823727314
BACKUP,5272,-0.14742797330850305
BACKUP,5273,-0.05096514344882976
BACKUP,5274,0.13411261688790305
BACKUP,5275,-0.0685659656761716
BACKUP,5276,-0.10181393177061066
BACKUP,5277,-0.0435200217033916
BACKUP,5278,0.03850634135669871
BACKUP,5279,-0.1160646681312319
BACKUP,5280,-0.09267666867881036
BACKUP,5281,-0.15677017991292086
BACKUP,5282,-0.10721619124771217
BACKUP,5283,-0.09946756445230022
BACKUP,5284,-0.18449341138936068
BACKUP,5285,-0.06112154076523866
BACKUP,5286,-0.05679873792924374
BACKUP,5287,0.012462025407712301
BACKUP,5288,-0.07402824334086679
BACKUP,5289,-0.07327426014069682
BACKUP,5290,-0.12183779063355804
BACKUP,5291,-0.1700323826760678
BACKUP,5292,-0.054562188863720364
BACKUP,5293,-0.09611195412082527
BACKUP,5294,-0.09375124644156344
BACKUP,5295,-0.08853959866882911
BACKUP,5296,0.028096024675281984
BACKUP,5297,0.11587998342250011
BACKUP,5298,-0.08271870159446687
BACKUP,5299,-0.1385733572550475
BACKUP,5300,-0.08452789569446824
BACKUP,5301,-0.06373504560365083
BACKUP,5302,-0.1675363123387648
BACKUP,5303,-0.13262329019309135
BACKUP,5304,-0.09278337063364951
BACKUP,5305,-0.07126797931865585
BACKUP,5306,-0.06443882820720294
BACKUP,5307,-0.06110145264588811
BACKUP,5308,-0.11575574354512287
BACKUP,5309,-0.018273473930413404
BACKUP,5310,0.025761605358504226
BACKUP,5311,-0.14216368997232823
BACKUP,5312,-0.0520504562584942
BACKUP,5313,-0.10481589166028014
BACKUP,5314,-0.009884665981384544
BACKUP,5315,-0.06563966145760608
BACKUP,5316,-0.07450380714060843
BACKUP,5317,-0.05042510276088003
BACKUP,5318,-0.14376154303496588
BACKUP,5319,-0.06921652572290032
BACKUP,5320,-0.038318027102081834
BACKUP,5321,-0.000688583477567535
BACKUP,5322,0.03305702700489034
BACKUP,5323,0.06234001481347238
BACKUP,5324,-0.12418488520806183
BACKUP,5325,0.011686210161681636
BACKUP,5326,0.011674385094941096
BACKUP,5327,-0.07404475078419222
BACKUP,5328,-0.07678425372011005
BACKUP,5329,-0.11269172389907137
BACKUP,5330,-0.12022206553348695
BACKUP,5331,0.060435964113150484
BACKUP,5332,0.08390563083560268
BACKUP,5333,-0.10767652617118435
BACKUP,5334,-0.12394866102970133
BACKUP,5335,-0.046278171397664034
BACKUP,5336,-0.12134486479228367
BACKUP,5337,-0.13100628028192882
BACKUP,5338,-0.031125934067307386
BACKUP,5339,-0.15276343076160695
BACKUP,5340,0.049951256256613216
BACKUP,5341,0.06773689529070195
BACKUP,5342,-0.021029178476664002
BACKUP,5343,-0.12071175900796194
BACKUP,5344,-0.06584727855400303
BACKUP,5345,0.016795583920313363
BACKUP,5346,-0.03763089352836501
BACKUP,5347,-0.023620986754077495
BACKUP,5348,-0.11089910041188768
BACKUP,5349,-0.18645309131176066
BACKUP,5350,-0.07419538139492664
BACKUP,5351,-0.09457211948852279
BACKUP,5352,-0.07858351520931561
BACKUP,5353,-0.09751753468581978
BACKUP,5354,-0.0429948804676268
BACKUP,5355,-0.0888334069268679
BACKUP,5356,0.12513846563358647
BACKUP,5357,-0.10236309943738632
BACKUP,5358,0.016707004768014524
BACKUP,5359,-0.12743183800992022
BACKUP,5360,-0.058072852602936674
BACKUP,5361,-0.009638347306465067
BACKUP,5362,-0.12226472852949957
BACKUP,5363,-0.04400370665727254
BACKUP,5364,-0.06092414123725241
BACKUP,5365,0.016619456065970508
BACKUP,5366,0.11813536195167627
BACKUP,5367,0.01432306390830103
BACKUP,5368,0.028129531287448474
BACKUP,5369,-0.14891342220854656
BACKUP,5370,-0.07623539039309116
BACKUP,5371,-0.1116328097388828
BACKUP,5372,-0.1362926371470498
BACKUP,5373,0.03918078453001541
BACKUP,5374,-0.14933177804756645
BACKUP,5375,0.03129590459698263
BACKUP,5376,-0.02633761982499212
BACKUP,5377,0.0369035731223094
BACKUP,5378,0.031059261567222846
BACKUP,5379,0.11041905585872173
BACKUP,5380,0.005062828932382043
BACKUP,5381,-0.025369344816902974
BACKUP,5382,-0.12979840640681914
BACKUP,5383,-0.07150802352725993
BACKUP,5384,-0.04417103770161691
BACKUP,5385,0.10487671844307919
BACKUP,5386,0.04716214893617336
BACKUP,5387,-0.0901335809371685
BACKUP,5388,-0.008201512142819056
BACKUP,5389,-0.15081529238536687
BACKUP,5390,0.005098744675510077
BACKUP,5391,0.05657608437627847
BACKUP,5392,0.01346267559371994
BACKUP,5393,-0.010034512463934912
BACKUP,5394,-0.02572905645183364
BACKUP,5395,0.07764285485395668
BACKUP,5396,-0.17385073352190752
BACKUP,5397,-0.02609710334389165
BACKUP,5398,-0.09600699619638486
BACKUP,5399,0.012451805196275024
BACKUP,5400,-0.09107407266193034
BACKUP,5401,0.11770606225394453
BACKUP,5402,-0.14281546886603447
BACKUP,5403,-0.10704779783425705
BACKUP,5404,-0.1397811793763385
BACKUP,5405,0.016097705942019303
BACKUP,5406,0.052467703077616536
BACKUP,5407,0.16795230180761345
BACKUP,5408,-0.14768443834035708
BACKUP,5409,-0.1839810310009819
BACKUP,5410,0.03590842290102324
BACKUP,5411,-0.0821113001958387
BACKUP,5412,0.03202149524828533
BACKUP,5413,-0.0397492719256561
BACKUP,5414,-0.040687054526129446
BACKUP,5415,-0.06554269606981306
BACKUP,5416,0.025004956136485085
BACKUP,5417,0.10703638633626089
BACKUP,5418,0.007989378423984124
BACKUP,5419,-0.12389082298615416
BACKUP,5420,-0.03319383475679466
BACKUP,5421,0.007011991704679291
BACKUP,5422,-0.09753756466861074
BACKUP,5423,0.08425132543822841
BACKUP,5424,-0.10722826990293458
BACKUP,5425,-3.288285326914824e-05
BACKUP,5426,0.07423996593726238
BACKUP,5427,-0.01682559475150251
BACKUP,5428,-0.08242292070426796
BACKUP,5429,-0.0763150604287654
BACKUP,5430,-0.1569218940070526
BACKUP,5431,-0.2750124516463116
BACKUP,5432,0.1159403648596932
BACKUP,5433,-0.030637798193609237
BACKUP,5434,0.007861638521959008
BACKUP,5435,-0.07172554322261072
BACKUP,5436,-0.18895157512300786
BACKUP,5437,-0.12256741153599146
BACKUP,5438,0.12659438199449122
BACKUP,5439,0.05885075192304915
BACKUP,5440,-0.06923456788290822
BACKUP,5441,0.041512019841699443
BACKUP,5442,0.006204652227318332
BACKUP,5443,-0.04183979070214437
BACKUP,5444,0.013619627543439981
BACKUP,5445,-0.07983317611223206
BACKUP,5446,-0.0718397539975416
BACKUP,5447,-0.03218624852940105
BACKUP,5448,-0.02697055701713505
BACKUP,5449,-0.1717801913598315
BACKUP,5450,0.010593494317642888
BACKUP,5451,0.026660387156580673
BACKUP,5452,-0.06638456126047955
BACKUP,5453,-0.011467670386045516
BACKUP,5454,0.10017672618631011
BACKUP,5455,0.10922245652673823
BACKUP,5456,0.04472981343669081
BACKUP,5457,0.03836298503259503
BACKUP,5458,-0.10159391667633975
BACKUP,5459,-0.15021035507054403
BACKUP,5460,-0.14346340176447814
BACKUP,5461,0.14157460644868688
BACKUP,5462,-0.007134864088011973
BACKUP,5463,0.039401332550447456
BACKUP,5464,-0.16449120577064205
BACKUP,5465,-0.09688344677611845
BACKUP,5466,-0.03979115763452751
BACKUP,5467,-0.1235607333984642
BACKUP,5468,0.00110628498261727
BACKUP,5469,0.09611442238716432
BACKUP,5470,0.007672057937438974
BACKUP,5471,-0.09585027887503578
BACKUP,5472,-0.0006834884489475862
BACKUP,5473,-0.047439934501754405
BACKUP,5474,0.20349210911694887
BACKUP,5475,0.10352643674391832
BACKUP,5476,-0.01846352860558866
BACKUP,5477,0.20372637814675346
BACKUP,5478,0.004094813536871667
BACKUP,5479,-0.14802810124009674
BACKUP,5480,-0.060471471197066515
BACKUP,5481,-0.06638704812277686
BACKUP,5482,-0.04624086266801301
BACKUP,5483,-0.07136709612146928
BACKUP,5484,-0.06875382192724219
BACKUP,5485,-0.048724882206053595
BACKUP,5486,-0.01867717385345306
BACKUP,5487,-0.07426128836871033
BACKUP,5488,0.0960494016915835
BACKUP,5489,0.08281257063349988
BACKUP,5490,0.007846259855401484
BACKUP,5491,0.03163345055589112
BACKUP,5492,0.16195502231280423
BACKUP,5493,0.02221641752497477
BACKUP,5494,-0.0457026317440708
BACKUP,5495,-0.005998954005201436
BACKUP,5496,-0.1270493849219696
BACKUP,5497,0.0025506571489236547
BACKUP,5498,-0.09629286713554577
BACKUP,5499,-0.12208903805789224
BACKUP,5500,-0.19487385694484494
BACKUP,5501,0.061844185833575996
BACKUP,5502,-0.03470472795850706
BACKUP,5503,-0.011433923472414542
BACKUP,5504,0.09468464856911413
BACKUP,5505,0.14536171835252237
BACKUP,5506,0.12727293624346864
BACKUP,5507,-0.09104448979595328
BACKUP,5508,0.012476462511564203
BACKUP,5509,-0.15513399702074548
BACKUP,5510,-0.1299189205565553
BACKUP,5511,0.1430022205888233
BACKUP,5512,0.07778729976780951
BACKUP,5513,-0.10034907392789572
BACKUP,5514,-0.2055840704764537
BACKUP,5515,0.07701603589672026
BACKUP,5516,-0.025860899965628632
BACKUP,5517,-0.10753059825477637
BACKUP,5518,0.00682518598893088
BACKUP,5519,0.045294587293402466
BACKUP,5520,-0.07687922304867177
BACKUP,5521,-0.11100893371584217
BACKUP,5522,-0.037434450733360776
BACKUP,5523,-0.06848313611333447
BACKUP,5524,-0.025958261281935412
BACKUP,5525,-0.17762703053330073
BACKUP,5526,0.019541660214051366
BACKUP,5527,-0.06488964749005788
BACKUP,5528,-0.10724730440374394
BACKUP,5529,-0.09278287553225881
BACKUP,5530,0.1112201449644651
BACKUP,5531,0.07105231667935477
BACKUP,5532,-0.05359838620728119
BACKUP,5533,-0.06712789576748018
BACKUP,5534,-0.11467742497774511
BACKUP,5535,-0.09502578550272797
BACKUP,5536,0.012283122408638051
BACKUP,5537,-0.02335762311937057
BACKUP,5538,-0.09745353557766068
BACKUP,5539,-0.0746452059264932
BACKUP,5540,-0.13845961410795812
BACKUP,5541,-0.014854467213683074
BACKUP,5542,0.1605544072646222
BACKUP,5543,-0.012794980423402626
BACKUP,5544,-0.009686288094727725
BACKUP,5545,-0.01626101287146992
BACKUP,5546,0.023911097969836783
BACKUP,5547,-0.11030228728219285
BACKUP,5548,-0.27820538576679077
BACKUP,5549,-0.18068005520246774
BACKUP,5550,-0.08754294088147133
BACKUP,5551,-0.1572532008844027
BACKUP,5552,-0.10834779815474306
BACKUP,5553,-0.0319530203318213
BACKUP,5554,-0.05928026907980182
BACKUP,5555,-0.028774224862722044
BACKUP,5556,-0.07290110959640209
BACKUP,5557,0.00991719631222331
BACKUP,5558,0.059436527234124945
BACKUP,5559,-0.2264811147247874
BACKUP,5560,0.17588294380328862
BACKUP,5561,0.06111218828610236
BACKUP,5562,0.1136832994940468
BACKUP,5563,0.054117681060468444
BACKUP,5564,0.12250034018334287
BACKUP,5565,-0.11604842355912957
BACKUP,5566,-0.0996470998516459
BACKUP,5567,-0.01896478536659765
BACKUP,5568,-0.042924825117812926
BACKUP,5569,-0.1213692590881628
BACKUP,5570,-0.14981276772427282
BACKUP,5571,-0.08209569412297797
BACKUP,5572,-0.016613334904794556
BACKUP,5573,-0.19533109282235478
BACKUP,5574,0.10636856391192887
BACKUP,5575,-0.05904119655022455
BACKUP,5576,-0.015637683476858236
BACKUP,5577,-0.10184545329145377
BACKUP,5578,-0.07635580166200108
BACKUP,5579,-0.024604621902141372
BACKUP,5580,-0.13061536464372817
BACKUP,5581,-0.12307578388356226
BACKUP,5582,-0.09200087022344752
BACKUP,5583,-0.1259358038643615
BACKUP,5584,-0.026134891568830892
BACKUP,5585,-0.06937010631250126
BACKUP,5586,-0.013346685837587916
BACKUP,5587,0.1648542614944389
BACKUP,5588,-0.06790855108962204
BACKUP,5589,-0.0382613053449896
BACKUP,5590,0.05799835339406644
BACKUP,5591,-0.04902444980687184
BACKUP,5592,0.005348331620658486
BACKUP,5593,-0.01310688927613557
BACKUP,5594,0.16955867564613034
BACKUP,5595,-0.016313482455340925
BACKUP,5596,-0.04351651985333107
BACKUP,5597,-0.02373101493500217
BACKUP,5598,-0.05079525400662828
BACKUP,5599,-0.059136380274732336
BACKUP,5600,0.04022183915156505
BACKUP,5601,-0.1472154731638738
BACKUP,5602,-0.267912952488833
BACKUP,5603,-0.09155878147594737
BACKUP,5604,-0.21515096104206566
BACKUP,5605,-0.02310034975400724
BACKUP,5606,-0.07016981675063302
BACKUP,5607,-0.014890577192289868
BACKUP,5608,-0.09113685136828367
BACKUP,5609,-0.04089603261267507
BACKUP,5610,-0.07017032199609376
BACKUP,5611,0.1141305547976448
BACKUP,5612,0.17003815872153413
BACKUP,5613,-0.023630087400885475
BACKUP,5614,-0.05157002033089459
BACKUP,5615,-0.1134138573509266
BACKUP,5616,-0.08238082994703888
BACKUP,5617,-0.0378388047263107
BACKUP,5618,-0.12963244478647956
BACKUP,5619,-0.17807068915104776
BACKUP,5620,-0.03065045300450227
BACKUP,5621,0.1150629237916254
BACKUP,5622,-0.10710487925218923
BACKUP,5623,-0.14129501766053637
BACKUP,5624,0.11585471796631244
BACKUP,5625,-0.1248442785528906
BACKUP,5626,-0.061530202363419315
BACKUP,5627,-0.061902174104106325
BACKUP,5628,0.1375062889345296
BACKUP,5629,0.0071372139221759735
BACKUP,5630,-0.04018301184899708
BACKUP,5631,-0.07166377224566509
BACKUP,5632,-0.10074455587578626
BACKUP,5633,-0.19147570188370802
BACKUP,5634,-0.023887630817952515
BACKUP,5635,0.024726936044107934
BACKUP,5636,-0.16587177434125389
BACKUP,5637,0.0907107011969396
BACKUP,5638,-0.05916324444864539
BACKUP,5639,-0.05278400885409773
BACKUP,5640,-0.03196522856227696
BACKUP,5641,-0.15996355677147514
BACKUP,5642,-0.017140438706573495
BACKUP,5643,0.07161720556099556
BACKUP,5644,-0.09591333167583495
BACKUP,5645,-0.08371531312144523
BACKUP,5646,0.027533482475672968
BACKUP,5647,-0.10029947985504176
BACKUP,5648,-0.07697689717864085
BACKUP,5649,0.01117255947509863
BACKUP,5650,0.131103571159146
BACKUP,5651,0.03203645842062738
BACKUP,5652,-0.0760813895770079
BACKUP,5653,-0.15181796214406798
BACKUP,5654,-0.06292761298030035
BACKUP,5655,-0.09491711906766014
BACKUP,5656,0.025547590874356985
BACKUP,5657,-0.055901166580881435
BACKUP,5658,0.04963207732839754
BACKUP,5659,-0.1595915596190064
BACKUP,5660,-0.08957122575252194
BACKUP,5661,0.09076124959129948
BACKUP,5662,-0.13840954630646654
BACKUP,5663,-0.05723978675539271
BACKUP,5664,-0.11227063481122702
BACKUP,5665,-0.056945188419383945
BACKUP,5666,0.14937753387528263
BACKUP,5667,-0.10275705480914589
BACKUP,5668,-0.02079657210152218
BACKUP,5669,-0.08392930141983156
BACKUP,5670,-0.19496957342105115
BACKUP,5671,0.0006535289401195578
BACKUP,5672,0.12995260382859436
BACKUP,5673,-0.04807640389519307
BACKUP,5674,0.09981898552586968
BACKUP,5675,0.13240328364865084
BACKUP,5676,-0.08514533087788292
BACKUP,5677,-0.18546047637138313
BACKUP,5678,-0.1479368074900486
BACKUP,5679,-0.0841282647531888
BACKUP,5680,-0.03903726409087301
BACKUP,5681,0.06058901380711218
BACKUP,5682,-0.01502287978536212
BACKUP,5683,0.18622645181132078
BACKUP,5684,0.013954759975994976
BACKUP,5685,0.06227140169695393
BACKUP,5686,-0.0057621217076948604
BACKUP,5687,-0.07201918618200273
BACKUP,5688,0.17359596200098074
BACKUP,5689,-0.05558751185835007
BACKUP,5690,-0.03285027923441548
BACKUP,5691,0.04608059111673429
BACKUP,5692,0.0190916848696027
BACKUP,5693,-0.12073717879940715
BACKUP,5694,0.1181949658260439
BACKUP,5695,-0.009749416661115827
BACKUP,5696,0.09128483761385667
BACKUP,5697,0.059029773154592804
BACKUP,5698,-0.05360647602034486
BACKUP,5699,-0.04157210260559433
BACKUP,5700,-0.013719842514140981
BACKUP,5701,0.02031922168441105
BACKUP,5702,-0.05640697503891687
BACKUP,5703,0.02373783894191928
BACKUP,5704,0.2217993769276186
BACKUP,5705,0.01973488834334663
BACKUP,5706,-0.1078112558902774
BACKUP,5707,0.10782182007353733
BACKUP,5708,0.0031536659297563504
BACKUP,5709,-0.04814597674344124
BACKUP,5710,-0.11142228950651141
BACKUP,5711,0.15688222126103943
BACKUP,5712,-0.0002865642169360338
BACKUP,5713,0.006833491908367061
BACKUP,5714,-0.010445287646152464
BACKUP,5715,-0.14788414802519487
BACKUP,5716,-0.15918927499031027
BACKUP,5717,-0.06111236688054985
BACKUP,5718,-0.14870571474162003
BACKUP,5719,-0.022840485431335933
BACKUP,5720,0.09877005938686748
BACKUP,5721,-0.0057184611925354106
BACKUP,5722,-0.10643030119926486
BACKUP,5723,-0.10915617079264689
BACKUP,5724,-0.07218098876504724
BACKUP,5725,-0.010901979398774249
BACKUP,5726,-0.17004850720584494
BACKUP,5727,-0.05640084424746667
BACKUP,5728,-0.11555908043170646
BACKUP,5729,-0.1015791091744941
BACKUP,5730,0.236872871819347
BACKUP,5731,-0.02335911633425056
BACKUP,5732,-0.11016631010141836
BACKUP,5733,-0.08025744086971984
BACKUP,5734,0.07999315479464096
BACKUP,5735,0.03725620154889151
BACKUP,5736,-0.05602453594149046
BACKUP,5737,0.003871584696725628
BACKUP,5738,-0.0587224318952186
BACKUP,5739,0.14033493095253025
BACKUP,5740,-0.00030497792570213274
BACKUP,5741,-0.025791270098165023
BACKUP,5742,-0.07540551431990337
BACKUP,5743,-0.20556085870729274
BACKUP,5744,-0.08105934906103397
BACKUP,5745,0.04089144397130394
BACKUP,5746,-0.09472239366404746
BACKUP,5747,-0.05161078557104382
BACKUP,5748,0.12322833506540554
BACKUP,5749,-0.11014748955225635
BACKUP,5750,-0.0657935490882693
BACKUP,5751,-0.14889798156212364
BACKUP,5752,0.08099985580367781
BACKUP,5753,-0.015597252710475172
BACKUP,5754,0.050204038155435296
BACKUP,5755,-0.12136313413716376
BACKUP,5756,-0.18612209074418715
BACKUP,5757,-0.056183080941397255
BACKUP,5758,-0.005362918809759023
BACKUP,5759,-0.0580298632821614
BACKUP,5760,-0.08444738234059249
BACKUP,5761,0.02734199815366268
BACKUP,5762,-0.11135080881250506
BACKUP,5763,-0.02881016506065577
BACKUP,5764,0.15550217014294626
BACKUP,5765,-0.01965709081029715
BACKUP,5766,-0.011628075170117888
BACKUP,5767,-0.1026346713361964
BACKUP,5768,-0.05729713787981155
BACKUP,5769,0.0005783653520602482
BACKUP,5770,-0.03579375470304996
BACKUP,5771,0.021203281417104317
BACKUP,5772,-0.07463315121896191
BACKUP,5773,-0.09676183741375209
BACKUP,5774,-0.014770016726334352
BACKUP,5775,-0.1382379263546321
BACKUP,5776,-0.03592305662655505
BACKUP,5777,-0.09991255554169849
BACKUP,5778,0.002887385159763633
BACKUP,5779,-0.1500642841832485
BACKUP,5780,0.01099539144707835
BACKUP,5781,-0.058240224558521646
BACKUP,5782,0.04484042829092729
BACKUP,5783,-0.03522157805105601
BACKUP,5784,0.0802830060118492
BACKUP,5785,-0.08462411160731241
BACKUP,5786,-0.15429349340185922
BACKUP,5787,-0.08090332129792056
BACKUP,5788,0.001545063819433426
BACKUP,5789,-0.059344009812393
BACKUP,5790,0.09391893612648977
BACKUP,5791,0.012123184506824605
BACKUP,5792,-0.002381314301090313
BACKUP,5793,0.04495427320652181
BACKUP,5794,-0.02520398763456149
BACKUP,5795,-0.019883169030244292
BACKUP,5796,0.13468041636539893
BACKUP,5797,0.018027552757550337
BACKUP,5798,-0.061940280597177745
BACKUP,5799,-0.020023971598294908
BACKUP,5800,-0.07472242721314076
BACKUP,5801,-0.15749382929038772
BACKUP,5802,-0.0376483688750728
BACKUP,5803,-0.10638248849199747
BACKUP,5804,0.006785504978638419
BACKUP,5805,0.023827614641457964
BACKUP,5806,-0.006903117719400112
BACKUP,5807,0.10186068448198007
BACKUP,5808,-0.04972457098674536
BACKUP,5809,0.1348449662620018
BACKUP,5810,-0.08338108635281626
BACKUP,5811,-0.0600871694352151
BACKUP,5812,-0.10105273602570686
BACKUP,5813,0.03960737423959886
BACKUP,5814,-0.010802777900274146
BACKUP,5815,-0.07686742543480836
BACKUP,5816,0.08573610344867985
BACKUP,5817,-0.08145484475805882
BACKUP,5818,-0.023527017726239947
BACKUP,5819,-0.068684566315752
BACKUP,5820,0.04448449162606199
BACKUP,5821,0.023346656836849746
BACKUP,5822,-0.062485255110404994
BACKUP,5823,-0.019471700423699438
BACKUP,5824,-0.08989809567024305
BACKUP,5825,-0.006486231424216923
BACKUP,5826,0.07213161030788921
BACKUP,5827,-0.07267394568435197
BACKUP,5828,-0.15362042541906473
BACKUP,5829,-0.14077774319951752
BACKUP,5830,0.06896257197582126
BACKUP,5831,-0.02675614878177522
BACKUP,5832,-0.14462871249835482
BACKUP,5833,0.01833371801601492
BACKUP,5834,-0.08712304825047096
BACKUP,5835,-0.1167835997919641
BACKUP,5836,-0.16388261277000316
BACKUP,5837,-0.10976625124419631
BACKUP,5838,0.011665678130768926
BACKUP,5839,-0.10618981848187241
BACKUP,5840,-0.015011049616909432
BACKUP,5841,-0.026511039452265166
BACKUP,5842,-0.10846242588357756
BACKUP,5843,0.09889170682925202
BACKUP,5844,0.0652899749764058
BACKUP,5845,-0.1793507368299278
BACKUP,5846,-0.019303599619417865
BACKUP,5847,0.021387450531362734
BACKUP,5848,0.02060862532954327
BACKUP,5849,0.014925882214825473
BACKUP,5850,-0.104002985119416
BACKUP,5851,-0.17416380436445533
BACKUP,5852,0.034646840228461345
BACKUP,5853,-0.04362148721285586
BACKUP,5854,-0.08420056775466583
BACKUP,5855,-0.0015022595298739294
BACKUP,5856,0.0506647231097262
BACKUP,5857,0.005232947651857149
BACKUP,5858,-0.16217837921919126
BACKUP,5859,-0.05621048498616646
BACKUP,5860,-0.21996395874358513
BACKUP,5861,0.013778954291249488
BACKUP,5862,0.05680087553238187
BACKUP,5863,-0.049316055056529154
BACKUP,5864,-0.028270938283137398
BACKUP,5865,-0.02945163585058762
BACKUP,5866,-0.08469896921693067
BACKUP,5867,-0.007023934044788678
BACKUP,5868,-0.05286900793334378
BACKUP,5869,-0.0674909859282988
BACKUP,5870,-0.106393301070782
BACKUP,5871,-0.04787356662817917
BACKUP,5872,0.15046892716173596
BACKUP,5873,-0.10341895260408289
BACKUP,5874,0.07609894066107875
BACKUP,5875,-0.002831272181200459
BACKUP,5876,0.13110319435435483
BACKUP,5877,-0.042668891430595754
BACKUP,5878,-0.0479890724699522
BACKUP,5879,-0.0652502146325969
BACKUP,5880,-0.0736701271517334
BACKUP,5881,-0.19781714329702882
BACKUP,5882,-0.06845481821324984
BACKUP,5883,0.061005244139400824
BACKUP,5884,-0.03765177710325875
BACKUP,5885,-0.08649019049481337
BACKUP,5886,-0.136969495806473
BACKUP,5887,-0.07414576776906859
BACKUP,5888,-0.024705447077924728
BACKUP,5889,-0.09361976218341318
BACKUP,5890,-0.09912289684219709
BACKUP,5891,-0.06250520596831641
BACKUP,5892,-0.10204064008705171
BACKUP,5893,0.04224317898816155
BACKUP,5894,-0.018935942109849925
BACKUP,5895,0.10029485786566561
BACKUP,5896,-0.14059443475952382
BACKUP,5897,0.021416914917416464
BACKUP,5898,-0.0009857937031934202
BACKUP,5899,-0.14116303828988883
BACKUP,5900,-0.04261520020224648
BACKUP,5901,-0.0658384111558164
BACKUP,5902,-0.04609340837671575
BACKUP,5903,-0.03615081992431155
BACKUP,5904,-0.06722087294355109
BACKUP,5905,-0.14317738529674912
BACKUP,5906,-0.17222735113458412
BACKUP,5907,-0.0767787186449439
BACKUP,5908,-0.0749089640382783
BACKUP,5909,-0.043988194929524715
BACKUP,5910,0.08565455582841243
BACKUP,5911,-0.1554557358071804
BACKUP,5912,-0.12948683625449756
BACKUP,5913,-0.0015527443908997297
BACKUP,5914,0.029359252469625112
BACKUP,5915,-0.09381466689871486
BACKUP,5916,-0.07825729544243498
BACKUP,5917,-0.06768253938124748
BACKUP,5918,0.011625140213043044
BACKUP,5919,0.004525249512477769
BACKUP,5920,0.03901376765848949
BACKUP,5921,-0.08152957490503512
BACKUP,5922,0.10570240443198577
BACKUP,5923,-0.13394052680810112
BACKUP,5924,0.066422950544485
BACKUP,5925,-0.1565468515421947
BACKUP,5926,-0.039336525223982455
BACKUP,5927,0.006601220268907217
BACKUP,5928,-0.12983349123357557
BACKUP,5929,-0.03068934344294085
BACKUP,5930,-0.06625607496069102
BACKUP,5931,-0.02921768242046762
BACKUP,5932,0.23054927020078306
BACKUP,5933,-0.04615341508597677
BACKUP,5934,-0.14643775766103836
BACKUP,5935,-0.04099546650450754
BACKUP,5936,-0.022920895419330782
BACKUP,5937,0.0671382743573722
BACKUP,5938,-0.010501796326625887
BACKUP,5939,-0.06576828118371486
BACKUP,5940,-0.0010712825911525022
BACKUP,5941,-0.06752484154149686
BACKUP,5942,-0.04988763645850594
BACKUP,5943,-0.12961698140428543
BACKUP,5944,-0.06459778172996407
BACKUP,5945,-0.10689836455920293
BACKUP,5946,-0.09454050689343275
BACKUP,5947,-0.14145652684642293
BACKUP,5948,-0.050479170312608915
BACKUP,5949,0.004443345275844846
BACKUP,5950,0.003673076468934401
BACKUP,5951,0.03836728091657074
BACKUP,5952,0.14111241723984036
BACKUP,5953,-0.19285368681837953
BACKUP,5954,-0.0460724352410821
BACKUP,5955,-0.08976638566726919
BACKUP,5956,-0.014286610060045033
BACKUP,5957,-0.0640724282204866
BACKUP,5958,-0.11355971027255508
BACKUP,5959,-0.13781522098820426
BACKUP,5960,0.103612986329927
BACKUP,5961,-0.013735412419691942
BACKUP,5962,0.055526178466263475
BACKUP,5963,-0.09817889502498904
BACKUP,5964,-0.08968858108282214
BACKUP,5965,-0.10099720104087222
BACKUP,5966,-0.05461060849855557
BACKUP,5967,-0.009001070260727417
BACKUP,5968,-0.05135292837091441
BACKUP,5969,0.041218155011166754
BACKUP,5970,-0.11918580464642141
BACKUP,5971,-0.021382120178642893
BACKUP,5972,0.10532361113331433
BACKUP,5973,-0.046459954367169605
BACKUP,5974,0.06644004758259192
BACKUP,5975,-0.09912260740439642
BACKUP,5976,0.027337711944241175
BACKUP,5977,-0.03361127990303831
BACKUP,5978,0.006903451239458792
BACKUP,5979,0.03267440759886437
BACKUP,5980,-0.13962958971654882
BACKUP,5981,-0.16288557390963615
BACKUP,5982,-0.005546035208575656
BACKUP,5983,-0.2738301839112202
BACKUP,5984,-0.01111092238213898
BACKUP,5985,-0.17068014215726154
BACKUP,5986,-0.10645851078590358
BACKUP,5987,-0.0647665461555784
BACKUP,5988,0.008455624105297935
BACKUP,5989,-0.09924537351280541
BACKUP,5990,-0.01634495199594169
BACKUP,5991,-0.052464584854883735
BACKUP,5992,0.06861642640568001
BACKUP,5993,-0.016010191579823776
BACKUP,5994,-0.03719747231403484
BACKUP,5995,-0.11678610055736313
BACKUP,5996,0.11634855843744157
BACKUP,5997,-0.1301776235188933
BACKUP,5998,-0.005439793569839706
BACKUP,5999,-0.1109450952813926
BACKUP,6000,-0.011676985911418154
BACKUP,6001,0.049151175544868614
BACKUP,6002,-0.023051915753283383
BACKUP,6003,0.04796143615384941
BACKUP,6004,-0.02495823583120032
BACKUP,6005,-0.03368596180650872
BACKUP,6006,-0.11929570815590838
BACKUP,6007,-0.09287100743045207
BACKUP,6008,-0.22210685994516943
BACKUP,6009,0.015725880411813584
BACKUP,6010,-0.15695818179689924
BACKUP,6011,0.07597091687166078
BACKUP,6012,-0.02039447642372004
BACKUP,6013,-0.06084194014628296
BACKUP,6014,-0.14329583574586036
BACKUP,6015,-0.02687798551577779
BACKUP,6016,0.07751104069604234
BACKUP,6017,-0.04237183356744016
BACKUP,6018,-0.03618238200247716
BACKUP,6019,-0.0798402741553373
BACKUP,6020,-0.17324866571537467
BACKUP,6021,-0.1455726352446717
BACKUP,6022,-0.05021534659156497
BACKUP,6023,-0.08802994670853224
BACKUP,6024,-0.08009002457704398
BACKUP,6025,0.014080029870145052
BACKUP,6026,-0.07785713205289783
BACKUP,6027,-0.04830045721072455
BACKUP,6028,0.037393795319634736
BACKUP,6029,-0.11988578908081846
BACKUP,6030,-0.005093486475776603
BACKUP,6031,0.06758210600731547
BACKUP,6032,0.07544151618147457
BACKUP,6033,-0.016386257515755693
BACKUP,6034,-0.10843579710225727
BACKUP,6035,0.08160627449890304
BACKUP,6036,0.1942898065864286
BACKUP,6037,0.18909521686850023
BACKUP,6038,0.10750237917397319
BACKUP,6039,0.011299205935690662
BACKUP,6040,-0.06695706865101853
BACKUP,6041,-0.21005754547403233
BACKUP,6042,-0.10141030459689723
BACKUP,6043,-0.09218372125602113
BACKUP,6044,-0.0845160202197987
BACKUP,6045,-4.62355235272325e-05
BACKUP,6046,0.05005485482797599
BACKUP,6047,0.0342276307909216
BACKUP,6048,-0.015021594077485791
BACKUP,6049,0.04711686712520004
BACKUP,6050,-0.24665357360235715
BACKUP,6051,-0.018601179183717675
BACKUP,6052,-0.10275017338851702
BACKUP,6053,-0.043831088126517856
BACKUP,6054,-0.05596101418770989
BACKUP,6055,0.01560738959606012
BACKUP,6056,-0.03738474456809299
BACKUP,6057,-0.06467318220701714
BACKUP,6058,-0.0589317612046682
BACKUP,6059,-0.024939008606403853
BACKUP,6060,-0.15703414448536915
BACKUP,6061,-0.002530608247366206
BACKUP,6062,-0.07897508823532044
BACKUP,6063,-0.13311427606291926
BACKUP,6064,0.10190999976233611
BACKUP,6065,-0.09228173302181851
BACKUP,6066,-0.14294838839152674
BACKUP,6067,-0.0367232753483579
BACKUP,6068,0.052217114941262965
BACKUP,6069,-0.11124922742978251
BACKUP,6070,-0.054231656981685465
BACKUP,6071,-0.07351183580782865
BACKUP,6072,-0.1119940432944574
BACKUP,6073,0.004359410542329431
BACKUP,6074,-0.016468000879211575
BACKUP,6075,-0.026902672396503843
BACKUP,6076,-0.08914602009130168
BACKUP,6077,-0.16640489617367019
BACKUP,6078,-0.09970209653429042
BACKUP,6079,0.11050990404250609
BACKUP,6080,-0.0036390959088303853
BACKUP,6081,-0.03917417830366217
BACKUP,6082,-0.10010166106506195
BACKUP,6083,-0.0335226329207294
BACKUP,6084,-0.023854880797141653
BACKUP,6085,-0.04219523503501321
BACKUP,6086,-0.024799627817064525
BACKUP,6087,-0.0859926095275994
BACKUP,6088,-0.04057365791497755
BACKUP,6089,-0.06436228873123982
BACKUP,6090,-0.05586093935160765
BACKUP,6091,-0.07162987795811519
BACKUP,6092,-0.002110295235666895
BACKUP,6093,-0.037533950677049656
BACKUP,6094,0.0075837854354833464
BACKUP,6095,-0.12310095582357415
BACKUP,6096,-0.04102882988463854
BACKUP,6097,0.12998865976654506
BACKUP,6098,-0.15064196744011504
BACKUP,6099,0.06719629426108151
BACKUP,6100,-0.14045536117558494
BACKUP,6101,0.06491334152584806
BACKUP,6102,-0.08175243980159538
BACKUP,6103,0.03867801994817107
BACKUP,6104,-0.1343402882680961
BACKUP,6105,-0.009113047733651305
BACKUP,6106,-0.011748533991699905
BACKUP,6107,0.018573021041943975
BACKUP,6108,-0.045088651503339953
BACKUP,6109,-0.023377895059039464
BACKUP,6110,-0.0465715870966892
BACKUP,6111,0.25760007869967455
BACKUP,6112,-0.004984693689137852
BACKUP,6113,-0.16194493837648694
BACKUP,6114,-0.0578775972723692
BACKUP,6115,-0.04626046450417844
BACKUP,6116,-0.06316187543991791
BACKUP,6117,0.10891051484293882
BACKUP,6118,-0.04082636036495775
BACKUP,6119,-0.07180722883855369
BACKUP,6120,-0.04829934431124078
BACKUP,6121,-0.014547505178499624
BACKUP,6122,0.0700437540402983
BACKUP,6123,-0.15080179104083621
BACKUP,6124,0.09533299711380741
BACKUP,6125,0.011462534547550826
BACKUP,6126,-0.02244754507701894
BACKUP,6127,0.04529165848246261
BACKUP,6128,0.21138479874698052
BACKUP,6129,-0.11005693211579622
BACKUP,6130,-0.16000090319066299
BACKUP,6131,-0.08915678553741793
BACKUP,6132,-0.0017113726472836
BACKUP,6133,0.06860829810328381
BACKUP,6134,-0.1164218939141358
BACKUP,6135,-0.011591454634641382
BACKUP,6136,0.0461247833180856
BACKUP,6137,-0.21368010000424661
BACKUP,6138,0.017793809097338714
BACKUP,6139,-0.08778094850285802
BACKUP,6140,-0.09506669883371169
BACKUP,6141,0.10574311023711135
BACKUP,6142,-0.07034281665823552
BACKUP,6143,-0.07642947937258972
BACKUP,6144,0.11922311918795814
BACKUP,6145,0.10649504277942762
BACKUP,6146,0.003865553663611811
BACKUP,6147,-0.11097217209741636
BACKUP,6148,-0.14468454197957473
BACKUP,6149,0.01587215070869035
BACKUP,6150,-0.10751452446632649
BACKUP,6151,0.11135026607147872
BACKUP,6152,-0.010783574424782458
BACKUP,6153,-0.07570476770218805
BACKUP,6154,0.22757343419372536
BACKUP,6155,-0.19321695626355703
BACKUP,6156,-0.11989674783062086
BACKUP,6157,0.006836932884573448
BACKUP,6158,0.11113960085430678
BACKUP,6159,-0.004227434037864085
BACKUP,6160,-0.049580089530299694
BACKUP,6161,-0.07314379623615837
BACKUP,6162,0.04649188186573356
BACKUP,6163,-0.17602622330513373
BACKUP,6164,-0.07757350208546919
BACKUP,6165,-0.06639211881641569
BACKUP,6166,-0.07647059419036858
BACKUP,6167,0.11656848310093643
BACKUP,6168,-0.12492271528171556
BACKUP,6169,-0.13165553589945359
BACKUP,6170,-0.07487526757154425
BACKUP,6171,-0.10314677295647945
BACKUP,6172,-0.08983878877157664
BACKUP,6173,0.06009192108943633
BACKUP,6174,-0.03915348570494319
BACKUP,6175,0.1133379720936116
BACKUP,6176,-0.03319249079806686
BACKUP,6177,-0.1363719338834559
BACKUP,6178,-0.10819214653504745
BACKUP,6179,-0.13446542169986075
BACKUP,6180,-0.06403469057687364
BACKUP,6181,-0.11602184981125567
BACKUP,6182,-0.06186154657391301
BACKUP,6183,-0.07965764442837554
BACKUP,6184,0.05431927610601802
BACKUP,6185,0.006866965910036309
BACKUP,6186,0.09815410591054476
BACKUP,6187,-0.1302492116223796
BACKUP,6188,0.12884017606690437
BACKUP,6189,-0.12525175087442142
BACKUP,6190,-0.07542005378513611
BACKUP,6191,-0.18071327834777162
BACKUP,6192,-0.03660552890547391
BACKUP,6193,0.15527246406332404
BACKUP,6194,-0.1266158529826817
BACKUP,6195,-0.10892099379146282
BACKUP,6196,-0.17078211912425603
BACKUP,6197,0.09997570565329243
BACKUP,6198,-0.07499492607535709
BACKUP,6199,-0.05508146748401452
BACKUP,6200,-0.23631175490293593
BACKUP,6201,-0.03926069842041942
BACKUP,6202,-0.12785332615899103
BACKUP,6203,-0.18890725082252646
BACKUP,6204,0.12100424621665608
BACKUP,6205,-0.07915449747047104
BACKUP,6206,-0.09236910647751427
BACKUP,6207,-0.06395877506669768
BACKUP,6208,0.04920213003562909
BACKUP,6209,0.011702671604725963
BACKUP,6210,0.12616014198890524
BACKUP,6211,0.0407997445294428
BACKUP,6212,-0.0937006457002218
BACKUP,6213,-0.03072739771095404
BACKUP,6214,0.08091994520581934
BACKUP,6215,-0.2179524985935577
BACKUP,6216,-0.07553895308654078
BACKUP,6217,0.17249282932893528
BACKUP,6218,0.013615836573251354
BACKUP,6219,0.03934753324230151
BACKUP,6220,-0.06047132170680025
BACKUP,6221,-0.15561960354950635
BACKUP,6222,-0.10661364942264309
BACKUP,6223,-0.1854369088897224
BACKUP,6224,-0.030134357816780723
BACKUP,6225,0.1359865514914165
BACKUP,6226,-0.08498659292118324
BACKUP,6227,0.11436825745802191
BACKUP,6228,-0.007189607586884229
BACKUP,6229,0.09666214915046441
BACKUP,6230,-0.07659009046509091
BACKUP,6231,-0.06881509797265681
BACKUP,6232,0.0058814008548219296
BACKUP,6233,0.12244679080206824
BACKUP,6234,-0.14980600016547338
BACKUP,6235,-0.1346146133201125
BACKUP,6236,0.1605903826489206
BACKUP,6237,-0.18020300470498024
BACKUP,6238,-0.059947977858026975
BACKUP,6239,-0.1055951182956383
BACKUP,6240,-0.10310322580482104
BACKUP,6241,0.0017188746006347611
BACKUP,6242,-0.03989763355487636
BACKUP,6243,0.03262004072416609
BACKUP,6244,0.009673253181316148
BACKUP,6245,0.26545790312878326
BACKUP,6246,0.01781604666547196
BACKUP,6247,0.014894435897425852
BACKUP,6248,-0.14744598800730077
BACKUP,6249,-0.07435124847630485
BACKUP,6250,0.07638206627008791
BACKUP,6251,-0.12373801750430495
BACKUP,6252,-0.02711761745197009
BACKUP,6253,-0.08118654873664427
BACKUP,6254,-0.05809611856623167
BACKUP,6255,-0.05699130400543069
BACKUP,6256,-0.11149398405723189
BACKUP,6257,-0.05212824574465103
BACKUP,6258,-0.20653939613939293
BACKUP,6259,-0.038011990762928285
BACKUP,6260,-0.001675994960716712
BACKUP,6261,0.0012139439266213134
BACKUP,6262,-0.13560895999518957
BACKUP,6263,-0.10671328710108055
BACKUP,6264,-0.08048597606249357
BACKUP,6265,-0.1398870670385069
BACKUP,6266,-0.015590626619741529
BACKUP,6267,-0.0866447108517017
BACKUP,6268,-0.1795765929842698
BACKUP,6269,-0.054343183855669164
BACKUP,6270,-0.13466170293969107
BACKUP,6271,-0.12291815401808116
BACKUP,6272,-0.14544941355593832
BACKUP,6273,-0.1370715800529285
BACKUP,6274,-0.03209008780521273
BACKUP,6275,0.026395369993127527
BACKUP,6276,0.020821126865602124
BACKUP,6277,0.024020963378895917
BACKUP,6278,0.16299543533376842
BACKUP,6279,0.18025934840829855
BACKUP,6280,-0.08517689921720097
BACKUP,6281,-0.13041762777829286
BACKUP,6282,-0.0924881878008355
BACKUP,6283,0.06699642624119462
BACKUP,6284,-0.045825775207605016
BACKUP,6285,-0.09516307458050037
BACKUP,6286,-0.10941238551061555
BACKUP,6287,-0.028629263585195096
BACKUP,6288,0.07559440827437393
BACKUP,6289,0.05102940643802022
BACKUP,6290,-0.16646983395098286
BACKUP,6291,-0.09280733225385483
BACKUP,6292,-0.10814822744543473
BACKUP,6293,-0.07989718718091712
BACKUP,6294,0.0015879231931527553
BACKUP,6295,-0.1330681598290206
BACKUP,6296,-0.0823274306932035
BACKUP,6297,-0.08537292138809281
BACKUP,6298,-0.13595547182323495
BACKUP,6299,-0.044445483716059206
BACKUP,6300,-0.10347095907551483
BACKUP,6301,0.02106134520424431
BACKUP,6302,-0.05957742832214648
BACKUP,6303,-0.04010638388456478
BACKUP,6304,-0.09515888110771173
BACKUP,6305,0.12009356326486713
BACKUP,6306,-0.02060750837291491
BACKUP,6307,-0.05606427432985852
BACKUP,6308,-0.049998838386825235
BACKUP,6309,0.048080181868298516
BACKUP,6310,-0.040010370081560144
BACKUP,6311,-0.06905729939360195
BACKUP,6312,-0.03304413127832584
BACKUP,6313,-0.06172251887977023
BACKUP,6314,-0.07979370340534306
BACKUP,6315,-0.0738238597620421
BACKUP,6316,-0.09408570927443592
BACKUP,6317,0.07670621248571777
BACKUP,6318,-0.03243373533626922
BACKUP,6319,-0.037819534172059396
BACKUP,6320,-0.09515937352746112
BACKUP,6321,-0.23876152517000035
BACKUP,6322,0.022005338124563047
BACKUP,6323,-0.011631776710438685
BACKUP,6324,-0.1278748777868282
BACKUP,6325,0.0760377367473294
BACKUP,6326,-0.02074430060189167
BACKUP,6327,0.02006369653182404
BACKUP,6328,-0.16916123442265793
BACKUP,6329,-0.040698619802667285
BACKUP,6330,0.01927716806697073
BACKUP,6331,-0.043875555634107714
BACKUP,6332,-0.005676546166964495
BACKUP,6333,0.00011052198202366347
BACKUP,6334,-0.03150899541128634
BACKUP,6335,0.15735020913658884
BACKUP,6336,-0.03682826112508696
BACKUP,6337,-0.1796602236402763
BACKUP,6338,0.04766883919192004
BACKUP,6339,0.07464876405322415
BACKUP,6340,0.017882886002827305
BACKUP,6341,-0.0159313305823591
BACKUP,6342,-0.06463247767144502
BACKUP,6343,0.07146752903037633
BACKUP,6344,0.010421506769733305
BACKUP,6345,-0.17540923219155743
BACKUP,6346,-0.15004084194854148
BACKUP,6347,-0.1063017121349977
BACKUP,6348,-0.03177218927772609
BACKUP,6349,-0.06412870846668813
BACKUP,6350,-0.11419736385217424
BACKUP,6351,-0.04012249963326588
BACKUP,6352,-0.14178188061958039
BACKUP,6353,-0.10089136344847655
BACKUP,6354,-0.06475073592644236
BACKUP,6355,0.014220886390437896
BACKUP,6356,-0.07305201542752596
BACKUP,6357,-0.1107636905319767
BACKUP,6358,0.030265443435924393
BACKUP,6359,-0.09907278250982317
BACKUP,6360,-0.006048892571106235
BACKUP,6361,-0.00568139890878883
BACKUP,6362,0.095561766937527
BACKUP,6363,0.0072719502017716655
BACKUP,6364,-0.0546096440583671
BACKUP,6365,-0.06648168696163348
BACKUP,6366,-0.2130848425445153
BACKUP,6367,-0.11484383915044967
BACKUP,6368,0.033048223018807395
BACKUP,6369,0.04859922441098549
BACKUP,6370,-0.03312635553216519
BACKUP,6371,-0.08548913951761276
BACKUP,6372,0.04413001187416414
BACKUP,6373,-0.15128010449509144
BACKUP,6374,-0.09881299951654855
BACKUP,6375,0.12042723197787321
BACKUP,6376,-0.12965743481531064
BACKUP,6377,0.1371348612099202
BACKUP,6378,-0.12353449851511732
BACKUP,6379,-0.15287181223379132
BACKUP,6380,-0.014830302850659692
BACKUP,6381,0.00953287132560905
BACKUP,6382,-0.13077199179239835
BACKUP,6383,-0.16124835796130432
BACKUP,6384,0.041344156303797945
BACKUP,6385,-0.19908254688877847
BACKUP,6386,0.026931349491097198
BACKUP,6387,-0.17682954323866487
BACKUP,6388,0.07201732427718184
BACKUP,6389,-0.13935272545717775
BACKUP,6390,0.11179262304163223
BACKUP,6391,0.04553321411092127
BACKUP,6392,0.10832288845027487
BACKUP,6393,-0.22161180776318937
BACKUP,6394,-0.029677334676538693
BACKUP,6395,-0.07826849052037625
BACKUP,6396,-0.04185179392890888
BACKUP,6397,-0.04947624516935368
BACKUP,6398,-0.030063625584981036
BACKUP,6399,0.0069661937690669055
BACKUP,6400,-0.21238869527899487
BACKUP,6401,-0.2050213758932926
BACKUP,6402,-0.07991697795894831
BACKUP,6403,-0.03152613160895491
BACKUP,6404,-0.08554258897474103
BACKUP,6405,-0.0514365050121894
BACKUP,6406,-0.11843849745550727
BACKUP,6407,-0.08842586166881476
BACKUP,6408,-0.17228861654648653
BACKUP,6409,-0.047012974001610544
BACKUP,6410,-0.0723328529043881
BACKUP,6411,0.029823552610162604
BACKUP,6412,0.10531725486521301
BACKUP,6413,-0.03493268431466443
BACKUP,6414,-0.07298181825927215
BACKUP,6415,0.023830720583890193
BACKUP,6416,-0.18343431380533431
BACKUP,6417,-0.008242069461950148
BACKUP,6418,-0.11148218677821056
BACKUP,6419,-0.077596936394379
BACKUP,6420,0.07728274890585642
BACKUP,6421,-0.07631973841216233
BACKUP,6422,-0.015858864066892617
BACKUP,6423,-0.16582534037282387
BACKUP,6424,0.010246657160109375
BACKUP,6425,0.03233101819988763
BACKUP,6426,-0.0758850607648614
BACKUP,6427,0.028263655087379453
BACKUP,6428,0.00267650696899087
BACKUP,6429,-0.14667973482609234
BACKUP,6430,0.030344755513978774
BACKUP,6431,-0.1852403184332886
BACKUP,6432,-0.007309804691484579
BACKUP,6433,-0.10404162553568773
BACKUP,6434,-0.06901348479704475
BACKUP,6435,-0.15530059614097172
BACKUP,6436,-0.07852424537468913
BACKUP,6437,-0.11842255223118234
BACKUP,6438,-0.09074477667686832
BACKUP,6439,-0.12220232748387523
BACKUP,6440,-0.012327000722538135
BACKUP,6441,-0.03386643078440771
BACKUP,6442,-0.18794251560869896
BACKUP,6443,-0.07497435644494935
BACKUP,6444,-0.11014097523619724
BACKUP,6445,-0.08468725574950382
BACKUP,6446,-0.04304151386334396
BACKUP,6447,-0.11126958963912707
BACKUP,6448,-0.05339786888266733
BACKUP,6449,-0.057598090575808565
BACKUP,6450,0.012945567135740977
BACKUP,6451,0.05196437266052166
BACKUP,6452,-0.12755479354020388
BACKUP,6453,-0.1760075577934788
BACKUP,6454,0.0036373974681576183
BACKUP,6455,-0.05120258840168512
BACKUP,6456,0.08641486961614457
BACKUP,6457,-0.06280106405974765
BACKUP,6458,-0.05438054834220496
BACKUP,6459,-0.04008518205703347
BACKUP,6460,-0.14343272615140865
BACKUP,6461,-0.020799150162363854
BACKUP,6462,-0.09132485272076445
BACKUP,6463,-0.0018681212054891528
BACKUP,6464,0.13961709580592524
BACKUP,6465,-0.01566224291972783
BACKUP,6466,0.015997783684107467
BACKUP,6467,-0.03783459148599484
BACKUP,6468,-0.07163476176781132
BACKUP,6469,0.023423348310000706
BACKUP,6470,0.00593377300800824
BACKUP,6471,-0.11553703939517657
BACKUP,6472,-0.01589642213120656
BACKUP,6473,-0.022250503106277245
BACKUP,6474,-0.07951133598051
BACKUP,6475,-0.07215031172001846
BACKUP,6476,-0.10961801083824542
BACKUP,6477,0.009076009062990803
BACKUP,6478,-0.0298939883858895
BACKUP,6479,0.07137857199197482
BACKUP,6480,0.02052324373775098
BACKUP,6481,0.013080059475104306
BACKUP,6482,-0.008627410732485088
BACKUP,6483,0.07855758227765335
BACKUP,6484,-0.11612006077941557
BACKUP,6485,0.08420697900541267
BACKUP,6486,-0.043574107989919696
BACKUP,6487,-0.09633906768379516
BACKUP,6488,0.04577838410634002
BACKUP,6489,-0.0790042131004218
BACKUP,6490,-0.06501361760849515
BACKUP,6491,-0.17998655476737607
BACKUP,6492,0.08639737624460535
BACKUP,6493,-0.05993849079326432
BACKUP,6494,0.005903516924025687
BACKUP,6495,-0.05458592949963036
BACKUP,6496,-0.13128687452117394
BACKUP,6497,-0.09403848984748547
BACKUP,6498,-0.014037231048814807
BACKUP,6499,-0.11564578843830066
BACKUP,6500,0.02293855467633253
BACKUP,6501,-0.013269601450017923
BACKUP,6502,-0.01995493980217494
BACKUP,6503,0.14217586362565635
BACKUP,6504,0.04333230043874866
BACKUP,6505,-0.037364356673994806
BACKUP,6506,-0.009769655643265837
BACKUP,6507,-0.04605671404601852
BACKUP,6508,-0.025906721064585483
BACKUP,6509,-0.06229305068816117
BACKUP,6510,-0.03457462291616941
BACKUP,6511,-0.023675708821354755
BACKUP,6512,-0.060249516294008695
BACKUP,6513,-0.06462127452427267
BACKUP,6514,-0.0780528743951687
BACKUP,6515,-0.10884946188055432
BACKUP,6516,-0.08110684784224542
BACKUP,6517,-0.3014806170745294
BACKUP,6518,-0.02597902692507762
BACKUP,6519,-0.15281128716533615
BACKUP,6520,0.08002634126605204
BACKUP,6521,-0.036514379252328644
BACKUP,6522,-0.009279458506794092
BACKUP,6523,0.0060065517135057195
BACKUP,6524,-0.03605206014793742
BACKUP,6525,0.15398833284760516
BACKUP,6526,-0.025693352831113524
BACKUP,6527,-0.05503306246020894
BACKUP,6528,0.05463085764989766
BACKUP,6529,0.10605618737413286
BACKUP,6530,-0.027066391991058404
BACKUP,6531,-0.16974706037505574
BACKUP,6532,-0.09779562349495975
BACKUP,6533,0.10443724955505954
BACKUP,6534,-0.0402908713753481
BACKUP,6535,-0.07241113738736957
BACKUP,6536,-0.14134264649720185
BACKUP,6537,-0.05714958568787872
BACKUP,6538,-0.05059891141032013
BACKUP,6539,-0.16939101391931763
BACKUP,6540,-0.06724628530214928
BACKUP,6541,-0.0488213930111136
BACKUP,6542,0.0016434605884317482
BACKUP,6543,-0.03457756359668943
BACKUP,6544,-0.004981121314945349
BACKUP,6545,0.01735678091527473
BACKUP,6546,0.04045301067098882
BACKUP,6547,0.020900289774429703
BACKUP,6548,0.12287782995622591
BACKUP,6549,-0.12491082113966023
BACKUP,6550,0.002715731071114382
BACKUP,6551,0.06520124250843877
BACKUP,6552,-0.11484859240170293
BACKUP,6553,-0.01759119941168931
BACKUP,6554,-0.0727180714330066
BACKUP,6555,-0.09831071517264124
BACKUP,6556,-0.09068886369257492
BACKUP,6557,-0.06004550273565747
BACKUP,6558,-0.09978499638029523
BACKUP,6559,-0.03360431022746362
BACKUP,6560,-0.022449603111935133
BACKUP,6561,-0.1207571575960657
BACKUP,6562,0.04896093954209281
BACKUP,6563,-0.04708673609117535
BACKUP,6564,-0.06311635508257435
BACKUP,6565,0.1127878876937936
BACKUP,6566,-0.12915167571743036
BACKUP,6567,0.02157603234334097
BACKUP,6568,0.16941066451639777
BACKUP,6569,-0.021975509792576405
BACKUP,6570,-0.07636226437199589
BACKUP,6571,0.16205923086716598
BACKUP,6572,-0.08284624127868816
BACKUP,6573,-0.047659714583079785
BACKUP,6574,0.06608566169461329
BACKUP,6575,-0.10439298243265697
BACKUP,6576,0.12059737937223956
BACKUP,6577,-0.004213912890183416
BACKUP,6578,-0.08878594421877575
BACKUP,6579,-0.11371166109207986
BACKUP,6580,-0.2502154713163543
BACKUP,6581,-0.06580608976130178
BACKUP,6582,-0.04186403651170544
BACKUP,6583,-0.10533585701056934
BACKUP,6584,-0.07487730891493657
BACKUP,6585,0.0013406371636739693
BACKUP,6586,-0.11491086997902554
BACKUP,6587,-0.06370902658420285
BACKUP,6588,0.03646727270332627
BACKUP,6589,-0.002962686775773701
BACKUP,6590,-0.09298849136683711
BACKUP,6591,-0.11236864142616262
BACKUP,6592,0.07779123338944684
BACKUP,6593,0.06968166250312416
BACKUP,6594,-0.20442385951892517
BACKUP,6595,-0.109490175512681
BACKUP,6596,-0.186463933357295
BACKUP,6597,0.005624064321443496
BACKUP,6598,0.06011572459562158
BACKUP,6599,0.18021517275890772
BACKUP,6600,-0.0044191596091483695
BACKUP,6601,0.042248700575634124
BACKUP,6602,-0.03529326125349725
BACKUP,6603,0.011511009206535411
BACKUP,6604,-0.003746097696678388
BACKUP,6605,-0.04691893526309876
BACKUP,6606,-0.09307630138249762
BACKUP,6607,-0.03731899286750427
BACKUP,6608,-0.03341537963534412
BACKUP,6609,0.10275973879606473
BACKUP,6610,-0.011007295636142217
BACKUP,6611,-0.1617789416257306
BACKUP,6612,-0.015042773445756882
BACKUP,6613,-0.07089382022783149
BACKUP,6614,0.030021990285133096
BACKUP,6615,-0.09085659510601027
BACKUP,6616,-0.13743691772574057
BACKUP,6617,0.04220233110040407
BACKUP,6618,0.07828237891249264
BACKUP,6619,-0.1586766265111898
BACKUP,6620,-0.11616638722951407
BACKUP,6621,-0.17164133557145422
BACKUP,6622,-0.13470223786863522
BACKUP,6623,-0.0368594330181847
BACKUP,6624,-0.03221624304057566
BACKUP,6625,0.001994351815133567
BACKUP,6626,-0.01149102544383391
BACKUP,6627,0.11216069113917829
BACKUP,6628,-0.0011983503081570643
BACKUP,6629,-0.10179018403698883
BACKUP,6630,-0.11202327176420414
BACKUP,6631,-0.11878064647561133
BACKUP,6632,0.019692341706646986
BACKUP,6633,-0.0784556733079684
BACKUP,6634,-0.04651378306532835
BACKUP,6635,0.0027292692647137564
BACKUP,6636,-0.12049194760203817
BACKUP,6637,-0.18256594986698418
BACKUP,6638,-0.01462853146318422
BACKUP,6639,-0.2281430743169605
BACKUP,6640,0.0538079865792103
BACKUP,6641,-0.1403436999847253
BACKUP,6642,-0.040656792238087255
BACKUP,6643,-0.02664089589193326
BACKUP,6644,0.08741486893575091
BACKUP,6645,-0.07777162636836006
BACKUP,6646,-0.11615292688971118
BACKUP,6647,-0.12597296020991744
BACKUP,6648,-0.011011902067141068
BACKUP,6649,0.02986924391803377
BACKUP,6650,-0.08621832717281148
BACKUP,6651,-0.138835960782397
BACKUP,6652,-0.09194945555098037
BACKUP,6653,-0.024482580342118077
BACKUP,6654,-0.05737309487596231
BACKUP,6655,-0.15112598139175146
BACKUP,6656,0.12464617669403434
BACKUP,6657,-0.03355425807126709
BACKUP,6658,0.0617272809464866
BACKUP,6659,-0.04989899727619798
BACKUP,6660,0.09239591272171427
BACKUP,6661,-0.13518800582189316
BACKUP,6662,-0.10168493823762048
BACKUP,6663,-0.07171867065348876
BACKUP,6664,0.0640628130751476
BACKUP,6665,-0.1410724340171075
BACKUP,6666,-0.014991657405324741
BACKUP,6667,-0.08262459348192676
BACKUP,6668,-0.09118092190220489
BACKUP,6669,0.008732694533427105
BACKUP,6670,0.01031662565450111
BACKUP,6671,0.07810760781379039
BACKUP,6672,-0.1491684910287697
BACKUP,6673,-0.13157357831026006
BACKUP,6674,0.12856344256315608
BACKUP,6675,-0.0709929507498223
BACKUP,6676,-0.23524979336496465
BACKUP,6677,0.16025449553121618
BACKUP,6678,-0.018695598674426793
BACKUP,6679,-0.07007884013464076
BACKUP,6680,-0.03625452365385018
BACKUP,6681,0.07225412592605793
BACKUP,6682,-0.15479458449949457
BACKUP,6683,-0.02933920576583364
BACKUP,6684,-0.08543387658585781
BACKUP,6685,-0.10592612093048662
BACKUP,6686,-0.012922579866185134
BACKUP,6687,-0.028091080363190794
BACKUP,6688,-0.0715949641283171
BACKUP,6689,0.10630155354525021
BACKUP,6690,-0.1222873792677472
BACKUP,6691,-0.11936395786242585
BACKUP,6692,-0.027495503981594144
BACKUP,6693,0.013029377681127285
BACKUP,6694,-0.18912762447394882
BACKUP,6695,0.04287330645273488
BACKUP,6696,0.04438231429238716
BACKUP,6697,-0.02987694287359912
BACKUP,6698,-0.11122832552544287
BACKUP,6699,0.05502570046797148
BACKUP,6700,-0.08292957946774777
BACKUP,6701,-0.028745361135995146
BACKUP,6702,0.1332025880881745
BACKUP,6703,0.015977006406007903
BACKUP,6704,-0.0746608433211779
BACKUP,6705,0.04082373809644376
BACKUP,6706,-0.16306931021555157
BACKUP,6707,-0.017673890800876984
BACKUP,6708,-0.08137453328305391
BACKUP,6709,-0.10673328276387331
BACKUP,6710,-0.042670011235602996
BACKUP,6711,0.0762969066361977
BACKUP,6712,0.00677021784476067
BACKUP,6713,-0.11775964640109852
BACKUP,6714,-0.14299891350077437
BACKUP,6715,-0.07234099418573574
BACKUP,6716,-0.07145131127969077
BACKUP,6717,-0.1425216217331051
BACKUP,6718,-0.04963288836450751
BACKUP,6719,-0.11155930946477492
BACKUP,6720,-0.0933095169353888
BACKUP,6721,0.004744659898320303
BACKUP,6722,0.06164824751637115
BACKUP,6723,-0.1407222448642287
BACKUP,6724,-0.007821112968429467
BACKUP,6725,-0.056082221618222045
BACKUP,6726,-0.10849558469035529
BACKUP,6727,-0.12454716330300018
BACKUP,6728,0.20536975864793186
BACKUP,6729,-0.07186458934838616
BACKUP,6730,-0.23621762093869791
BACKUP,6731,0.053172928338572886
BACKUP,6732,0.00028415422646163954
BACKUP,6733,-0.022342497859295065
BACKUP,6734,0.041464840761376694
BACKUP,6735,-0.10510855456032926
BACKUP,6736,-0.004338397254655206
BACKUP,6737,0.0665412540856683
BACKUP,6738,0.07631029913029491
BACKUP,6739,-0.09564576815607186
BACKUP,6740,0.08990994961624638
BACKUP,6741,-0.0817907871942799
BACKUP,6742,-0.10440891876759226
BACKUP,6743,0.11999884631106814
BACKUP,6744,-0.10801157093771183
BACKUP,6745,-0.056576518650050436
BACKUP,6746,0.027929412783261408
BACKUP,6747,-0.07379064031315533
BACKUP,6748,0.020498180864130876
BACKUP,6749,-0.24023557926982203
BACKUP,6750,-0.11664087677110985
BACKUP,6751,0.00141308218740001
BACKUP,6752,0.036729533484345975
BACKUP,6753,-0.0775460661253291
BACKUP,6754,-0.11082915383176722
BACKUP,6755,0.05490854042377825
BACKUP,6756,-0.003744713644431524
BACKUP,6757,-0.23700483127909694
BACKUP,6758,-0.18571277869841543
BACKUP,6759,0.07375812968208936
BACKUP,6760,0.008827605571861536
BACKUP,6761,-0.09327892220133731
BACKUP,6762,-0.11124420457561114
BACKUP,6763,-0.05317661519438888
BACKUP,6764,0.15956980943545288
BACKUP,6765,-0.03948223409682509
BACKUP,6766,-0.03218951042345011
BACKUP,6767,0.16145862583679652
BACKUP,6768,-0.14326091964688928
BACKUP,6769,-0.01603288878464114
BACKUP,6770,-0.06281470055532494
BACKUP,6771,-0.023934509290491478
BACKUP,6772,-0.10103274246531607
BACKUP,6773,-0.08021051958123696
BACKUP,6774,-0.022764003201674675
BACKUP,6775,-0.08608010606800548
BACKUP,6776,-0.03624326358611357
BACKUP,6777,-0.03481928326012563
BACKUP,6778,-0.11105847492851065
BACKUP,6779,-0.21191949475511676
BACKUP,6780,-0.09034768305340483
BACKUP,6781,-0.044130193367355186
BACKUP,6782,-0.08487145898355788
BACKUP,6783,-0.1090966900220202
BACKUP,6784,-0.1807521611873464
BACKUP,6785,-0.08036015744815474
BACKUP,6786,-0.09226715803378868
BACKUP,6787,-0.048434445311591356
BACKUP,6788,-0.012910871066894435
BACKUP,6789,0.05779698757772262
BACKUP,6790,-0.1325212383332962
BACKUP,6791,-0.024803054235354876
BACKUP,6792,-0.07513109983354875
BACKUP,6793,0.007104787909184117
BACKUP,6794,-0.10605464695130966
BACKUP,6795,-0.04612841223933661
BACKUP,6796,0.031129870993646922
BACKUP,6797,-0.06099896374733198
BACKUP,6798,-0.08681294533820182
BACKUP,6799,0.07442574911529168
BACKUP,6800,0.05753196549900402
BACKUP,6801,-0.10417263638800889
BACKUP,6802,-0.06303643403828048
BACKUP,6803,-0.06164136002565824
BACKUP,6804,-0.10777089047252557
BACKUP,6805,0.00019206278225781398
BACKUP,6806,0.0002532981796464662
BACKUP,6807,-0.09582565748627109
BACKUP,6808,0.0483600818689667
BACKUP,6809,-0.13148232935435802
BACKUP,6810,-0.17105056271614255
BACKUP,6811,-0.18365344466711658
BACKUP,6812,-0.20594869710589156
BACKUP,6813,-0.013958493793247305
BACKUP,6814,-0.02471811408210458
BACKUP,6815,-0.18276575103402284
BACKUP,6816,-0.032812732609950115
BACKUP,6817,-0.11907101115220908
BACKUP,6818,-0.006256591732034349
BACKUP,6819,0.04487512328728353
BACKUP,6820,-0.02707145981424901
BACKUP,6821,0.17988170429315947
BACKUP,6822,-0.11544183525892338
BACKUP,6823,0.031005365250248558
BACKUP,6824,0.01147297354278379
BACKUP,6825,0.0533142636331204
BACKUP,6826,-0.08248739570489792
BACKUP,6827,-0.06951515669536458
BACKUP,6828,-0.09038585172658375
BACKUP,6829,0.22170773670086139
BACKUP,6830,0.06372881225186677
BACKUP,6831,-0.07707494809067338
BACKUP,6832,-0.0513420200924563
BACKUP,6833,-0.06963448672636205
BACKUP,6834,0.030497560256087224
BACKUP,6835,-0.06973268918140421
BACKUP,6836,-0.12055048226005033
BACKUP,6837,0.05280269276586628
BACKUP,6838,-0.11466002842242244
BACKUP,6839,-0.06440484466435958
BACKUP,6840,-0.09912988269249744
BACKUP,6841,-0.12129764047167316
BACKUP,6842,0.19417030160738033
BACKUP,6843,0.09676498683368079
BACKUP,6844,-0.0957084566802591
BACKUP,6845,-0.12376890073616734
BACKUP,6846,-0.03780579621376935
BACKUP,6847,0.08250503557990728
BACKUP,6848,0.04546619620969559
BACKUP,6849,0.031128145950828523
BACKUP,6850,0.013076254872248803
BACKUP,6851,-0.17835066586326898
BACKUP,6852,-0.07855756989735004
BACKUP,6853,0.10404941394387114
BACKUP,6854,-0.11782545682286852
BACKUP,6855,-0.04669462992486654
BACKUP,6856,0.07177745383919816
BACKUP,6857,-0.17741833994403033
BACKUP,6858,0.02447470210517506
BACKUP,6859,-0.03555949728622953
BACKUP,6860,0.12937663876088182
BACKUP,6861,-0.025820797478889174
BACKUP,6862,0.006025628279052216
BACKUP,6863,-0.005566127811920481
BACKUP,6864,0.024500645404707488
BACKUP,6865,-0.04496302611203613
BACKUP,6866,-0.03918920499531014
BACKUP,6867,-0.10405053791053102
BACKUP,6868,0.15790110154095097
BACKUP,6869,0.15389991264879052
BACKUP,6870,-0.07983297970206837
BACKUP,6871,-0.1437830927998471
BACKUP,6872,0.02630730636823237
BACKUP,6873,-0.1524802060651496
BACKUP,6874,-0.021423354818701727
BACKUP,6875,-0.028218765384134332
BACKUP,6876,-0.04283609397630019
BACKUP,6877,-0.04273128503660594
BACKUP,6878,0.033196831954042424
BACKUP,6879,0.14419047140557764
BACKUP,6880,-0.1390838052555967
BACKUP,6881,-0.13088450771425922
BACKUP,6882,-0.13228511173186108
BACKUP,6883,-0.0704473211297866
BACKUP,6884,-0.07124337399134095
BACKUP,6885,0.0909420259739675
BACKUP,6886,-0.1585767188557896
BACKUP,6887,-0.051478930504658425
BACKUP,6888,-0.11455449896647936
BACKUP,6889,0.025870449473771536
BACKUP,6890,0.0717015731597982
BACKUP,6891,0.12376509489964578
BACKUP,6892,0.06750644267691795
BACKUP,6893,0.1943276025902711
BACKUP,6894,0.05744275933685778
BACKUP,6895,0.03079319442368731
BACKUP,6896,-0.0998970292291851
BACKUP,6897,0.09194422986256666
BACKUP,6898,-0.1834001458935674
BACKUP,6899,-0.09219353442112978
BACKUP,6900,-0.0013731952471281248
BACKUP,6901,-0.13281268034749327
BACKUP,6902,0.09359772360559167
BACKUP,6903,-0.11245656683185921
BACKUP,6904,-0.07576138346545291
BACKUP,6905,-0.10821899962796064
BACKUP,6906,-0.013892245526361409
BACKUP,6907,-0.0724127759143002
BACKUP,6908,-0.03493576253125271
BACKUP,6909,0.10849971986854128
BACKUP,6910,-0.036608823761423645
BACKUP,6911,-0.020659776954840666
BACKUP,6912,0.019725197942522598
BACKUP,6913,0.0660943689887881
BACKUP,6914,-0.05498568202423251
BACKUP,6915,0.03179892245440301
BACKUP,6916,0.07313663738159694
BACKUP,6917,-0.05083184492099916
BACKUP,6918,-0.029557893604017293
BACKUP,6919,0.02093938791010812
BACKUP,6920,-0.06549100256280221
BACKUP,6921,-0.004893726883109787
BACKUP,6922,-0.09424414007801102
BACKUP,6923,0.035236077981019284
BACKUP,6924,0.061916057349618234
BACKUP,6925,0.1302526175672218
BACKUP,6926,0.0714464212020985
BACKUP,6927,-0.055005554606398395
BACKUP,6928,-0.1972764424961682
BACKUP,6929,0.08044289733010189
BACKUP,6930,-0.03762736166875439
BACKUP,6931,0.10702505357971608
BACKUP,6932,-0.09190896252328602
BACKUP,6933,-0.052837153373448104
BACKUP,6934,0.07310860782616332
BACKUP,6935,0.03849396413267095
BACKUP,6936,0.008129800968126611
BACKUP,6937,-0.027554108822766626
BACKUP,6938,-0.07321420165007073
BACKUP,6939,-0.13497954791451355
BACKUP,6940,0.0251656581610566
BACKUP,6941,0.0664640043143668
BACKUP,6942,-0.04260981755913164
BACKUP,6943,-0.028330284461355024
BACKUP,6944,-0.082914115270144
BACKUP,6945,-0.18889333930492708
BACKUP,6946,-0.10910339458181018
BACKUP,6947,-0.07732187631544774
BACKUP,6948,-0.025721053437414047
BACKUP,6949,-0.05394877042994415
BACKUP,6950,0.0907495787525447
BACKUP,6951,-0.0413030588707111
BACKUP,6952,-0.10598219512236523
BACKUP,6953,-0.10089278031161796
BACKUP,6954,-0.06891848306772033
BACKUP,6955,-0.20368545915323116
BACKUP,6956,-0.02990060494655999
BACKUP,6957,-0.16003521607152826
BACKUP,6958,-0.05453121242496709
BACKUP,6959,-0.12213807846071316
BACKUP,6960,-0.12191955477165449
BACKUP,6961,0.028945837898634228
BACKUP,6962,-0.07629375346947562
BACKUP,6963,0.039603588019512484
BACKUP,6964,0.05376992997085959
BACKUP,6965,0.02092829616753613
BACKUP,6966,-0.04013390155328204
BACKUP,6967,-0.13010757262147266
BACKUP,6968,0.034480517875264946
BACKUP,6969,0.09083547560176387
BACKUP,6970,-0.14386258933794788
BACKUP,6971,-0.041598390268482555
BACKUP,6972,-0.05081475359842794
BACKUP,6973,-0.10941310917100337
BACKUP,6974,-0.0627646619112166
BACKUP,6975,-0.1355197997837138
BACKUP,6976,-0.11000690874988271
BACKUP,6977,-0.19103516576343094
BACKUP,6978,-0.013099000984506198
BACKUP,6979,-0.09702459003062729
BACKUP,6980,0.07243582245300142
BACKUP,6981,-0.10908211029621454
BACKUP,6982,-0.10137546288151558
BACKUP,6983,-0.10596035971089592
BACKUP,6984,-0.22387117208865848
BACKUP,6985,-0.1342503198989089
BACKUP,6986,0.009439064593653497
BACKUP,6987,-0.053882008691806794
BACKUP,6988,0.0015750577136803496
BACKUP,6989,0.11255880292906353
BACKUP,6990,-0.07702830792877834
BACKUP,6991,-0.08024577731693422
BACKUP,6992,0.06475430092444578
BACKUP,6993,-0.17546681906381797
BACKUP,6994,-0.01596068952935707
BACKUP,6995,-0.06661367435770087
BACKUP,6996,-0.05295778212109395
BACKUP,6997,-0.09222459469414751
BACKUP,6998,0.06720932233944651
BACKUP,6999,-0.09516737108116459
BACKUP,7000,0.10057978563408729
BACKUP,7001,-0.0826578522988731
BACKUP,7002,-0.1068429729398626
BACKUP,7003,0.056430829290175115
BACKUP,7004,-0.017017686192489723
BACKUP,7005,-0.1901595852356368
BACKUP,7006,-0.000639143327271234
BACKUP,7007,-0.13583741308779448
BACKUP,7008,-0.045817756025195
BACKUP,7009,-0.04117319523906703
BACKUP,7010,-0.08835635881112162
BACKUP,7011,-0.1573755257560632
BACKUP,7012,0.014782423745716066
BACKUP,7013,-0.061366701531276324
BACKUP,7014,-0.06410472298459813
BACKUP,7015,-0.05160359302048435
BACKUP,7016,-0.0957988794471968
BACKUP,7017,-0.1506983359920374
BACKUP,7018,-0.03391161701203262
BACKUP,7019,0.006101983868175893
BACKUP,7020,-0.03771996919259617
BACKUP,7021,-0.058398863678731684
BACKUP,7022,0.017080877037482456
BACKUP,7023,-0.03635067213735882
BACKUP,7024,0.1842889389268204
BACKUP,7025,-0.06857839040377083
BACKUP,7026,0.15570034583438708
BACKUP,7027,-0.04941270856251249
BACKUP,7028,-0.0063782246408070715
BACKUP,7029,0.018836277960694234
BACKUP,7030,-0.13551605266318764
BACKUP,7031,-0.0020389941809611815
BACKUP,7032,0.00544830816074674
BACKUP,7033,-0.1377062561881928
BACKUP,7034,0.10946332740885303
BACKUP,7035,0.06012499905803566
BACKUP,7036,-0.08719132019269461
BACKUP,7037,-0.12879328183552857
BACKUP,7038,-0.014221540496694359
BACKUP,7039,-0.1392369724052209
BACKUP,7040,-0.01712480567757484
BACKUP,7041,-0.05403960875084758
BACKUP,7042,-0.10575210970894271
BACKUP,7043,0.04277892631186958
BACKUP,7044,-0.010152332316942275
BACKUP,7045,-0.037873201200250006
BACKUP,7046,0.1144699099973367
BACKUP,7047,0.05537520306832626
BACKUP,7048,0.047412842969410784
BACKUP,7049,-0.1428380736546817
BACKUP,7050,-0.06872492973730482
BACKUP,7051,0.08807650098595045
BACKUP,7052,-0.16605569629687242
BACKUP,7053,-0.13240843812870084
BACKUP,7054,-0.1343642189280326
BACKUP,7055,-0.15387087845587674
BACKUP,7056,-0.07523089074928388
BACKUP,7057,-0.029361652018768145
BACKUP,7058,-0.14016520783449019
BACKUP,7059,-0.15505929311893477
BACKUP,7060,-0.05900955811063026
BACKUP,7061,-0.004129675774354792
BACKUP,7062,-0.17580584636866428
BACKUP,7063,-0.06299793811002223
BACKUP,7064,0.06245704062189427
BACKUP,7065,0.08171358358402361
BACKUP,7066,0.04948861055871198
BACKUP,7067,-0.05804981183731432
BACKUP,7068,-0.040584333240560176
BACKUP,7069,-0.03996983072649405
BACKUP,7070,0.15935422427523305
BACKUP,7071,-0.03757759930099605
BACKUP,7072,-0.027229931378771458
BACKUP,7073,-0.08173967346508405
BACKUP,7074,0.04292036600389561
BACKUP,7075,-0.11512792675571251
BACKUP,7076,-0.06967129752394063
BACKUP,7077,-0.08702904754372284
BACKUP,7078,0.0973991575367457
BACKUP,7079,-0.02685688871904173
BACKUP,7080,-0.0022892660597364062
BACKUP,7081,-0.0018482459420860185
BACKUP,7082,0.060624551471003436
BACKUP,7083,-0.03830984972549237
BACKUP,7084,-0.10632970965020835
BACKUP,7085,-0.01776125764598336
BACKUP,7086,-0.03519167294734765
BACKUP,7087,0.1093170168070538
BACKUP,7088,0.026281839834612835
BACKUP,7089,-0.08617586334307473
BACKUP,7090,0.1083536501591305
BACKUP,7091,-0.07373021767790103
BACKUP,7092,0.047753019020149466
BACKUP,7093,0.014648545217103997
BACKUP,7094,-0.09988500141716816
BACKUP,7095,-0.0839633044140868
BACKUP,7096,-0.07488594026796837
BACKUP,7097,-0.05558145283842028
BACKUP,7098,-0.14683988823500946
BACKUP,7099,-0.1422972623695109
BACKUP,7100,-0.008806142529598672
BACKUP,7101,-0.061748468580331534
BACKUP,7102,-0.08786578105747389
BACKUP,7103,0.0143332345519124
BACKUP,7104,-0.17975077581086243
BACKUP,7105,-0.09737742431451221
BACKUP,7106,0.008213972859035145
BACKUP,7107,-0.15297295714273773
BACKUP,7108,-0.07763328135816966
BACKUP,7109,-0.06836491102815044
BACKUP,7110,-0.0259357709516414
BACKUP,7111,-0.05136340979216429
BACKUP,7112,0.019337122275977885
BACKUP,7113,-0.1301161651802627
BACKUP,7114,0.09052069306016762
BACKUP,7115,-0.0803168181673664
BACKUP,7116,-0.07556549151017304
BACKUP,7117,-0.06533784717309353
BACKUP,7118,-0.0026048989209447207
BACKUP,7119,0.05055210300954156
BACKUP,7120,0.051655736711335075
BACKUP,7121,-0.043212669335473824
BACKUP,7122,0.10600345623120568
BACKUP,7123,-0.0914075402357163
BACKUP,7124,-0.08679989484076588
BACKUP,7125,0.014251282198642088
BACKUP,7126,-0.103681874305193
BACKUP,7127,-0.04270505140990189
BACKUP,7128,0.05711661575248053
BACKUP,7129,-0.009658359478468888
BACKUP,7130,0.07452918795571976
BACKUP,7131,-0.10077460219473434
BACKUP,7132,0.0011337361740272822
BACKUP,7133,-0.19523078169517125
BACKUP,7134,-0.061895429714787835
BACKUP,7135,0.05432387062474404
BACKUP,7136,-0.0119978455131859
BACKUP,7137,-0.22133562913891783
BACKUP,7138,0.05664394985324167
BACKUP,7139,-0.06130736738487894
BACKUP,7140,0.1048246927053579
BACKUP,7141,0.17618074299860012
BACKUP,7142,-0.03334460357762599
BACKUP,7143,0.15916503423090927
BACKUP,7144,0.04970233692723968
BACKUP,7145,-0.06780575429050574
BACKUP,7146,-0.022686001866858825
BACKUP,7147,-0.049140906040155315
BACKUP,7148,-0.03596998385714601
BACKUP,7149,-0.12355773378740535
BACKUP,7150,0.05267117550409843
BACKUP,7151,-0.05887682425235438
BACKUP,7152,-0.06517718530167756
BACKUP,7153,-0.03861226231821367
BACKUP,7154,-0.05536672259861888
BACKUP,7155,-0.1880465728070894
BACKUP,7156,0.02041209283471409
BACKUP,7157,-0.08007452708645782
BACKUP,7158,-0.0677486814724106
BACKUP,7159,0.1130384940741944
BACKUP,7160,0.13683656592663537
BACKUP,7161,-0.012686292388912307
BACKUP,7162,0.03546826463092422
BACKUP,7163,-0.044227089376830495
BACKUP,7164,-0.09292301137679287
BACKUP,7165,-0.1182609454521965
BACKUP,7166,-0.05723457090612362
BACKUP,7167,-0.015807281099756487
BACKUP,7168,-0.0668148083090594
BACKUP,7169,-0.10169685363666865
BACKUP,7170,-0.09972975967420754
BACKUP,7171,-0.1089838358807629
BACKUP,7172,0.08635493669132056
BACKUP,7173,-0.08981047648097766
BACKUP,7174,0.06477926543922652
BACKUP,7175,-0.08881150249339638
BACKUP,7176,-0.19600355099299827
BACKUP,7177,-0.0011199236743641195
BACKUP,7178,-0.09527358124757818
BACKUP,7179,-0.017216089283003347
BACKUP,7180,-0.03737529360754121
BACKUP,7181,0.040483273646329504
BACKUP,7182,-0.07289520866759411
BACKUP,7183,-0.01713262737145658
BACKUP,7184,-0.1000047773356427
BACKUP,7185,0.0912323111717804
BACKUP,7186,-0.18224648919130015
BACKUP,7187,-0.1515706451826417
BACKUP,7188,0.12574927934020508
BACKUP,7189,-0.02794213374859948
BACKUP,7190,0.06429795519622757
BACKUP,7191,0.007724960540906874
BACKUP,7192,0.09272033713475593
BACKUP,7193,0.04032727246547434
BACKUP,7194,-0.09684481655739835
BACKUP,7195,-0.03512424821962104
BACKUP,7196,0.027438138779043636
BACKUP,7197,-0.1472785659276847
BACKUP,7198,-0.17306530520234378
BACKUP,7199,-0.09565514712665471
BACKUP,7200,-0.1255545587629705
BACKUP,7201,-0.03180885578856557
BACKUP,7202,0.010772717334941243
BACKUP,7203,-0.13366924807796574
BACKUP,7204,0.10400373172545854
BACKUP,7205,-0.04474370025824783
BACKUP,7206,-0.06221886987060492
BACKUP,7207,-0.15516745308577695
BACKUP,7208,-0.17497092824505578
BACKUP,7209,-0.07931697160977184
BACKUP,7210,-0.11700068963780878
BACKUP,7211,0.040659457352497076
BACKUP,7212,-0.10047797280577303
BACKUP,7213,-0.17629697539137262
BACKUP,7214,-0.027480332857213626
BACKUP,7215,0.010934536940147021
BACKUP,7216,0.08474119699070842
BACKUP,7217,0.12173845808967416
BACKUP,7218,-0.1331872684021671
BACKUP,7219,0.07542888924130944
BACKUP,7220,-0.11985269189911936
BACKUP,7221,0.17497538247202166
BACKUP,7222,-0.183515405812501
BACKUP,7223,0.09161775616473164
BACKUP,7224,-0.04748797608168108
BACKUP,7225,0.08972935412913617
BACKUP,7226,-0.19163963954303329
BACKUP,7227,0.014328014978530514
BACKUP,7228,-0.0701586636236005
BACKUP,7229,-0.17909503416289552
BACKUP,7230,-0.08156616675678481
BACKUP,7231,-0.00020277518598231224
BACKUP,7232,-0.05209803582817629
BACKUP,7233,-0.07022232252699835
BACKUP,7234,-0.01765497047399233
BACKUP,7235,0.014429972425688718
BACKUP,7236,-0.12478781546451072
BACKUP,7237,-0.09535668892419993
BACKUP,7238,-0.04495570019897715
BACKUP,7239,0.06932074227430493
BACKUP,7240,-0.07925407281412135
BACKUP,7241,0.019683122668969464
BACKUP,7242,-0.09361642791082994
BACKUP,7243,-0.0039763726221423035
BACKUP,7244,-0.1198931658935266
BACKUP,7245,-0.07755163569413147
BACKUP,7246,0.1765296481902966
BACKUP,7247,-0.07181054312758521
BACKUP,7248,0.1731435748165732
BACKUP,7249,0.20864707034588323
BACKUP,7250,-0.04381635005725619
BACKUP,7251,0.03624210910735646
BACKUP,7252,0.07951712107290525
BACKUP,7253,-0.06790525932937669
BACKUP,7254,-0.08196786499801846
BACKUP,7255,-0.14855156733015756
BACKUP,7256,-0.058387867494314814
BACKUP,7257,-0.031216716573276307
BACKUP,7258,-0.059357194119736105
BACKUP,7259,0.10046808827218277
BACKUP,7260,-0.08247044345684408
BACKUP,7261,-0.16919014911370456
BACKUP,7262,-0.032014318753774654
BACKUP,7263,-0.0517864377334671
BACKUP,7264,0.11897393838283038
BACKUP,7265,0.0031696265630262515
BACKUP,7266,-0.04644011784203173
BACKUP,7267,-0.09699897999953556
BACKUP,7268,-0.10680055065405203
BACKUP,7269,-0.019584013729894007
BACKUP,7270,-0.07335667135227261
BACKUP,7271,-0.08777223165485143
BACKUP,7272,0.17510291518512572
BACKUP,7273,0.00927409971787805
BACKUP,7274,-0.0679136606870327
BACKUP,7275,-0.017562306127817527
BACKUP,7276,0.11561771822905138
BACKUP,7277,-0.1452132718172685
BACKUP,7278,-0.14426840131576651
BACKUP,7279,-0.020357803606100337
BACKUP,7280,0.005339927087236679
BACKUP,7281,-0.12481573648148113
BACKUP,7282,-0.07802212306165929
BACKUP,7283,-0.11546819538018872
BACKUP,7284,-0.005225086313798177
BACKUP,7285,-0.16000463494185083
BACKUP,7286,-0.1101794632124456
BACKUP,7287,-0.1684462832772568
BACKUP,7288,-0.00847604593939109
BACKUP,7289,-0.10724522238576686
BACKUP,7290,-0.11894070583181841
BACKUP,7291,-0.032930952208465425
BACKUP,7292,0.03027870884505209
BACKUP,7293,-0.06111102688881686
BACKUP,7294,0.04356959141597228
BACKUP,7295,-0.06689050287734205
BACKUP,7296,-0.010409000140265728
BACKUP,7297,0.12159642851046001
BACKUP,7298,-0.19440688369093345
BACKUP,7299,0.01294141202845522
BACKUP,7300,0.058267748282581994
BACKUP,7301,-0.04548539125409557
BACKUP,7302,0.10062414786741528
BACKUP,7303,-0.0901944147200699
BACKUP,7304,-0.07335234757445208
BACKUP,7305,-0.04981135640723199
BACKUP,7306,-0.09864220427858819
BACKUP,7307,-0.09071913738537567
BACKUP,7308,0.09756189307221509
BACKUP,7309,-0.05430663071969004
BACKUP,7310,-0.13068879995163968
BACKUP,7311,0.15213117715136826
BACKUP,7312,0.03696016322296048
BACKUP,7313,-0.0828140317282588
BACKUP,7314,-0.176972303205795
BACKUP,7315,-0.10572000106029883
BACKUP,7316,-0.06971414778054334
BACKUP,7317,-0.153097452885447
BACKUP,7318,0.1530028605935962
BACKUP,7319,0.18577481730070497
BACKUP,7320,-0.10655230110619734
BACKUP,7321,-0.08059317060596687
BACKUP,7322,-0.1102666594663158
BACKUP,7323,-0.16523432804105262
BACKUP,7324,-0.11089072811579251
BACKUP,7325,-0.033322811916917515
BACKUP,7326,0.04515782821370612
BACKUP,7327,0.01723871541884284
BACKUP,7328,-0.02311797087070613
BACKUP,7329,-0.06769967849545853
BACKUP,7330,-0.059344771813384066
BACKUP,7331,-0.07670563660711063
BACKUP,7332,-0.016599039348550986
BACKUP,7333,-0.06208387671551352
BACKUP,7334,-0.14712405893243855
BACKUP,7335,-0.01912825485919695
BACKUP,7336,-0.07899779251394179
BACKUP,7337,-0.1290046908661443
BACKUP,7338,0.08801901520764081
BACKUP,7339,-0.0699721899302957
BACKUP,7340,0.08622547305582562
BACKUP,7341,-0.20946781160263764
BACKUP,7342,-0.07102926464648773
BACKUP,7343,-0.07511912344163979
BACKUP,7344,-0.06069197092727429
BACKUP,7345,0.09749424367373044
BACKUP,7346,-0.05938774398702093
BACKUP,7347,0.029714871415118135
BACKUP,7348,-0.09547895172262737
BACKUP,7349,0.04032254884383194
BACKUP,7350,-0.1359729384808918
BACKUP,7351,-0.24457300582179908
BACKUP,7352,-0.14577854553347167
BACKUP,7353,-0.24004229838590782
BACKUP,7354,-0.09410349659560119
BACKUP,7355,-0.0847068791704091
BACKUP,7356,0.13433871775135947
BACKUP,7357,-0.056146149610530736
BACKUP,7358,-0.01889041510273169
BACKUP,7359,-0.13042564986605826
BACKUP,7360,-0.08096258588424557
BACKUP,7361,-0.05215376865831845
BACKUP,7362,0.004862900297300373
BACKUP,7363,-0.12024629511332273
BACKUP,7364,-0.12672534280095335
BACKUP,7365,-0.10297256262951854
BACKUP,7366,0.033629184183567265
BACKUP,7367,-0.17886287054446567
BACKUP,7368,-0.06526615136214635
BACKUP,7369,-0.08626655020443935
BACKUP,7370,-0.09966435060896395
BACKUP,7371,0.01246348179107415
BACKUP,7372,-0.049677590396431076
BACKUP,7373,-0.06434270773155801
BACKUP,7374,-0.12362619646536338
BACKUP,7375,-0.11266977039173157
BACKUP,7376,-0.058241245286952854
BACKUP,7377,-0.061047026979043816
BACKUP,7378,-0.04256770931439274
BACKUP,7379,-0.016251744224825487
BACKUP,7380,-0.11898419706568346
BACKUP,7381,0.020216103146396613
BACKUP,7382,-0.18505659570527014
BACKUP,7383,0.1042490530745387
BACKUP,7384,-0.019880530616432794
BACKUP,7385,0.020527878823830063
BACKUP,7386,-0.06215386679216391
BACKUP,7387,0.021871424379260002
BACKUP,7388,-0.056920385461591616
BACKUP,7389,-0.13999224164398483
BACKUP,7390,0.1206689205421396
BACKUP,7391,-0.0028364443978662135
BACKUP,7392,-0.09063193861680131
BACKUP,7393,-0.07176363433098844
BACKUP,7394,-0.10209842388545982
BACKUP,7395,-0.09955031318043832
BACKUP,7396,-0.06438795188701005
BACKUP,7397,-0.028826164400529004
BACKUP,7398,-0.13403199458101844
BACKUP,7399,-0.026878506255542344
BACKUP,7400,-0.03920314585901472
BACKUP,7401,0.09567662543559945
BACKUP,7402,-0.03368202954343383
BACKUP,7403,-0.0377154354340455
BACKUP,7404,0.07153325957724843
BACKUP,7405,-0.06034007181039144
BACKUP,7406,-0.007120995732663662
BACKUP,7407,-0.10454807202348027
BACKUP,7408,-0.10827704510950645
BACKUP,7409,-0.12760325819884002
BACKUP,7410,-0.11049267486409581
BACKUP,7411,0.018629735748257572
BACKUP,7412,-0.01824853971393737
BACKUP,7413,-0.08354856037032067
BACKUP,7414,-0.02746536536271697
BACKUP,7415,-0.025701071903381587
BACKUP,7416,-0.08666272024728174
BACKUP,7417,-0.1715245770067409
BACKUP,7418,-0.10222780675548662
BACKUP,7419,0.06199992334750379
BACKUP,7420,-0.13305505643270638
BACKUP,7421,-0.059671196121947934
BACKUP,7422,-0.10885491137144322
BACKUP,7423,0.049169150001040496
BACKUP,7424,-0.10116791845067469
BACKUP,7425,0.010898397200246478
BACKUP,7426,-0.06068273426171417
BACKUP,7427,-0.09719882217464561
BACKUP,7428,-0.07399482122946782
BACKUP,7429,0.021599054664950705
BACKUP,7430,-0.021993013526545695
BACKUP,7431,-0.07403791823064282
BACKUP,7432,-0.14182829868019536
BACKUP,7433,-0.011047827985517702
BACKUP,7434,-0.10036769914607961
BACKUP,7435,0.04472066592530329
BACKUP,7436,-0.054636657869037084
BACKUP,7437,0.18934803348638324
BACKUP,7438,-0.05677122326584369
BACKUP,7439,-0.07124023305557488
BACKUP,7440,-0.07246484510931595
BACKUP,7441,-0.07125162854772918
BACKUP,7442,0.06604193400581325
BACKUP,7443,0.0005057423427548741
BACKUP,7444,-0.06524415961187269
BACKUP,7445,0.16837495985916845
BACKUP,7446,-0.1701292663642068
BACKUP,7447,0.07162787987363634
BACKUP,7448,0.03803712830353424
BACKUP,7449,0.09890009489895205
BACKUP,7450,0.19025385554183522
BACKUP,7451,-0.08106588817599411
BACKUP,7452,-0.10570173165463899
BACKUP,7453,0.02543881983967767
BACKUP,7454,-0.009968405267496167
BACKUP,7455,-0.13728443795849124
BACKUP,7456,0.08331276919302684
BACKUP,7457,-0.19115475257198694
BACKUP,7458,-0.09802658211455931
BACKUP,7459,-0.1157110751443685
BACKUP,7460,-0.04003722189496765
BACKUP,7461,-0.0938912169026137
BACKUP,7462,-0.04941062812837978
BACKUP,7463,0.1217867481407681
BACKUP,7464,-0.004794153117455037
BACKUP,7465,-0.00043196370976645524
BACKUP,7466,-0.06017116694394796
BACKUP,7467,-0.012104602001674573
BACKUP,7468,0.06820664709086374
BACKUP,7469,-0.2096059514982082
BACKUP,7470,-0.14011655478226745
BACKUP,7471,-0.08105567480086115
BACKUP,7472,0.1372072705017766
BACKUP,7473,-0.09649300687666536
BACKUP,7474,-0.03223342154539333
BACKUP,7475,-0.07885162956723885
BACKUP,7476,-0.11267182052020659
BACKUP,7477,-0.10613139467120486
BACKUP,7478,-0.09129407164888081
BACKUP,7479,0.01995792076155629
BACKUP,7480,-0.15770256694162826
BACKUP,7481,-0.0806247815471534
BACKUP,7482,-0.12308093452720797
BACKUP,7483,-0.0806579299471288
BACKUP,7484,-0.05036561317997039
BACKUP,7485,-0.0719660202513422
BACKUP,7486,-0.057085313166313684
BACKUP,7487,-0.12321705284579153
BACKUP,7488,0.05372420426620675
BACKUP,7489,0.07236867411197205
BACKUP,7490,-0.14282698752900103
BACKUP,7491,-0.03006901918017071
BACKUP,7492,-0.18607985377117242
BACKUP,7493,-0.07052251943986805
BACKUP,7494,-0.11434949992649203
BACKUP,7495,-0.20044487900219804
BACKUP,7496,-0.07077794707043786
BACKUP,7497,-0.11361630429885089
BACKUP,7498,-0.031985628616886114
BACKUP,7499,-0.10843130629143649
BACKUP,7500,-0.12605633890264148
BACKUP,7501,-0.06727225857932485
BACKUP,7502,-0.06978622620045677
BACKUP,7503,0.12816086028061607
BACKUP,7504,-0.11713338984804479
BACKUP,7505,-0.015170256769108005
BACKUP,7506,-0.019396681452434027
BACKUP,7507,-0.08544050367057368
BACKUP,7508,0.07051910833051889
BACKUP,7509,-0.09346994165884087
BACKUP,7510,-0.06686664997859258
BACKUP,7511,-0.11109612682444646
BACKUP,7512,0.0694708496716616
BACKUP,7513,0.03859719427609878
BACKUP,7514,-0.14476999745219166
BACKUP,7515,-0.0026300922409360165
BACKUP,7516,-0.02953037758432107
BACKUP,7517,-0.006491448103901813
BACKUP,7518,-0.09088164692968592
BACKUP,7519,-0.1328646029837996
BACKUP,7520,-0.1288050276787038
BACKUP,7521,-0.11758697773756643
BACKUP,7522,-0.11833284910324236
BACKUP,7523,-0.10263423844713594
BACKUP,7524,-0.08011218993645315
BACKUP,7525,0.14480584762170343
BACKUP,7526,-0.025926023466737048
BACKUP,7527,-0.10284724136636081
BACKUP,7528,-0.09875303750546048
BACKUP,7529,-0.06437998611688965
BACKUP,7530,-0.095933979157802
BACKUP,7531,-0.10276913991340676
BACKUP,7532,-0.04282878228972816
BACKUP,7533,-0.023447980151939808
BACKUP,7534,0.025811585034715374
BACKUP,7535,0.08495052161243422
BACKUP,7536,-0.057550234637336585
BACKUP,7537,0.09530060312253838
BACKUP,7538,-0.11797933659930158
BACKUP,7539,0.08857010918880368
BACKUP,7540,-0.015471497621613532
BACKUP,7541,0.05085555447216827
BACKUP,7542,-0.07828301454405255
BACKUP,7543,0.04749926558875377
BACKUP,7544,-0.027973180016193876
BACKUP,7545,-0.05527206742200025
BACKUP,7546,-0.10069388727113998
BACKUP,7547,-0.026239930448054623
BACKUP,7548,-0.02171533971936488
BACKUP,7549,-0.10331808022701794
BACKUP,7550,-0.043187197588855086
BACKUP,7551,-0.18352487749201699
BACKUP,7552,-0.08833029065203919
BACKUP,7553,0.08663545913313274
BACKUP,7554,-0.08973307799202214
BACKUP,7555,-0.11753451082900342
BACKUP,7556,0.004547744226188765
BACKUP,7557,0.02408997412370616
BACKUP,7558,-0.09001233325149263
BACKUP,7559,0.01018658058461143
BACKUP,7560,0.04133092720860243
BACKUP,7561,-0.0024286610117106836
BACKUP,7562,0.03400249380778318
BACKUP,7563,-0.019844425998236898
BACKUP,7564,-0.1812965532184534
BACKUP,7565,-0.07201833093725137
BACKUP,7566,-0.14317087005352513
BACKUP,7567,0.010088629695319973
BACKUP,7568,0.08434310302006791
BACKUP,7569,-0.03821743437247233
BACKUP,7570,-0.059625553092100915
BACKUP,7571,-0.05091081285319653
BACKUP,7572,-0.046142522634767986
BACKUP,7573,-0.06998542509018184
BACKUP,7574,-0.02252106132073948
BACKUP,7575,-0.016551318556808466
BACKUP,7576,-0.12224536501153335
BACKUP,7577,0.004567638626383991
BACKUP,7578,0.010702160403263633
BACKUP,7579,-0.09623747774184203
BACKUP,7580,-0.01881301279460732
BACKUP,7581,-0.0807195616078634
BACKUP,7582,-0.13822927886300826
BACKUP,7583,0.1151333764211403
BACKUP,7584,-0.23843308993592602
BACKUP,7585,0.045749846445091426
BACKUP,7586,0.07560412544518282
BACKUP,7587,-0.2528728074005667
BACKUP,7588,-0.06953612531271111
BACKUP,7589,0.12439698966275471
BACKUP,7590,-0.14478957037647253
BACKUP,7591,0.08909169757241754
BACKUP,7592,-0.022216101688640195
BACKUP,7593,-0.13273694114478973
BACKUP,7594,-0.06430149525353468
BACKUP,7595,-0.050309508607065956
BACKUP,7596,0.02922907195362719
BACKUP,7597,-0.00199067443855324
BACKUP,7598,-0.043667438530863585
BACKUP,7599,-0.1661031801488128
BACKUP,7600,-0.18516803742559448
BACKUP,7601,-0.052150314398021085
BACKUP,7602,-0.020554521753323344
BACKUP,7603,-0.1809534776154347
BACKUP,7604,-0.07280667900927214
BACKUP,7605,-0.06821574723182913
BACKUP,7606,0.15937933028755868
BACKUP,7607,-0.0394606392821806
BACKUP,7608,0.10574699554072127
BACKUP,7609,-0.07154502213191401
BACKUP,7610,-0.06489402911745126
BACKUP,7611,-0.017304116826560276
BACKUP,7612,-0.12998714714892698
BACKUP,7613,-0.09944116514180246
BACKUP,7614,-0.08586679458370572
BACKUP,7615,0.01636252552153172
BACKUP,7616,0.08345528227641447
BACKUP,7617,-0.09770041547698564
BACKUP,7618,-0.011979615138095517
BACKUP,7619,0.010185427002498143
BACKUP,7620,-0.15584206938999856
BACKUP,7621,-0.15622171704110702
BACKUP,7622,0.08615630096341564
BACKUP,7623,0.037320918497072204
BACKUP,7624,-0.10648237449084372
BACKUP,7625,-0.050568347533201004
BACKUP,7626,-0.06969208598096396
BACKUP,7627,-0.17268396336338782
BACKUP,7628,0.0019267521793231367
BACKUP,7629,-0.06617628047066022
BACKUP,7630,-0.019050075926635192
BACKUP,7631,0.06515190414753681
BACKUP,7632,-0.09243976462576063
BACKUP,7633,-0.06488067874336169
BACKUP,7634,-0.015520619973269317
BACKUP,7635,-0.05209179775123545
BACKUP,7636,-0.1023483939005427
BACKUP,7637,-0.007428985191651142
BACKUP,7638,0.012806842438313662
BACKUP,7639,-0.1066169734997427
BACKUP,7640,-0.05607852704573152
BACKUP,7641,0.03344023414836982
BACKUP,7642,-0.13345213326279662
BACKUP,7643,-0.13402745992857792
BACKUP,7644,-0.014587563953365966
BACKUP,7645,0.15474870060422669
BACKUP,7646,-0.06328837681841382
BACKUP,7647,-0.04846647567506097
BACKUP,7648,-0.031004362485497348
BACKUP,7649,-0.1642114048043035
BACKUP,7650,-0.07712286226154348
BACKUP,7651,-0.03399624755081892
BACKUP,7652,-0.038186009395862565
BACKUP,7653,-0.01046374470927013
BACKUP,7654,-0.005086439601763281
BACKUP,7655,-0.05605500532107363
BACKUP,7656,0.051943451430652564
BACKUP,7657,0.13221680858645743
BACKUP,7658,0.039242305408368136
BACKUP,7659,0.015623982077042037
BACKUP,7660,-0.051987947311308895
BACKUP,7661,-0.03389994055503074
BACKUP,7662,-0.14529110543918858
BACKUP,7663,0.04405473523445925
BACKUP,7664,-0.11555727095754174
BACKUP,7665,0.0014437418721210508
BACKUP,7666,-0.11594557176663409
BACKUP,7667,0.07565808988148995
BACKUP,7668,-0.03496061561046698
BACKUP,7669,-0.09989900378580661
BACKUP,7670,-0.13846171414155736
BACKUP,7671,-0.16205655555939022
BACKUP,7672,-0.0755335417536224
BACKUP,7673,-0.10166401012697024
BACKUP,7674,-0.01260181704159535
BACKUP,7675,-0.0038587230820304494
BACKUP,7676,0.026285017112485418
BACKUP,7677,-0.04120924506102134
BACKUP,7678,-0.007111698897026383
BACKUP,7679,-0.11578493451612355
BACKUP,7680,-0.110132050098665
BACKUP,7681,-0.1583739448462445
BACKUP,7682,-0.07542279505976646
BACKUP,7683,0.0352939164958113
BACKUP,7684,-0.09357035055118107
BACKUP,7685,-0.17107111011522996
BACKUP,7686,-0.09451278871906894
BACKUP,7687,-0.09497266628118946
BACKUP,7688,-0.08792831170582857
BACKUP,7689,-0.14165666137835467
BACKUP,7690,-0.0648204344618407
BACKUP,7691,-0.013579754830113306
BACKUP,7692,-0.06591811566961849
BACKUP,7693,0.07764955565451218
BACKUP,7694,-0.03646351948064298
BACKUP,7695,0.07023701009489428
BACKUP,7696,0.053699093829609426
BACKUP,7697,-0.09178546024900205
BACKUP,7698,0.01346909443877251
BACKUP,7699,-0.02830518468125304
BACKUP,7700,0.02018165198281017
BACKUP,7701,-0.1402881790125169
BACKUP,7702,0.25552876834625227
BACKUP,7703,-0.01963949684384312
BACKUP,7704,-0.024373127449058656
BACKUP,7705,-0.022318565624669835
BACKUP,7706,-0.056310811979555175
BACKUP,7707,-0.11729408768470838
BACKUP,7708,-0.12932941877112003
BACKUP,7709,-0.01709900763715972
BACKUP,7710,-0.09573910075583394
BACKUP,7711,-0.06288607945217456
BACKUP,7712,-0.03769256410328462
BACKUP,7713,0.04526960496495079
BACKUP,7714,-0.03085929705253629
BACKUP,7715,-0.13146555847709573
BACKUP,7716,-0.07125569746845299
BACKUP,7717,-0.09330993662192495
BACKUP,7718,-0.07997279111096268
BACKUP,7719,0.16586784984115627
BACKUP,7720,0.10579166133000521
BACKUP,7721,-0.1513017633680528
BACKUP,7722,-0.05326276232839147
BACKUP,7723,-0.19976725024350375
BACKUP,7724,-0.05289844480028653
BACKUP,7725,-0.2100902642635058
BACKUP,7726,0.06468012444576464
BACKUP,7727,-0.08970964163628933
BACKUP,7728,-0.0649072247005586
BACKUP,7729,-0.05097442876306618
BACKUP,7730,-0.007473353790612189
BACKUP,7731,-0.03361798940404643
BACKUP,7732,-0.06705820567532578
BACKUP,7733,0.09240196121565399
BACKUP,7734,-0.09000746790504238
BACKUP,7735,-0.17356164934081078
BACKUP,7736,-0.06199202735116403
BACKUP,7737,-0.03616368619050059
BACKUP,7738,-0.07541482953831342
BACKUP,7739,-0.24542796928595437
BACKUP,7740,-0.09015273064803339
BACKUP,7741,0.06295155006532914
BACKUP,7742,-0.12831005786057384
BACKUP,7743,0.11672643728293505
BACKUP,7744,0.15210894621955737
BACKUP,7745,-0.11600305960237431
BACKUP,7746,0.010271074040051247
BACKUP,7747,-0.07937729969826303
BACKUP,7748,-0.02644554531058197
BACKUP,7749,0.029022623843989317
BACKUP,7750,0.06172766937126736
BACKUP,7751,-0.06587372813859528
BACKUP,7752,-0.005098138542913827
BACKUP,7753,-0.10729225944194037
BACKUP,7754,0.009674762706772842
BACKUP,7755,-0.0989822516337669
BACKUP,7756,-0.06780184558471476
BACKUP,7757,-0.13136972896655308
BACKUP,7758,-0.04433805674964493
BACKUP,7759,-0.04752999392133535
BACKUP,7760,0.017821310990421623
BACKUP,7761,0.032610263972879444
BACKUP,7762,-0.12494634285376445
BACKUP,7763,0.0019463249505258429
BACKUP,7764,-0.02753981981508978
BACKUP,7765,-0.06478938717501448
BACKUP,7766,0.0987321240336144
BACKUP,7767,0.06316761085748335
BACKUP,7768,-0.1165413336538908
BACKUP,7769,-0.17343246521847958
BACKUP,7770,-0.06352726500122623
BACKUP,7771,0.16332158976018735
BACKUP,7772,-0.06573335892014139
BACKUP,7773,-0.14736740868790038
BACKUP,7774,-0.1587551719747567
BACKUP,7775,-0.020183682607783245
BACKUP,7776,0.021875808230482133
BACKUP,7777,-0.05343076737871228
BACKUP,7778,-0.14319808749387636
BACKUP,7779,-0.07477767175853056
BACKUP,7780,-0.011814126338057486
BACKUP,7781,-0.13237717713272307
BACKUP,7782,-0.10158588319647396
BACKUP,7783,-0.1099438035137448
BACKUP,7784,-0.09252600970060289
BACKUP,7785,-0.04506541452858216
BACKUP,7786,-0.19462290851985647
BACKUP,7787,-0.10354157216349776
BACKUP,7788,-0.08824369657376765
BACKUP,7789,-0.034641222233520064
BACKUP,7790,-0.033234816308039566
BACKUP,7791,0.07984932497439028
BACKUP,7792,0.06003627974043027
BACKUP,7793,0.04539631398348392
BACKUP,7794,-0.06603845368714134
BACKUP,7795,-0.09414189778953988
BACKUP,7796,-0.05143384419522267
BACKUP,7797,-0.12428948263565193
BACKUP,7798,0.025151538339615916
BACKUP,7799,0.14219593112458848
BACKUP,7800,0.01254447068868494
BACKUP,7801,-0.12013353472734212
BACKUP,7802,0.09898516106626082
BACKUP,7803,0.09035257762231959
BACKUP,7804,-0.05130194983222716
BACKUP,7805,-0.1130361717417654
BACKUP,7806,0.05134861751497094
BACKUP,7807,-0.20536108844134782
BACKUP,7808,-0.19254146278012158
BACKUP,7809,-0.0557381784203891
BACKUP,7810,0.034562250455455926
BACKUP,7811,-0.12170057305778224
BACKUP,7812,0.05085245116745051
BACKUP,7813,-0.10487964419629163
BACKUP,7814,0.09121292279016775
BACKUP,7815,-0.13415329842366364
BACKUP,7816,0.02970050984201397
BACKUP,7817,-0.1250537442268705
BACKUP,7818,-0.18915223063957687
BACKUP,7819,-0.0285572950116632
BACKUP,7820,0.060506067897155985
BACKUP,7821,0.019915236192113033
BACKUP,7822,-0.04734487294505838
BACKUP,7823,0.18930112676143712
BACKUP,7824,-0.018755153325211636
BACKUP,7825,-0.057547843479998965
BACKUP,7826,0.06393735918013628
BACKUP,7827,-0.2208130735175494
BACKUP,7828,-0.09522392506896693
BACKUP,7829,-0.11535439920963915
BACKUP,7830,-0.23956525157542452
BACKUP,7831,-0.09998266211044421
BACKUP,7832,-0.16877793873561925
BACKUP,7833,-0.08046690844647984
BACKUP,7834,-0.0262862830508824
BACKUP,7835,-0.1712163175197608
BACKUP,7836,-0.0476535868369062
BACKUP,7837,-0.10746081610601457
BACKUP,7838,-0.02036669006535973
BACKUP,7839,0.07660670327717067
BACKUP,7840,-0.13862900847601456
BACKUP,7841,0.0072836813194524655
BACKUP,7842,-0.00019839397278249445
BACKUP,7843,-0.15395898914048947
BACKUP,7844,-0.07330282421776403
BACKUP,7845,0.05277482223603042
BACKUP,7846,-0.08629001894353142
BACKUP,7847,-0.23160863894579864
BACKUP,7848,-0.04303922103236938
BACKUP,7849,-0.041094244817829556
BACKUP,7850,0.04913376685649432
BACKUP,7851,-0.13443037972254263
BACKUP,7852,0.06269937297604652
BACKUP,7853,-0.05830438084293654
BACKUP,7854,-0.04228567273215272
BACKUP,7855,-0.11765693594470361
BACKUP,7856,0.10183990860243022
BACKUP,7857,-0.18288611662192772
BACKUP,7858,-0.10120308924277001
BACKUP,7859,-0.1336133455134112
BACKUP,7860,-0.059047548283954115
BACKUP,7861,-0.08482254777935161
BACKUP,7862,-0.03847910930496121
BACKUP,7863,0.11834455453476231
BACKUP,7864,-0.07889403542102488
BACKUP,7865,0.016458988830340037
BACKUP,7866,0.043867702603931656
BACKUP,7867,-0.14994757647434293
BACKUP,7868,-0.16619690507106794
BACKUP,7869,0.08744600525611793
BACKUP,7870,0.046424810732581784
BACKUP,7871,-0.0955212585193785
BACKUP,7872,-0.09211743023631094
BACKUP,7873,-0.16129379356843945
BACKUP,7874,0.030423938945482343
BACKUP,7875,0.015540972958984932
BACKUP,7876,-0.002418602099782211
BACKUP,7877,0.07703902411369574
BACKUP,7878,-0.1270881788976045
BACKUP,7879,0.137360788624548
BACKUP,7880,0.07315236870511428
BACKUP,7881,0.14696078701006288
BACKUP,7882,-0.1520389147356106
BACKUP,7883,-0.008842298296708708
BACKUP,7884,-0.03748656687586113
BACKUP,7885,-0.06845833073617093
BACKUP,7886,0.04708463727310536
BACKUP,7887,0.18787936286325904
BACKUP,7888,-0.07871790115571199
BACKUP,7889,0.08679295003237258
BACKUP,7890,-0.252593960097406
BACKUP,7891,0.022491718402400978
BACKUP,7892,0.00034246031298342536
BACKUP,7893,-0.05903048737009385
BACKUP,7894,-0.06445700223875031
BACKUP,7895,-0.17243328943300143
BACKUP,7896,-0.1385109168098084
BACKUP,7897,-0.07591860811308176
BACKUP,7898,0.00444662303432328
BACKUP,7899,-0.05096038516079189
BACKUP,7900,-0.061305439132909166
BACKUP,7901,-0.0710812897829374
BACKUP,7902,-0.04071826429566356
BACKUP,7903,0.10648162151963765
BACKUP,7904,-0.05659692793502457
BACKUP,7905,0.020297188478304855
BACKUP,7906,-0.0928860221504986
BACKUP,7907,-0.05308978019171824
BACKUP,7908,0.06113772556709121
BACKUP,7909,-0.019154503973311143
BACKUP,7910,-0.1281556101742017
BACKUP,7911,-0.051297022131788626
BACKUP,7912,-0.11882107327079494
BACKUP,7913,0.006982891729675026
BACKUP,7914,-0.028055161595374654
BACKUP,7915,-0.007726965756479929
BACKUP,7916,0.03266004219739761
BACKUP,7917,0.020332920716851065
BACKUP,7918,-0.06910544317695622
BACKUP,7919,-0.04040446993811779
BACKUP,7920,0.07257146787442238
BACKUP,7921,-0.20572404411574377
BACKUP,7922,-0.0031495264317211356
BACKUP,7923,-0.09065266278710049
BACKUP,7924,-0.13046797861994622
BACKUP,7925,-0.011600149975691431
BACKUP,7926,-0.2064397717395767
BACKUP,7927,-0.0387440257277215
BACKUP,7928,-0.10633269273483181
BACKUP,7929,-0.10660763219193523
BACKUP,7930,-0.19876451804646808
BACKUP,7931,-0.028683404434772446
BACKUP,7932,-0.12650653282414565
BACKUP,7933,-0.1174950478403164
BACKUP,7934,-0.08303090660661858
BACKUP,7935,0.07526903298610052
BACKUP,7936,-0.07482753485128121
BACKUP,7937,0.058204488573211595
BACKUP,7938,0.012434076345887312
BACKUP,7939,-0.01587466761768573
BACKUP,7940,-0.01680482676217386
BACKUP,7941,-0.12945370594797267
BACKUP,7942,-0.08288143203393783
BACKUP,7943,0.09976325666622454
BACKUP,7944,0.05096514387460296
BACKUP,7945,0.05387173087618366
BACKUP,7946,-0.027663734741668746
BACKUP,7947,0.06072027255732647
BACKUP,7948,-0.008790812640387472
BACKUP,7949,-0.1966369466880411
BACKUP,7950,-0.07164035680633617
BACKUP,7951,0.04385859977245062
BACKUP,7952,-0.14324837160601248
BACKUP,7953,-0.01768327542265837
BACKUP,7954,-0.09178328073585652
BACKUP,7955,-0.04088863354017932
BACKUP,7956,-0.12071365812522984
BACKUP,7957,-0.01487529821979027
BACKUP,7958,-0.0766240312521612
BACKUP,7959,-0.07624545409138707
BACKUP,7960,0.06273073225955753
BACKUP,7961,-0.22827747414983587
BACKUP,7962,-7.643737849490481e-05
BACKUP,7963,-0.08939519403372627
BACKUP,7964,-0.03406771812525133
BACKUP,7965,-0.12131392567885378
BACKUP,7966,-0.043793200379271556
BACKUP,7967,-0.08511840091937016
BACKUP,7968,-0.024866310972188346
BACKUP,7969,-0.07789233465599546
BACKUP,7970,-0.14566650088686536
BACKUP,7971,0.15880280703176297
BACKUP,7972,-0.037077483683877234
BACKUP,7973,-0.08828522125665622
BACKUP,7974,-0.002085502392185937
BACKUP,7975,-0.0557092606778227
BACKUP,7976,0.1314212431118847
BACKUP,7977,-0.2122161856828594
BACKUP,7978,-0.09028279831306177
BACKUP,7979,0.031225355365446926
BACKUP,7980,-0.14250912976097507
BACKUP,7981,-0.05309040620302684
BACKUP,7982,0.023984900051224278
BACKUP,7983,-0.11504832077021254
BACKUP,7984,0.016391466048873485
BACKUP,7985,0.09207786879555689
BACKUP,7986,-0.005194328708372579
BACKUP,7987,0.025537307907155676
BACKUP,7988,-0.12114246100877382
BACKUP,7989,-0.14717057956996316
BACKUP,7990,-0.06803827664503691
BACKUP,7991,-0.11374428924940028
BACKUP,7992,0.08902944817941426
BACKUP,7993,-0.07476071808961056
BACKUP,7994,-0.03168995397341115
BACKUP,7995,0.030253903930152683
BACKUP,7996,-0.08415451688396267
BACKUP,7997,-0.2109026052515422
BACKUP,7998,0.02187539196450994
BACKUP,7999,-0.11903354493198967
BACKUP,8000,-0.11829027056568689
BACKUP,8001,0.0008760660388237935
BACKUP,8002,-0.10444561776965469
BACKUP,8003,0.15237079428190758
BACKUP,8004,-0.03531432839120135
BACKUP,8005,0.016959693377456248
BACKUP,8006,0.01173352432101856
BACKUP,8007,-0.01626807063710296
BACKUP,8008,-0.04992474277312735
BACKUP,8009,-0.09265678280405779
BACKUP,8010,0.09873970435979523
BACKUP,8011,0.08549177616315477
BACKUP,8012,0.053314466423147196
BACKUP,8013,0.023326352472199833
BACKUP,8014,0.04520757844552639
BACKUP,8015,0.08167211479605184
BACKUP,8016,-0.07539702689211471
BACKUP,8017,-0.0029725220256599984
BACKUP,8018,-0.046121200724277146
BACKUP,8019,0.07338283101820943
BACKUP,8020,0.07044379226481323
BACKUP,8021,0.0804205556396211
BACKUP,8022,0.04517512915600404
BACKUP,8023,-0.050548036229869524
BACKUP,8024,-0.11825363783667935
BACKUP,8025,-0.06866515903622047
BACKUP,8026,-0.12235067376827469
BACKUP,8027,-0.04895193456860415
BACKUP,8028,-0.10566155278127941
BACKUP,8029,0.10705372339968557
BACKUP,8030,-0.11814970506207609
BACKUP,8031,-0.13371759794506094
BACKUP,8032,-0.0342628900476361
BACKUP,8033,-0.07335951894027551
BACKUP,8034,0.0323440348627474
BACKUP,8035,-0.007312689012118612
BACKUP,8036,-0.07492270680467181
BACKUP,8037,-0.0792408781118006
BACKUP,8038,0.08971245128203971
BACKUP,8039,0.09249181098338312
BACKUP,8040,-0.04669906439767892
BACKUP,8041,0.07888661946446264
BACKUP,8042,-0.056809468576829246
BACKUP,8043,-0.07861918045362751
BACKUP,8044,-0.06799223381433522
BACKUP,8045,-0.05522529513131878
BACKUP,8046,-0.014278979435573035
BACKUP,8047,-0.12798685793889694
BACKUP,8048,0.11135902100851895
BACKUP,8049,-0.16590396581528105
BACKUP,8050,-0.005501133174581119
BACKUP,8051,0.14888512630834086
BACKUP,8052,-0.09638220496610063
BACKUP,8053,-0.06748981164852753
BACKUP,8054,-0.18327489798055102
BACKUP,8055,-0.058458871676281936
BACKUP,8056,0.12241785602898068
BACKUP,8057,-0.01918491577187052
BACKUP,8058,-0.1269204503758858
BACKUP,8059,-0.09193079662467876
BACKUP,8060,-0.028767788044494466
BACKUP,8061,-0.15864690019267894
BACKUP,8062,-0.06045674884916069
BACKUP,8063,-0.1271002350364828
BACKUP,8064,0.029315179049640944
BACKUP,8065,0.03714145432556542
BACKUP,8066,-0.0756591383203128
BACKUP,8067,-0.053330766823776556
BACKUP,8068,0.042441406714661935
BACKUP,8069,-0.02544003651431055
BACKUP,8070,0.026058812408384497
BACKUP,8071,-0.1341173321054287
BACKUP,8072,-0.03195678866517376
BACKUP,8073,-0.1627746149725411
BACKUP,8074,-0.04690940972018479
BACKUP,8075,0.018196131956839483
BACKUP,8076,-0.08849650194442356
BACKUP,8077,-0.1435519308521291
BACKUP,8078,0.08422911871956855
BACKUP,8079,-0.10032479051542202
BACKUP,8080,-0.10630994971466377
BACKUP,8081,0.10762496435606123
BACKUP,8082,-0.022893608655462635
BACKUP,8083,0.12051596360012715
BACKUP,8084,-0.13652761401065547
BACKUP,8085,-0.07807115852828907
BACKUP,8086,-0.13819588629758373
BACKUP,8087,-0.12072271138499911
BACKUP,8088,-0.05960769467556986
BACKUP,8089,-0.0672624554068736
BACKUP,8090,-0.09108549967149807
BACKUP,8091,-0.06125250742218853
BACKUP,8092,0.06701005391191914
BACKUP,8093,0.0876522279780936
BACKUP,8094,-0.16849220970704112
BACKUP,8095,-0.023560901020881854
BACKUP,8096,-0.04382163413327954
BACKUP,8097,-0.0445530449843041
BACKUP,8098,0.04011800565893807
BACKUP,8099,-0.14315960335679773
BACKUP,8100,0.042772242177052104
BACKUP,8101,-0.04605316798489983
BACKUP,8102,-0.15934549646281007
BACKUP,8103,-0.1608103165103032
BACKUP,8104,0.08406352441178308
BACKUP,8105,0.29012769154914114
BACKUP,8106,-0.08462784531706516
BACKUP,8107,0.05161197241484964
BACKUP,8108,-0.1237217110420388
BACKUP,8109,-0.04201991884090378
BACKUP,8110,-0.1098475915870488
BACKUP,8111,-0.1817121702697985
BACKUP,8112,0.056539288932808476
BACKUP,8113,0.008550404887941836
BACKUP,8114,-0.09775323948921143
BACKUP,8115,0.04091482758841341
BACKUP,8116,0.005918962785345415
BACKUP,8117,0.09110558589039795
BACKUP,8118,-0.019282033499776766
BACKUP,8119,-0.061767636538369114
BACKUP,8120,-0.04869908301763589
BACKUP,8121,-0.06772971842454771
BACKUP,8122,-0.052400500361988546
BACKUP,8123,-0.15401252523429812
BACKUP,8124,-0.008722194874118119
BACKUP,8125,-0.09135637064039864
BACKUP,8126,-0.18450090365966498
BACKUP,8127,-0.15441069363949372
BACKUP,8128,0.06276009393310725
BACKUP,8129,-0.09480766385129565
BACKUP,8130,-0.08551629602108471
BACKUP,8131,0.08895675583894401
BACKUP,8132,0.13365958116978108
BACKUP,8133,-0.07740785754005793
BACKUP,8134,0.015144253102851984
BACKUP,8135,-0.01607447451603724
BACKUP,8136,-0.12396979917180732
BACKUP,8137,-0.042090272083204004
BACKUP,8138,-0.00786839701054926
BACKUP,8139,-0.005816299929093952
BACKUP,8140,-0.07493993725489292
BACKUP,8141,-0.0887486141460155
BACKUP,8142,-0.11740721930296764
BACKUP,8143,0.0954160182470881
BACKUP,8144,0.013471331213713737
BACKUP,8145,-0.0526457440903767
BACKUP,8146,0.045529091359200406
BACKUP,8147,-0.01464571770329119
BACKUP,8148,-0.0725832669428623
BACKUP,8149,-0.08183470782277724
BACKUP,8150,-0.03591727905058865
BACKUP,8151,-0.02173061614461714
BACKUP,8152,-0.1813119715882899
BACKUP,8153,-0.04107646250759291
BACKUP,8154,0.01330849940759651
BACKUP,8155,-0.0033725025774746574
BACKUP,8156,-0.025843587039945028
BACKUP,8157,0.05062477233249659
BACKUP,8158,-0.06402806408333069
BACKUP,8159,-0.1942064139519365
BACKUP,8160,-0.10122810456901817
BACKUP,8161,0.06555370783983555
BACKUP,8162,-0.05905553076357627
BACKUP,8163,-0.07455640131949025
BACKUP,8164,-0.054573779969921736
BACKUP,8165,-0.07097880699285411
BACKUP,8166,-0.11859976729329741
BACKUP,8167,-0.051001325152697875
BACKUP,8168,-0.14826236501976428
BACKUP,8169,0.07050526227264084
BACKUP,8170,-0.14359172955021324
BACKUP,8171,-0.05434324050630417
BACKUP,8172,-0.09753761815687331
BACKUP,8173,0.13672402993359686
BACKUP,8174,-0.0015521420711399865
BACKUP,8175,-0.012991433854883105
BACKUP,8176,-0.0032285307858686725
BACKUP,8177,0.01757303577639102
BACKUP,8178,0.08173275579263149
BACKUP,8179,-0.004198295912840575
BACKUP,8180,-0.16124563804111727
BACKUP,8181,0.04437994066777489
BACKUP,8182,-0.08913220166388132
BACKUP,8183,-0.09484543282767986
BACKUP,8184,-0.05510831613093358
BACKUP,8185,-0.04160978087066664
BACKUP,8186,-0.04619029950808704
BACKUP,8187,-0.07091684228420175
BACKUP,8188,0.01956382304735216
BACKUP,8189,-0.061517575141966874
BACKUP,8190,-0.1609085267228669
BACKUP,8191,-0.005131317052311909
BACKUP,8192,-0.09083897420859713
BACKUP,8193,0.011319494675517943
BACKUP,8194,0.06572953034307881
BACKUP,8195,-0.040625968072725636
BACKUP,8196,-0.15579066956111298
BACKUP,8197,-0.08141184052834816
BACKUP,8198,-0.06283157855520588
BACKUP,8199,-0.06090601219814921
BACKUP,8200,-0.10383298939633073
BACKUP,8201,-0.08528724799038713
BACKUP,8202,0.11135274031756479
BACKUP,8203,0.08491708860259235
BACKUP,8204,-0.12651195191999712
BACKUP,8205,-0.16269253418354837
BACKUP,8206,0.14286493434397865
BACKUP,8207,-0.08350077046633177
BACKUP,8208,0.25756355579176154
BACKUP,8209,-0.013583217229268012
BACKUP,8210,-0.13939860232532397
BACKUP,8211,0.004944024266763245
BACKUP,8212,0.04595069317553893
BACKUP,8213,-0.28458923301117317
BACKUP,8214,-0.10823953120662488
BACKUP,8215,0.004034955770617934
BACKUP,8216,-0.13797513900920172
BACKUP,8217,-0.08548919271295989
BACKUP,8218,-0.05027508970388116
BACKUP,8219,0.1107060092623873
BACKUP,8220,-0.037542485866819
BACKUP,8221,-0.046469509513466484
BACKUP,8222,-0.13121697611747088
BACKUP,8223,-0.1813705813687514
BACKUP,8224,-0.05842582150629168
BACKUP,8225,-0.13507011552389522
BACKUP,8226,-0.17771868829539123
BACKUP,8227,-0.126843789882336
BACKUP,8228,-0.013345941084490788
BACKUP,8229,0.05527769848036296
BACKUP,8230,0.003341665402710096
BACKUP,8231,0.05760102908410687
BACKUP,8232,-0.03292417498131681
BACKUP,8233,0.17264706381898678
BACKUP,8234,0.03803172377202372
BACKUP,8235,-0.04180965047167956
BACKUP,8236,-0.11542002561386955
BACKUP,8237,0.1968594926788152
BACKUP,8238,-0.04343067774364389
BACKUP,8239,-0.07687410734133043
BACKUP,8240,-0.19943065717333922
BACKUP,8241,0.04843399753340681
BACKUP,8242,-0.060072304363592614
BACKUP,8243,-0.046423011637595706
BACKUP,8244,-0.01453604854032091
BACKUP,8245,-0.10194007244004609
BACKUP,8246,-0.011546568424563064
BACKUP,8247,-0.02055063697324384
BACKUP,8248,-0.05861183043079496
BACKUP,8249,-0.05172436383792608
BACKUP,8250,-0.050117648457241024
BACKUP,8251,-0.1557025285878379
BACKUP,8252,0.02915098896769785
BACKUP,8253,-0.10255688025878251
BACKUP,8254,-0.004589303403565674
BACKUP,8255,0.05774660125202635
BACKUP,8256,-0.09523308534575146
BACKUP,8257,-0.12581355317605608
BACKUP,8258,0.016112988902285876
BACKUP,8259,0.005672793219579818
BACKUP,8260,-0.05686411236904107
BACKUP,8261,0.01840434688893423
BACKUP,8262,0.05631025121213166
BACKUP,8263,-0.12194808163398613
BACKUP,8264,-0.1763709049227972
BACKUP,8265,0.05898916304789316
BACKUP,8266,-0.0902617060481116
BACKUP,8267,-0.011398574531081455
BACKUP,8268,-0.02604068507431741
BACKUP,8269,0.07909643081064559
BACKUP,8270,-0.03511132918302861
BACKUP,8271,0.013387772436365386
BACKUP,8272,0.026528977847809818
BACKUP,8273,-0.10980237104521064
BACKUP,8274,-0.13810661121276033
BACKUP,8275,-0.15779502858206418
BACKUP,8276,-0.16673435295066413
BACKUP,8277,-0.018893413406443557
BACKUP,8278,-0.042161871418454205
BACKUP,8279,0.0552722889919766
BACKUP,8280,-0.16425379902555878
BACKUP,8281,-0.06591926002395687
BACKUP,8282,-0.16948169051824696
BACKUP,8283,-0.001574881288375585
BACKUP,8284,-0.16789584310804712
BACKUP,8285,-0.1419108724228996
BACKUP,8286,0.01625349942447514
BACKUP,8287,0.02108274849038305
BACKUP,8288,-0.028773110874178106
BACKUP,8289,-0.06079177711962749
BACKUP,8290,0.04489868055365933
BACKUP,8291,-0.08822757090013558
BACKUP,8292,-0.10579767511815885
BACKUP,8293,-0.19703219166408034
BACKUP,8294,-0.012366537820425455
BACKUP,8295,-0.18837594386341638
BACKUP,8296,-0.03118142020372602
BACKUP,8297,-0.1869961985541128
BACKUP,8298,-0.019669387299146364
BACKUP,8299,-0.14000706167985016
BACKUP,8300,0.0775812271292156
BACKUP,8301,-0.05458219764634284
BACKUP,8302,-0.06480960189616813
BACKUP,8303,-0.03981903916543364
BACKUP,8304,0.17044301527273528
BACKUP,8305,-0.03208326771151011
BACKUP,8306,-0.13258613151230328
BACKUP,8307,0.008616812067458818
BACKUP,8308,0.01962025660967195
BACKUP,8309,-0.0782933236592777
BACKUP,8310,-0.08393742129231116
BACKUP,8311,-0.07183539028044938
BACKUP,8312,0.014051425459339104
BACKUP,8313,-0.12687787150019747
BACKUP,8314,-0.17097401326696096
BACKUP,8315,-0.03356231848415609
BACKUP,8316,-0.0010730772501163115
BACKUP,8317,-0.13303128949756896
BACKUP,8318,-0.12706201955946447
BACKUP,8319,-0.07956863827177693
BACKUP,8320,0.08767378687588719
BACKUP,8321,-0.09151890466089814
BACKUP,8322,-0.0393268766619551
BACKUP,8323,-0.022081098534105885
BACKUP,8324,-0.008092474187902186
BACKUP,8325,0.023828901711940093
BACKUP,8326,-0.14958274844406896
BACKUP,8327,0.2968165457809595
BACKUP,8328,-0.05887104474090798
BACKUP,8329,-0.18556557956827163
BACKUP,8330,-0.0799585140555226
BACKUP,8331,0.06007965054426927
BACKUP,8332,-0.09416378592274906
BACKUP,8333,-0.22752507779320305
BACKUP,8334,0.20982474233740425
BACKUP,8335,-0.13476382463626435
BACKUP,8336,0.13227116216640397
BACKUP,8337,0.003985044954032229
BACKUP,8338,0.012022361832542044
BACKUP,8339,-0.11704159022552937
BACKUP,8340,-0.0573419709616587
BACKUP,8341,0.052616068642998975
BACKUP,8342,-0.12588014141471865
BACKUP,8343,-0.09274525544825886
BACKUP,8344,-0.05167752595437358
BACKUP,8345,-0.07260892053649474
BACKUP,8346,-0.007034833301794261
BACKUP,8347,0.17435555881587228
BACKUP,8348,0.018880258677367357
BACKUP,8349,0.0554317690504066
BACKUP,8350,0.05644094462524123
BACKUP,8351,-0.06360268965077308
BACKUP,8352,0.001080373949575998
BACKUP,8353,-0.12199535067864692
BACKUP,8354,-0.13460501005121264
BACKUP,8355,-0.10820439344158056
BACKUP,8356,-0.10828115924565332
BACKUP,8357,0.13603192871583902
BACKUP,8358,0.015600176429913667
BACKUP,8359,-0.05493899578103287
BACKUP,8360,0.0920609410271729
BACKUP,8361,0.0019143087382705992
BACKUP,8362,0.03536607995771179
BACKUP,8363,0.024238654150279825
BACKUP,8364,-0.17533952201904954
BACKUP,8365,-0.13745788399088754
BACKUP,8366,-0.12199463487363002
BACKUP,8367,-0.07724744137476454
BACKUP,8368,-0.0697165016626399
BACKUP,8369,0.14553044900716766
BACKUP,8370,-0.016211957509966526
BACKUP,8371,-0.030709704354584436
BACKUP,8372,-0.03942659055214982
BACKUP,8373,-0.09401206974726342
BACKUP,8374,0.03594791200713538
BACKUP,8375,-0.06786808620166027
BACKUP,8376,-0.022066085386076625
BACKUP,8377,0.06259601221050311
BACKUP,8378,-0.1408773251502239
BACKUP,8379,-0.06335852057698707
BACKUP,8380,-0.16685976049669168
BACKUP,8381,-0.12625623017347315
BACKUP,8382,-0.10566331295851862
BACKUP,8383,-0.1142119049368974
BACKUP,8384,-0.035144462110430916
BACKUP,8385,0.07785701715688403
BACKUP,8386,-0.12826203611303577
BACKUP,8387,-0.017717777765060738
BACKUP,8388,-0.11926563667158925
BACKUP,8389,-0.2186671041368597
BACKUP,8390,0.036417011077934706
BACKUP,8391,0.09473167950933817
BACKUP,8392,-0.1734853483051225
BACKUP,8393,-0.10478529320499617
BACKUP,8394,-0.0631960604887457
BACKUP,8395,-0.015829017066759286
BACKUP,8396,-0.03331073545668259
BACKUP,8397,-0.1252070980615059
BACKUP,8398,0.15003988491417974
BACKUP,8399,-0.0006034695482776187
BACKUP,8400,-0.05994513892230964
BACKUP,8401,-0.0876921321359012
BACKUP,8402,-0.031078746034199474
BACKUP,8403,-0.08468195308143998
BACKUP,8404,-0.15637991221499878
BACKUP,8405,-0.04776925746647122
BACKUP,8406,0.11316119162253012
BACKUP,8407,-0.09675809132391545
BACKUP,8408,0.10301518171896873
BACKUP,8409,0.01854844633131887
BACKUP,8410,-0.11399762752127401
BACKUP,8411,-0.0807461134599332
BACKUP,8412,-0.15159636857947234
BACKUP,8413,-0.04944257753578426
BACKUP,8414,-0.028731666742515767
BACKUP,8415,-0.07360990098236728
BACKUP,8416,0.014212420753455976
BACKUP,8417,-0.18690951088109356
BACKUP,8418,-0.024476242935762754
BACKUP,8419,-0.1171645979254061
BACKUP,8420,-0.05716479783876799
BACKUP,8421,-0.008759687047224487
BACKUP,8422,-0.0020090421076550675
BACKUP,8423,0.003230450598006021
BACKUP,8424,0.007921248925472938
BACKUP,8425,0.008213938324864058
BACKUP,8426,-0.00694520466645334
BACKUP,8427,-0.03016942965445632
BACKUP,8428,-0.057174059958426914
BACKUP,8429,-0.1438902854748992
BACKUP,8430,0.017699658653169924
BACKUP,8431,0.014505242726988641
BACKUP,8432,-0.10902726041950646
BACKUP,8433,-0.06982320566182909
BACKUP,8434,-0.05110669003182385
BACKUP,8435,-0.1294308775136782
BACKUP,8436,-0.007736675886390993
BACKUP,8437,0.08826331554550686
BACKUP,8438,-0.1647748225531006
BACKUP,8439,-0.10347392188656787
BACKUP,8440,-0.05320175883877661
BACKUP,8441,-0.0861237463135136
BACKUP,8442,-0.11672399911950025
BACKUP,8443,0.10418196346896234
BACKUP,8444,0.12475692566327681
BACKUP,8445,-0.13489279215848363
BACKUP,8446,0.08774197699074916
BACKUP,8447,-0.11109087744861681
BACKUP,8448,-0.10209111022797988
BACKUP,8449,-0.15664988526677065
BACKUP,8450,-0.13552464163305158
BACKUP,8451,-0.11174436611388863
BACKUP,8452,-0.011548531659017232
BACKUP,8453,-0.007782854544149648
BACKUP,8454,-0.14463758089920414
BACKUP,8455,-0.010042359760632889
BACKUP,8456,0.01435254715659863
BACKUP,8457,-0.0026548365531382048
BACKUP,8458,0.13627932080552485
BACKUP,8459,-0.026699977616971668
BACKUP,8460,-0.004927159885397524
BACKUP,8461,-0.07770162029286781
BACKUP,8462,0.04735063499223407
BACKUP,8463,-0.015410958219053692
BACKUP,8464,-0.059009181942726974
BACKUP,8465,-0.10344765437601056
BACKUP,8466,-0.22173542376284586
BACKUP,8467,-0.049004590750966186
BACKUP,8468,-0.11169663823011956
BACKUP,8469,-0.033191889916843895
BACKUP,8470,-0.15517608801181476
BACKUP,8471,-0.010875470734172525
BACKUP,8472,-0.24682652299820995
BACKUP,8473,-0.058136868672741086
BACKUP,8474,-0.14316111524588673
BACKUP,8475,-0.026401308886327995
BACKUP,8476,-0.03929540489905259
BACKUP,8477,0.1894339022907079
BACKUP,8478,-0.05312733305478987
BACKUP,8479,0.06581214212790015
BACKUP,8480,-0.038858439783544405
BACKUP,8481,-0.051945945576775364
BACKUP,8482,-0.07550934835844833
BACKUP,8483,0.07870215188829545
BACKUP,8484,-0.03148346787350609
BACKUP,8485,-0.1231608741240006
BACKUP,8486,-0.08835437108447237
BACKUP,8487,-0.09174267482408509
BACKUP,8488,-0.0619635659381152
BACKUP,8489,-0.06116678201379872
BACKUP,8490,-0.08987589641277884
BACKUP,8491,0.037904554061794424
BACKUP,8492,-0.07270613302865363
BACKUP,8493,0.020891949308268043
BACKUP,8494,0.08631294206552298
BACKUP,8495,-0.00015832568954345577
BACKUP,8496,-0.0909131315076724
BACKUP,8497,-0.06063020070277969
BACKUP,8498,0.0029141679092840695
BACKUP,8499,-0.035447434904100954
BACKUP,8500,-0.004773269334891925
BACKUP,8501,-0.1388610264052588
BACKUP,8502,0.21116225758041954
BACKUP,8503,0.13347846665411353
BACKUP,8504,-0.18974319835977427
BACKUP,8505,-0.06274180741506345
BACKUP,8506,0.2089740185560752
BACKUP,8507,0.01284322613869955
BACKUP,8508,-0.013326813560328762
BACKUP,8509,-0.08442155224447223
BACKUP,8510,-0.0070671080214607185
BACKUP,8511,-0.12548259651362828
BACKUP,8512,-0.03323483077868784
BACKUP,8513,-0.0409996550495955
BACKUP,8514,-0.088719671249992
BACKUP,8515,-0.13926398920449015
BACKUP,8516,-0.06951071531048443
BACKUP,8517,-0.038414061165034
BACKUP,8518,-0.09500557308679153
BACKUP,8519,0.05279526384370078
BACKUP,8520,-0.05398557835991311
BACKUP,8521,-0.17971870056846206
BACKUP,8522,0.2267083151044083
BACKUP,8523,0.0250825795971021
BACKUP,8524,-0.1367234622018672
BACKUP,8525,-0.023125719808818307
BACKUP,8526,-0.13686592879569057
BACKUP,8527,0.0996137512865554
BACKUP,8528,-0.150270268318464
BACKUP,8529,-0.108871793064297
BACKUP,8530,0.05146881957434984
BACKUP,8531,0.01788120246602043
BACKUP,8532,0.095459122247142
BACKUP,8533,0.0007473373541228251
BACKUP,8534,-0.03430024735244206
BACKUP,8535,-0.017205830222109586
BACKUP,8536,-0.045445773418643344
BACKUP,8537,0.13785077280819408
BACKUP,8538,-0.15726929189521258
BACKUP,8539,-0.12269179134445755
BACKUP,8540,0.0183822621430081
BACKUP,8541,-0.18890299789789078
BACKUP,8542,-0.17721253871910086
BACKUP,8543,-0.07844816811330164
BACKUP,8544,0.051524230582533664
BACKUP,8545,-0.06753535568707673
BACKUP,8546,-0.14154991402969533
BACKUP,8547,0.0017332147146155831
BACKUP,8548,0.06190895884788085
BACKUP,8549,-0.06363798503735434
BACKUP,8550,-0.11009992519399654
BACKUP,8551,-0.07655906908895685
BACKUP,8552,-0.15418731576510933
BACKUP,8553,-0.2538311085358685
BACKUP,8554,0.009166664256354254
BACKUP,8555,0.04301061243646284
BACKUP,8556,0.20275334458909897
BACKUP,8557,-0.0006810161555894379
BACKUP,8558,-0.10001643024345157
BACKUP,8559,-0.07118065656755335
BACKUP,8560,0.24338520104736525
BACKUP,8561,0.07336759125746178
BACKUP,8562,-0.1363518948291224
BACKUP,8563,0.001547898350963714
BACKUP,8564,-0.1394068717003577
BACKUP,8565,-0.10797249975475821
BACKUP,8566,-0.10123708729323988
BACKUP,8567,-0.02708072134396157
BACKUP,8568,-0.13499114548410826
BACKUP,8569,-0.025686731336355014
BACKUP,8570,-0.11104636766027072
BACKUP,8571,-0.11448505742031588
BACKUP,8572,-0.18941210758946903
BACKUP,8573,-0.08018524740089096
BACKUP,8574,0.08751976253953536
BACKUP,8575,-0.1775810153797169
BACKUP,8576,0.12448243810286655
BACKUP,8577,0.004063971572995697
BACKUP,8578,0.032672934712914894
BACKUP,8579,-0.07981263368035511
BACKUP,8580,-0.11194448971787437
BACKUP,8581,-0.06229771021198545
BACKUP,8582,-0.07849005668595026
BACKUP,8583,-0.004715680773977057
BACKUP,8584,-0.04119694252083522
BACKUP,8585,-0.04382878329148579
BACKUP,8586,0.0958951057148481
BACKUP,8587,-0.11969742247313321
BACKUP,8588,-0.046633362291421815
BACKUP,8589,-0.09947317011896963
BACKUP,8590,-0.041557845805121674
BACKUP,8591,-0.03314115751813852
BACKUP,8592,-0.10359920434378041
BACKUP,8593,-0.14106371038617946
BACKUP,8594,0.09560702868787381
BACKUP,8595,-0.1230362134643377
BACKUP,8596,0.10362376171883841
BACKUP,8597,0.05473160793536481
BACKUP,8598,-0.18457018095807107
BACKUP,8599,0.08308344544199464
BACKUP,8600,-0.21907004650644213
BACKUP,8601,0.01789907694376726
BACKUP,8602,-0.035802151723991704
BACKUP,8603,0.01568741602008563
BACKUP,8604,-0.0026522231169787956
BACKUP,8605,-0.06040893764537419
BACKUP,8606,-0.0715227998910648
BACKUP,8607,-0.136068562912751
BACKUP,8608,-0.07457638241407034
BACKUP,8609,-0.15392576255605867
BACKUP,8610,0.042664581573893176
BACKUP,8611,-0.11767346603568493
BACKUP,8612,-0.11301887013229173
BACKUP,8613,-0.08273733975156981
BACKUP,8614,0.08446599627808304
BACKUP,8615,-0.1506324014651714
BACKUP,8616,0.016406030016571642
BACKUP,8617,-0.2639196353809037
BACKUP,8618,-0.11383761772637571
BACKUP,8619,0.11712659644838846
BACKUP,8620,-0.011556640530380824
BACKUP,8621,-0.042825678855635325
BACKUP,8622,-0.14679828143823817
BACKUP,8623,-0.02640713242960632
BACKUP,8624,-0.16790115022362803
BACKUP,8625,-0.20940208810536023
BACKUP,8626,-0.06893347423331453
BACKUP,8627,-0.163047381992117
BACKUP,8628,-0.1471141545915573
BACKUP,8629,-0.046992987480589166
BACKUP,8630,-0.0578528492915475
BACKUP,8631,-0.10182826988061124
BACKUP,8632,-0.11285760100774091
BACKUP,8633,0.14762385244824736
BACKUP,8634,0.06643455438731992
BACKUP,8635,0.10781316846175192
BACKUP,8636,-0.180376846659132
BACKUP,8637,-0.06640401262155476
BACKUP,8638,-0.1206335126696219
BACKUP,8639,0.10558489824199427
BACKUP,8640,-0.038241013068793295
BACKUP,8641,0.016876568901590748
BACKUP,8642,-0.09474720590061997
BACKUP,8643,-0.064808723715072
BACKUP,8644,0.07452707558871444
BACKUP,8645,-0.07493667732295121
BACKUP,8646,0.08859695342172105
BACKUP,8647,-0.05804444511211709
BACKUP,8648,0.10049457285154571
BACKUP,8649,-0.14217719202863308
BACKUP,8650,0.04261563884512462
BACKUP,8651,-0.058717910768313716
BACKUP,8652,-0.1692701221903255
BACKUP,8653,-0.12216506986473785
BACKUP,8654,0.09076347524164374
BACKUP,8655,-0.07018177631806997
BACKUP,8656,-0.09659773417299516
BACKUP,8657,-0.15000616933728061
BACKUP,8658,-0.07923951007573432
BACKUP,8659,0.16656308101985312
BACKUP,8660,-0.1476740805129483
BACKUP,8661,-0.04836652693255187
BACKUP,8662,-0.09069258782411073
BACKUP,8663,-0.1360876105862701
BACKUP,8664,0.0917764363066784
BACKUP,8665,-0.0288246011272336
BACKUP,8666,-0.14403343296275525
BACKUP,8667,0.07276337396176226
BACKUP,8668,-0.16189082486950954
BACKUP,8669,0.10579317593095057
BACKUP,8670,-0.06302206810126268
BACKUP,8671,-0.05665130507047382
BACKUP,8672,-0.1961731930381798
BACKUP,8673,0.1803072308542159
BACKUP,8674,-0.07047769993296694
BACKUP,8675,-0.0624026396366962
BACKUP,8676,-0.12161717984262141
BACKUP,8677,-0.00731271406094711
BACKUP,8678,0.05282482171883281
BACKUP,8679,0.05318526215848357
BACKUP,8680,-0.06221088562382358
BACKUP,8681,-0.08024550581249579
BACKUP,8682,-0.10360716942897023
BACKUP,8683,0.03270651208874505
BACKUP,8684,-0.11916175064395056
BACKUP,8685,-0.1039807024552836
BACKUP,8686,0.07616564657081165
BACKUP,8687,-0.05820546445093553
BACKUP,8688,-0.11369204066879253
BACKUP,8689,-0.14078121944395477
BACKUP,8690,-0.08454370486747484
BACKUP,8691,0.018835957869849134
BACKUP,8692,-0.045964851205386535
BACKUP,8693,-0.13004230032034106
BACKUP,8694,-0.08150781081726621
BACKUP,8695,-0.11319282428508731
BACKUP,8696,-0.08035192966225042
BACKUP,8697,-0.02869614380262165
BACKUP,8698,0.019635570646611877
BACKUP,8699,0.0901419975093936
BACKUP,8700,-0.012271301680693403
BACKUP,8701,-0.034198347419297545
BACKUP,8702,-0.09672384888587647
BACKUP,8703,-0.10948989304141753
BACKUP,8704,0.10319785180758559
BACKUP,8705,-0.055038537469644225
BACKUP,8706,0.16982252215099597
BACKUP,8707,-0.015157488263950906
BACKUP,8708,0.043409012007157986
BACKUP,8709,-0.03476591490202792
BACKUP,8710,-0.15106932065681486
BACKUP,8711,-0.050045493639909594
BACKUP,8712,-0.03729198447012042
BACKUP,8713,-0.04247315989357982
BACKUP,8714,-0.1645051537173187
BACKUP,8715,-0.07570530895918401
BACKUP,8716,-0.09066937139879419
BACKUP,8717,0.02029792211673788
BACKUP,8718,-0.06778931892071452
BACKUP,8719,0.0033435009982753735
BACKUP,8720,-0.10242755150394195
BACKUP,8721,0.11650136117472368
BACKUP,8722,0.03821244114659383
BACKUP,8723,0.055362240239922596
BACKUP,8724,-0.04795782000364999
BACKUP,8725,-0.11083518718626355
BACKUP,8726,0.0979464415168591
BACKUP,8727,-0.1550749625032082
BACKUP,8728,-0.1672599703071715
BACKUP,8729,-0.19310191291359588
BACKUP,8730,0.027345506694464925
BACKUP,8731,-0.14999906958122117
BACKUP,8732,0.012000664418216076
BACKUP,8733,-0.09467049457133618
BACKUP,8734,-0.02184129352545732
BACKUP,8735,-0.16004975671747665
BACKUP,8736,-0.0844882263039665
BACKUP,8737,0.08997672446103432
BACKUP,8738,-0.036906364663135016
BACKUP,8739,-0.05096592078615499
BACKUP,8740,-0.1007805719416747
BACKUP,8741,-0.0716921402930397
BACKUP,8742,0.08494468915981726
BACKUP,8743,-0.16325383038884325
BACKUP,8744,-0.1022640366848338
BACKUP,8745,-0.08352662932030801
BACKUP,8746,-0.0688799353613764
BACKUP,8747,-0.042872465560080196
BACKUP,8748,-0.010954449657992135
BACKUP,8749,-0.1260097723655736
BACKUP,8750,-0.03900922961799762
BACKUP,8751,-0.10052624581959611
BACKUP,8752,0.048006027585009964
BACKUP,8753,-0.008685816506168842
BACKUP,8754,-0.08061153976104272
BACKUP,8755,-0.039912054333006146
BACKUP,8756,-0.010205596540007878
BACKUP,8757,0.013588682083701929
BACKUP,8758,-0.08872979299746453
BACKUP,8759,-0.010737378165681119
BACKUP,8760,-0.0664772959165183
BACKUP,8761,-0.00925579231684161
BACKUP,8762,-0.16692119822274967
BACKUP,8763,0.0014522411230301002
BACKUP,8764,0.11988336297623742
BACKUP,8765,0.0529745878154776
BACKUP,8766,-0.17917101603367572
BACKUP,8767,0.0022869765016812894
BACKUP,8768,0.15064086642618116
BACKUP,8769,-0.07984685327889418
BACKUP,8770,0.005332509698587334
BACKUP,8771,-0.14490599323843686
BACKUP,8772,-0.05363909151989618
BACKUP,8773,0.15619720863725334
BACKUP,8774,-0.08871385344994846
BACKUP,8775,-0.08171812017598806
BACKUP,8776,-0.09025973937734513
BACKUP,8777,-0.10104372170889299
BACKUP,8778,-0.025866941631480102
BACKUP,8779,0.07243323684001815
BACKUP,8780,-0.10323048354080164
BACKUP,8781,-0.09661731646618467
BACKUP,8782,0.11537594709510741
BACKUP,8783,0.06331399740634598
BACKUP,8784,-0.07516245633398269
BACKUP,8785,-0.07461295856707975
BACKUP,8786,0.034327375578415115
BACKUP,8787,0.08957350159595176
BACKUP,8788,-0.048409007255878725
BACKUP,8789,-0.1638109946967835
BACKUP,8790,0.026605305334091636
BACKUP,8791,-0.1676596140704334
BACKUP,8792,0.07026479333931458
BACKUP,8793,-0.06527209820594343
BACKUP,8794,-0.017561568743631118
BACKUP,8795,-0.08782338978990602
BACKUP,8796,-0.07951897426838875
BACKUP,8797,-0.06990931023525714
BACKUP,8798,-0.11029222140647123
BACKUP,8799,-0.05186664078773913
BACKUP,8800,-0.009689837320205083
BACKUP,8801,0.04237877297192498
BACKUP,8802,-0.0956709084344867
BACKUP,8803,-0.11720575414034544
BACKUP,8804,0.10427584438792525
BACKUP,8805,0.1871103669112084
BACKUP,8806,-0.1056897046846049
BACKUP,8807,-0.049209836658699276
BACKUP,8808,-0.09331592613206861
BACKUP,8809,-0.06458675330405492
BACKUP,8810,-0.07577899958144464
BACKUP,8811,-0.1086538719673178
BACKUP,8812,0.1257520466274385
BACKUP,8813,-0.07824812502056436
BACKUP,8814,-0.07729194831379568
BACKUP,8815,-0.013305575395501024
BACKUP,8816,-0.13403073664813042
BACKUP,8817,-0.13163621009108725
BACKUP,8818,-0.06156093178037203
BACKUP,8819,0.0161467026665303
BACKUP,8820,-0.0658206263449728
BACKUP,8821,-0.0259459405317783
BACKUP,8822,-0.07406540217793188
BACKUP,8823,-0.048836516832063234
BACKUP,8824,-0.15540489324347875
BACKUP,8825,0.19831821459772406
BACKUP,8826,0.14160485029523562
BACKUP,8827,0.12779270660301123
BACKUP,8828,-0.04682631128774073
BACKUP,8829,-0.036261674607365055
BACKUP,8830,-0.2678737468108428
BACKUP,8831,-0.010493133375073814
BACKUP,8832,-0.07018357058211021
BACKUP,8833,0.011874269633862516
BACKUP,8834,0.01574307324532914
BACKUP,8835,-0.10192391075352619
BACKUP,8836,-0.06893407450412926
BACKUP,8837,-0.0946528775183524
BACKUP,8838,-0.06972013505944237
BACKUP,8839,-0.06456485007647521
BACKUP,8840,0.06797107808567118
BACKUP,8841,-0.015346532932682665
BACKUP,8842,-0.05886370998760943
BACKUP,8843,0.06441186503105853
BACKUP,8844,-0.015415376753641229
BACKUP,8845,-0.06066702846733216
BACKUP,8846,-0.09507065890476678
BACKUP,8847,-0.0843319180950724
BACKUP,8848,0.04277146038239141
BACKUP,8849,-0.10884494769282323
BACKUP,8850,-0.13570372718605592
BACKUP,8851,0.04809224317306414
BACKUP,8852,0.04607402375916191
BACKUP,8853,0.002817643908311586
BACKUP,8854,0.018990391614883684
BACKUP,8855,-0.05745915983064452
BACKUP,8856,-0.08392876392185637
BACKUP,8857,-0.1085633728586372
BACKUP,8858,-0.02249792601737535
BACKUP,8859,-0.11389951515567123
BACKUP,8860,-0.02587602382472229
BACKUP,8861,0.1136002276321827
BACKUP,8862,-0.0054298056547292025
BACKUP,8863,-0.09576802820569007
BACKUP,8864,0.10175609364372767
BACKUP,8865,0.1207161602750988
BACKUP,8866,-0.09740427374852287
BACKUP,8867,-0.06177498840657561
BACKUP,8868,-0.09673619520003449
BACKUP,8869,-0.14327400396407683
BACKUP,8870,0.04524654812130961
BACKUP,8871,-0.12725410013981667
BACKUP,8872,-0.1294842051265708
BACKUP,8873,-0.08411306500385182
BACKUP,8874,0.01030368348351574
BACKUP,8875,-0.06862967332582406
BACKUP,8876,-0.02745291597218644
BACKUP,8877,-0.018112233092649404
BACKUP,8878,-0.05830262819848192
BACKUP,8879,-0.09042933282440961
BACKUP,8880,-0.14501721132259235
BACKUP,8881,-0.09243499708270343
BACKUP,8882,-0.0550885657223827
BACKUP,8883,0.027738740828208326
BACKUP,8884,-0.009469408741076591
BACKUP,8885,0.05905920541841777
BACKUP,8886,-0.1423943296232513
BACKUP,8887,0.07901819556943897
BACKUP,8888,-0.028253082453101
BACKUP,8889,0.18930504029786352
BACKUP,8890,-0.03669601876374996
BACKUP,8891,-0.1668845000692686
BACKUP,8892,0.024587509195413942
BACKUP,8893,-0.04956501551919657
BACKUP,8894,-0.16859618437440144
BACKUP,8895,0.05566534001415326
BACKUP,8896,-0.01997329183180193
BACKUP,8897,-0.0910326085251229
BACKUP,8898,0.05956415180975035
BACKUP,8899,-0.04890883311231389
BACKUP,8900,-0.04201280430757825
BACKUP,8901,-0.11573790147661903
BACKUP,8902,-0.0014753129330334692
BACKUP,8903,0.1934035270989773
BACKUP,8904,0.11983233875432367
BACKUP,8905,0.015781445673401423
BACKUP,8906,-0.007085012838992793
BACKUP,8907,-0.15355700107984846
BACKUP,8908,-0.149801656897831
BACKUP,8909,-0.12207768304769533
BACKUP,8910,-0.006150181268669101
BACKUP,8911,0.06603193164110513
BACKUP,8912,-0.10875152161467369
BACKUP,8913,-0.07988540878291966
BACKUP,8914,-0.006908352696383756
BACKUP,8915,-0.14897791210427463
BACKUP,8916,0.02822011510614614
BACKUP,8917,0.04135990906307022
BACKUP,8918,-0.09580685280148873
BACKUP,8919,0.013157051118227197
BACKUP,8920,-0.14677783118446625
BACKUP,8921,0.056914900965506644
BACKUP,8922,-0.02279754306517829
BACKUP,8923,-0.14252634692547264
BACKUP,8924,-0.06395271625547595
BACKUP,8925,-0.14115821072587803
BACKUP,8926,0.02678151651046487
BACKUP,8927,0.036518060572528356
BACKUP,8928,-0.11012229010479373
BACKUP,8929,-0.12088152079869846
BACKUP,8930,-0.05166690010018713
BACKUP,8931,0.08959861678018445
BACKUP,8932,-0.09382915585852805
BACKUP,8933,-0.0596656184493705
BACKUP,8934,-0.07297253467922284
BACKUP,8935,-0.16429093155534405
BACKUP,8936,0.12020903154987242
BACKUP,8937,0.0390292367060207
BACKUP,8938,-0.026830495347866055
BACKUP,8939,-0.02491897720121396
BACKUP,8940,-0.1914160544198922
BACKUP,8941,0.02309008219848467
BACKUP,8942,-0.20053724970659625
BACKUP,8943,0.02770913166438763
BACKUP,8944,-0.0005809384931198063
BACKUP,8945,-0.1929127782362279
BACKUP,8946,-0.11024166393226399
BACKUP,8947,-0.061839983870708666
BACKUP,8948,-0.06589887012525508
BACKUP,8949,-0.15326040450721162
BACKUP,8950,-0.08182993509359907
BACKUP,8951,0.00711470532656929
BACKUP,8952,0.02192686831637723
BACKUP,8953,-0.04483281642657403
BACKUP,8954,-0.03648838170698626
BACKUP,8955,-0.13685252585409835
BACKUP,8956,-0.08671229490824428
BACKUP,8957,0.022345498963795285
BACKUP,8958,-0.13256460787037974
BACKUP,8959,-0.024469669106774016
BACKUP,8960,0.18339519031321277
BACKUP,8961,-0.06320084795466561
BACKUP,8962,-0.18148528698623614
BACKUP,8963,-0.09946580025172547
BACKUP,8964,-0.06431361313606795
BACKUP,8965,-0.03270088528140316
BACKUP,8966,-0.12732287675626114
BACKUP,8967,0.12577575409945266
BACKUP,8968,0.0841294498777284
BACKUP,8969,-0.09315016500432423
BACKUP,8970,-0.03681444721475409
BACKUP,8971,0.13390811357199803
BACKUP,8972,-0.1221682997902633
BACKUP,8973,-0.05429845174312995
BACKUP,8974,0.05940203270885562
BACKUP,8975,-0.07382207803744213
BACKUP,8976,-0.09790129825023125
BACKUP,8977,-0.08378908165491572
BACKUP,8978,-0.012197251973634192
BACKUP,8979,-0.06808105139108458
BACKUP,8980,-0.015251566549963498
BACKUP,8981,-0.12070023909084253
BACKUP,8982,-0.19446885003218276
BACKUP,8983,-0.12657029455747956
BACKUP,8984,-0.09044008025677881
BACKUP,8985,-0.16760759444298565
BACKUP,8986,0.06719287338563106
BACKUP,8987,-0.05588203202221338
BACKUP,8988,0.020055033664649856
BACKUP,8989,-0.06338046243455697
BACKUP,8990,-0.08245593373551964
BACKUP,8991,-0.17909766264643398
BACKUP,8992,-0.15248254397697264
BACKUP,8993,-0.1516746578189814
BACKUP,8994,-0.16208196780501558
BACKUP,8995,0.031771185356408715
BACKUP,8996,-0.02537985984120501
BACKUP,8997,0.10257791123967369
BACKUP,8998,-0.07455395873174821
BACKUP,8999,-0.002281461003802831
BACKUP,9000,-0.021263631019197714
BACKUP,9001,-0.03840635025256569
BACKUP,9002,-0.06956222351734571
BACKUP,9003,0.09551768771651785
BACKUP,9004,-0.08243369496048718
BACKUP,9005,-0.05315983940773829
BACKUP,9006,0.018742656836033336
BACKUP,9007,-0.12215155885836428
BACKUP,9008,-0.09444267960465873
BACKUP,9009,-0.10810527846800701
BACKUP,9010,-0.09184477919814307
BACKUP,9011,-0.05164563607747441
BACKUP,9012,0.05297145699034345
BACKUP,9013,-0.04279015701273869
BACKUP,9014,-0.09870919346991237
BACKUP,9015,-0.00195256672026616
BACKUP,9016,-0.17328761184651892
BACKUP,9017,-0.1494783596608376
BACKUP,9018,0.0032354223794708683
BACKUP,9019,-0.11389970671239172
BACKUP,9020,-0.2370233732153255
BACKUP,9021,0.09225207294333941
BACKUP,9022,-0.09052625957858595
BACKUP,9023,-0.08953601351171847
BACKUP,9024,0.012949166019895694
BACKUP,9025,-0.1232915575161733
BACKUP,9026,-0.13908608964394073
BACKUP,9027,-0.03506152492625462
BACKUP,9028,-0.07136118480823739
BACKUP,9029,-0.07444107524242384
BACKUP,9030,0.10518549809427313
BACKUP,9031,-0.025318333967788504
BACKUP,9032,-0.13975793867556205
BACKUP,9033,-0.128463637508982
BACKUP,9034,0.18395266307159563
BACKUP,9035,-0.049953655442950086
BACKUP,9036,-0.02126415385567653
BACKUP,9037,0.029736702380922592
BACKUP,9038,0.038228295981306566
BACKUP,9039,-0.08757869470270828
BACKUP,9040,0.1264995226073019
BACKUP,9041,0.07541671216446338
BACKUP,9042,-0.05607867546665107
BACKUP,9043,-0.08027112057933405
BACKUP,9044,-0.021676831390306798
BACKUP,9045,-0.12082935111172696
BACKUP,9046,0.04400534189416849
BACKUP,9047,-0.14569149636566653
BACKUP,9048,-0.029902567279897617
BACKUP,9049,-0.021213642378731367
BACKUP,9050,-0.036522227990352825
BACKUP,9051,-0.04211579362701902
BACKUP,9052,0.04336962916215656
BACKUP,9053,-0.12409955689375428
BACKUP,9054,-0.0140355456197653
BACKUP,9055,-0.14918073383184174
BACKUP,9056,-0.18056810889591085
BACKUP,9057,0.036598881870320475
BACKUP,9058,-0.030621946099205176
BACKUP,9059,-0.10184892050819952
BACKUP,9060,-0.1091210055203026
BACKUP,9061,0.02227524377706236
BACKUP,9062,-0.009947837571254635
BACKUP,9063,-0.06171003127065672
BACKUP,9064,-0.03432964592786528
BACKUP,9065,-0.007033660956512159
BACKUP,9066,-0.0014633241722456435
BACKUP,9067,-0.16911082169043398
BACKUP,9068,-0.076738597517473
BACKUP,9069,-0.1145018668904969
BACKUP,9070,-0.11703204639019275
BACKUP,9071,-0.027618129993905102
BACKUP,9072,0.019605497913519884
BACKUP,9073,-0.12463378015731594
BACKUP,9074,0.07976238716820845
BACKUP,9075,-0.193601415230202
BACKUP,9076,0.028232505690929496
BACKUP,9077,-0.051376430310976044
BACKUP,9078,-0.030858060975602015
BACKUP,9079,-0.05253708469343215
BACKUP,9080,-0.1264420628627148
BACKUP,9081,-0.09243085209693208
BACKUP,9082,-0.12645073180004085
BACKUP,9083,-0.12632147590636272
BACKUP,9084,0.036491431675336444
BACKUP,9085,-0.08297254896904364
BACKUP,9086,-0.013737561192712
BACKUP,9087,-0.011268438458760478
BACKUP,9088,0.01826078411196467
BACKUP,9089,-0.016336980650845722
BACKUP,9090,-0.13132912760672713
BACKUP,9091,-0.2082544856800214
BACKUP,9092,0.014590775769588808
BACKUP,9093,-0.1227523579744934
BACKUP,9094,-0.0019393054073750377
BACKUP,9095,-0.07200707234597638
BACKUP,9096,-0.02733877452945679
BACKUP,9097,-0.033101700117825934
BACKUP,9098,0.03512038883816546
BACKUP,9099,-0.08028529383365617
BACKUP,9100,0.05479076052991439
BACKUP,9101,0.013909455076338919
BACKUP,9102,-0.011445597493040255
BACKUP,9103,0.04858607251844334
BACKUP,9104,0.07059656393163333
BACKUP,9105,-0.11818680645454235
BACKUP,9106,0.047679058140185096
BACKUP,9107,-0.06422243309881268
BACKUP,9108,-0.11328214522021403
BACKUP,9109,-0.170786258960923
BACKUP,9110,-0.156448617827937
BACKUP,9111,-0.11328156376746354
BACKUP,9112,-0.054702970887360716
BACKUP,9113,0.13305357146609623
BACKUP,9114,-0.03949473700595324
BACKUP,9115,-0.019417249914119528
BACKUP,9116,-0.025843759700846545
BACKUP,9117,0.007586944815394688
BACKUP,9118,0.007901431390224896
BACKUP,9119,-0.045278706824175036
BACKUP,9120,-0.13277746796909726
BACKUP,9121,-0.05114501766970176
BACKUP,9122,-0.05626038294544942
BACKUP,9123,-0.11797426431937277
BACKUP,9124,-0.169976720592338
BACKUP,9125,0.011151821240961363
BACKUP,9126,-0.06843261205018276
BACKUP,9127,-0.07062208355260524
BACKUP,9128,-0.049256077559387844
BACKUP,9129,0.11089565573464
BACKUP,9130,-0.07340223310691865
BACKUP,9131,-0.12809979373772484
BACKUP,9132,0.12717026199958217
BACKUP,9133,-0.06303603894860506
BACKUP,9134,-0.031965961810796015
BACKUP,9135,-0.048241890472161875
BACKUP,9136,-4.678190340662388e-05
BACKUP,9137,-0.034191771067145015
BACKUP,9138,-0.03974156074281489
BACKUP,9139,-0.042730604446431945
BACKUP,9140,0.023380447172391846
BACKUP,9141,-0.12526836698129767
BACKUP,9142,-0.19402425194234704
BACKUP,9143,-0.2986647767565419
BACKUP,9144,-0.0688309435190846
BACKUP,9145,-0.004361167559732056
BACKUP,9146,-0.04688160361667065
BACKUP,9147,0.04865489594740774
BACKUP,9148,0.10816713396280962
BACKUP,9149,0.022080178866633486
BACKUP,9150,-0.06318527712598512
BACKUP,9151,-0.1014549225225162
BACKUP,9152,0.0813191692562961
BACKUP,9153,-0.10876957928203561
BACKUP,9154,-0.1052636150623457
BACKUP,9155,0.021267542872885785
BACKUP,9156,0.14836103090679778
BACKUP,9157,-0.050851150039867725
BACKUP,9158,-0.10777428163752592
BACKUP,9159,-0.11220014971147768
BACKUP,9160,-0.06652593162082132
BACKUP,9161,0.06751007218184929
BACKUP,9162,-0.06554404411736342
BACKUP,9163,0.09251347114359776
BACKUP,9164,0.213049089012341
BACKUP,9165,-0.23627726879820782
BACKUP,9166,0.07032100260780962
BACKUP,9167,-0.007991264350839994
BACKUP,9168,-0.07129121378325079
BACKUP,9169,-0.09662662597696252
BACKUP,9170,-0.11901677079780701
BACKUP,9171,-0.04919485327245039
BACKUP,9172,-0.23713662993083534
BACKUP,9173,-0.03299093294201117
BACKUP,9174,-0.08982514914285487
BACKUP,9175,-0.00674499886196598
BACKUP,9176,0.15279111232160633
BACKUP,9177,0.18759492550358103
BACKUP,9178,-0.03265088353884636
BACKUP,9179,-0.05118567349376161
BACKUP,9180,-0.02388277381079728
BACKUP,9181,0.03042109203750165
BACKUP,9182,-0.004726067136550538
BACKUP,9183,-0.13400426583957248
BACKUP,9184,-0.06627974860916683
BACKUP,9185,-0.24515324502322755
BACKUP,9186,0.09373673675495889
BACKUP,9187,-0.014592236568956907
BACKUP,9188,-0.004640722731750319
BACKUP,9189,-0.03565786598359337
BACKUP,9190,-0.02951021367343841
BACKUP,9191,-0.19391668700546816
BACKUP,9192,-0.07525132903677495
BACKUP,9193,-0.00224240778226905
BACKUP,9194,-0.0022621275871887447
BACKUP,9195,-0.06218409106450437
BACKUP,9196,-0.04837011755526202
BACKUP,9197,0.010376146354144557
BACKUP,9198,0.04900929135662261
BACKUP,9199,-0.16445636189482982
BACKUP,9200,-0.12713755854179393
BACKUP,9201,-0.1452028956882729
BACKUP,9202,0.08488476076302057
BACKUP,9203,0.15283959532864472
BACKUP,9204,-0.16886564310310662
BACKUP,9205,-0.06769936069241893
BACKUP,9206,0.023310609876953655
BACKUP,9207,0.04995848436674786
BACKUP,9208,0.0971160936638353
BACKUP,9209,-0.10792463147721362
BACKUP,9210,0.12767835774242012
BACKUP,9211,0.13139094938548765
BACKUP,9212,-0.12418704812638554
BACKUP,9213,-0.12778971200308817
BACKUP,9214,-0.08685177719039854
BACKUP,9215,-0.055854621451891226
BACKUP,9216,0.009958719154908728
BACKUP,9217,-0.09832315431411227
BACKUP,9218,-0.08753849198070997
BACKUP,9219,0.016083305693951173
BACKUP,9220,0.14643482092084123
BACKUP,9221,-0.1550490309238055
BACKUP,9222,-0.07106210373250632
BACKUP,9223,0.08433266141753834
BACKUP,9224,-0.10782161503934777
BACKUP,9225,0.013352953476348671
BACKUP,9226,-0.0544617113433968
BACKUP,9227,-0.05388630372779929
BACKUP,9228,0.18076196663203145
BACKUP,9229,-0.1078011907608437
BACKUP,9230,0.07853497234810122
BACKUP,9231,-0.0013560159809968661
BACKUP,9232,0.003415628811551169
BACKUP,9233,0.0038872867896832465
BACKUP,9234,0.07996121358863416
BACKUP,9235,-0.10604922143896367
BACKUP,9236,-0.0755727838728753
BACKUP,9237,-0.018681316970026434
BACKUP,9238,0.11875244377666998
BACKUP,9239,-0.03642626527567036
BACKUP,9240,-0.14215635582104102
BACKUP,9241,0.05126112788144332
BACKUP,9242,0.19301136715499745
BACKUP,9243,-0.1721293257810897
BACKUP,9244,-0.1480832930893665
BACKUP,9245,0.0339173620034802
BACKUP,9246,-0.11324136616000822
BACKUP,9247,-0.09574581767510247
BACKUP,9248,-0.14609930814839361
BACKUP,9249,-0.06631116447741985
BACKUP,9250,-0.10606180978907713
BACKUP,9251,-0.028482383738147682
BACKUP,9252,-0.13157775736304622
BACKUP,9253,-0.05851823601320539
BACKUP,9254,-0.1635256968286896
BACKUP,9255,0.009538478242190493
BACKUP,9256,-0.005825797371679937
BACKUP,9257,0.02583782322664142
BACKUP,9258,0.2085677432400266
BACKUP,9259,-0.06121460830211252
BACKUP,9260,0.010656914965105362
BACKUP,9261,0.084949448501945
BACKUP,9262,-0.06529120030533565
BACKUP,9263,-0.12764779295891743
BACKUP,9264,0.041227750607041716
BACKUP,9265,-0.10556218477763957
BACKUP,9266,-0.08072867426130391
BACKUP,9267,-0.12848864208791788
BACKUP,9268,-0.10018155210342038
BACKUP,9269,-0.1403771626691157
BACKUP,9270,-0.08030725540858878
BACKUP,9271,0.013212395169496282
BACKUP,9272,-0.08855106933591333
BACKUP,9273,0.0129978042653756
BACKUP,9274,0.033110847249338896
BACKUP,9275,-0.11954784767014663
BACKUP,9276,-0.18088624948181742
BACKUP,9277,-0.14231213369561782
BACKUP,9278,0.06834697058993532
BACKUP,9279,0.08625362199231484
BACKUP,9280,-0.18462303450048917
BACKUP,9281,0.0807262020008479
BACKUP,9282,-0.0034354222613985
BACKUP,9283,0.04090067297183554
BACKUP,9284,-0.16158118787658593
BACKUP,9285,0.021204685363903193
BACKUP,9286,-0.03475555842528309
BACKUP,9287,-0.24167375434309277
BACKUP,9288,0.05552613041517884
BACKUP,9289,-0.15492695956495986
BACKUP,9290,-0.03272513932218707
BACKUP,9291,-0.06256016244558019
BACKUP,9292,-0.05234643984511631
BACKUP,9293,-0.10745980213082605
BACKUP,9294,0.10405177200808127
BACKUP,9295,0.10633754798089844
BACKUP,9296,-0.15431275252544033
BACKUP,9297,-0.08298825330612394
BACKUP,9298,-0.015990166741441582
BACKUP,9299,0.06591812730390807
BACKUP,9300,-0.05688071557999376
BACKUP,9301,0.023654549228877008
BACKUP,9302,-0.03202580829942918
BACKUP,9303,-0.004751510784097272
BACKUP,9304,-0.07693807727595084
BACKUP,9305,-0.11385453458678062
BACKUP,9306,-0.16459612670407614
BACKUP,9307,-0.03333318991399405
BACKUP,9308,0.27263015801899987
BACKUP,9309,0.045883143880241596
BACKUP,9310,-0.07964766166786526
BACKUP,9311,0.0017305365219805343
BACKUP,9312,0.02810753384050129
BACKUP,9313,-0.10324550613473403
BACKUP,9314,-0.06774629573452577
BACKUP,9315,-0.10709357882433748
BACKUP,9316,-0.08425472793626601
BACKUP,9317,0.026571712287001333
BACKUP,9318,-0.09783463780143482
BACKUP,9319,-0.19945023661711123
BACKUP,9320,-0.12750794092967407
BACKUP,9321,-0.08453152482653944
BACKUP,9322,-0.048426628428284775
BACKUP,9323,-0.0901820599757562
BACKUP,9324,-0.12094830119484674
BACKUP,9325,0.03949051995301486
BACKUP,9326,0.09501102462100257
BACKUP,9327,-0.01040683614281016
BACKUP,9328,0.0022495104882030038
BACKUP,9329,-0.1521804730403951
BACKUP,9330,-0.08041138179613239
BACKUP,9331,-0.09072987721279255
BACKUP,9332,0.036027997515436276
BACKUP,9333,0.010998552429846022
BACKUP,9334,-0.11224030714536747
BACKUP,9335,-0.08814222758425723
BACKUP,9336,-0.13418870498915414
BACKUP,9337,0.07498133729464342
BACKUP,9338,-0.015754808201157693
BACKUP,9339,-0.18108483770942876
BACKUP,9340,0.24768514764786534
BACKUP,9341,-0.039723055148116006
BACKUP,9342,-0.17185327941663817
BACKUP,9343,-0.11631819167162132
BACKUP,9344,-0.11725038283931843
BACKUP,9345,-0.00010595485689251087
BACKUP,9346,0.1469310546893075
BACKUP,9347,-0.13217802944302307
BACKUP,9348,-0.08650844035928526
BACKUP,9349,-0.08486516435210782
BACKUP,9350,-0.10867322162241037
BACKUP,9351,-0.04225980780547074
BACKUP,9352,0.03987012774624671
BACKUP,9353,-0.13870680187764398
BACKUP,9354,-0.2196620009487173
BACKUP,9355,-0.057334676055564054
BACKUP,9356,-0.08675265135247061
BACKUP,9357,0.11446327454539625
BACKUP,9358,-0.0006282849625204141
BACKUP,9359,-0.07431416558779595
BACKUP,9360,0.08719656119780658
BACKUP,9361,-0.09913147739845302
BACKUP,9362,-0.08426455638728583
BACKUP,9363,-0.08184532515448968
BACKUP,9364,-0.028537576265455746
BACKUP,9365,-0.0728822868779319
BACKUP,9366,-0.08523138062237531
BACKUP,9367,-0.1256753740250729
BACKUP,9368,-0.06496106460408821
BACKUP,9369,-0.08646839733470478
BACKUP,9370,0.06552014026990137
BACKUP,9371,-0.004678834663755366
BACKUP,9372,0.25670427645945776
BACKUP,9373,0.01989851727433559
BACKUP,9374,-0.08075801603045861
BACKUP,9375,0.006360150390809243
BACKUP,9376,-0.09439548665535068
BACKUP,9377,0.007785204495729541
BACKUP,9378,0.018364290784731868
BACKUP,9379,-0.08933297004407087
BACKUP,9380,-0.05118712993094701
BACKUP,9381,-0.1756985368640548
BACKUP,9382,-0.0004064088279424897
BACKUP,9383,0.032717349811520254
BACKUP,9384,0.02954953743445121
BACKUP,9385,-0.10324996128669899
BACKUP,9386,-0.13251202146695032
BACKUP,9387,0.12049968717685071
BACKUP,9388,-0.08497769182254301
BACKUP,9389,0.1008922503415835
BACKUP,9390,-0.08489497612048648
BACKUP,9391,-0.10606909671604281
BACKUP,9392,-0.06409273776049651
BACKUP,9393,-0.09624824068838929
BACKUP,9394,-0.03139599916639137
BACKUP,9395,0.05060648574365479
BACKUP,9396,-0.04012151671980693
BACKUP,9397,-0.06267855562166531
BACKUP,9398,0.09755619059186928
BACKUP,9399,-0.1336065875538235
BACKUP,9400,0.008893374694590235
BACKUP,9401,-0.03696800943924103
BACKUP,9402,0.049278644113251446
BACKUP,9403,-0.1684874114640832
BACKUP,9404,-0.08200636690934392
BACKUP,9405,-0.15491453509595896
BACKUP,9406,-0.15600414125972784
BACKUP,9407,-0.08964845895365915
BACKUP,9408,-0.05170841141594035
BACKUP,9409,-0.007355063377322344
BACKUP,9410,-0.054479470835803276
BACKUP,9411,-0.10912486495403859
BACKUP,9412,0.07613093755062675
BACKUP,9413,-0.008539098497576133
BACKUP,9414,-0.06646030053610386
BACKUP,9415,-0.1333897787545248
BACKUP,9416,0.17178008082710616
BACKUP,9417,-0.15917640503186273
BACKUP,9418,-0.2105333276908682
BACKUP,9419,0.010014727823076948
BACKUP,9420,-0.11884745057859598
BACKUP,9421,-0.14284031162433058
BACKUP,9422,-0.013727550319231318
BACKUP,9423,0.047634350277129735
BACKUP,9424,0.06376767805182584
BACKUP,9425,0.039336672680763504
BACKUP,9426,-0.15267201440553588
BACKUP,9427,0.17749319360606833
BACKUP,9428,-0.1532296625891737
BACKUP,9429,-0.25048737788407394
BACKUP,9430,-0.08423166390619624
BACKUP,9431,0.09534340305603545
BACKUP,9432,0.028967504078677358
BACKUP,9433,-0.15296066190212565
BACKUP,9434,-0.12624110462659058
BACKUP,9435,0.13307520926708583
BACKUP,9436,-0.07160415713419366
BACKUP,9437,-0.1843571551062793
BACKUP,9438,-0.19091006753365333
BACKUP,9439,0.14623535611496694
BACKUP,9440,-0.02928783112624604
BACKUP,9441,-0.08316420067438234
BACKUP,9442,-0.2184510053205777
BACKUP,9443,0.014211463506402311
BACKUP,9444,-0.052268322781129875
BACKUP,9445,-0.008264834450931369
BACKUP,9446,-0.0905199938788545
BACKUP,9447,-0.011577537487740888
BACKUP,9448,-0.13299012744606128
BACKUP,9449,-0.006344479481093646
BACKUP,9450,-0.014071299330787115
BACKUP,9451,-0.06498473429026774
BACKUP,9452,0.13787261399099082
BACKUP,9453,-0.13760547236972936
BACKUP,9454,-0.11377855807097347
BACKUP,9455,-0.008447293247280689
BACKUP,9456,-0.015178177464103779
BACKUP,9457,-0.009865750968718714
BACKUP,9458,-0.0007541696092790884
BACKUP,9459,-0.16843300804796812
BACKUP,9460,-0.0394712833723487
BACKUP,9461,-0.1698406096102375
BACKUP,9462,0.11998150293264372
BACKUP,9463,-0.15142641239254742
BACKUP,9464,-0.0872661893468694
BACKUP,9465,-0.005645228152935586
BACKUP,9466,-0.19009715314881204
BACKUP,9467,-0.0707365274516033
BACKUP,9468,-0.0702612182577031
BACKUP,9469,0.13360029511040955
BACKUP,9470,-0.17966500544073236
BACKUP,9471,0.03237100676614322
BACKUP,9472,0.042435813685672334
BACKUP,9473,-0.09319904486171164
BACKUP,9474,-0.09904266445265067
BACKUP,9475,-0.034204732581193484
BACKUP,9476,-0.054720448741153095
BACKUP,9477,-0.1263889723128786
BACKUP,9478,-0.16088674494249822
BACKUP,9479,-0.011315391799861912
BACKUP,9480,-0.10220956924815536
BACKUP,9481,-0.16654491335141083
BACKUP,9482,-0.09267327774812475
BACKUP,9483,-0.12675085772810646
BACKUP,9484,-0.10704799481289122
BACKUP,9485,-0.134450877854632
BACKUP,9486,0.07219968358772628
BACKUP,9487,0.006988249784196293
BACKUP,9488,-0.020954476518053617
BACKUP,9489,-0.10902356410017654
BACKUP,9490,-0.11460965954014428
BACKUP,9491,-0.0572400961289535
BACKUP,9492,-0.018387097566737596
BACKUP,9493,0.039729991411206894
BACKUP,9494,-0.04774215534901076
BACKUP,9495,0.0014543129912628495
BACKUP,9496,-0.021396532275494113
BACKUP,9497,-0.15152392500839293
BACKUP,9498,0.09054431888556942
BACKUP,9499,-0.13595208943471196
BACKUP,9500,-0.07498269794105494
BACKUP,9501,-0.06317925545415079
BACKUP,9502,0.02883130511321807
BACKUP,9503,-0.08785625924001168
BACKUP,9504,0.12784115555326264
BACKUP,9505,0.10876692958454715
BACKUP,9506,-0.11824865324923106
BACKUP,9507,0.0073466447563882275
BACKUP,9508,0.037513010514628846
BACKUP,9509,-0.09601513784506718
BACKUP,9510,-0.06553230460657049
BACKUP,9511,0.007705137131973088
BACKUP,9512,-0.05621243924291478
BACKUP,9513,-0.0031442044646763485
BACKUP,9514,-0.07064454915317084
BACKUP,9515,-0.18742074799499678
BACKUP,9516,-0.017553582522708975
BACKUP,9517,-0.03793212954718828
BACKUP,9518,0.09837956106090974
BACKUP,9519,-0.08646345833450857
BACKUP,9520,0.1432910768817701
BACKUP,9521,-0.11791055064002193
BACKUP,9522,-0.022505784583464424
BACKUP,9523,-0.05342455718281078
BACKUP,9524,0.16393140545934717
BACKUP,9525,0.16562692341478216
BACKUP,9526,-0.13627409757316514
BACKUP,9527,-0.04617692782512055
BACKUP,9528,-0.18426216626438413
BACKUP,9529,0.12336210685343041
BACKUP,9530,-0.11705302765853563
BACKUP,9531,-0.09722316303260789
BACKUP,9532,-0.14108798641950399
BACKUP,9533,-0.09078280867772606
BACKUP,9534,0.021114781909170488
BACKUP,9535,-0.1010836659199987
BACKUP,9536,-0.0990302250729249
BACKUP,9537,0.004320140499759628
BACKUP,9538,-0.029653987099443543
BACKUP,9539,-0.11490181870630485
BACKUP,9540,0.056706852693973256
BACKUP,9541,-0.0019463831728403318
BACKUP,9542,0.09987627831428801
BACKUP,9543,0.16404694564998326
BACKUP,9544,-0.1517559421662734
BACKUP,9545,-0.052505302631544744
BACKUP,9546,0.017669529575865685
BACKUP,9547,-0.13119995933177095
BACKUP,9548,-0.09085219274111504
BACKUP,9549,-0.15681870623705974
BACKUP,9550,-0.056281853036569
BACKUP,9551,-0.1433525803064192
BACKUP,9552,-0.10619864080322937
BACKUP,9553,0.05108017373314416
BACKUP,9554,-0.16619082271244168
BACKUP,9555,-0.08534797152994951
BACKUP,9556,-0.13810484404826406
BACKUP,9557,-0.1688040709884193
BACKUP,9558,-0.08885446040713442
BACKUP,9559,-0.07129833821784635
BACKUP,9560,0.10487929301246544
BACKUP,9561,-0.16977462307832555
BACKUP,9562,-0.09428691771161153
BACKUP,9563,-0.10041964012865856
BACKUP,9564,-0.057257076255768445
BACKUP,9565,-0.06226462152930268
BACKUP,9566,0.036772614892562935
BACKUP,9567,-0.019597669026358545
BACKUP,9568,0.045537992011401164
BACKUP,9569,-0.03248396689832288
BACKUP,9570,0.05095350813149031
BACKUP,9571,0.005869900102530201
BACKUP,9572,-0.08817141358523649
BACKUP,9573,-0.156385291327198
BACKUP,9574,-0.17608089350595188
BACKUP,9575,0.03246243849599575
BACKUP,9576,0.161394394044459
BACKUP,9577,-0.06735825416818444
BACKUP,9578,-0.06077831139312759
BACKUP,9579,0.049910472605822924
BACKUP,9580,-0.058871203061733005
BACKUP,9581,-0.0632927238355961
BACKUP,9582,-0.04013829597514228
BACKUP,9583,0.02432879925302764
BACKUP,9584,-0.1235931906619259
BACKUP,9585,-0.06593356115064652
BACKUP,9586,-0.0772533979449292
BACKUP,9587,-0.06893278154039505
BACKUP,9588,0.09756811113525593
BACKUP,9589,-0.06380365070041756
BACKUP,9590,0.13156305036388172
BACKUP,9591,0.04749503415469173
BACKUP,9592,-0.024926479833013798
BACKUP,9593,-0.06561967504495353
BACKUP,9594,-0.18458899024071673
BACKUP,9595,-0.03907764289275232
BACKUP,9596,-0.02892110339493053
BACKUP,9597,-0.09158833749995256
BACKUP,9598,-0.015481211574107744
BACKUP,9599,0.11699697609432473
BACKUP,9600,-0.11067017719771866
BACKUP,9601,-0.2031699502607894
BACKUP,9602,-0.1073013327873071
BACKUP,9603,-0.04851777848740541
BACKUP,9604,-0.14975391508983465
BACKUP,9605,-0.12130745289074733
BACKUP,9606,-0.10919008265455837
BACKUP,9607,-0.10977439707934818
BACKUP,9608,-0.09866062864380043
BACKUP,9609,0.10700144583719692
BACKUP,9610,-0.0594219843782724
BACKUP,9611,-0.16816608545789366
BACKUP,9612,0.15070743763154248
BACKUP,9613,-0.10138792340257251
BACKUP,9614,-0.041615965039598364
BACKUP,9615,-0.08730351527147981
BACKUP,9616,-0.12306501175692416
BACKUP,9617,-0.1125106681849132
BACKUP,9618,0.007027228399269977
BACKUP,9619,0.016324203858900696
BACKUP,9620,-0.08055144350618847
BACKUP,9621,-0.06406302877369659
BACKUP,9622,-0.09207395830132213
BACKUP,9623,-0.1853131692412148
BACKUP,9624,0.1098215101880627
BACKUP,9625,-0.08600000744477855
BACKUP,9626,-0.09955518154307201
BACKUP,9627,-0.07095442821031181
BACKUP,9628,-0.04059662212489711
BACKUP,9629,-0.14453294795498373
BACKUP,9630,0.006527007454145025
BACKUP,9631,-0.08389483679112776
BACKUP,9632,0.056726159950886694
BACKUP,9633,-0.11041129268914342
BACKUP,9634,-0.05162310195625841
BACKUP,9635,-0.04517380295256185
BACKUP,9636,0.1278464002186962
BACKUP,9637,-0.033896086694374904
BACKUP,9638,-0.047680988848001586
BACKUP,9639,-0.1272481337563238
BACKUP,9640,-0.051308439287776446
BACKUP,9641,-0.057739322901715975
BACKUP,9642,-0.04255021049340615
BACKUP,9643,-0.11365674510926517
BACKUP,9644,0.003999678590568759
BACKUP,9645,0.0021716534693547273
BACKUP,9646,-0.07969536279398347
BACKUP,9647,0.07738001949823807
BACKUP,9648,0.06985369956899248
BACKUP,9649,-0.12567960091488317
BACKUP,9650,-0.06527748117619424
BACKUP,9651,-0.15839760069681919
BACKUP,9652,-0.14892712551249065
BACKUP,9653,-0.012635666374220835
BACKUP,9654,-0.08965717520850862
BACKUP,9655,-0.062354652147044255
BACKUP,9656,0.05694576075352582
BACKUP,9657,-0.0566531224694036
BACKUP,9658,-0.05557616586806102
BACKUP,9659,0.06788026345357925
BACKUP,9660,-0.021716569872846148
BACKUP,9661,0.1660858901650716
BACKUP,9662,-0.020918259747815967
BACKUP,9663,-0.07782957785640214
BACKUP,9664,0.18246635089877805
BACKUP,9665,-0.14749541584685352
BACKUP,9666,-0.136822301613635
BACKUP,9667,-0.09778486756506083
BACKUP,9668,-0.16160743695196048
BACKUP,9669,0.06668058966002154
BACKUP,9670,-0.14466329061132038
BACKUP,9671,-0.05361758903088003
BACKUP,9672,-0.016683032726595166
BACKUP,9673,0.022761087945120214
BACKUP,9674,0.0372972438252612
BACKUP,9675,0.03083842899328877
BACKUP,9676,-0.13334912539072385
BACKUP,9677,-0.1131577371177339
BACKUP,9678,-0.19936693309644504
BACKUP,9679,-0.10585466415774325
BACKUP,9680,-0.14467097692956585
BACKUP,9681,-0.15334505552843175
BACKUP,9682,-0.018676146044328767
BACKUP,9683,-0.004139983930944783
BACKUP,9684,-0.05455560040781445
BACKUP,9685,-0.035130353972863106
BACKUP,9686,-0.04001419637333242
BACKUP,9687,-0.1710429997849424
BACKUP,9688,-0.1011132444446457
BACKUP,9689,-0.023077427001300273
BACKUP,9690,0.06320481964610507
BACKUP,9691,0.12877303464183137
BACKUP,9692,-0.14624525979275818
BACKUP,9693,-0.20342632735182348
BACKUP,9694,-0.023128503557577364
BACKUP,9695,-0.08603407693199248
BACKUP,9696,-0.0872208526005126
BACKUP,9697,-0.0019771819899958454
BACKUP,9698,-0.07387368456250655
BACKUP,9699,-0.07191446309095144
BACKUP,9700,-0.03295063734275237
BACKUP,9701,-0.08676990211616646
BACKUP,9702,0.09866040189365374
BACKUP,9703,-0.11416246382502238
BACKUP,9704,-0.07752629921900502
BACKUP,9705,-0.1311316414094621
BACKUP,9706,0.030779581215694123
BACKUP,9707,-0.051583027719913355
BACKUP,9708,0.0024679476874232896
BACKUP,9709,-0.12933588927845613
BACKUP,9710,-0.07893647924936892
BACKUP,9711,-0.13684498134885864
BACKUP,9712,-0.05885342603486353
BACKUP,9713,-0.1046774404174908
BACKUP,9714,-0.06877641443997869
BACKUP,9715,-0.1130152955774854
BACKUP,9716,-0.04615301097336332
BACKUP,9717,-0.045312014650498326
BACKUP,9718,-0.03883330980680097
BACKUP,9719,-0.06547495089114169
BACKUP,9720,-0.11797152040039006
BACKUP,9721,0.09651298116981553
BACKUP,9722,-0.0785715785546718
BACKUP,9723,-0.03784930824426541
BACKUP,9724,-0.05371662802107023
BACKUP,9725,-0.10063814362277258
BACKUP,9726,-0.06471976748804
BACKUP,9727,-0.09711380687908741
BACKUP,9728,-0.03890763107054121
BACKUP,9729,-0.06919488372938552
BACKUP,9730,0.005877958943255158
BACKUP,9731,-0.22926006842896496
BACKUP,9732,0.027279853806400696
BACKUP,9733,-0.13820926932787445
BACKUP,9734,-0.0888509737613654
BACKUP,9735,-0.11857607005915763
BACKUP,9736,-0.03370079723049925
BACKUP,9737,-0.10706552952667087
BACKUP,9738,-0.14473791501929165
BACKUP,9739,0.0805934140892419
BACKUP,9740,-0.037160759696698
BACKUP,9741,0.17975979441178988
BACKUP,9742,0.0016095636086882119
BACKUP,9743,-0.12623695186872644
BACKUP,9744,-0.18155388104676987
BACKUP,9745,-0.06541041249725112
BACKUP,9746,0.001965185597016675
BACKUP,9747,-0.018094891677207046
BACKUP,9748,0.1290518586776839
BACKUP,9749,-0.05332421215115996
BACKUP,9750,-0.0639710086795162
BACKUP,9751,-0.1330710481118162
BACKUP,9752,-0.07329930323079026
BACKUP,9753,-0.03405338376339232
BACKUP,9754,-0.14862384714001015
BACKUP,9755,-0.1319329565334117
BACKUP,9756,-0.09177782606141527
BACKUP,9757,0.2076713385891964
BACKUP,9758,0.07288254670664919
BACKUP,9759,-0.11570506367960473
BACKUP,9760,-0.08123923443336765
BACKUP,9761,-0.07918608359013421
BACKUP,9762,-0.051821152067766385
BACKUP,9763,-0.08578154518977023
BACKUP,9764,-0.23819636180436335
BACKUP,9765,0.060253986985703736
BACKUP,9766,-0.07910021131218885
BACKUP,9767,-0.10657727046942549
BACKUP,9768,-0.0580526201951893
BACKUP,9769,-0.03861586267272475
BACKUP,9770,-0.11386886906081045
BACKUP,9771,-0.09582770373783417
BACKUP,9772,-0.20302843597758508
BACKUP,9773,-0.07250532339189522
BACKUP,9774,-0.015384582484894029
BACKUP,9775,0.11774896557429455
BACKUP,9776,-0.009388005026968552
BACKUP,9777,-0.03059296473311349
BACKUP,9778,-0.07874614879250244
BACKUP,9779,0.012601331672598758
BACKUP,9780,-0.10289793696480609
BACKUP,9781,0.14370896741298494
BACKUP,9782,-0.17989728276001368
BACKUP,9783,-0.015854013956669497
BACKUP,9784,0.052906254506516384
BACKUP,9785,-0.041972797992068295
BACKUP,9786,-0.11038964789971044
BACKUP,9787,-0.10264718167306694
BACKUP,9788,-0.07435301441639058
BACKUP,9789,-0.20025022178549554
BACKUP,9790,-0.0028051579936813945
BACKUP,9791,-0.13320261014431514
BACKUP,9792,-0.06224470409775588
BACKUP,9793,-0.07292629770051508
BACKUP,9794,-0.07102574887299662
BACKUP,9795,0.019671560664170456
BACKUP,9796,-0.04561602056919034
BACKUP,9797,-0.04535159648485296
BACKUP,9798,0.16220967429681313
BACKUP,9799,0.09890203675466264
BACKUP,9800,-0.06426391993315944
BACKUP,9801,-0.049258519525069155
BACKUP,9802,0.010254554637029971
BACKUP,9803,-0.10035341207775558
BACKUP,9804,0.05229959444192584
BACKUP,9805,-0.05393824109405737
BACKUP,9806,0.1746934272778585
BACKUP,9807,-0.038426549439599944
BACKUP,9808,-0.05057353559289321
BACKUP,9809,-0.20777582397261057
BACKUP,9810,-0.08663800548960973
BACKUP,9811,0.08774631754806561
BACKUP,9812,-0.1674202872627007
BACKUP,9813,-0.034931077805510045
BACKUP,9814,-0.12587587770468103
BACKUP,9815,0.06732843327104748
BACKUP,9816,0.07201177418937947
BACKUP,9817,0.033994695527362465
BACKUP,9818,-0.10347608824927831
BACKUP,9819,-0.0338527160787498
BACKUP,9820,-0.152871405724255
BACKUP,9821,-0.1653099951311702
BACKUP,9822,-0.05276503979403217
BACKUP,9823,-0.05534951131250461
BACKUP,9824,-0.10512436825243486
BACKUP,9825,-0.03673296153122048
BACKUP,9826,0.06156111933961997
BACKUP,9827,-0.1215586383252892
BACKUP,9828,-0.18507861046125282
BACKUP,9829,-0.1619663040505611
BACKUP,9830,-0.05746587158443196
BACKUP,9831,-0.12244086562384457
BACKUP,9832,0.054968070981780394
BACKUP,9833,-0.1737902108251706
BACKUP,9834,-0.05012201946539109
BACKUP,9835,-0.028489442774348797
BACKUP,9836,-0.07746398651526135
BACKUP,9837,-0.10825467554434114
BACKUP,9838,-0.048694321756537616
BACKUP,9839,0.022321082607072183
BACKUP,9840,-0.0352554435592052
BACKUP,9841,-0.05640718005096508
BACKUP,9842,-0.05069593056888183
BACKUP,9843,-0.04293519349968805
BACKUP,9844,0.12748965992320804
BACKUP,9845,-0.10799908817762247
BACKUP,9846,-0.13044848914669918
BACKUP,9847,-0.09174610084019981
BACKUP,9848,-0.011110856021544848
BACKUP,9849,-0.03964007703541149
BACKUP,9850,0.09951653923022956
BACKUP,9851,-0.14741560593458336
BACKUP,9852,-0.13171304163649414
BACKUP,9853,-0.17656426608929787
BACKUP,9854,0.013216908073988686
BACKUP,9855,-0.12800056878442162
BACKUP,9856,-0.1355278426767286
BACKUP,9857,0.005065802979230658
BACKUP,9858,-0.05812008501231938
BACKUP,9859,0.16363338706244582
BACKUP,9860,0.014431922811641736
BACKUP,9861,-0.01093956328224693
BACKUP,9862,-0.07211127862007512
BACKUP,9863,0.0467613825272807
BACKUP,9864,-0.1425413094869404
BACKUP,9865,0.0010134785461920358
BACKUP,9866,-0.09340221310444134
BACKUP,9867,-0.0773028669127722
BACKUP,9868,0.029375765916704124
BACKUP,9869,-0.045777500034409946
BACKUP,9870,-0.16631981843590493
BACKUP,9871,-0.09416302249835032
BACKUP,9872,-0.016774066405006154
BACKUP,9873,0.060076869273655895
BACKUP,9874,-0.0895756882701405
BACKUP,9875,0.08451903103230073
BACKUP,9876,0.11032892888199539
BACKUP,9877,-0.1466895650014549
BACKUP,9878,-0.21646597958318683
BACKUP,9879,-0.10344480294708965
BACKUP,9880,-0.01575456460239523
BACKUP,9881,-0.15517955785763857
BACKUP,9882,-0.07684991045133775
BACKUP,9883,-0.13142971493601352
BACKUP,9884,0.08899452553472151
BACKUP,9885,-0.08093981582826405
BACKUP,9886,-0.07401880193848129
BACKUP,9887,-0.12279512894809247
BACKUP,9888,-0.09911167304354951
BACKUP,9889,-0.1550877692740428
BACKUP,9890,-0.05863225485912989
BACKUP,9891,-0.14957149563923858
BACKUP,9892,-0.008927722046597388
BACKUP,9893,-0.10615555572743797
BACKUP,9894,-0.07959124301699591
BACKUP,9895,0.012517724734668823
BACKUP,9896,-0.00819184655988143
BACKUP,9897,-0.04685507498493437
BACKUP,9898,0.0014703894867444053
BACKUP,9899,-0.11871387237870189
BACKUP,9900,0.056854900552440496
BACKUP,9901,-0.13443159948391498
BACKUP,9902,-0.1058305694724958
BACKUP,9903,-0.009196043445591872
BACKUP,9904,0.013005269948417015
BACKUP,9905,-0.08518261225573595
BACKUP,9906,-0.053888475445354786
BACKUP,9907,-0.06597798285326868
BACKUP,9908,0.013506471618501213
BACKUP,9909,-0.039066038961307586
BACKUP,9910,-0.12310402255481721
BACKUP,9911,-0.03520458955390664
BACKUP,9912,0.042896249617909624
BACKUP,9913,-0.032174864158318606
BACKUP,9914,-0.13590398130617587
BACKUP,9915,-0.07046836537310269
BACKUP,9916,-0.0025909699964352453
BACKUP,9917,-0.07626650693806333
BACKUP,9918,-0.005647332632617013
BACKUP,9919,-0.12740334838430875
BACKUP,9920,0.05593825768732271
BACKUP,9921,0.11001115111581547
BACKUP,9922,0.05118376475034704
BACKUP,9923,-0.05358112626418849
BACKUP,9924,-0.07435609413587936
BACKUP,9925,-0.10305079516076956
BACKUP,9926,-0.11779997704459155
BACKUP,9927,-0.0653852316640643
BACKUP,9928,-0.05196675594136291
BACKUP,9929,-0.09721622747055296
BACKUP,9930,0.023215625008411737
BACKUP,9931,0.020211731928483974
BACKUP,9932,-0.11002811726287742
BACKUP,9933,0.029447776118452246
BACKUP,9934,-0.2257151869635459
BACKUP,9935,-0.10376449023255392
BACKUP,9936,-0.09862178345691698
BACKUP,9937,-0.1405837688431213
BACKUP,9938,0.1216065555111882
BACKUP,9939,-0.13226519019255084
BACKUP,9940,-0.10859465725028881
BACKUP,9941,-0.12049886481541701
BACKUP,9942,0.0023919163681107337
BACKUP,9943,0.029531788161849468
BACKUP,9944,-0.1098357146794217
BACKUP,9945,-0.15718341879213496
BACKUP,9946,0.05166754852669273
BACKUP,9947,-0.17610563211946403
BACKUP,9948,-0.011220076065140862
BACKUP,9949,0.002292466469978056
BACKUP,9950,-0.0838115237599698
BACKUP,9951,0.005125260774512633
BACKUP,9952,-0.09396019902691131
BACKUP,9953,-0.026691789452451677
BACKUP,9954,-0.02929923653726684
BACKUP,9955,-0.05825748584274933
BACKUP,9956,-0.1044914596555066
BACKUP,9957,0.0261701966571462
BACKUP,9958,-0.16563314330794227
BACKUP,9959,-0.031113387680364847
BACKUP,9960,-0.04441500119587335
BACKUP,9961,-0.08996848501876216
BACKUP,9962,-0.11949982261588342
BACKUP,9963,-0.08511620379653662
BACKUP,9964,-0.07353072783387228
BACKUP,9965,-0.14568950461214245
BACKUP,9966,0.030696560388600115
BACKUP,9967,-0.07476820295424923
BACKUP,9968,-0.04409023181795432
BACKUP,9969,-0.037878106234786754
BACKUP,9970,-0.16143841815568272
BACKUP,9971,-0.1945993114493467
BACKUP,9972,0.07242384613126356
BACKUP,9973,-0.09209597307423312
BACKUP,9974,-0.0014621657755397187
BACKUP,9975,-0.1479775017365634
BACKUP,9976,-0.10852535959473644
BACKUP,9977,-0.15108824387470476
BACKUP,9978,-0.128586605536319
BACKUP,9979,0.04731343243683236
BACKUP,9980,-0.11279990973565011
BACKUP,9981,-0.16280129507833
BACKUP,9982,-0.02363380894189574
BACKUP,9983,-0.13317124302838393
BACKUP,9984,0.05190430010228252
BACKUP,9985,-0.019268312606285608
BACKUP,9986,-0.00674436185647055
BACKUP,9987,-0.01587718392694887
BACKUP,9988,-0.126805175234669
BACKUP,9989,-0.12043450783468695
BACKUP,9990,-0.005321332602984268
BACKUP,9991,0.028116175829623533
BACKUP,9992,-0.09603167893572065
BACKUP,9993,-0.026108994254893932
BACKUP,9994,-0.08396991048613466
BACKUP,9995,-0.10475013051844768
BACKUP,9996,-0.0038194267542082344
BACKUP,9997,-0.014316492345169516
BACKUP,9998,0.08414184720587171
BRIGHT,0,0.021644887758550137
BRIGHT,1,-0.0743753386703441
BRIGHT,2,-0.013357176816228052
BRIGHT,3,-0.0015527024283812994
BRIGHT,4,-0.028794085879378695
BRIGHT,5,0.07068405269081131
BRIGHT,6,0.05893430795109448
BRIGHT,7,-0.040877599545092236
BRIGHT,8,0.018596998637633335
BRIGHT,9,-0.018767682081179217
BRIGHT,10,0.09012995558076894
BRIGHT,11,0.01643473823442222
BRIGHT,12,0.10825098765178222
BRIGHT,13,0.034034953980298176
BRIGHT,14,-0.022879365327271424
BRIGHT,15,-0.07302119468849831
BRIGHT,16,-0.029462064583619746
BRIGHT,17,-0.0987331731904848
BRIGHT,18,-0.016017050339278565
BRIGHT,19,-0.07810773745089933
BRIGHT,20,0.1362135566881703
BRIGHT,21,-0.007885850118774367
BRIGHT,22,-0.04928061988895409
BRIGHT,23,0.057477488113106955
BRIGHT,24,0.004170550764762497
BRIGHT,25,0.07816945991381952
BRIGHT,26,-0.004471205652240532
BRIGHT,27,-0.030780437790042078
BRIGHT,28,0.04651800020210789
BRIGHT,29,-0.12335175349455932
BRIGHT,30,0.09082911896761948
BRIGHT,31,-0.02002985934537511
BRIGHT,32,-0.0159408912524365
BRIGHT,33,0.022908224597740848
BRIGHT,34,0.08296662191572289
BRIGHT,35,-0.03167790177505992
BRIGHT,36,-0.06814195113415529
BRIGHT,37,-0.003454001066454277
BRIGHT,38,-0.023615254719328776
BRIGHT,39,-0.0028757407702119163
BRIGHT,40,0.04456471654286001
BRIGHT,41,-0.07114030924407941
BRIGHT,42,-0.05906282443124887
BRIGHT,43,-0.020539544180531697
BRIGHT,44,-0.09257189236089301
BRIGHT,45,0.05812902722449846
BRIGHT,46,0.001363324035351094
BRIGHT,47,0.007802046181440926
BRIGHT,48,0.015342349230358248
BRIGHT,49,0.05489998520959991
BRIGHT,50,-0.03348818295743586
BRIGHT,51,0.03788543084810121
BRIGHT,52,-0.08441704267692782
BRIGHT,53,0.10094197194223968
BRIGHT,54,-0.14974530457656893
BRIGHT,55,-0.09361273821140415
BRIGHT,56,0.007753900264289706
BRIGHT,57,-0.005352391282495894
BRIGHT,58,0.08293079968227698
BRIGHT,59,-0.06430194322696885
BRIGHT,60,0.06514871982878516
BRIGHT,61,-0.1016668482653348
BRIGHT,62,-0.15131053068179606
BRIGHT,63,-0.043303219899705744
BRIGHT,64,0.03053005072680469
BRIGHT,65,0.0547753656113046
BRIGHT,66,-0.14437356878534138
BRIGHT,67,-0.042615765317692615
BRIGHT,68,-0.05983879843613343
BRIGHT,69,-0.005434685858908275
BRIGHT,70,-0.028119346222250322
BRIGHT,71,0.028763135413893567
BRIGHT,72,-0.06780286807494278
BRIGHT,73,0.008989249164953975
BRIGHT,74,0.012087844130991033
BRIGHT,75,-0.04093153738185939
BRIGHT,76,0.03629889701298164
BRIGHT,77,0.1452163379509947
BRIGHT,78,0.07096950675886919
BRIGHT,79,0.028114784802898998
BRIGHT,80,-0.04648863192419986
BRIGHT,81,-0.04671787988028763
BRIGHT,82,-0.08335393276240624
BRIGHT,83,-0.0006799673781643734
BRIGHT,84,-0.06052832200500679
BRIGHT,85,-0.03159645531234013
BRIGHT,86,-0.013884016928241512
BRIGHT,87,-0.14172089669063662
BRIGHT,88,-0.03768218221194583
BRIGHT,89,0.012422155561645803
BRIGHT,90,-0.09295207234924673
BRIGHT,91,-0.032703526268688485
BRIGHT,92,-0.06535549224748055
BRIGHT,93,-0.10002258092373288
BRIGHT,94,0.18948355944049777
BRIGHT,95,0.03953864120742695
BRIGHT,96,-0.023956743677842014
BRIGHT,97,-0.01855626799761215
BRIGHT,98,-0.09362901201704386
BRIGHT,99,-0.049479648297163496
BRIGHT,100,0.0388808000498243
BRIGHT,101,0.01415409373029542
BRIGHT,102,-0.01837746752336582
BRIGHT,103,0.010050125039516798
BRIGHT,104,0.14032643952300397
BRIGHT,105,-0.024924878691481838
BRIGHT,106,-0.12757577492137018
BRIGHT,107,0.042669829463326744
BRIGHT,108,-0.006896618872991998
BRIGHT,109,-0.04956384423053298
BRIGHT,110,-0.029029063490835574
BRIGHT,111,0.039243785727186765
BRIGHT,112,0.11460589225221662
BRIGHT,113,0.007209214644377132
BRIGHT,114,0.04114984806865933
BRIGHT,115,-0.047131081339637476
BRIGHT,116,0.024394871427535946
BRIGHT,117,-0.010135183165332868
BRIGHT,118,-0.11912450131158261
BRIGHT,119,-0.012739344635815992
BRIGHT,120,0.021818880930975018
BRIGHT,121,0.08149885537418637
BRIGHT,122,-0.002728125703296391
BRIGHT,123,0.009435815827063052
BRIGHT,124,0.015862815021266314
BRIGHT,125,0.1045438455329632
BRIGHT,126,-0.01575759801594168
BRIGHT,127,0.04547655619896232
BRIGHT,128,0.07706168371074429
BRIGHT,129,0.02117100181412474
BRIGHT,130,0.021878981438563545
BRIGHT,131,-0.12911741354584438
BRIGHT,132,0.039757247148772656
BRIGHT,133,-0.08789191187020648
BRIGHT,134,0.00857442542516673
BRIGHT,135,0.006990450532874997
BRIGHT,136,0.07456327307678318
BRIGHT,137,-0.04461254774246784
BRIGHT,138,-0.05550327828507326
BRIGHT,139,0.0254082412670074
BRIGHT,140,-0.01098444484526758
BRIGHT,141,-0.00243787709149065
BRIGHT,142,0.06328392556094878
BRIGHT,143,-0.06976493993732608
BRIGHT,144,-0.11154134745253533
BRIGHT,145,0.1155693578806715
BRIGHT,146,0.1058528122254832
BRIGHT,147,-0.01414052466984308
BRIGHT,148,0.03754600164598284
BRIGHT,149,0.11442266397558022
BRIGHT,150,0.00576456889453052
BRIGHT,151,-0.0628907055434505
BRIGHT,152,0.05950277605825125
BRIGHT,153,0.1042309213655407
BRIGHT,154,0.03986178979516535
BRIGHT,155,-0.08843453730549779
BRIGHT,156,0.012722381781775503
BRIGHT,157,-0.050192322511737796
BRIGHT,158,-0.056220331795350915
BRIGHT,159,0.11409783099830045
BRIGHT,160,0.17182251767427006
BRIGHT,161,-0.13185106775699956
BRIGHT,162,0.012345751395207246
BRIGHT,163,-0.044329845534902185
BRIGHT,164,0.04578876476645932
BRIGHT,165,-0.04882146667662718
BRIGHT,166,-0.05805335030673636
BRIGHT,167,-0.00012427024674060757
BRIGHT,168,0.03397264820086758
BRIGHT,169,-0.09371760470587844
BRIGHT,170,-0.04393297191094144
BRIGHT,171,0.05957996936958046
BRIGHT,172,0.0718421170552142
BRIGHT,173,-0.00469888804242223
BRIGHT,174,0.06544791324170089
BRIGHT,175,0.12739085343193152
BRIGHT,176,0.019246740499049377
BRIGHT,177,-0.09386845300586526
BRIGHT,178,0.04650476628577742
BRIGHT,179,-0.10509795537848506
BRIGHT,180,0.0008038664746978124
BRIGHT,181,-0.03139789552489819
BRIGHT,182,-0.004591336635261128
BRIGHT,183,-0.02467024513940777
BRIGHT,184,-0.09030617802581399
BRIGHT,185,-0.0684496223054516
BRIGHT,186,0.0556693966859789
BRIGHT,187,-0.07436032168406753
BRIGHT,188,0.050919821542047994
BRIGHT,189,0.020425702493831258
BRIGHT,190,-0.14821335058416965
BRIGHT,191,-0.02799420537046378
BRIGHT,192,-0.010366711349013258
BRIGHT,193,-0.03948531040463086
BRIGHT,194,0.02035146837901661
BRIGHT,195,0.11620903587377773
BRIGHT,196,0.1171451805955949
BRIGHT,197,-0.055577334442297226
BRIGHT,198,-0.05211501558283822
BRIGHT,199,0.057403010977446024
BRIGHT,200,-0.04382686507806936
BRIGHT,201,0.03881232933273552
BRIGHT,202,0.05670244128509636
BRIGHT,203,0.016543676450949823
BRIGHT,204,-0.10041263510408213
BRIGHT,205,0.06674435178486583
BRIGHT,206,0.04587671703579158
BRIGHT,207,0.04017105861173907
BRIGHT,208,-0.025072537361848564
BRIGHT,209,-0.08138423921436164
BRIGHT,210,-0.02466517127572122
BRIGHT,211,-0.04323469081549304
BRIGHT,212,0.002897949315756839
BRIGHT,213,-0.033156397310917296
BRIGHT,214,-0.08985437090646292
BRIGHT,215,0.05648656820888988
BRIGHT,216,0.09742716504626234
BRIGHT,217,0.016055854443767694
BRIGHT,218,0.09282804587816902
BRIGHT,219,-0.04538453966597494
BRIGHT,220,0.07908907370995698
BRIGHT,221,0.06088303093929719
BRIGHT,222,0.09334258057053724
BRIGHT,223,0.08502502596030995
BRIGHT,224,-0.03318813282452906
BRIGHT,225,-0.011496079137309984
BRIGHT,226,0.02293289486511099
BRIGHT,227,-0.06793796653240525
BRIGHT,228,-0.07137621048703817
BRIGHT,229,0.01962715707027306
BRIGHT,230,-0.11773969105451873
BRIGHT,231,-0.09753477005491658
BRIGHT,232,0.08847627594133356
BRIGHT,233,-0.028505003181942098
BRIGHT,234,0.01927827650802696
BRIGHT,235,0.008552743278224653
BRIGHT,236,-0.00801179932601916
BRIGHT,237,0.02553641639589679
BRIGHT,238,-0.027568215510418298
BRIGHT,239,-0.10480291824996264
BRIGHT,240,-0.02092264153497639
BRIGHT,241,-0.10481178054011922
BRIGHT,242,-0.006378750276373371
BRIGHT,243,-0.04033538873284944
BRIGHT,244,-0.04007658925715259
BRIGHT,245,-0.09060741005804655
BRIGHT,246,0.07941013977483061
BRIGHT,247,0.05321437993298882
BRIGHT,248,-0.03539488524300064
BRIGHT,249,-0.1634340597456414
BRIGHT,250,0.06918792149720449
BRIGHT,251,-0.1494873181266047
BRIGHT,252,-0.013291081443308221
BRIGHT,253,-0.10492379835300454
BRIGHT,254,0.06802273221278361
BRIGHT,255,-0.04543581560968003
BRIGHT,256,0.05949811847700274
BRIGHT,257,-0.10308494704696661
BRIGHT,258,-0.0036193113941643865
BRIGHT,259,-0.001417246464324441
BRIGHT,260,0.053036212002340676
BRIGHT,261,0.025017290722226235
BRIGHT,262,0.06565610333815756
BRIGHT,263,0.06923997884058213
BRIGHT,264,-0.0724560807142642
BRIGHT,265,0.06343848535699285
BRIGHT,266,-0.050440398443955
BRIGHT,267,-0.04604034929856435
BRIGHT,268,0.04216691323678859
BRIGHT,269,-0.02832560041607273
BRIGHT,270,0.08655221869880618
BRIGHT,271,0.009679276746107263
BRIGHT,272,0.07750776042567233
BRIGHT,273,-0.00638347977952635
BRIGHT,274,0.0009597722866926951
BRIGHT,275,-0.018808124702866583
BRIGHT,276,-0.07807042192179756
BRIGHT,277,0.06235979529789644
BRIGHT,278,-0.01690223328008776
BRIGHT,279,0.08399486972521018
BRIGHT,280,-0.012767887390024239
BRIGHT,281,-0.06966644173974347
BRIGHT,282,-0.14218236208748775
BRIGHT,283,0.05364800676446458
BRIGHT,284,-0.0399690073796838
BRIGHT,285,0.06500396828199553
BRIGHT,286,0.10982405798714351
BRIGHT,287,0.05693389860949618
BRIGHT,288,0.06961463478976287
BRIGHT,289,-0.11969796568737519
BRIGHT,290,0.04771000586987295
BRIGHT,291,-0.07150683070197962
BRIGHT,292,-0.0013378291398791705
BRIGHT,293,0.028807392394727318
BRIGHT,294,-0.0896301820960643
BRIGHT,295,0.05638683793045879
BRIGHT,296,-0.0345410909393661
BRIGHT,297,0.001066211779080221
BRIGHT,298,0.046979267069546964
BRIGHT,299,-0.014518304188632283
BRIGHT,300,-0.07801165823215742
BRIGHT,301,0.02209374895430786
BRIGHT,302,-0.054159120780822724
BRIGHT,303,-0.0547413103702292
BRIGHT,304,-0.10436704504743434
BRIGHT,305,-0.05688840237667801
BRIGHT,306,-0.1212947178475721
BRIGHT,307,-0.021884496282914792
BRIGHT,308,-0.05533895420527503
BRIGHT,309,-0.01230021426797621
BRIGHT,310,0.01606454266240837
BRIGHT,311,0.07657064894852028
BRIGHT,312,0.0034285978118333282
BRIGHT,313,0.11404304901508604
BRIGHT,314,-0.033132812691069526
BRIGHT,315,-0.0524798768632486
BRIGHT,316,-0.02814928499309984
BRIGHT,317,-0.006722748894780153
BRIGHT,318,-0.06498923489261305
BRIGHT,319,0.015828584048604898
BRIGHT,320,-0.07211997463277833
BRIGHT,321,-0.03174347512990738
BRIGHT,322,0.0414501902932848
BRIGHT,323,-0.05003424994616379
BRIGHT,324,0.0038097864411643536
BRIGHT,325,0.03251150825196838
BRIGHT,326,-0.008849969720103991
BRIGHT,327,0.1522987745607991
BRIGHT,328,0.06737786527903869
BRIGHT,329,0.016527305385580497
BRIGHT,330,-0.047050593044207334
BRIGHT,331,-0.07050794979906382
BRIGHT,332,-0.008008428690960254
BRIGHT,333,0.021684853859238223
BRIGHT,334,-0.020514683943643922
BRIGHT,335,-0.03230972270194931
BRIGHT,336,-0.010946087909346614
BRIGHT,337,-0.03267487579173757
BRIGHT,338,-0.05990046251316797
BRIGHT,339,0.021956051111355318
BRIGHT,340,0.006486278123143513
BRIGHT,341,-0.03283575895792237
BRIGHT,342,-0.1782688623758246
BRIGHT,343,-0.021863762554592582
BRIGHT,344,-0.15323248163620323
BRIGHT,345,0.046113979818761405
BRIGHT,346,0.019866406128981523
BRIGHT,347,-0.13879989734260276
BRIGHT,348,-0.027421888314772443
BRIGHT,349,0.008015544150138196
BRIGHT,350,-0.011884101872266531
BRIGHT,351,0.09083195522486524
BRIGHT,352,-0.030307635635745223
BRIGHT,353,0.03775561952799201
BRIGHT,354,-0.06680196004252281
BRIGHT,355,0.0007038117589970026
BRIGHT,356,0.046430940366474764
BRIGHT,357,-0.08306119188084907
BRIGHT,358,0.06193453441248822
BRIGHT,359,-0.02588269469024288
BRIGHT,360,-0.004942417111677096
BRIGHT,361,0.00011655647243701997
BRIGHT,362,0.005440541571216261
BRIGHT,363,0.09330778346391225
BRIGHT,364,0.015576681096172836
BRIGHT,365,0.024250268828001093
BRIGHT,366,0.04502520071361462
BRIGHT,367,0.07234410000454458
BRIGHT,368,0.024209317339841364
BRIGHT,369,0.012796608815961322
BRIGHT,370,-0.08957686080112785
BRIGHT,371,0.035682719932719695
BRIGHT,372,0.03446061835602663
BRIGHT,373,0.07393477503360948
BRIGHT,374,-0.04453085350433974
BRIGHT,375,0.01802030322364001
BRIGHT,376,-0.001447238606089935
BRIGHT,377,0.040317228609930755
BRIGHT,378,0.023727124505868898
BRIGHT,379,-0.029134417557059672
BRIGHT,380,0.09026521057419618
BRIGHT,381,-0.10733703886837094
BRIGHT,382,0.014203830184195146
BRIGHT,383,-0.028543636958496935
BRIGHT,384,0.04750546579642879
BRIGHT,385,-0.10478394457150854
BRIGHT,386,-0.025519192668848095
BRIGHT,387,-0.07134769982981899
BRIGHT,388,0.009561495686859411
BRIGHT,389,0.10237643916909386
BRIGHT,390,0.012971154699914125
BRIGHT,391,-0.011393199641936767
BRIGHT,392,0.05131480402548755
BRIGHT,393,0.10520375359847124
BRIGHT,394,0.03558947800666145
BRIGHT,395,0.049670226900555545
BRIGHT,396,0.011285712925307036
BRIGHT,397,0.1217306683731837
BRIGHT,398,-0.013813780545388994
BRIGHT,399,0.01663925103011897
BRIGHT,400,0.022552791443730204
BRIGHT,401,0.003678339221018398
BRIGHT,402,-0.10203329148511557
BRIGHT,403,0.10660591643585324
BRIGHT,404,0.07730061452837282
BRIGHT,405,-0.1003501515171552
BRIGHT,406,0.08435727762609782
BRIGHT,407,0.05524379231867803
BRIGHT,408,0.011550913538158795
BRIGHT,409,0.017322707583865494
BRIGHT,410,-0.054676545000817506
BRIGHT,411,0.027839511337179896
BRIGHT,412,0.03673382625015788
BRIGHT,413,-0.02742527527468658
BRIGHT,414,0.04707067845986723
BRIGHT,415,0.14839516646506884
BRIGHT,416,-0.05972817645988542
BRIGHT,417,0.058460034307882464
BRIGHT,418,0.07502017035599694
BRIGHT,419,-0.04485115788076081
BRIGHT,420,0.1089493951329586
BRIGHT,421,0.010935191812171171
BRIGHT,422,0.016726067731199886
BRIGHT,423,0.01783095055467743
BRIGHT,424,-0.052295346532072004
BRIGHT,425,0.029892196083461824
BRIGHT,426,-0.164776828319445
BRIGHT,427,0.09474949628707316
BRIGHT,428,-0.04981456000485177
BRIGHT,429,-0.01230133702271347
BRIGHT,430,-0.04078728734969314
BRIGHT,431,0.028691923076200578
BRIGHT,432,-0.11704479251929652
BRIGHT,433,-0.049735955979591955
BRIGHT,434,-0.010848681686720684
BRIGHT,435,0.06550537564112759
BRIGHT,436,-0.0049104247195814535
BRIGHT,437,0.06600481300228972
BRIGHT,438,0.0006671458182846029
BRIGHT,439,-0.14651248889411106
BRIGHT,440,-0.04148566158091124
BRIGHT,441,-0.08519327392052865
BRIGHT,442,0.0311352549723486
BRIGHT,443,-0.10147312530320765
BRIGHT,444,0.01581872228559609
BRIGHT,445,0.044492271948165574
BRIGHT,446,0.08354771416969438
BRIGHT,447,-0.04095258913242687
BRIGHT,448,-0.0652674643912869
BRIGHT,449,-0.06247990449455128
BRIGHT,450,0.08703007555842912
BRIGHT,451,-0.0390367613059351
BRIGHT,452,0.11716041784101972
BRIGHT,453,0.09303161512838513
BRIGHT,454,-0.034748897233135116
BRIGHT,455,-0.09823150460872787
BRIGHT,456,-0.12396691400865187
BRIGHT,457,-0.047230141358778004
BRIGHT,458,-0.09055948766168186
BRIGHT,459,0.018813858868399466
BRIGHT,460,-0.06953475461679198
BRIGHT,461,0.16032494429833252
BRIGHT,462,-0.08414747214922942
BRIGHT,463,-0.05599193233920407
BRIGHT,464,-0.020962668629497645
BRIGHT,465,0.03634152362108114
BRIGHT,466,0.04849062774997125
BRIGHT,467,0.05862401994221348
BRIGHT,468,-0.06602623435173814
BRIGHT,469,-0.028822872478216178
BRIGHT,470,0.07142779091978409
BRIGHT,471,0.002007572732713581
BRIGHT,472,0.01059982266379374
BRIGHT,473,0.12743151301676434
BRIGHT,474,-0.07074483267612389
BRIGHT,475,0.06810231657488701
BRIGHT,476,-0.010792795982282185
BRIGHT,477,0.006928107560842736
BRIGHT,478,-0.08098751302571985
BRIGHT,479,-0.07234075098741928
BRIGHT,480,0.07738359631996852
BRIGHT,481,-0.06180665595944803
BRIGHT,482,-0.0754066040548833
BRIGHT,483,-0.09839307796476097
BRIGHT,484,-0.030911889887442364
BRIGHT,485,-0.05449812154482244
BRIGHT,486,-0.09859464213647852
BRIGHT,487,-0.03350659496313131
BRIGHT,488,0.00875100595855869
BRIGHT,489,0.016784973360082868
BRIGHT,490,-0.0007522455273521707
BRIGHT,491,0.07810590169021711
BRIGHT,492,0.06923858411360552
BRIGHT,493,0.010795849758684079
BRIGHT,494,-0.07442769214635966
BRIGHT,495,0.03627458523945881
BRIGHT,496,0.13338843394245908
BRIGHT,497,0.11744432847774057
BRIGHT,498,-0.012741966771308585
BRIGHT,499,-0.1776074664120558
BRIGHT,500,-0.05234759910778022
BRIGHT,501,0.027560668981398733
BRIGHT,502,-0.014040572277705703
BRIGHT,503,-0.055905787093749805
BRIGHT,504,-0.17930660428915832
BRIGHT,505,-0.09268693705691712
BRIGHT,506,-0.05272024249072235
BRIGHT,507,-0.05266266403485841
BRIGHT,508,-0.09838958517686108
BRIGHT,509,-0.02164690702520726
BRIGHT,510,0.1402064524154477
BRIGHT,511,0.001972396269836087
BRIGHT,512,0.027295860878464598
BRIGHT,513,-0.01994760121791621
BRIGHT,514,0.049816417142075235
BRIGHT,515,0.051394014365697176
BRIGHT,516,-0.03774268347965188
BRIGHT,517,0.14124444778505774
BRIGHT,518,0.06535661813954577
BRIGHT,519,0.017318012689630534
BRIGHT,520,-0.02814257291068624
BRIGHT,521,0.08118395326391528
BRIGHT,522,-0.049771285812668584
BRIGHT,523,0.07339122855444175
BRIGHT,524,-0.12531518578279705
BRIGHT,525,0.10748709995478443
BRIGHT,526,-0.11059199324862126
BRIGHT,527,-0.06345005107214328
BRIGHT,528,0.06928110842218677
BRIGHT,529,-0.025436955637849853
BRIGHT,530,-0.0003459059283428563
BRIGHT,531,-0.03812207736040775
BRIGHT,532,0.1508415077881358
BRIGHT,533,0.014866582221430306
BRIGHT,534,-0.08551026687443042
BRIGHT,535,0.08057753847665249
BRIGHT,536,-0.05912830249954163
BRIGHT,537,0.05778040981877299
BRIGHT,538,0.056043358993030847
BRIGHT,539,-0.17295668732687222
BRIGHT,540,-0.013446200023777069
BRIGHT,541,-0.06864519460040926
BRIGHT,542,0.1570047708304482
BRIGHT,543,0.07530848365245059
BRIGHT,544,0.027911820904157825
BRIGHT,545,0.15669122994640014
BRIGHT,546,0.14456828765518215
BRIGHT,547,0.10654421818659432
BRIGHT,548,-0.017723382061169447
BRIGHT,549,0.06996882292521855
BRIGHT,550,0.10774110849110892
BRIGHT,551,-0.060321121954214
BRIGHT,552,-0.042868318772854686
BRIGHT,553,-0.019772940018257176
BRIGHT,554,0.0010692563012688293
BRIGHT,555,0.12404625968399241
BRIGHT,556,0.07373679257610105
BRIGHT,557,-0.010863723217976361
BRIGHT,558,-0.04852920345128731
BRIGHT,559,0.03575350604959351
BRIGHT,560,0.05745175732983094
BRIGHT,561,0.03298945128609969
BRIGHT,562,0.01403295239384422
BRIGHT,563,-0.07687379092184446
BRIGHT,564,-0.05399146876282122
BRIGHT,565,-0.0036963308722455742
BRIGHT,566,-0.051661364803787795
BRIGHT,567,0.053522135579295714
BRIGHT,568,-0.053024775796167586
BRIGHT,569,-0.02861997677144889
BRIGHT,570,0.04467383137410551
BRIGHT,571,-0.015682893812763617
BRIGHT,572,-0.09661334618235033
BRIGHT,573,0.09546486100586324
BRIGHT,574,0.029757866371401057
BRIGHT,575,0.051661878186752754
BRIGHT,576,-0.012614935107729092
BRIGHT,577,-0.006627640458503476
BRIGHT,578,0.024402725757531808
BRIGHT,579,0.09947248397707915
BRIGHT,580,0.11850196155770812
BRIGHT,581,-0.05067732344449124
BRIGHT,582,-0.023088024852456434
BRIGHT,583,-0.0006487922375423801
BRIGHT,584,0.004996131736313909
BRIGHT,585,-0.06594326799742756
BRIGHT,586,-0.04894158481770154
BRIGHT,587,-0.05350635251831786
BRIGHT,588,-0.04151009311305309
BRIGHT,589,-0.03881262184321049
BRIGHT,590,0.011397759978678215
BRIGHT,591,-0.06778089587360359
BRIGHT,592,-0.1514367714367384
BRIGHT,593,0.07495011927633476
BRIGHT,594,-0.06872847419114951
BRIGHT,595,0.05351800062447135
BRIGHT,596,0.01143286494342746
BRIGHT,597,0.008073691723661845
BRIGHT,598,0.06155239724424668
BRIGHT,599,0.02663644049750198
BRIGHT,600,0.014872996051543125
BRIGHT,601,0.04410826644751382
BRIGHT,602,-0.006974755913254157
BRIGHT,603,0.036688718007881094
BRIGHT,604,-0.05000112455573071
BRIGHT,605,0.025918343828405566
BRIGHT,606,0.059435421704889635
BRIGHT,607,-0.014104560232830826
BRIGHT,608,-0.06333684120127274
BRIGHT,609,-0.048757368841240024
BRIGHT,610,0.10132442999847434
BRIGHT,611,0.011265631271906242
BRIGHT,612,-0.05014961498595831
BRIGHT,613,0.06302850956629995
BRIGHT,614,0.032742436772509674
BRIGHT,615,0.06453145747891616
BRIGHT,616,0.029757002746924496
BRIGHT,617,0.03942962129872711
BRIGHT,618,-0.13995643890637463
BRIGHT,619,-0.051935342161399035
BRIGHT,620,-0.0810550406057283
BRIGHT,621,0.0455260106535742
BRIGHT,622,0.10221268073439255
BRIGHT,623,0.07218162724787595
BRIGHT,624,-0.1474984208934758
BRIGHT,625,-0.03301706370966295
BRIGHT,626,0.027126717561891903
BRIGHT,627,-0.0033627698908257533
BRIGHT,628,-0.014113318282719303
BRIGHT,629,0.03760134758682397
BRIGHT,630,-0.0030366184541627244
BRIGHT,631,-0.06810571462308525
BRIGHT,632,0.02880211280203095
BRIGHT,633,-0.10653320800410454
BRIGHT,634,-0.06214689007443749
BRIGHT,635,0.04223587442540947
BRIGHT,636,0.046955916163313766
BRIGHT,637,0.0654398557049701
BRIGHT,638,-0.0800418655954358
BRIGHT,639,0.12261201109639196
BRIGHT,640,0.01888648725970528
BRIGHT,641,-0.05809218058814562
BRIGHT,642,0.04726634341888939
BRIGHT,643,0.09175149797342667
BRIGHT,644,0.04328450123925865
BRIGHT,645,-0.00025906388795984007
BRIGHT,646,-0.059096715024175794
BRIGHT,647,-0.03530417347814121
BRIGHT,648,0.047739926169043524
BRIGHT,649,-0.0350198191586811
BRIGHT,650,-0.018175064954528936
BRIGHT,651,0.024424990929669647
BRIGHT,652,0.022619360627388937
BRIGHT,653,-0.014399547331558845
BRIGHT,654,0.023932020834332136
BRIGHT,655,0.054585901627639856
BRIGHT,656,-0.06206289702848145
BRIGHT,657,0.022393436922063973
BRIGHT,658,0.06817767564466276
BRIGHT,659,0.011072758194113142
BRIGHT,660,0.02661432430959816
BRIGHT,661,0.02401890956165796
BRIGHT,662,-0.052136596162466624
BRIGHT,663,0.03905339337433859
BRIGHT,664,-0.08002241372823143
BRIGHT,665,-0.06868199919907436
BRIGHT,666,0.04462950820805328
BRIGHT,667,-0.03027641498070546
BRIGHT,668,0.0708369765906365
BRIGHT,669,-0.13483361858093634
BRIGHT,670,0.04930806509403637
BRIGHT,671,-0.016545298051258293
BRIGHT,672,0.062407935212393836
BRIGHT,673,-0.0740532965929335
BRIGHT,674,-0.06272966666628396
BRIGHT,675,0.015297468604384105
BRIGHT,676,0.02252165233657071
BRIGHT,677,0.03356462705276364
BRIGHT,678,0.0212948296448995
BRIGHT,679,0.057788462406789746
BRIGHT,680,0.07778861357815826
BRIGHT,681,0.06980857758046484
BRIGHT,682,0.020995980416209852
BRIGHT,683,0.021215151472800658
BRIGHT,684,0.053013437043600155
BRIGHT,685,0.10809224318196078
BRIGHT,686,-0.06202746841746715
BRIGHT,687,-0.0033345679949280823
BRIGHT,688,-0.0779750698938697
BRIGHT,689,-0.04193529250451811
BRIGHT,690,0.056579777729910435
BRIGHT,691,-0.08481630026113753
BRIGHT,692,0.01391931270914204
BRIGHT,693,-0.032795272390173366
BRIGHT,694,0.025921116314472435
BRIGHT,695,0.09977095147271207
BRIGHT,696,0.03281051428276507
BRIGHT,697,0.03493489272007204
BRIGHT,698,0.018466377848924704
BRIGHT,699,0.0028228879276093206
BRIGHT,700,-0.0035286315530222733
BRIGHT,701,0.10835019325457726
BRIGHT,702,0.06949430721911015
BRIGHT,703,-0.025364500019427937
BRIGHT,704,-0.13314804589181103
BRIGHT,705,-0.09517146460102609
BRIGHT,706,-0.04035625569242879
BRIGHT,707,0.015727110778849803
BRIGHT,708,0.05349630653778107
BRIGHT,709,-0.024566430735726254
BRIGHT,710,0.05774359712331235
BRIGHT,711,0.036549311726089065
BRIGHT,712,-0.039980988244055125
BRIGHT,713,0.004592718509519524
BRIGHT,714,-0.01661189065460739
BRIGHT,715,0.10728013003358851
BRIGHT,716,-0.021107798748631824
BRIGHT,717,0.09734146784948318
BRIGHT,718,0.045837176520914354
BRIGHT,719,0.029103999452848188
BRIGHT,720,0.06256985685984698
BRIGHT,721,-0.02695828182815128
BRIGHT,722,-0.027954008222497904
BRIGHT,723,0.038503127620096105
BRIGHT,724,0.003837970768942664
BRIGHT,725,0.08183090021969207
BRIGHT,726,-0.029482670945468317
BRIGHT,727,-0.06678942058112801
BRIGHT,728,0.0012895942762287502
BRIGHT,729,0.06404883488710306
BRIGHT,730,-0.016950119430927595
BRIGHT,731,-0.009898687816089219
BRIGHT,732,-0.1033962716395149
BRIGHT,733,-0.029293676462068763
BRIGHT,734,0.048439095634613585
BRIGHT,735,0.11231708160233182
BRIGHT,736,0.1052033839513351
BRIGHT,737,0.028100371144662774
BRIGHT,738,0.07463960074318098
BRIGHT,739,0.051591323837737145
BRIGHT,740,0.048974665145961015
BRIGHT,741,-0.0053022063972261065
BRIGHT,742,-0.003392348986123807
BRIGHT,743,0.09035677248512612
BRIGHT,744,-0.0021868565008265387
BRIGHT,745,-0.11895027806014445
BRIGHT,746,-0.065278870008356
BRIGHT,747,-0.018092503470086844
BRIGHT,748,0.0052111009148327015
BRIGHT,749,-0.03380476867237487
BRIGHT,750,0.03859308023003969
BRIGHT,751,-0.05849125821669323
BRIGHT,752,-0.03879640195553286
BRIGHT,753,0.014505164422403833
BRIGHT,754,0.13790312824906426
BRIGHT,755,0.003375801585169572
BRIGHT,756,-0.077624408551983
BRIGHT,757,0.00698231638812009
BRIGHT,758,0.018694841711425613
BRIGHT,759,0.06419014760468818
BRIGHT,760,0.0979595213898239
BRIGHT,761,-0.12760991968236002
BRIGHT,762,0.04330393528829074
BRIGHT,763,-0.132726059782113
BRIGHT,764,0.09540239959303731
BRIGHT,765,-0.22224974151096205
BRIGHT,766,-0.013421296661315116
BRIGHT,767,0.11226768887535327
BRIGHT,768,-0.012388905391300721
BRIGHT,769,-0.05633838853742118
BRIGHT,770,0.054181404653246744
BRIGHT,771,0.053638006141637155
BRIGHT,772,-0.014682273509809746
BRIGHT,773,0.09428539129246304
BRIGHT,774,-0.04312342322330399
BRIGHT,775,-0.02660994396564503
BRIGHT,776,-0.023122099087827554
BRIGHT,777,-0.03919634564391472
BRIGHT,778,0.10956697651370426
BRIGHT,779,0.05908856642332827
BRIGHT,780,-0.06594729601067227
BRIGHT,781,0.01405437005322301
BRIGHT,782,0.027706213497578784
BRIGHT,783,-0.07696805361620505
BRIGHT,784,-0.030957460536990056
BRIGHT,785,0.03661578199979332
BRIGHT,786,0.05022469384732906
BRIGHT,787,-0.004089422519141246
BRIGHT,788,0.018394915718519103
BRIGHT,789,0.0004266050432715528
BRIGHT,790,-0.022036284019335915
BRIGHT,791,0.04497665529375718
BRIGHT,792,0.0054149821411209635
BRIGHT,793,-0.016830979382841248
BRIGHT,794,0.004189966800297967
BRIGHT,795,-0.030271289276581327
BRIGHT,796,0.09878656141425468
BRIGHT,797,0.005747090717620933
BRIGHT,798,0.03355370175602501
BRIGHT,799,-0.04469311425218626
BRIGHT,800,0.024129631305974685
BRIGHT,801,0.03333568238995392
BRIGHT,802,-0.0036301786159315874
BRIGHT,803,0.08824736123281228
BRIGHT,804,0.09588286274932213
BRIGHT,805,0.03962579911264697
BRIGHT,806,0.008104170727905778
BRIGHT,807,-0.017723699631142308
BRIGHT,808,0.01427474085985537
BRIGHT,809,-0.15311829073294753
BRIGHT,810,0.0790246895628526
BRIGHT,811,0.002934881353852688
BRIGHT,812,-0.08396607220757457
BRIGHT,813,0.023635159047874815
BRIGHT,814,0.016055247578815608
BRIGHT,815,0.05620074639214836
BRIGHT,816,0.02322429393618479
BRIGHT,817,0.15906095037492943
BRIGHT,818,-0.016849003624008152
BRIGHT,819,-0.05597345651340394
BRIGHT,820,-0.046027596656893106
BRIGHT,821,0.04625509639822919
BRIGHT,822,-0.010498622655259577
BRIGHT,823,0.10244363510024772
BRIGHT,824,-0.018879506043900172
BRIGHT,825,0.0012967431237503608
BRIGHT,826,0.09465131647278933
BRIGHT,827,-0.06030803041202853
BRIGHT,828,0.16849099162190267
BRIGHT,829,0.01458167762985414
BRIGHT,830,0.028980686888897572
BRIGHT,831,0.0665577362261435
BRIGHT,832,0.06627813283702211
BRIGHT,833,-0.0287580759864709
BRIGHT,834,-0.012302954512349027
BRIGHT,835,0.0164968424107322
BRIGHT,836,0.06747653051409681
BRIGHT,837,-0.08511569653409291
BRIGHT,838,-0.06713078958415815
BRIGHT,839,-0.01654193045167518
BRIGHT,840,-0.027742101026177586
BRIGHT,841,0.06711279938688217
BRIGHT,842,0.0025340066064243904
BRIGHT,843,-0.02681159415305524
BRIGHT,844,-0.04024403460717813
BRIGHT,845,0.0944237970678607
BRIGHT,846,0.07853544316116456
BRIGHT,847,0.045079968838664226
BRIGHT,848,-0.132928241892711
BRIGHT,849,-0.07453267643816622
BRIGHT,850,-0.004786777191080038
BRIGHT,851,-0.033231749723908716
BRIGHT,852,-0.003026618753625669
BRIGHT,853,-0.1052771587408567
BRIGHT,854,0.048468110286711406
BRIGHT,855,0.0347131126118933
BRIGHT,856,0.14741298725571073
BRIGHT,857,0.06851419491544
BRIGHT,858,0.04184298710425936
BRIGHT,859,-0.027252587737490036
BRIGHT,860,0.02422956649322252
BRIGHT,861,-0.11382647941762719
BRIGHT,862,-0.06731734036771604
BRIGHT,863,-0.03479248872628661
BRIGHT,864,0.0073239410950533615
BRIGHT,865,0.0396949435167687
BRIGHT,866,-0.06309440416940827
BRIGHT,867,-0.10735634697071132
BRIGHT,868,0.00455718747005698
BRIGHT,869,-0.03364998774423562
BRIGHT,870,-0.08662091346909857
BRIGHT,871,0.021437208858849078
BRIGHT,872,0.05232918919154932
BRIGHT,873,-0.042352807079027215
BRIGHT,874,0.03949377859078151
BRIGHT,875,-0.0930267381837248
BRIGHT,876,0.02349312472092185
BRIGHT,877,0.016681988173511776
BRIGHT,878,-0.00048561233365594983
BRIGHT,879,0.04026097500328047
BRIGHT,880,-0.0004793732504961443
BRIGHT,881,0.032522171809553156
BRIGHT,882,0.028927926595457214
BRIGHT,883,0.04325082980343025
BRIGHT,884,-0.05102358276052547
BRIGHT,885,0.09718298841290275
BRIGHT,886,0.059326033390363686
BRIGHT,887,-0.13642948512145348
BRIGHT,888,0.012942051410105942
BRIGHT,889,-0.0019560363403336935
BRIGHT,890,-0.013357015083596139
BRIGHT,891,0.08568791536946037
BRIGHT,892,-0.07527609053952801
BRIGHT,893,0.00300151832857962
BRIGHT,894,0.010741867083048128
BRIGHT,895,-0.06248411589512554
BRIGHT,896,-0.09255605167069511
BRIGHT,897,-0.06700492502771753
BRIGHT,898,0.04831685060418413
BRIGHT,899,0.032167662406972844
BRIGHT,900,0.03286366786587478
BRIGHT,901,0.02640825357624972
BRIGHT,902,0.0003489373880510407
BRIGHT,903,-0.10977002035858814
BRIGHT,904,-0.005806710733806372
BRIGHT,905,-0.09561510764507893
BRIGHT,906,-0.029271359069044267
BRIGHT,907,0.055660177931676554
BRIGHT,908,-0.0391565262187734
BRIGHT,909,-0.07387566152601426
BRIGHT,910,-0.08390934673610166
BRIGHT,911,-0.0690079592103219
BRIGHT,912,-0.05007987731086191
BRIGHT,913,0.00435204341401991
BRIGHT,914,0.0033382532100961868
BRIGHT,915,-0.022816502393403704
BRIGHT,916,-0.03614578386650343
BRIGHT,917,-0.17745404150276653
BRIGHT,918,-0.059636337543859275
BRIGHT,919,-0.09082200682680773
BRIGHT,920,0.08825542473545758
BRIGHT,921,0.02427773275448623
BRIGHT,922,0.002920481001216174
BRIGHT,923,-0.046665552435288936
BRIGHT,924,0.07874902342893708
BRIGHT,925,-0.04580481004944032
BRIGHT,926,-0.034247495652901555
BRIGHT,927,0.015001544131788494
BRIGHT,928,-0.05785215777135891
BRIGHT,929,-0.0006507862734441319
BRIGHT,930,0.03221624062210189
BRIGHT,931,-0.017759926987022126
BRIGHT,932,0.05139562764871079
BRIGHT,933,-0.10626114992021872
BRIGHT,934,-0.06685534095809352
BRIGHT,935,0.04499454560744994
BRIGHT,936,0.025092645889754718
BRIGHT,937,0.02817550292803928
BRIGHT,938,0.048078347132609486
BRIGHT,939,-0.002379812894431517
BRIGHT,940,-0.038373931342267076
BRIGHT,941,-0.06003653241802639
BRIGHT,942,-0.05383847247154521
BRIGHT,943,-0.052562885488374206
BRIGHT,944,0.07104691329340172
BRIGHT,945,0.023545348128692845
BRIGHT,946,-0.014142964592100842
BRIGHT,947,0.05001059188317855
BRIGHT,948,0.10055971870092995
BRIGHT,949,-0.056539721103172916
BRIGHT,950,0.04523281202431587
BRIGHT,951,-0.03163064185324014
BRIGHT,952,0.010215749371186902
BRIGHT,953,-0.038472812727380325
BRIGHT,954,-0.09881231879896718
BRIGHT,955,-0.05663779212938618
BRIGHT,956,-0.001215947105992
BRIGHT,957,0.006422055692106894
BRIGHT,958,0.016884418126884917
BRIGHT,959,-0.10341480823228444
BRIGHT,960,0.015719291628481888
BRIGHT,961,-0.02252838030229791
BRIGHT,962,0.004946627188390585
BRIGHT,963,-0.03499934428928554
BRIGHT,964,-0.039896681026849755
BRIGHT,965,0.029605492218246498
BRIGHT,966,-0.06199032857739466
BRIGHT,967,0.04036916743697175
BRIGHT,968,-0.1111236990413951
BRIGHT,969,-0.084983340675694
BRIGHT,970,-0.04529647583920697
BRIGHT,971,-0.09246092022445818
BRIGHT,972,0.07531966105204453
BRIGHT,973,-0.049163641545054246
BRIGHT,974,-0.08202415367206288
BRIGHT,975,0.007755744072152145
BRIGHT,976,0.030475402257246247
BRIGHT,977,0.11772380046376242
BRIGHT,978,0.07389977558927108
BRIGHT,979,0.049887626907919334
BRIGHT,980,-0.01680564848400903
BRIGHT,981,-0.023809094250444984
BRIGHT,982,0.01044094986442027
BRIGHT,983,-0.031757298513449314
BRIGHT,984,0.06649804287974857
BRIGHT,985,-0.1148309030075834
BRIGHT,986,-0.03383282535052159
BRIGHT,987,-0.024058747644549718
BRIGHT,988,-0.011766893631708773
BRIGHT,989,-0.048613017998323
BRIGHT,990,-0.037958320835952034
BRIGHT,991,-0.07677178232578197
BRIGHT,992,-0.1509332485030585
BRIGHT,993,-0.023305114454519167
BRIGHT,994,-0.10831477801228315
BRIGHT,995,-0.03103903657946301
BRIGHT,996,-0.051282839297112484
BRIGHT,997,0.03081675189964109
BRIGHT,998,-0.1376610149547585
BRIGHT,999,-0.08769111522949301
BRIGHT,1000,-0.06620893522470533
BRIGHT,1001,0.1012230579362445
BRIGHT,1002,0.09626728808558178
BRIGHT,1003,-0.07596793961020255
BRIGHT,1004,-0.006192124026409236
BRIGHT,1005,-0.05392676212341361
BRIGHT,1006,-0.034312038479643446
BRIGHT,1007,-0.03253150786267054
BRIGHT,1008,0.04031407297414555
BRIGHT,1009,0.01058540428576202
BRIGHT,1010,-0.005990866778188046
BRIGHT,1011,0.07808075241707746
BRIGHT,1012,0.014274728631038174
BRIGHT,1013,0.08668989207828569
BRIGHT,1014,0.04498322720141874
BRIGHT,1015,0.00926258450966608
BRIGHT,1016,0.0405937973108999
BRIGHT,1017,0.04173567396658757
BRIGHT,1018,0.03181229553072592
BRIGHT,1019,-0.03316518808376388
BRIGHT,1020,-0.03299792672856088
BRIGHT,1021,0.01704773552679472
BRIGHT,1022,0.056809674574469005
BRIGHT,1023,-0.016919227202407298
BRIGHT,1024,-0.01604309525744404
BRIGHT,1025,0.0012108956514598236
BRIGHT,1026,0.02372904669686554
BRIGHT,1027,0.00012848346694461005
BRIGHT,1028,0.04334894148639129
BRIGHT,1029,0.029583907359379928
BRIGHT,1030,-0.06948104487406037
BRIGHT,1031,0.07902349151772886
BRIGHT,1032,-0.05861633704126266
BRIGHT,1033,0.02409707201685143
BRIGHT,1034,-0.04979020537612925
BRIGHT,1035,-0.07462767854352785
BRIGHT,1036,-0.09371558618946678
BRIGHT,1037,0.030164183364387316
BRIGHT,1038,0.03951553892987466
BRIGHT,1039,-0.1267844398417518
BRIGHT,1040,-0.009975557607346712
BRIGHT,1041,-0.0237943512567993
BRIGHT,1042,0.015813052238326093
BRIGHT,1043,-0.06353265768045516
BRIGHT,1044,-0.07802247382396145
BRIGHT,1045,0.029708385429841958
BRIGHT,1046,0.018138524340238105
BRIGHT,1047,-0.1440021937462448
BRIGHT,1048,0.013259914306953651
BRIGHT,1049,0.01875308135860153
BRIGHT,1050,-0.03323890260913626
BRIGHT,1051,-0.023487407396046885
BRIGHT,1052,-0.009841636616382621
BRIGHT,1053,0.02146841955221616
BRIGHT,1054,0.00635104973467815
BRIGHT,1055,-0.03129580551032525
BRIGHT,1056,0.09429440586557429
BRIGHT,1057,-0.06867252949559206
BRIGHT,1058,-0.17433749458483735
BRIGHT,1059,-0.0798886366157065
BRIGHT,1060,0.05898366568126497
BRIGHT,1061,0.00705219167874019
BRIGHT,1062,0.0012974398015605344
BRIGHT,1063,0.06415210721266865
BRIGHT,1064,-0.05872178145767497
BRIGHT,1065,0.06063936810266126
BRIGHT,1066,0.017900037930835323
BRIGHT,1067,0.10162006646987404
BRIGHT,1068,0.05000676633990926
BRIGHT,1069,0.03411094238920052
BRIGHT,1070,0.013752070937467258
BRIGHT,1071,0.008055480677028977
BRIGHT,1072,0.029998787459357464
BRIGHT,1073,-0.03464395022973269
BRIGHT,1074,-0.06079730216800994
BRIGHT,1075,-0.06331805319430396
BRIGHT,1076,0.020393041878264566
BRIGHT,1077,-0.1214617782783335
BRIGHT,1078,0.06282328346802059
BRIGHT,1079,0.018709734635069458
BRIGHT,1080,-0.0042142726256200105
BRIGHT,1081,0.00320117141648182
BRIGHT,1082,0.03310762843456507
BRIGHT,1083,0.025187891511401793
BRIGHT,1084,0.030090297663603074
BRIGHT,1085,0.07922532185061092
BRIGHT,1086,-0.0469931529706101
BRIGHT,1087,0.028899854374237813
BRIGHT,1088,-0.10142568878005935
BRIGHT,1089,0.00634622886185549
BRIGHT,1090,-0.05940131507485583
BRIGHT,1091,-0.0009967301030940905
BRIGHT,1092,-0.0765471331724983
BRIGHT,1093,0.019884952933518673
BRIGHT,1094,-0.07166446970410525
BRIGHT,1095,0.05646074990612786
BRIGHT,1096,0.03973347507326552
BRIGHT,1097,0.008882035986678702
BRIGHT,1098,0.075385308859956
BRIGHT,1099,0.0367739962925205
BRIGHT,1100,-0.06673497282422484
BRIGHT,1101,-0.16785287307314925
BRIGHT,1102,-0.003646817050021809
BRIGHT,1103,-0.014884366423699186
BRIGHT,1104,0.006241619035262566
BRIGHT,1105,0.04118427534044174
BRIGHT,1106,-0.05145600706149067
BRIGHT,1107,0.03249492928884205
BRIGHT,1108,-0.073127640212517
BRIGHT,1109,-0.01575659493059351
BRIGHT,1110,0.02668763578108
BRIGHT,1111,0.10054915925414078
BRIGHT,1112,-0.04547892576464547
BRIGHT,1113,0.0758620625674121
BRIGHT,1114,0.060105585140718946
BRIGHT,1115,-0.06957528021502744
BRIGHT,1116,0.03510617678235669
BRIGHT,1117,-0.016923359684198554
BRIGHT,1118,-0.015748307029022007
BRIGHT,1119,-0.046619021876796805
BRIGHT,1120,-0.058394748209876085
BRIGHT,1121,-0.035562230244005774
BRIGHT,1122,0.026031635303014812
BRIGHT,1123,0.09593274457891662
BRIGHT,1124,0.013290926011659161
BRIGHT,1125,0.07982929228698107
BRIGHT,1126,0.005404797441203385
BRIGHT,1127,-0.0044256082764939616
BRIGHT,1128,0.16694569240958615
BRIGHT,1129,-0.013552394786297273
BRIGHT,1130,0.03291138220349948
BRIGHT,1131,0.0573963920299927
BRIGHT,1132,0.0016164645879714575
BRIGHT,1133,0.03468369647065658
BRIGHT,1134,-0.07103727261728292
BRIGHT,1135,-0.05894676154449428
BRIGHT,1136,-0.024509451311216752
BRIGHT,1137,0.06792369401815876
BRIGHT,1138,-0.030567353689685314
BRIGHT,1139,-0.011859524675924242
BRIGHT,1140,-0.005430957958503349
BRIGHT,1141,-0.05163418046407351
BRIGHT,1142,-0.025352388865702884
BRIGHT,1143,-0.04892661227089135
BRIGHT,1144,-0.10440211259962537
BRIGHT,1145,-0.049948294626407916
BRIGHT,1146,-0.01251202353343397
BRIGHT,1147,-0.03360991158750392
BRIGHT,1148,0.013108737043753994
BRIGHT,1149,-0.04479083952553213
BRIGHT,1150,-0.0482010408661781
BRIGHT,1151,0.024743248113577414
BRIGHT,1152,-0.05208622973898231
BRIGHT,1153,-0.027461918736156003
BRIGHT,1154,0.08354474235903404
BRIGHT,1155,-0.032886139360675304
BRIGHT,1156,0.08232798322147196
BRIGHT,1157,0.02291500017269434
BRIGHT,1158,-0.12022554527205496
BRIGHT,1159,0.007232052060864369
BRIGHT,1160,-0.019350831979342644
BRIGHT,1161,-0.06407916924651741
BRIGHT,1162,-0.014631281683272688
BRIGHT,1163,0.021732829799758168
BRIGHT,1164,0.061830767433187356
BRIGHT,1165,-0.002330090845824602
BRIGHT,1166,0.002623563217392594
BRIGHT,1167,-0.06619982983201973
BRIGHT,1168,0.03595115509638664
BRIGHT,1169,0.09873448381122786
BRIGHT,1170,-0.025142652802698742
BRIGHT,1171,-0.027440491896300948
BRIGHT,1172,-0.0695562765970969
BRIGHT,1173,0.022382594332668742
BRIGHT,1174,-0.036471604870436124
BRIGHT,1175,-0.12779982059368916
BRIGHT,1176,-0.01920366492515746
BRIGHT,1177,0.08833108316630685
BRIGHT,1178,-0.18662113115774914
BRIGHT,1179,-0.03618671708578577
BRIGHT,1180,0.009312385439806035
BRIGHT,1181,-0.02634004283645213
BRIGHT,1182,0.016802365501759158
BRIGHT,1183,-0.005207036726213089
BRIGHT,1184,-0.040202158407409955
BRIGHT,1185,-0.006634248964952017
BRIGHT,1186,0.060515499127545606
BRIGHT,1187,-0.07897364005028754
BRIGHT,1188,-0.10051843514216946
BRIGHT,1189,0.015296661221116776
BRIGHT,1190,0.051947022999575695
BRIGHT,1191,0.08996702346337436
BRIGHT,1192,0.06137396204265887
BRIGHT,1193,-0.042461410660609836
BRIGHT,1194,0.02052607070531146
BRIGHT,1195,-0.07398044196366751
BRIGHT,1196,-0.07480121494313505
BRIGHT,1197,0.026176961063842888
BRIGHT,1198,0.02525374188163477
BRIGHT,1199,-0.10230227149173488
BRIGHT,1200,-0.03816947880696116
BRIGHT,1201,-0.007199376702896982
BRIGHT,1202,0.0911192884741455
BRIGHT,1203,-0.07018142871142002
BRIGHT,1204,0.003316335807741666
BRIGHT,1205,-0.06436177744731973
BRIGHT,1206,-0.05246287100671878
BRIGHT,1207,0.048327207256397164
BRIGHT,1208,0.05943862841500405
BRIGHT,1209,0.010606647391016239
BRIGHT,1210,0.013833861196176979
BRIGHT,1211,-0.12013385620512243
BRIGHT,1212,-0.06853510711379432
BRIGHT,1213,-0.06272820435596461
BRIGHT,1214,-0.09486170132265125
BRIGHT,1215,0.08719845028687417
BRIGHT,1216,0.036413202254026625
BRIGHT,1217,-0.04628612765661238
BRIGHT,1218,0.0920833623429237
BRIGHT,1219,-0.09653505971483588
BRIGHT,1220,0.05077380464875501
BRIGHT,1221,0.035291683498516205
BRIGHT,1222,0.07767750996594758
BRIGHT,1223,-0.045745611867170174
BRIGHT,1224,0.04281664065199978
BRIGHT,1225,-0.09764005655515731
BRIGHT,1226,-0.011162062197752056
BRIGHT,1227,0.07241594742860702
BRIGHT,1228,0.05186562644982027
BRIGHT,1229,0.05451817253073009
BRIGHT,1230,0.005133157204119424
BRIGHT,1231,0.05040187576013903
BRIGHT,1232,0.013626373208667393
BRIGHT,1233,-0.023249113364067656
BRIGHT,1234,0.030387893001872134
BRIGHT,1235,0.05667875813030971
BRIGHT,1236,0.0656030417017437
BRIGHT,1237,0.029495707399768506
BRIGHT,1238,-0.05116178027813526
BRIGHT,1239,0.019057705694964858
BRIGHT,1240,-0.035868247218903526
BRIGHT,1241,-0.07888208774716628
BRIGHT,1242,0.06712641997482126
BRIGHT,1243,-0.03029175777275509
BRIGHT,1244,0.0004349280045749861
BRIGHT,1245,0.021694606785480245
BRIGHT,1246,-0.07296872083922615
BRIGHT,1247,-0.08199113590923394
BRIGHT,1248,-0.12273611670356945
BRIGHT,1249,-0.08763003893039285
BRIGHT,1250,0.03311443561550285
BRIGHT,1251,-0.020307718489622633
BRIGHT,1252,-0.09486163215153719
BRIGHT,1253,-0.03170211981411456
BRIGHT,1254,-0.07079008736821317
BRIGHT,1255,-0.02110943110186762
BRIGHT,1256,-0.01490741155846488
BRIGHT,1257,-0.02153949352697915
BRIGHT,1258,0.005157783498334735
BRIGHT,1259,-0.04320627462425417
BRIGHT,1260,-0.07428568280271652
BRIGHT,1261,0.0019270148351803328
BRIGHT,1262,-0.0017096070620759875
BRIGHT,1263,0.08423588019274915
BRIGHT,1264,0.06891759121009448
BRIGHT,1265,0.13084747041130895
BRIGHT,1266,-0.0985244020547062
BRIGHT,1267,0.0819353060535568
BRIGHT,1268,-0.050016104387497214
BRIGHT,1269,0.09011262299557121
BRIGHT,1270,-0.08733503903238365
BRIGHT,1271,0.10097005399706617
BRIGHT,1272,0.11515755386021731
BRIGHT,1273,-0.06932375727724256
BRIGHT,1274,-0.05816388161396463
BRIGHT,1275,0.01725377069826101
BRIGHT,1276,0.04146565676502332
BRIGHT,1277,-0.04164066729784317
BRIGHT,1278,-0.04053007189953533
BRIGHT,1279,-0.06413219632673693
BRIGHT,1280,0.04419772792718821
BRIGHT,1281,-0.029547833435954053
BRIGHT,1282,0.010340256020775072
BRIGHT,1283,0.014712743205307875
BRIGHT,1284,0.06219543105851254
BRIGHT,1285,-0.12350540716624595
BRIGHT,1286,0.00605589983733195
BRIGHT,1287,-0.11128991199641382
BRIGHT,1288,-0.05064072508513416
BRIGHT,1289,-0.0031669941533446753
BRIGHT,1290,0.07465919127571838
BRIGHT,1291,-0.001123473394654727
BRIGHT,1292,-0.06819708962256318
BRIGHT,1293,-0.03386716716406136
BRIGHT,1294,-0.09517983238993538
BRIGHT,1295,-0.11061482427669402
BRIGHT,1296,-0.14398199264544206
BRIGHT,1297,-0.028149775889762953
BRIGHT,1298,-0.036536009548740755
BRIGHT,1299,-0.028447761344131014
BRIGHT,1300,-0.02971223831940929
BRIGHT,1301,-0.0024247941994885763
BRIGHT,1302,0.016957997392584252
BRIGHT,1303,0.08198101127851819
BRIGHT,1304,0.021774860000390785
BRIGHT,1305,0.03141774248166767
BRIGHT,1306,0.0667935709993337
BRIGHT,1307,0.005483136020370579
BRIGHT,1308,0.14606561242848026
BRIGHT,1309,-0.0456164826759681
BRIGHT,1310,-0.018998843007381777
BRIGHT,1311,-0.026166148444134174
BRIGHT,1312,-0.012693317274738101
BRIGHT,1313,-0.015174132759875955
BRIGHT,1314,0.04137395839210843
BRIGHT,1315,-0.06105218699604817
BRIGHT,1316,0.055575564343139726
BRIGHT,1317,-0.02075946843259727
BRIGHT,1318,0.024614977638821735
BRIGHT,1319,0.036482528448817206
BRIGHT,1320,-0.08838994013588776
BRIGHT,1321,-0.0653084339935711
BRIGHT,1322,-0.01860975814493125
BRIGHT,1323,0.023863842099496237
BRIGHT,1324,-0.014166560343262977
BRIGHT,1325,-0.053715735733724866
BRIGHT,1326,-0.006279276477946308
BRIGHT,1327,-0.07901922934814261
BRIGHT,1328,-0.013793045745801756
BRIGHT,1329,-0.05832212357323871
BRIGHT,1330,0.055108505365368744
BRIGHT,1331,0.028265261796504054
BRIGHT,1332,-0.011437618165608026
BRIGHT,1333,-0.06972698457882721
BRIGHT,1334,-0.16270048191172842
BRIGHT,1335,0.042602541494759935
BRIGHT,1336,0.08393352092499043
BRIGHT,1337,0.03458328199202021
BRIGHT,1338,-0.020784090842517974
BRIGHT,1339,-0.05938272604408971
BRIGHT,1340,0.09765606612513594
BRIGHT,1341,-0.022618171433070666
BRIGHT,1342,-0.012959890392128153
BRIGHT,1343,0.016443974733590556
BRIGHT,1344,-0.04664841666714251
BRIGHT,1345,-0.02631413845335087
BRIGHT,1346,-0.12034256456616904
BRIGHT,1347,-0.07717432118488951
BRIGHT,1348,-0.023136836094724382
BRIGHT,1349,0.009207655724462725
BRIGHT,1350,0.035865388055201064
BRIGHT,1351,-0.02508920341176706
BRIGHT,1352,0.02341496360817013
BRIGHT,1353,0.0016914245914201912
BRIGHT,1354,0.07885734666178273
BRIGHT,1355,-0.006419994284968582
BRIGHT,1356,0.07698576254115973
BRIGHT,1357,0.008883494216487996
BRIGHT,1358,-0.061060999880283705
BRIGHT,1359,0.013079958783091714
BRIGHT,1360,0.002091437466188688
BRIGHT,1361,-0.04075518932313034
BRIGHT,1362,-0.03985877406960047
BRIGHT,1363,-0.0335911605362826
BRIGHT,1364,0.003275788253111905
BRIGHT,1365,-0.04500970340070284
BRIGHT,1366,-0.0788653180715865
BRIGHT,1367,0.03247929553620577
BRIGHT,1368,-0.03848279350763849
BRIGHT,1369,-0.05956167926439867
BRIGHT,1370,-0.06880124865655354
BRIGHT,1371,0.011860477526541485
BRIGHT,1372,0.15234575449368434
BRIGHT,1373,-0.04414347515271822
BRIGHT,1374,0.03659867261591446
BRIGHT,1375,0.002417191981669059
BRIGHT,1376,-0.005263449365947498
BRIGHT,1377,-0.008243298195934223
BRIGHT,1378,0.005184873896283358
BRIGHT,1379,0.094399849675932
BRIGHT,1380,0.06388094255047624
BRIGHT,1381,0.10095628852770316
BRIGHT,1382,0.02440516189334793
BRIGHT,1383,0.03163564822041734
BRIGHT,1384,0.005972943939049103
BRIGHT,1385,0.010846119926353523
BRIGHT,1386,-0.17773556749492664
BRIGHT,1387,0.02142386039045166
BRIGHT,1388,-0.0781058509202122
BRIGHT,1389,0.16231437183707517
BRIGHT,1390,-0.08192725512259169
BRIGHT,1391,-0.10555642328624225
BRIGHT,1392,-0.015926493941395656
BRIGHT,1393,-0.0126749357800184
BRIGHT,1394,-0.15584102858513568
BRIGHT,1395,0.009846101959717279
BRIGHT,1396,-0.11015329238887053
BRIGHT,1397,-0.12064186520301039
BRIGHT,1398,0.04704991507700645
BRIGHT,1399,-0.09199823140938992
BRIGHT,1400,0.07496160821954219
BRIGHT,1401,0.012665543488502276
BRIGHT,1402,0.07172315269156354
BRIGHT,1403,-0.08029195491630581
BRIGHT,1404,0.016266984257878876
BRIGHT,1405,0.007036588452295064
BRIGHT,1406,-0.04902100478191802
BRIGHT,1407,-0.011739314247889761
BRIGHT,1408,-0.057448202226198904
BRIGHT,1409,-0.019487865597570875
BRIGHT,1410,0.052810925222729815
BRIGHT,1411,-0.04617151177197781
BRIGHT,1412,0.07850259733444408
BRIGHT,1413,0.03907814361295619
BRIGHT,1414,0.033245446482893
BRIGHT,1415,-0.0246159558761453
BRIGHT,1416,0.005120369620050321
BRIGHT,1417,-0.06164526036581658
BRIGHT,1418,0.09447868706138926
BRIGHT,1419,-0.02064976548132053
BRIGHT,1420,0.03407577686425029
BRIGHT,1421,-0.013565010995095071
BRIGHT,1422,-0.08291543601451451
BRIGHT,1423,0.06160476386913701
BRIGHT,1424,0.0174660045288916
BRIGHT,1425,-0.019582715865845684
BRIGHT,1426,0.012324892364396201
BRIGHT,1427,0.04340656787891792
BRIGHT,1428,-0.015205480300670834
BRIGHT,1429,0.059152591225734984
BRIGHT,1430,0.012099946401046958
BRIGHT,1431,0.03143105794570224
BRIGHT,1432,0.001215840412401487
BRIGHT,1433,-0.01797573999389383
BRIGHT,1434,-0.08259013291057556
BRIGHT,1435,-0.11990004403824468
BRIGHT,1436,-0.04232725731836942
BRIGHT,1437,0.04679790988823602
BRIGHT,1438,-0.0512754532229243
BRIGHT,1439,0.005004219525444956
BRIGHT,1440,-0.05484745846253719
BRIGHT,1441,-0.0419507658103202
BRIGHT,1442,-0.10704789146300141
BRIGHT,1443,-0.0961411421335406
BRIGHT,1444,-0.10711510866175471
BRIGHT,1445,0.010122557335513165
BRIGHT,1446,-0.06307128998227295
BRIGHT,1447,0.03663733174762242
BRIGHT,1448,-0.08345283940221061
BRIGHT,1449,0.14051721480167803
BRIGHT,1450,-0.02259124403069298
BRIGHT,1451,-0.058808049344752956
BRIGHT,1452,-0.04352047494875572
BRIGHT,1453,0.0040613768476708756
BRIGHT,1454,0.021309680806330587
BRIGHT,1455,-0.03348794333631069
BRIGHT,1456,0.09084528910841001
BRIGHT,1457,-0.07788880195392703
BRIGHT,1458,0.06281791216043901
BRIGHT,1459,0.13612579377666945
BRIGHT,1460,-0.046661109084413434
BRIGHT,1461,-0.09901695089832326
BRIGHT,1462,-0.015605225188079188
BRIGHT,1463,-0.10385993849424288
BRIGHT,1464,-0.031158882948084526
BRIGHT,1465,-0.051349281000374565
BRIGHT,1466,0.03865271116753253
BRIGHT,1467,-0.05519402410463126
BRIGHT,1468,0.04811517000277021
BRIGHT,1469,0.039527776588488765
BRIGHT,1470,-0.02375472596211526
BRIGHT,1471,-0.09333143540943545
BRIGHT,1472,0.003307132183459938
BRIGHT,1473,-0.05055379912271846
BRIGHT,1474,-0.020659067261571396
BRIGHT,1475,-0.06038885489720549
BRIGHT,1476,0.027766898739705108
BRIGHT,1477,-0.07072704013907871
BRIGHT,1478,-0.03146077972622091
BRIGHT,1479,0.13917451173312398
BRIGHT,1480,-0.12396737285070009
BRIGHT,1481,-0.025611876271903505
BRIGHT,1482,-0.003923138310090586
BRIGHT,1483,-0.006290910830518849
BRIGHT,1484,0.021677680389548988
BRIGHT,1485,0.05262651716894161
BRIGHT,1486,0.07226511636965106
BRIGHT,1487,-0.10303649372717871
BRIGHT,1488,-0.012749120049836792
BRIGHT,1489,0.00456735137239855
BRIGHT,1490,0.12003590076809308
BRIGHT,1491,0.20893750068158465
BRIGHT,1492,-0.028644721585109525
BRIGHT,1493,-0.03912054179111835
BRIGHT,1494,0.02595891053882751
BRIGHT,1495,-0.07831457367196758
BRIGHT,1496,0.05518631047667674
BRIGHT,1497,-0.08859483150891179
BRIGHT,1498,-0.08051622079523756
BRIGHT,1499,-0.05158085102845311
BRIGHT,1500,-0.052869975031194165
BRIGHT,1501,-0.0003934316093920787
BRIGHT,1502,-0.09654996082993884
BRIGHT,1503,-0.042799592556493106
BRIGHT,1504,0.03238739510563134
BRIGHT,1505,-0.006046365086806871
BRIGHT,1506,-0.08945477705463435
BRIGHT,1507,0.010133209844005406
BRIGHT,1508,-0.18218833430245424
BRIGHT,1509,0.06988883130866132
BRIGHT,1510,-0.11619761780577106
BRIGHT,1511,-0.052491635185046265
BRIGHT,1512,0.02722895888364753
BRIGHT,1513,0.0126612640255765
BRIGHT,1514,0.04043051181536435
BRIGHT,1515,0.0005217070885409872
BRIGHT,1516,-0.05475903514049191
BRIGHT,1517,-0.05404886676524094
BRIGHT,1518,0.08305837509149742
BRIGHT,1519,0.012853183604564576
BRIGHT,1520,-0.14762504933164636
BRIGHT,1521,0.10597786601968072
BRIGHT,1522,-0.0035769772638388816
BRIGHT,1523,0.0020421313715110662
BRIGHT,1524,-0.03473854634880625
BRIGHT,1525,-0.062350762443709185
BRIGHT,1526,0.02929820176787445
BRIGHT,1527,0.0027669367633535156
BRIGHT,1528,-0.08929060322108803
BRIGHT,1529,0.006124407166131014
BRIGHT,1530,0.047469330337130834
BRIGHT,1531,0.1215581311171874
BRIGHT,1532,0.01887800166946597
BRIGHT,1533,-0.012134825903735784
BRIGHT,1534,7.472595513798316e-05
BRIGHT,1535,-0.011746799760587042
BRIGHT,1536,-0.030706508447671425
BRIGHT,1537,-0.07340597796452679
BRIGHT,1538,-0.002153447158224711
BRIGHT,1539,-0.12902359964782176
BRIGHT,1540,-0.028685847058935194
BRIGHT,1541,0.0339483768844191
BRIGHT,1542,-0.06353311306564305
BRIGHT,1543,-0.028410196434282192
BRIGHT,1544,0.011571488487744672
BRIGHT,1545,0.030545088457921858
BRIGHT,1546,-0.12150906847496287
BRIGHT,1547,-0.06043981527088191
BRIGHT,1548,0.05283783912729945
BRIGHT,1549,-0.1343943257676679
BRIGHT,1550,0.1189602091710907
BRIGHT,1551,-0.008276707402540464
BRIGHT,1552,-0.0017388682148294526
BRIGHT,1553,-0.039231569576979625
BRIGHT,1554,0.028809727588542562
BRIGHT,1555,0.07875863439828897
BRIGHT,1556,-0.026116304620852335
BRIGHT,1557,-0.03913751206503889
BRIGHT,1558,-0.118239852161526
BRIGHT,1559,0.08589789031992465
BRIGHT,1560,-0.00866444691327278
BRIGHT,1561,-0.02038271406810759
BRIGHT,1562,-0.037869792309065446
BRIGHT,1563,-0.03682308283332406
BRIGHT,1564,-0.0384986818331658
BRIGHT,1565,0.06593684123538648
BRIGHT,1566,0.07618205587354626
BRIGHT,1567,-0.0045609637675313106
BRIGHT,1568,0.096489491242798
BRIGHT,1569,-0.0811241530238018
BRIGHT,1570,-0.12940978722172577
BRIGHT,1571,0.027013907602956713
BRIGHT,1572,-0.05181225531192903
BRIGHT,1573,0.009146900587252602
BRIGHT,1574,0.07375278172361452
BRIGHT,1575,0.03575125765607999
BRIGHT,1576,0.09596111253141847
BRIGHT,1577,-0.027155439542304028
BRIGHT,1578,0.004667239541987251
BRIGHT,1579,-0.017617983121417248
BRIGHT,1580,0.0004933847476876189
BRIGHT,1581,-0.046180232890672065
BRIGHT,1582,-0.1025803308903181
BRIGHT,1583,0.06961004845684576
BRIGHT,1584,-0.03230723503333791
BRIGHT,1585,-0.018009955291452013
BRIGHT,1586,0.00012817117623941128
BRIGHT,1587,0.0002851704268362043
BRIGHT,1588,0.01612454219483208
BRIGHT,1589,0.01016828886316932
BRIGHT,1590,-0.06948044931725453
BRIGHT,1591,0.005802792344674205
BRIGHT,1592,-0.09046938847455531
BRIGHT,1593,0.06864333058801109
BRIGHT,1594,-0.049995844527144215
BRIGHT,1595,0.10502997865001956
BRIGHT,1596,-0.02559698929993079
BRIGHT,1597,0.007938741009873818
BRIGHT,1598,0.11498330656470476
BRIGHT,1599,-0.09504008965684677
BRIGHT,1600,-0.06740821851282583
BRIGHT,1601,0.01891631645801459
BRIGHT,1602,-0.1328604322531297
BRIGHT,1603,0.006174225902640405
BRIGHT,1604,-0.14846242979851038
BRIGHT,1605,0.041219900559924534
BRIGHT,1606,-0.06865099046605752
BRIGHT,1607,-0.04692474520454907
BRIGHT,1608,-0.06373646779860952
BRIGHT,1609,0.003150117001913903
BRIGHT,1610,-0.057322763008944344
BRIGHT,1611,0.07086501580871953
BRIGHT,1612,-0.12238871276026803
BRIGHT,1613,-0.011620585984009352
BRIGHT,1614,0.09384962767462647
BRIGHT,1615,0.020362224981630015
BRIGHT,1616,0.024483094322321382
BRIGHT,1617,0.02951147335180057
BRIGHT,1618,-0.05797662071209621
BRIGHT,1619,0.08988238226875059
BRIGHT,1620,-0.04392620715754858
BRIGHT,1621,0.07545089207509023
BRIGHT,1622,0.1422034709770707
BRIGHT,1623,-0.07175915446758022
BRIGHT,1624,-0.05554725719556532
BRIGHT,1625,-0.040785581202677806
BRIGHT,1626,0.05885085687846979
BRIGHT,1627,-0.06302286676963136
BRIGHT,1628,-0.04219590663714548
BRIGHT,1629,0.005442312265298551
BRIGHT,1630,-0.007407428999324681
BRIGHT,1631,-0.08298170631058932
BRIGHT,1632,0.014696302217496165
BRIGHT,1633,0.0748700757053491
BRIGHT,1634,-0.01902369857056061
BRIGHT,1635,-0.07354265245922088
BRIGHT,1636,0.05952197596541275
BRIGHT,1637,-0.08847289681762965
BRIGHT,1638,0.06319315871752346
BRIGHT,1639,0.018624811626650875
BRIGHT,1640,0.02411757523739922
BRIGHT,1641,-0.03542848031793282
BRIGHT,1642,0.021217672085155473
BRIGHT,1643,-0.07248008068008678
BRIGHT,1644,-0.04706512493572899
BRIGHT,1645,-0.06436677833446804
BRIGHT,1646,0.00840501593844975
BRIGHT,1647,-0.06220155979860242
BRIGHT,1648,-0.08805500286655711
BRIGHT,1649,0.10802345401774549
BRIGHT,1650,-0.11649266196540463
BRIGHT,1651,-0.007980424232329251
BRIGHT,1652,-0.045272878626482015
BRIGHT,1653,-0.036263656966974527
BRIGHT,1654,-0.020403540161480913
BRIGHT,1655,-0.08709480137678687
BRIGHT,1656,-0.0650010385912769
BRIGHT,1657,0.05908952984673784
BRIGHT,1658,0.013293553115984564
BRIGHT,1659,-0.09398578041581515
BRIGHT,1660,0.03411692466008324
BRIGHT,1661,0.0723934479588509
BRIGHT,1662,-0.04245168040296689
BRIGHT,1663,-0.015364789259610174
BRIGHT,1664,-0.024364491773359986
BRIGHT,1665,-0.012712970205146421
BRIGHT,1666,-0.006414423719596112
BRIGHT,1667,0.024812194928863072
BRIGHT,1668,-0.05446865413513865
BRIGHT,1669,-0.09917792601061275
BRIGHT,1670,0.12216952833732435
BRIGHT,1671,0.02035343220733295
BRIGHT,1672,-0.02760638517961447
BRIGHT,1673,-0.0683474435334914
BRIGHT,1674,-0.09005965042085393
BRIGHT,1675,0.11216330277251062
BRIGHT,1676,0.050548258132559226
BRIGHT,1677,1.0514793410332417e-05
BRIGHT,1678,0.09767864649898775
BRIGHT,1679,0.004101036369104119
BRIGHT,1680,-0.044918881842310285
BRIGHT,1681,0.032556786683595476
BRIGHT,1682,-0.06896886439465817
BRIGHT,1683,0.07825344639396653
BRIGHT,1684,-0.019856580700982764
BRIGHT,1685,0.05903363681609685
BRIGHT,1686,-0.05113044881311722
BRIGHT,1687,0.043786296053238076
BRIGHT,1688,-0.02672778396602895
BRIGHT,1689,-0.09244777342609414
BRIGHT,1690,-0.008076737877864375
BRIGHT,1691,-0.016395883522018304
BRIGHT,1692,-0.0025673600661542824
BRIGHT,1693,-0.0015362499574248251
BRIGHT,1694,0.0151577145888719
BRIGHT,1695,0.03308975917923021
BRIGHT,1696,0.05079859142730747
BRIGHT,1697,0.0602096867712917
BRIGHT,1698,-0.006324515752331293
BRIGHT,1699,-0.07118187922018857
BRIGHT,1700,-0.024907313780091096
BRIGHT,1701,0.08700615174832055
BRIGHT,1702,0.007774122277529261
BRIGHT,1703,-0.04261357024981905
BRIGHT,1704,0.03943666885288984
BRIGHT,1705,-0.05012433354723303
BRIGHT,1706,-0.0942009555910894
BRIGHT,1707,-0.03618383820014063
BRIGHT,1708,0.15339203180863586
BRIGHT,1709,0.007951540650368535
BRIGHT,1710,0.021147919079281697
BRIGHT,1711,-0.012775270619215778
BRIGHT,1712,0.028723508669372018
BRIGHT,1713,-0.003871244821865156
BRIGHT,1714,-0.06349591527923025
BRIGHT,1715,0.04999835006945877
BRIGHT,1716,0.054198703877510974
BRIGHT,1717,-0.05823360652932785
BRIGHT,1718,-0.058062927901579894
BRIGHT,1719,0.0708303542474352
BRIGHT,1720,-0.19594644660091448
BRIGHT,1721,0.009886483688186844
BRIGHT,1722,0.052386726448085695
BRIGHT,1723,-0.12276880964839165
BRIGHT,1724,-0.03043186487520235
BRIGHT,1725,-0.016324828005889625
BRIGHT,1726,-0.035958500728118424
BRIGHT,1727,0.0001572929066654381
BRIGHT,1728,0.012722040242343666
BRIGHT,1729,-0.009253913774790824
BRIGHT,1730,0.08010988255997792
BRIGHT,1731,0.03903349396480015
BRIGHT,1732,-0.04412972029628546
BRIGHT,1733,0.0066264044724884995
BRIGHT,1734,0.02166724604436042
BRIGHT,1735,0.03151547422643963
BRIGHT,1736,0.034130581874231916
BRIGHT,1737,-0.015352446396236884
BRIGHT,1738,-0.006294188505864901
BRIGHT,1739,-0.05640515443630253
BRIGHT,1740,-0.031136980420185836
BRIGHT,1741,0.05319166288417349
BRIGHT,1742,0.001759923878818756
BRIGHT,1743,-0.05201698528985639
BRIGHT,1744,-0.02303176635536467
BRIGHT,1745,0.05253931451450148
BRIGHT,1746,0.08651857065903576
BRIGHT,1747,-0.00046774764116159405
BRIGHT,1748,-0.13011698638546038
BRIGHT,1749,-0.011351549108110212
BRIGHT,1750,-0.032028292535847804
BRIGHT,1751,-0.01672640641881322
BRIGHT,1752,-0.0807589632568108
BRIGHT,1753,-0.10532234891863182
BRIGHT,1754,0.028371124804536563
BRIGHT,1755,0.03971605198776445
BRIGHT,1756,-0.05582641948044576
BRIGHT,1757,-0.07991076836068227
BRIGHT,1758,-0.07398083534941755
BRIGHT,1759,0.1266839903537134
BRIGHT,1760,-0.06343776450092939
BRIGHT,1761,-0.06237973326024618
BRIGHT,1762,-0.019056450184241253
BRIGHT,1763,-0.002823600831117813
BRIGHT,1764,-0.03321601276856596
BRIGHT,1765,0.015350239670565861
BRIGHT,1766,-0.03274228903579531
BRIGHT,1767,-0.07714923850594582
BRIGHT,1768,-0.008234881680500468
BRIGHT,1769,0.07451687753720006
BRIGHT,1770,0.04595141351359286
BRIGHT,1771,-0.03716492962615545
BRIGHT,1772,0.022056068827001684
BRIGHT,1773,-0.013647517550537655
BRIGHT,1774,-0.06840559222937885
BRIGHT,1775,-0.12184086748185464
BRIGHT,1776,-0.04080950271604291
BRIGHT,1777,-0.02906328330220636
BRIGHT,1778,-0.042463864554804207
BRIGHT,1779,-0.11369354997786452
BRIGHT,1780,0.05766240219341173
BRIGHT,1781,0.0812907682640246
BRIGHT,1782,0.16214866126716512
BRIGHT,1783,-0.017795156588021388
BRIGHT,1784,0.0909757180791059
BRIGHT,1785,-0.028198991579199053
BRIGHT,1786,0.144041016947387
BRIGHT,1787,0.021290488742610796
BRIGHT,1788,0.021647438783322766
BRIGHT,1789,-0.032857200811155896
BRIGHT,1790,-0.07928643229459045
BRIGHT,1791,-0.11713229246827533
BRIGHT,1792,0.02346514016161747
BRIGHT,1793,0.004679699869952658
BRIGHT,1794,-0.005606183160776926
BRIGHT,1795,-0.021201627096148534
BRIGHT,1796,-0.0544461045319535
BRIGHT,1797,-0.007354478928645803
BRIGHT,1798,0.028506973604293655
BRIGHT,1799,-0.13729797179351824
BRIGHT,1800,-0.12177214064758347
BRIGHT,1801,0.00535073255226624
BRIGHT,1802,-0.019874554555220476
BRIGHT,1803,-0.04257228029276171
BRIGHT,1804,-0.02682313738736814
BRIGHT,1805,0.01878690786515007
BRIGHT,1806,-0.04186090827718054
BRIGHT,1807,-0.010415140458389158
BRIGHT,1808,-0.05055944194864484
BRIGHT,1809,0.03957376380735094
BRIGHT,1810,-0.010414289826850357
BRIGHT,1811,0.09096073977034977
BRIGHT,1812,-0.04533684657854787
BRIGHT,1813,0.029936459819714375
BRIGHT,1814,-0.021381010091266896
BRIGHT,1815,0.0226591493412503
BRIGHT,1816,0.031075757550361117
BRIGHT,1817,-0.00717008561429897
BRIGHT,1818,0.011782382622564482
BRIGHT,1819,-0.02661549357268969
BRIGHT,1820,-0.026678365813191093
BRIGHT,1821,-0.1573843890308948
BRIGHT,1822,-0.09512112898127198
BRIGHT,1823,0.006630630104050959
BRIGHT,1824,0.013482363764092122
BRIGHT,1825,0.08234420857867646
BRIGHT,1826,-0.023183065579135208
BRIGHT,1827,-0.11155367573597678
BRIGHT,1828,-0.08693579058247941
BRIGHT,1829,-0.1293194625520256
BRIGHT,1830,-0.02034968610872187
BRIGHT,1831,-0.11107702060173168
BRIGHT,1832,0.03682169080371482
BRIGHT,1833,-0.05987429755853328
BRIGHT,1834,-0.005851011175978565
BRIGHT,1835,0.09099862119360072
BRIGHT,1836,-0.04919809488680355
BRIGHT,1837,-0.04785999008970348
BRIGHT,1838,-0.16044848502317594
BRIGHT,1839,-0.07706321201018075
BRIGHT,1840,0.018152237281478672
BRIGHT,1841,-0.005174910000096273
BRIGHT,1842,0.07836772069895301
BRIGHT,1843,-0.005425045682215328
BRIGHT,1844,-0.09037676900800488
BRIGHT,1845,-0.012968693070880664
BRIGHT,1846,0.038671116194691185
BRIGHT,1847,0.08533198368151078
BRIGHT,1848,-0.10296670436772681
BRIGHT,1849,0.040719527464077275
BRIGHT,1850,-0.016409798509297743
BRIGHT,1851,-0.0764021033638021
BRIGHT,1852,-0.028563072367520745
BRIGHT,1853,-0.029481490239391856
BRIGHT,1854,-0.06024076892492831
BRIGHT,1855,0.020970019998967086
BRIGHT,1856,0.047815597056676463
BRIGHT,1857,-0.06590231342373494
BRIGHT,1858,-0.029085291321663927
BRIGHT,1859,0.083493278072558
BRIGHT,1860,-0.05313283789410345
BRIGHT,1861,0.08498765349944126
BRIGHT,1862,-0.04233336253710107
BRIGHT,1863,0.011625497341327649
BRIGHT,1864,0.007849861147470782
BRIGHT,1865,0.05574392739659832
BRIGHT,1866,-0.042076681641562294
BRIGHT,1867,0.059723262620317755
BRIGHT,1868,-0.026761551071268246
BRIGHT,1869,0.016499695499310237
BRIGHT,1870,0.026850854744271815
BRIGHT,1871,0.09494474445687753
BRIGHT,1872,0.0017312166824571987
BRIGHT,1873,0.02800355880235817
BRIGHT,1874,-0.022179833871366624
BRIGHT,1875,0.008777298670094962
BRIGHT,1876,0.05329528998473587
BRIGHT,1877,0.018160326439555823
BRIGHT,1878,-0.07376542721317632
BRIGHT,1879,0.056756103570220824
BRIGHT,1880,-0.0058260725304089215
BRIGHT,1881,-0.06800101324303331
BRIGHT,1882,0.02610404502693339
BRIGHT,1883,-0.09324852932089674
BRIGHT,1884,0.042761760897516904
BRIGHT,1885,0.0022172804327352425
BRIGHT,1886,0.05943222891563214
BRIGHT,1887,0.07575747455328556
BRIGHT,1888,-0.0479589772227145
BRIGHT,1889,0.019663943248855356
BRIGHT,1890,-0.002361644639256295
BRIGHT,1891,0.04131174029113329
BRIGHT,1892,-0.11865276443912011
BRIGHT,1893,0.010491403221419712
BRIGHT,1894,-0.005296129979193451
BRIGHT,1895,-0.023880332805415697
BRIGHT,1896,0.007940329000975202
BRIGHT,1897,-0.020245352617698362
BRIGHT,1898,-0.08612149424628146
BRIGHT,1899,0.07453955274427398
BRIGHT,1900,0.001074160049890149
BRIGHT,1901,-0.12344749645595207
BRIGHT,1902,0.07217746511982309
BRIGHT,1903,0.07805973947678256
BRIGHT,1904,0.01188264944556837
BRIGHT,1905,-0.08108437898101782
BRIGHT,1906,0.03809498259659143
BRIGHT,1907,0.10611126716471289
BRIGHT,1908,0.004511257698604843
BRIGHT,1909,0.1279864420961919
BRIGHT,1910,-0.07076996134632182
BRIGHT,1911,0.0002024464085403929
BRIGHT,1912,0.02080173141431477
BRIGHT,1913,0.13883743989705785
BRIGHT,1914,-0.021635765299206425
BRIGHT,1915,0.06260119943020734
BRIGHT,1916,-0.04249666415432557
BRIGHT,1917,-0.01342165426634161
BRIGHT,1918,-0.0706315830603707
BRIGHT,1919,-0.05125607887600006
BRIGHT,1920,-0.04784883156435113
BRIGHT,1921,-0.041245320518124386
BRIGHT,1922,-0.0826123574657613
BRIGHT,1923,0.14397728048334457
BRIGHT,1924,0.04271581679574432
BRIGHT,1925,0.03917160611056666
BRIGHT,1926,0.022598126585115924
BRIGHT,1927,0.07839775428958856
BRIGHT,1928,-0.04454291860913912
BRIGHT,1929,-0.03412971857297266
BRIGHT,1930,0.04509444389747256
BRIGHT,1931,-0.12331581169460841
BRIGHT,1932,0.028942475738601932
BRIGHT,1933,-0.039441534729252395
BRIGHT,1934,0.07055112957133534
BRIGHT,1935,0.017887538523962136
BRIGHT,1936,0.10664913349901808
BRIGHT,1937,0.014965339040613578
BRIGHT,1938,-0.07898755001032112
BRIGHT,1939,0.05104437567967791
BRIGHT,1940,-0.020253313064717716
BRIGHT,1941,0.011420965375162405
BRIGHT,1942,-0.013927412982747593
BRIGHT,1943,-0.10440578044724828
BRIGHT,1944,0.025417107248972077
BRIGHT,1945,0.09544997161180165
BRIGHT,1946,-0.004332856196822091
BRIGHT,1947,0.012814845351385874
BRIGHT,1948,0.053124304779431974
BRIGHT,1949,0.13660381293867846
BRIGHT,1950,0.04238012360924597
BRIGHT,1951,-0.03526291034969997
BRIGHT,1952,-0.030513444632655675
BRIGHT,1953,0.053342159139323705
BRIGHT,1954,0.011733810991594219
BRIGHT,1955,-0.14513324210577974
BRIGHT,1956,0.02003864353423189
BRIGHT,1957,-0.033442549314583674
BRIGHT,1958,-0.018145693225583133
BRIGHT,1959,-0.03290809061864187
BRIGHT,1960,0.10951894402988507
BRIGHT,1961,-0.07480826095391056
BRIGHT,1962,-0.05335598350251524
BRIGHT,1963,-0.11095788198114487
BRIGHT,1964,-0.0813748457691399
BRIGHT,1965,0.018305443419943085
BRIGHT,1966,0.023295380817041935
BRIGHT,1967,0.1351578949282146
BRIGHT,1968,-0.05424135683512578
BRIGHT,1969,-0.010086278870419425
BRIGHT,1970,-0.051388825043923086
BRIGHT,1971,-0.006365521005695233
BRIGHT,1972,-0.01544532324129219
BRIGHT,1973,-0.13046559940653712
BRIGHT,1974,0.055345014728231494
BRIGHT,1975,0.008053403384079836
BRIGHT,1976,0.07570017249240397
BRIGHT,1977,-0.07239810817766376
BRIGHT,1978,0.10015642696011554
BRIGHT,1979,0.07231709226428484
BRIGHT,1980,0.13909406034644425
BRIGHT,1981,0.023033121111783964
BRIGHT,1982,-0.06997191660142865
BRIGHT,1983,-0.1651781892117152
BRIGHT,1984,-0.04904598181402274
BRIGHT,1985,0.038431021217314516
BRIGHT,1986,0.04657919791071812
BRIGHT,1987,-0.051647821009662205
BRIGHT,1988,-0.023780666302598463
BRIGHT,1989,-0.07854660164431967
BRIGHT,1990,-0.04729842295132667
BRIGHT,1991,0.10503257604368486
BRIGHT,1992,0.07771477107367475
BRIGHT,1993,-0.14658059182189945
BRIGHT,1994,0.06904878298334514
BRIGHT,1995,-0.03774863662120513
BRIGHT,1996,0.0252359608161908
BRIGHT,1997,0.09689503320958805
BRIGHT,1998,0.18628895617990374
BRIGHT,1999,-0.0758945702150225
BRIGHT,2000,-0.017779632468645994
BRIGHT,2001,0.017311755983117724
BRIGHT,2002,0.060890342506283286
BRIGHT,2003,-0.05528927579953497
BRIGHT,2004,0.014153850508105244
BRIGHT,2005,0.04776126648303105
BRIGHT,2006,0.0009707481979857516
BRIGHT,2007,0.04845232661247663
BRIGHT,2008,-0.05801330954096991
BRIGHT,2009,0.016812160205688972
BRIGHT,2010,0.12468424339804413
BRIGHT,2011,-0.0033137988821587893
BRIGHT,2012,0.10153882698415176
BRIGHT,2013,0.05996289960864702
BRIGHT,2014,-0.05518863201118806
BRIGHT,2015,-0.08446974432061126
BRIGHT,2016,0.09945275060382366
BRIGHT,2017,-0.04577359165990872
BRIGHT,2018,-0.06521300159867058
BRIGHT,2019,0.0028102146770868316
BRIGHT,2020,-0.009974971376348112
BRIGHT,2021,-0.07784039792316026
BRIGHT,2022,-0.040586518152747914
BRIGHT,2023,-0.023024046969832998
BRIGHT,2024,0.09782740886465527
BRIGHT,2025,-0.0220801999011506
BRIGHT,2026,-0.00920116816522036
BRIGHT,2027,0.0963866506277267
BRIGHT,2028,-0.08387407525522846
BRIGHT,2029,0.057329826399869624
BRIGHT,2030,-0.04467565632623478
BRIGHT,2031,-0.022240868422348438
BRIGHT,2032,-0.032708045460333915
BRIGHT,2033,-0.06031396849793648
BRIGHT,2034,0.06022202264370628
BRIGHT,2035,0.07101372813357446
BRIGHT,2036,-0.010432811577377374
BRIGHT,2037,0.06425167505645513
BRIGHT,2038,-0.06725548607619548
BRIGHT,2039,-0.04156242362413362
BRIGHT,2040,-0.09757690462061026
BRIGHT,2041,0.025258123059925083
BRIGHT,2042,0.06261940627564758
BRIGHT,2043,0.036994769768069966
BRIGHT,2044,0.01723536675101224
BRIGHT,2045,0.06309017804232338
BRIGHT,2046,0.006860280985361612
BRIGHT,2047,-0.07234881715444152
BRIGHT,2048,-0.01793983808682938
BRIGHT,2049,0.0645183264003526
BRIGHT,2050,-0.013985435613879495
BRIGHT,2051,-0.06628846472890322
BRIGHT,2052,0.034517723260379544
BRIGHT,2053,0.0012234654297727599
BRIGHT,2054,-0.03871041010373958
BRIGHT,2055,-0.017216910611066453
BRIGHT,2056,0.034264334307514424
BRIGHT,2057,0.036766989076960785
BRIGHT,2058,0.007870774353768345
BRIGHT,2059,0.07252306523081575
BRIGHT,2060,0.03130151933451291
BRIGHT,2061,0.08666643227679147
BRIGHT,2062,0.030716454806724205
BRIGHT,2063,-0.004641393585226201
BRIGHT,2064,0.07521156204908348
BRIGHT,2065,-0.06054314874369553
BRIGHT,2066,-0.03973209945655728
BRIGHT,2067,-0.04486586564109234
BRIGHT,2068,-0.0018187085264129686
BRIGHT,2069,-0.11574069625246945
BRIGHT,2070,-0.03607768621956043
BRIGHT,2071,0.01932054461918099
BRIGHT,2072,0.028162839528934072
BRIGHT,2073,0.0315832807379962
BRIGHT,2074,0.009156932524841715
BRIGHT,2075,-0.05513580617838938
BRIGHT,2076,0.0087150773346452
BRIGHT,2077,0.03058585118785052
BRIGHT,2078,-0.007610275080425441
BRIGHT,2079,-0.050968208147109326
BRIGHT,2080,-0.11907869749061363
BRIGHT,2081,0.043912149199453
BRIGHT,2082,0.01848476537185706
BRIGHT,2083,0.0811956496690681
BRIGHT,2084,0.06795780807244446
BRIGHT,2085,0.023421710722380047
BRIGHT,2086,-0.0977650999980991
BRIGHT,2087,-0.135955991669845
BRIGHT,2088,0.12332060011670287
BRIGHT,2089,-0.0624614902952784
BRIGHT,2090,-0.04762338601366514
BRIGHT,2091,0.00951639799394703
BRIGHT,2092,-0.032750055106308906
BRIGHT,2093,-0.017123282869135063
BRIGHT,2094,-0.04112551681817097
BRIGHT,2095,0.09678924581194916
BRIGHT,2096,0.07922687424712976
BRIGHT,2097,0.062310719885699986
BRIGHT,2098,0.0438891718528892
BRIGHT,2099,0.08944341062295753
BRIGHT,2100,-0.026813208921900596
BRIGHT,2101,-0.013288818591643051
BRIGHT,2102,-0.13620464398940962
BRIGHT,2103,0.08186519114507913
BRIGHT,2104,-0.029901799900307644
BRIGHT,2105,0.09464988529616292
BRIGHT,2106,0.1675690628421322
BRIGHT,2107,-0.0036129352289643773
BRIGHT,2108,-0.17238259393349642
BRIGHT,2109,-0.1439750609034222
BRIGHT,2110,-0.06720151539377808
BRIGHT,2111,-0.12565746415071427
BRIGHT,2112,-0.01698265971953159
BRIGHT,2113,0.05313728706452001
BRIGHT,2114,0.06461329928510263
BRIGHT,2115,-0.04485746063565972
BRIGHT,2116,0.1038106766450942
BRIGHT,2117,0.10835567724658496
BRIGHT,2118,0.08993992357701627
BRIGHT,2119,0.024610396779074457
BRIGHT,2120,-0.12778642358670372
BRIGHT,2121,0.08411043149468253
BRIGHT,2122,0.030235191463694962
BRIGHT,2123,-0.0599373561897283
BRIGHT,2124,-0.1363514638636405
BRIGHT,2125,-0.02083999994419009
BRIGHT,2126,0.07391349218727646
BRIGHT,2127,0.029979725664417204
BRIGHT,2128,-0.1201913715038855
BRIGHT,2129,-0.0036230468244733876
BRIGHT,2130,0.033860557058993296
BRIGHT,2131,0.06246840093664475
BRIGHT,2132,0.023717509159310295
BRIGHT,2133,0.014800583522613604
BRIGHT,2134,0.018002703779527524
BRIGHT,2135,0.10243116982609105
BRIGHT,2136,0.006486356723643037
BRIGHT,2137,0.009987511048396567
BRIGHT,2138,-0.0636690405536561
BRIGHT,2139,-0.008111231925069838
BRIGHT,2140,0.0027718811564452083
BRIGHT,2141,0.08697890669955596
BRIGHT,2142,-0.02405842116869434
BRIGHT,2143,0.05556144631511154
BRIGHT,2144,-0.0862011609387483
BRIGHT,2145,-0.09605119799807026
BRIGHT,2146,-0.07704461814601732
BRIGHT,2147,0.021193228261134952
BRIGHT,2148,-0.05267146420113945
BRIGHT,2149,-0.13248636039286993
BRIGHT,2150,0.016006332051909915
BRIGHT,2151,-0.032356779522336725
BRIGHT,2152,0.031028831260540506
BRIGHT,2153,-0.08412154917713373
BRIGHT,2154,0.022267476815704103
BRIGHT,2155,-0.02286725580886586
BRIGHT,2156,0.1788022092860788
BRIGHT,2157,0.03031544218633681
BRIGHT,2158,-0.05301601426101166
BRIGHT,2159,0.004796571197850465
BRIGHT,2160,0.057593366062422775
BRIGHT,2161,0.037582907124312066
BRIGHT,2162,-0.16432898437086674
BRIGHT,2163,0.07434013211651024
BRIGHT,2164,-0.047333732578769806
BRIGHT,2165,0.0569013541430125
BRIGHT,2166,-0.09334230642504687
BRIGHT,2167,-0.036989664279135755
BRIGHT,2168,-0.0652124104634864
BRIGHT,2169,0.12193693651258773
BRIGHT,2170,0.007257714640704868
BRIGHT,2171,-0.05262250371872658
BRIGHT,2172,0.0023893191776472463
BRIGHT,2173,0.10366879894117428
BRIGHT,2174,0.022300753034545106
BRIGHT,2175,-0.049576901842407706
BRIGHT,2176,0.03595711147703307
BRIGHT,2177,-0.018686952638073764
BRIGHT,2178,-0.0853986522827833
BRIGHT,2179,0.0511584381715983
BRIGHT,2180,0.036094764225816776
BRIGHT,2181,-0.11631618943862629
BRIGHT,2182,-0.020220351998877183
BRIGHT,2183,0.022805934442933423
BRIGHT,2184,0.11874021103647857
BRIGHT,2185,0.014085649991719119
BRIGHT,2186,-0.07238628639001715
BRIGHT,2187,0.08744891274402987
BRIGHT,2188,-0.04008215490092134
BRIGHT,2189,-0.041764652682296885
BRIGHT,2190,-0.011461949914750939
BRIGHT,2191,0.046694783117744894
BRIGHT,2192,-0.03810977415685922
BRIGHT,2193,-0.039787643215194596
BRIGHT,2194,-0.0311685586164014
BRIGHT,2195,0.001708968716451212
BRIGHT,2196,0.0033046352683983858
BRIGHT,2197,-0.08289919051662271
BRIGHT,2198,0.09286052097071255
BRIGHT,2199,-0.169532327439177
BRIGHT,2200,-0.06659507846489761
BRIGHT,2201,0.03010600216792342
BRIGHT,2202,-0.05276034086335067
BRIGHT,2203,-0.0030871725814512483
BRIGHT,2204,-0.0631254077077923
BRIGHT,2205,0.1731067675802076
BRIGHT,2206,-0.16016447102929396
BRIGHT,2207,0.05826520936972294
BRIGHT,2208,-0.02822876310863306
BRIGHT,2209,0.04068142150765306
BRIGHT,2210,0.06371300187411903
BRIGHT,2211,-0.04397500115236095
BRIGHT,2212,-0.015487272102970299
BRIGHT,2213,0.0037943909305261187
BRIGHT,2214,0.03120343413989013
BRIGHT,2215,-0.03413967682297205
BRIGHT,2216,0.11919905799491358
BRIGHT,2217,0.06650472350346509
BRIGHT,2218,-0.0697165607014118
BRIGHT,2219,0.009592989200429246
BRIGHT,2220,-0.020737055245510918
BRIGHT,2221,-0.012198313110022094
BRIGHT,2222,0.007129568742748212
BRIGHT,2223,0.12404720939044055
BRIGHT,2224,-0.06259412811297463
BRIGHT,2225,0.0728311349022319
BRIGHT,2226,0.08625835115514942
BRIGHT,2227,-0.04762369598832537
BRIGHT,2228,0.01792362403377229
BRIGHT,2229,-0.03351415383406845
BRIGHT,2230,0.03723502746479537
BRIGHT,2231,0.06304211238350275
BRIGHT,2232,0.03822876108427046
BRIGHT,2233,0.06903567899189869
BRIGHT,2234,-0.02739864551640728
BRIGHT,2235,0.0802622032851776
BRIGHT,2236,-0.016296429128665902
BRIGHT,2237,-0.16224638750376563
BRIGHT,2238,-0.0350881998483255
BRIGHT,2239,0.024422863334533463
BRIGHT,2240,0.04300825002039261
BRIGHT,2241,-0.11030778501510319
BRIGHT,2242,-0.03470344065340876
BRIGHT,2243,0.05296790780098367
BRIGHT,2244,-0.06020544351809386
BRIGHT,2245,0.0879272712292196
BRIGHT,2246,0.06840343758111297
BRIGHT,2247,0.08328612625176614
BRIGHT,2248,-0.09000465678466661
BRIGHT,2249,-0.09666505520189941
BRIGHT,2250,-0.09535197429494947
BRIGHT,2251,0.14285672720005824
BRIGHT,2252,0.03296130892437829
BRIGHT,2253,0.059962549582881025
BRIGHT,2254,-0.13781173243781136
BRIGHT,2255,-0.060544113404791426
BRIGHT,2256,-0.011506925422358606
BRIGHT,2257,-0.08198978525706357
BRIGHT,2258,-0.07127049026658785
BRIGHT,2259,-0.03856336877584333
BRIGHT,2260,-0.0570246715634248
BRIGHT,2261,0.0571271998299157
BRIGHT,2262,-0.010464055469507193
BRIGHT,2263,0.04754365001987495
BRIGHT,2264,0.048302188034670124
BRIGHT,2265,-0.025797709445106207
BRIGHT,2266,0.08381602445310038
BRIGHT,2267,-0.010404952938670954
BRIGHT,2268,-0.05382809406335287
BRIGHT,2269,0.06352828368897553
BRIGHT,2270,0.056735477500338416
BRIGHT,2271,-0.16239323862098748
BRIGHT,2272,-0.08596449167614548
BRIGHT,2273,-0.08440132192158772
BRIGHT,2274,0.027196905317408426
BRIGHT,2275,0.011116877597590745
BRIGHT,2276,0.0431671619120886
BRIGHT,2277,-0.04394243918757529
BRIGHT,2278,-0.026406105747509807
BRIGHT,2279,-0.12250329044075005
BRIGHT,2280,-0.08599307436316889
BRIGHT,2281,-0.0022296526113387283
BRIGHT,2282,0.003919983082656422
BRIGHT,2283,0.01804898622541923
BRIGHT,2284,0.028001516849190583
BRIGHT,2285,-0.06630553565403006
BRIGHT,2286,0.012285968288336786
BRIGHT,2287,-0.09310497855087571
BRIGHT,2288,-0.0789774205597973
BRIGHT,2289,-0.07149365669082913
BRIGHT,2290,-0.024940811138870693
BRIGHT,2291,-0.11449779437616565
BRIGHT,2292,0.007191577346063585
BRIGHT,2293,0.01504755284213413
BRIGHT,2294,-0.024249748742998668
BRIGHT,2295,0.08920779692863919
BRIGHT,2296,0.09231269283302476
BRIGHT,2297,-0.05666013939971041
BRIGHT,2298,0.10857589865157778
BRIGHT,2299,0.019501839734502473
BRIGHT,2300,0.013134122101449677
BRIGHT,2301,-0.08147318847201611
BRIGHT,2302,-0.023396807307029664
BRIGHT,2303,0.04798909430271802
BRIGHT,2304,-0.11025129486049862
BRIGHT,2305,-0.0593105659128243
BRIGHT,2306,0.02174394973815721
BRIGHT,2307,-0.08833497478145293
BRIGHT,2308,-0.026765212952673166
BRIGHT,2309,0.002790987152085294
BRIGHT,2310,-0.12903913301270836
BRIGHT,2311,-0.08726547175469539
BRIGHT,2312,-0.008287591489819533
BRIGHT,2313,-0.0061140227260065095
BRIGHT,2314,0.08878174141408914
BRIGHT,2315,-0.013491901463700879
BRIGHT,2316,-0.11024338908423097
BRIGHT,2317,0.09368510503033477
BRIGHT,2318,-0.0718871326201827
BRIGHT,2319,-0.1967735985815821
BRIGHT,2320,0.021661992862816615
BRIGHT,2321,0.0022872238480918594
BRIGHT,2322,-0.11146188369028924
BRIGHT,2323,-0.028376019149437378
BRIGHT,2324,-0.013304515207059582
BRIGHT,2325,0.06293005833694107
BRIGHT,2326,-0.039878338305843364
BRIGHT,2327,0.12018713920407952
BRIGHT,2328,0.005550025728409391
BRIGHT,2329,0.0535371817511647
BRIGHT,2330,-0.0320303484640045
BRIGHT,2331,0.07220831063483142
BRIGHT,2332,0.05344054286291027
BRIGHT,2333,-0.018520183177383357
BRIGHT,2334,-0.03702125026407828
BRIGHT,2335,-0.017609798515578652
BRIGHT,2336,-0.21994708827191967
BRIGHT,2337,0.02102776934180852
BRIGHT,2338,0.07947879784242899
BRIGHT,2339,-0.08000485955151576
BRIGHT,2340,0.06361579358597826
BRIGHT,2341,0.015046482762499232
BRIGHT,2342,0.11504209433987461
BRIGHT,2343,0.0039133118312205785
BRIGHT,2344,-0.08204729943722655
BRIGHT,2345,0.007734821216482223
BRIGHT,2346,0.0016238976782723998
BRIGHT,2347,-0.06406859512738951
BRIGHT,2348,-0.059393642103072644
BRIGHT,2349,0.07888017460907992
BRIGHT,2350,-0.07840989617513362
BRIGHT,2351,-0.031335776672537806
BRIGHT,2352,0.0615310692658796
BRIGHT,2353,0.05824145849643046
BRIGHT,2354,-0.014714746184285943
BRIGHT,2355,0.10332886170423526
BRIGHT,2356,0.05323076616076751
BRIGHT,2357,0.026769476461960446
BRIGHT,2358,0.09359211065199578
BRIGHT,2359,0.10705345769901031
BRIGHT,2360,-0.01605094479759029
BRIGHT,2361,0.004982451631380476
BRIGHT,2362,0.03948287129591579
BRIGHT,2363,-0.032747070204916316
BRIGHT,2364,0.033970159655231064
BRIGHT,2365,0.05118117207834768
BRIGHT,2366,-0.033236344139557256
BRIGHT,2367,-0.06829556803549366
BRIGHT,2368,0.047217533057175125
BRIGHT,2369,-0.022063901332172748
BRIGHT,2370,0.036779721173537124
BRIGHT,2371,0.1068193068496513
BRIGHT,2372,-0.002241430603963699
BRIGHT,2373,0.028282498750118044
BRIGHT,2374,-0.06739539795965266
BRIGHT,2375,0.015333098086551318
BRIGHT,2376,0.002167604942310169
BRIGHT,2377,0.012202587887362122
BRIGHT,2378,0.021447030594459775
BRIGHT,2379,-0.01874073069601043
BRIGHT,2380,-0.1400156011785655
BRIGHT,2381,-0.0005489707410881367
BRIGHT,2382,-0.007308806838741826
BRIGHT,2383,-0.05275545495738051
BRIGHT,2384,-0.009082771440006519
BRIGHT,2385,0.015144989119180264
BRIGHT,2386,0.021629599868333106
BRIGHT,2387,-0.10152904609835685
BRIGHT,2388,0.10950274006898873
BRIGHT,2389,-0.09559535317978822
BRIGHT,2390,-0.06546362794212322
BRIGHT,2391,-0.0298326614362169
BRIGHT,2392,0.04587321404613147
BRIGHT,2393,0.02913338185833102
BRIGHT,2394,0.07513675156067073
BRIGHT,2395,0.01894529377601865
BRIGHT,2396,0.11819475633742481
BRIGHT,2397,0.1344386917167487
BRIGHT,2398,-0.07274240089388305
BRIGHT,2399,-0.06642284674525446
BRIGHT,2400,0.00566056402812091
BRIGHT,2401,0.01162825473221965
BRIGHT,2402,-0.009284755330118397
BRIGHT,2403,0.005356828123102946
BRIGHT,2404,0.08159160202301316
BRIGHT,2405,0.010721512056644053
BRIGHT,2406,-0.004820519460527234
BRIGHT,2407,-0.014933256898412127
BRIGHT,2408,-0.0029666996380467367
BRIGHT,2409,-0.05713776969309924
BRIGHT,2410,-0.054732950293747536
BRIGHT,2411,0.1042040427783697
BRIGHT,2412,-0.09692868327836408
BRIGHT,2413,-0.0758539079004977
BRIGHT,2414,-0.004005196263654492
BRIGHT,2415,-0.05869906385845227
BRIGHT,2416,0.03453147845536001
BRIGHT,2417,0.07643508104666119
BRIGHT,2418,-0.0023040607401484513
BRIGHT,2419,0.0606689189668325
BRIGHT,2420,0.09548159811855192
BRIGHT,2421,0.047226578448891346
BRIGHT,2422,0.15318760499014883
BRIGHT,2423,0.02543542323521336
BRIGHT,2424,0.14617939006975944
BRIGHT,2425,0.04642089927067666
BRIGHT,2426,0.12369810355833603
BRIGHT,2427,0.10069365721785795
BRIGHT,2428,0.0013469553782387929
BRIGHT,2429,0.002661077207894023
BRIGHT,2430,-0.05573213822029482
BRIGHT,2431,0.11582860917349122
BRIGHT,2432,-0.027194083643309643
BRIGHT,2433,0.01762721740721423
BRIGHT,2434,-0.021215095513167623
BRIGHT,2435,-0.03527198386182899
BRIGHT,2436,0.02002260338444847
BRIGHT,2437,-0.011092723134725459
BRIGHT,2438,-0.11623099969104739
BRIGHT,2439,-0.01932339665260669
BRIGHT,2440,-0.06649163582884639
BRIGHT,2441,0.03182539798080814
BRIGHT,2442,-0.04909424468625346
BRIGHT,2443,-0.006463696298658206
BRIGHT,2444,-0.043894619049482594
BRIGHT,2445,-0.04092924603804203
BRIGHT,2446,0.06643104169823263
BRIGHT,2447,-0.11947847130397997
BRIGHT,2448,0.0734874756906374
BRIGHT,2449,0.1256491806691672
BRIGHT,2450,0.09268929742454692
BRIGHT,2451,0.1272244887696382
BRIGHT,2452,-0.1542329729871419
BRIGHT,2453,-0.09595124453385845
BRIGHT,2454,-0.06752005921628526
BRIGHT,2455,-0.05551130176067609
BRIGHT,2456,-0.08419498316010385
BRIGHT,2457,-0.029466394123805917
BRIGHT,2458,0.030324949707791773
BRIGHT,2459,0.012187505047236976
BRIGHT,2460,0.052127939912123805
BRIGHT,2461,-0.015532611130233794
BRIGHT,2462,0.04914541222167324
BRIGHT,2463,-0.03603579372436228
BRIGHT,2464,0.04117723280542471
BRIGHT,2465,-0.11350526182950833
BRIGHT,2466,-0.007424347920520873
BRIGHT,2467,-0.1008988077788265
BRIGHT,2468,0.02261709676101044
BRIGHT,2469,0.0046384415315031706
BRIGHT,2470,0.06253893071830587
BRIGHT,2471,0.001006304947733248
BRIGHT,2472,0.12080366318158078
BRIGHT,2473,0.07721777406653475
BRIGHT,2474,-0.07003686701066435
BRIGHT,2475,-0.1220812554525318
BRIGHT,2476,-0.05566279307539595
BRIGHT,2477,0.08199900623332082
BRIGHT,2478,0.09384305453850357
BRIGHT,2479,0.019459063567357028
BRIGHT,2480,0.03199443853295608
BRIGHT,2481,-0.06652592516621336
BRIGHT,2482,0.06630045551300218
BRIGHT,2483,0.04561271522524792
BRIGHT,2484,-0.1158964414743816
BRIGHT,2485,-0.04673589531123435
BRIGHT,2486,0.03811066865512013
BRIGHT,2487,-0.04224311593233442
BRIGHT,2488,-0.0208835578605543
BRIGHT,2489,-0.05939976299388817
BRIGHT,2490,-0.07194328873698104
BRIGHT,2491,-0.10019440433028899
BRIGHT,2492,-0.05904714460073595
BRIGHT,2493,-0.019668705119211753
BRIGHT,2494,0.024777750865797196
BRIGHT,2495,-0.056811420568313634
BRIGHT,2496,-0.019941395951027632
BRIGHT,2497,-0.0028652721679731964
BRIGHT,2498,0.03719799759609716
BRIGHT,2499,-0.03810133901899391
BRIGHT,2500,0.017703011580027312
BRIGHT,2501,-0.050188234192630576
BRIGHT,2502,0.08022972606836433
BRIGHT,2503,-0.16937724291140321
BRIGHT,2504,-0.022631186933513934
BRIGHT,2505,0.01229908835234033
BRIGHT,2506,-0.006912097704506014
BRIGHT,2507,0.017654238755332875
BRIGHT,2508,-0.10306989688273667
BRIGHT,2509,-0.011127530593360569
BRIGHT,2510,0.011291747659847947
BRIGHT,2511,0.12903459030590506
BRIGHT,2512,0.007254638002123962
BRIGHT,2513,-0.08122075581583188
BRIGHT,2514,0.059906823353484205
BRIGHT,2515,-0.02647785814504927
BRIGHT,2516,0.0691741097887596
BRIGHT,2517,0.08048562206096257
BRIGHT,2518,0.013355497092431548
BRIGHT,2519,0.07938986673021219
BRIGHT,2520,-0.03325366958567592
BRIGHT,2521,-0.0438637079649145
BRIGHT,2522,0.08201476203922782
BRIGHT,2523,-0.02090863714860404
BRIGHT,2524,0.07474872694196286
BRIGHT,2525,-0.010746140828362557
BRIGHT,2526,0.0699217482604044
BRIGHT,2527,0.0354858696427291
BRIGHT,2528,0.050905853155034465
BRIGHT,2529,-0.008408062642656542
BRIGHT,2530,-0.004070970459513617
BRIGHT,2531,0.0594457017469803
BRIGHT,2532,0.018624707919103856
BRIGHT,2533,0.025566154351885306
BRIGHT,2534,-0.0386107744908952
BRIGHT,2535,0.04326576405377256
BRIGHT,2536,0.03076371292646981
BRIGHT,2537,-0.06370271272456735
BRIGHT,2538,0.01163935608892133
BRIGHT,2539,-0.12272645287347161
BRIGHT,2540,0.04249143067219082
BRIGHT,2541,0.0708355933978758
BRIGHT,2542,0.03351374423410584
BRIGHT,2543,-0.026452255978598342
BRIGHT,2544,0.0008017953304200031
BRIGHT,2545,-0.07719985216116788
BRIGHT,2546,0.05380723641635045
BRIGHT,2547,-0.03690956449984734
BRIGHT,2548,0.06320316744673474
BRIGHT,2549,0.007207156305538708
BRIGHT,2550,0.06701082357811322
BRIGHT,2551,0.011955728557033486
BRIGHT,2552,-0.06789172280047633
BRIGHT,2553,0.030658273332644943
BRIGHT,2554,0.009334110879844692
BRIGHT,2555,-0.17709699845914278
BRIGHT,2556,-0.13576597340727115
BRIGHT,2557,0.10941544096377359
BRIGHT,2558,-0.05737504036235802
BRIGHT,2559,-0.06536111746575372
BRIGHT,2560,0.016389746543294965
BRIGHT,2561,0.05236154397710133
BRIGHT,2562,0.01591390846252275
BRIGHT,2563,0.00736852996607521
BRIGHT,2564,0.0827937233149659
BRIGHT,2565,-0.06408624858214369
BRIGHT,2566,0.05108345418027321
BRIGHT,2567,-0.005501085833843098
BRIGHT,2568,-0.017823205363608208
BRIGHT,2569,0.03529825365357148
BRIGHT,2570,-0.13178975836990323
BRIGHT,2571,-0.16434882348850086
BRIGHT,2572,-0.0639399929201346
BRIGHT,2573,-0.05607832804402169
BRIGHT,2574,0.0048346589671894955
BRIGHT,2575,0.059446794385449996
BRIGHT,2576,-0.05035047209754938
BRIGHT,2577,0.0030626406958075714
BRIGHT,2578,-0.0178601739649516
BRIGHT,2579,0.026786807793349278
BRIGHT,2580,-0.06581953638841702
BRIGHT,2581,0.007119673389605542
BRIGHT,2582,0.049168512215317664
BRIGHT,2583,0.0874398434535397
BRIGHT,2584,0.012813908984592351
BRIGHT,2585,-0.12536467597969406
BRIGHT,2586,0.11984324749008461
BRIGHT,2587,0.025481473895003312
BRIGHT,2588,0.05291841250774277
BRIGHT,2589,-0.09855088078779985
BRIGHT,2590,0.018748612678315072
BRIGHT,2591,-0.0514326216067593
BRIGHT,2592,0.09132225090400199
BRIGHT,2593,-0.09999413963702343
BRIGHT,2594,-0.06447151368624625
BRIGHT,2595,-0.1372193822879924
BRIGHT,2596,0.055889825678530035
BRIGHT,2597,0.055810816345680234
BRIGHT,2598,-0.02832699883809514
BRIGHT,2599,0.06532285425826734
BRIGHT,2600,-0.09896830868404465
BRIGHT,2601,0.037542437329871836
BRIGHT,2602,-0.014070700547772763
BRIGHT,2603,-0.0872025783543606
BRIGHT,2604,0.003975657370254843
BRIGHT,2605,-0.10431180489447527
BRIGHT,2606,-0.06394564547445765
BRIGHT,2607,-0.04376634687939269
BRIGHT,2608,-0.05518287281915141
BRIGHT,2609,-0.08865756569650877
BRIGHT,2610,-0.03677994396739157
BRIGHT,2611,-0.12620698545888948
BRIGHT,2612,-0.03548178850007669
BRIGHT,2613,-0.07312439163916935
BRIGHT,2614,-0.044962430531349434
BRIGHT,2615,0.07033608352418055
BRIGHT,2616,0.07091780605072397
BRIGHT,2617,-0.022674958582077492
BRIGHT,2618,0.002280562221182757
BRIGHT,2619,0.04999552414893167
BRIGHT,2620,-0.0362201838759804
BRIGHT,2621,-0.05296554715918107
BRIGHT,2622,-0.03838521975733714
BRIGHT,2623,0.0469702208229092
BRIGHT,2624,0.0980781731854105
BRIGHT,2625,0.07986327839489438
BRIGHT,2626,-0.11261843533554283
BRIGHT,2627,-0.0342073748326491
BRIGHT,2628,-0.05636439583755505
BRIGHT,2629,-0.015050496310905116
BRIGHT,2630,-0.041814380352452746
BRIGHT,2631,0.04461633954987018
BRIGHT,2632,-0.01950289996707491
BRIGHT,2633,-0.05315440678562325
BRIGHT,2634,-0.1410000954871428
BRIGHT,2635,-0.005119609311039716
BRIGHT,2636,-0.04842782222134231
BRIGHT,2637,-0.09316199407431665
BRIGHT,2638,0.10424692080828743
BRIGHT,2639,0.08413514580508479
BRIGHT,2640,-0.10497816325423352
BRIGHT,2641,-0.12915145444742876
BRIGHT,2642,0.10236695995565519
BRIGHT,2643,-0.07538022763286155
BRIGHT,2644,0.01689777676680875
BRIGHT,2645,-0.07481640631089913
BRIGHT,2646,0.08195844127064285
BRIGHT,2647,0.020190482963022324
BRIGHT,2648,0.031877933257609715
BRIGHT,2649,0.04715473489753756
BRIGHT,2650,0.016506487290199465
BRIGHT,2651,-0.09529644649570575
BRIGHT,2652,-0.0075338429404595685
BRIGHT,2653,-0.08910240749337846
BRIGHT,2654,-0.01500827251896262
BRIGHT,2655,-0.06240192961980028
BRIGHT,2656,-0.0054682026347167186
BRIGHT,2657,-0.09032171107543442
BRIGHT,2658,-0.05891643413558547
BRIGHT,2659,0.01595357528067148
BRIGHT,2660,-0.12001423208843683
BRIGHT,2661,0.0690273742703587
BRIGHT,2662,0.024521265510325255
BRIGHT,2663,0.03927895642624157
BRIGHT,2664,-0.10660445817447858
BRIGHT,2665,0.046249304477624056
BRIGHT,2666,0.0035524320013435285
BRIGHT,2667,0.02690991962566513
BRIGHT,2668,0.034947735246036414
BRIGHT,2669,-0.030591239711523187
BRIGHT,2670,-0.07787186919548005
BRIGHT,2671,-0.021370387941179736
BRIGHT,2672,-0.10053937164917755
BRIGHT,2673,-0.0017109398770199025
BRIGHT,2674,0.030520202687179424
BRIGHT,2675,0.09628366892490019
BRIGHT,2676,0.03735619619824961
BRIGHT,2677,-0.04386337009091619
BRIGHT,2678,-0.056402387100291225
BRIGHT,2679,0.005307070678728469
BRIGHT,2680,-0.16523594007077913
BRIGHT,2681,0.07489101242328408
BRIGHT,2682,-0.020078510684718845
BRIGHT,2683,0.007360194786718486
BRIGHT,2684,0.08005583258369024
BRIGHT,2685,0.07540882878053894
BRIGHT,2686,-0.004750063548477046
BRIGHT,2687,0.08452803292995029
BRIGHT,2688,-0.10461485676419985
BRIGHT,2689,-0.009054972859921675
BRIGHT,2690,-0.08378030980100551
BRIGHT,2691,-0.02578380123020513
BRIGHT,2692,0.09210722722301488
BRIGHT,2693,0.07312551066676774
BRIGHT,2694,-0.001570165967571324
BRIGHT,2695,-0.026147739326534174
BRIGHT,2696,0.14801786440483514
BRIGHT,2697,-0.07877041758502057
BRIGHT,2698,-0.053471124315058224
BRIGHT,2699,0.05412453975970625
BRIGHT,2700,0.04684842123555945
BRIGHT,2701,0.013004110202252752
BRIGHT,2702,-0.12716875367269487
BRIGHT,2703,-0.03133805520636178
BRIGHT,2704,0.07149654695000233
BRIGHT,2705,0.04042817477017101
BRIGHT,2706,-0.10206411971375419
BRIGHT,2707,-0.01642925786893399
BRIGHT,2708,-0.1042931901842734
BRIGHT,2709,-0.08632308899170055
BRIGHT,2710,-0.03603590978989158
BRIGHT,2711,-0.044043022454153334
BRIGHT,2712,0.03221178989655476
BRIGHT,2713,-0.06985776092138199
BRIGHT,2714,0.09877935040880402
BRIGHT,2715,0.026932879426936993
BRIGHT,2716,0.027683358872377134
BRIGHT,2717,0.011089765183073776
BRIGHT,2718,-0.002751217419557281
BRIGHT,2719,-0.21619657338790452
BRIGHT,2720,0.050167621892989615
BRIGHT,2721,0.012257544585001692
BRIGHT,2722,-0.07994614128176121
BRIGHT,2723,0.09132229133367757
BRIGHT,2724,0.0034230051357954515
BRIGHT,2725,-0.017280386347659833
BRIGHT,2726,0.09872785400562865
BRIGHT,2727,0.007345736271084762
BRIGHT,2728,0.027636843261896176
BRIGHT,2729,0.18237499744739533
BRIGHT,2730,-0.023282321112725494
BRIGHT,2731,0.07337888153999927
BRIGHT,2732,0.08551303427452575
BRIGHT,2733,0.09138077224479892
BRIGHT,2734,-0.05553015361178712
BRIGHT,2735,0.045448993960103594
BRIGHT,2736,-0.08833233534644973
BRIGHT,2737,-0.05691724504505891
BRIGHT,2738,0.011435798340439606
BRIGHT,2739,0.013556704542228647
BRIGHT,2740,-0.06773627254320544
BRIGHT,2741,0.11295798980895784
BRIGHT,2742,-0.06979954103325275
BRIGHT,2743,0.038124836556158476
BRIGHT,2744,0.005980682971260379
BRIGHT,2745,0.1241483315675743
BRIGHT,2746,0.007527593762401669
BRIGHT,2747,0.06308282063918016
BRIGHT,2748,0.018248987339755926
BRIGHT,2749,0.09956752191920715
BRIGHT,2750,-0.07010081453809222
BRIGHT,2751,-0.03559972239330557
BRIGHT,2752,0.015274784451764502
BRIGHT,2753,0.04970388124547573
BRIGHT,2754,-0.01520224629995956
BRIGHT,2755,-0.05033155003816535
BRIGHT,2756,0.043561221059588554
BRIGHT,2757,-0.058265845890099754
BRIGHT,2758,-0.06453450109015876
BRIGHT,2759,-0.06268684734494714
BRIGHT,2760,0.16661352655129252
BRIGHT,2761,0.017168811495910107
BRIGHT,2762,0.012154150904278677
BRIGHT,2763,0.0269985380536857
BRIGHT,2764,-0.10397094379906079
BRIGHT,2765,-0.023831496944576168
BRIGHT,2766,0.17223656398242593
BRIGHT,2767,0.05003253735120857
BRIGHT,2768,-0.05310675792614148
BRIGHT,2769,0.0035933979958254875
BRIGHT,2770,-0.01309617256564072
BRIGHT,2771,0.03159231185827365
BRIGHT,2772,-0.05252759475767027
BRIGHT,2773,-0.04006799053244379
BRIGHT,2774,0.05816428727376577
BRIGHT,2775,0.07862217903899538
BRIGHT,2776,0.12515182343493736
BRIGHT,2777,0.030724034811176193
BRIGHT,2778,-0.11643012490675958
BRIGHT,2779,0.0033503786681507866
BRIGHT,2780,-0.03918176293851211
BRIGHT,2781,0.08197058131793258
BRIGHT,2782,0.0703481279777405
BRIGHT,2783,0.08074960101255228
BRIGHT,2784,0.049162506844466804
BRIGHT,2785,-0.03688526012955522
BRIGHT,2786,-0.026642328985561656
BRIGHT,2787,-0.0700157901252061
BRIGHT,2788,0.015523642944019495
BRIGHT,2789,0.034985426149810255
BRIGHT,2790,0.0426213388116431
BRIGHT,2791,0.09408054827270193
BRIGHT,2792,-0.0008474761906266835
BRIGHT,2793,-0.0694084894553192
BRIGHT,2794,-0.017656241882360958
BRIGHT,2795,0.028644586048058453
BRIGHT,2796,-0.008792797741858167
BRIGHT,2797,0.016901743792539604
BRIGHT,2798,0.09555076934519895
BRIGHT,2799,-0.11262070485222388
BRIGHT,2800,-0.04337582193354476
BRIGHT,2801,-0.05234373583933218
BRIGHT,2802,0.07438228609011578
BRIGHT,2803,0.00644992360520801
BRIGHT,2804,0.026432169106585114
BRIGHT,2805,0.09781862139251196
BRIGHT,2806,0.05288998574689627
BRIGHT,2807,0.09363258600789326
BRIGHT,2808,-0.028882166455483603
BRIGHT,2809,-0.018420877344325452
BRIGHT,2810,-0.001935166432467708
BRIGHT,2811,0.05340753376758679
BRIGHT,2812,0.05492711828142847
BRIGHT,2813,-0.10990055812947072
BRIGHT,2814,-0.08559933664755694
BRIGHT,2815,0.030151214428808634
BRIGHT,2816,0.07946163021288757
BRIGHT,2817,0.06154160208087416
BRIGHT,2818,-0.06324203685182193
BRIGHT,2819,0.02395624644216979
BRIGHT,2820,0.0294543387362057
BRIGHT,2821,0.10317389756265506
BRIGHT,2822,0.10333618224397578
BRIGHT,2823,0.011400011207000696
BRIGHT,2824,0.11556019843185998
BRIGHT,2825,-0.08093457406223048
BRIGHT,2826,-0.015219268673503166
BRIGHT,2827,-0.019355154924639368
BRIGHT,2828,0.0500092146698825
BRIGHT,2829,0.013448048179019931
BRIGHT,2830,0.03590726508527025
BRIGHT,2831,0.005246343786112687
BRIGHT,2832,0.03385836245984781
BRIGHT,2833,-0.022423728602925064
BRIGHT,2834,-0.019236220290864234
BRIGHT,2835,-0.10065162492111077
BRIGHT,2836,-0.051058283886032736
BRIGHT,2837,0.0518181468420885
BRIGHT,2838,-0.062336965325951725
BRIGHT,2839,0.05302525692064094
BRIGHT,2840,0.07583877169311978
BRIGHT,2841,-0.07452830136984502
BRIGHT,2842,0.01087331589990273
BRIGHT,2843,-0.022123754637961353
BRIGHT,2844,-0.0007085266038820745
BRIGHT,2845,-0.026644280759924404
BRIGHT,2846,-0.002401708837508594
BRIGHT,2847,0.028110870302622597
BRIGHT,2848,-0.017259883066244715
BRIGHT,2849,0.07460637650063681
BRIGHT,2850,0.02495734893622003
BRIGHT,2851,-0.08747214963925434
BRIGHT,2852,0.037162237629391755
BRIGHT,2853,-0.10666170857968382
BRIGHT,2854,0.07595965601213352
BRIGHT,2855,0.08388513467074231
BRIGHT,2856,0.0007478286756580971
BRIGHT,2857,-0.08998915869795261
BRIGHT,2858,-0.05315591215054939
BRIGHT,2859,0.059591437611453586
BRIGHT,2860,-0.0625668534539935
BRIGHT,2861,0.07516463546348964
BRIGHT,2862,-0.008267074567608819
BRIGHT,2863,-0.0661765054064252
BRIGHT,2864,0.023786854734622116
BRIGHT,2865,0.017263835203742212
BRIGHT,2866,0.0526744306589516
BRIGHT,2867,-0.13863287036467914
BRIGHT,2868,-0.12902049258165318
BRIGHT,2869,0.043131920689381466
BRIGHT,2870,0.09699449336952773
BRIGHT,2871,-0.042929008775830016
BRIGHT,2872,-0.09109552035447468
BRIGHT,2873,0.06023627099712413
BRIGHT,2874,0.0419073125162416
BRIGHT,2875,0.1629147488360477
BRIGHT,2876,-0.10566432014349092
BRIGHT,2877,0.07663252772593003
BRIGHT,2878,0.031186331061944236
BRIGHT,2879,0.016245497239310198
BRIGHT,2880,-0.018114154154725115
BRIGHT,2881,0.020931391446202582
BRIGHT,2882,-0.031927767654101845
BRIGHT,2883,-0.04658199978783702
BRIGHT,2884,-0.09279485630285117
BRIGHT,2885,-0.1060026095111096
BRIGHT,2886,-0.14095433502371518
BRIGHT,2887,0.044186281804203774
BRIGHT,2888,-0.07801347883450377
BRIGHT,2889,0.06830507505721295
BRIGHT,2890,-0.08914322299814019
BRIGHT,2891,-0.0011201360522925994
BRIGHT,2892,-0.003749308331211853
BRIGHT,2893,-0.03711142054342569
BRIGHT,2894,-0.022073396675504876
BRIGHT,2895,-0.07531435286702365
BRIGHT,2896,-0.017565889852762983
BRIGHT,2897,0.07132982760802516
BRIGHT,2898,-0.05898401740580436
BRIGHT,2899,0.05727095009115614
BRIGHT,2900,0.03686710064765818
BRIGHT,2901,0.0723002643936565
BRIGHT,2902,0.0864820572067366
BRIGHT,2903,-0.0035624369652667996
BRIGHT,2904,-0.05569588740650571
BRIGHT,2905,0.05138100513714653
BRIGHT,2906,-0.014385521569967327
BRIGHT,2907,0.0754208506498614
BRIGHT,2908,0.02695159508846399
BRIGHT,2909,0.013785708831581865
BRIGHT,2910,-0.06962495552829936
BRIGHT,2911,0.06405298416867795
BRIGHT,2912,-0.021666891480052825
BRIGHT,2913,-0.12641745594448692
BRIGHT,2914,-0.06936449916487189
BRIGHT,2915,-0.07208961233106065
BRIGHT,2916,0.01991388001269917
BRIGHT,2917,0.07851715114886626
BRIGHT,2918,-0.03986239358177419
BRIGHT,2919,-0.023528669157089933
BRIGHT,2920,-0.05758890372553844
BRIGHT,2921,0.05856433168406472
BRIGHT,2922,-0.10076089756745066
BRIGHT,2923,0.06788618997449404
BRIGHT,2924,-0.1050537224330305
BRIGHT,2925,0.058734623080506254
BRIGHT,2926,-0.1106403128446382
BRIGHT,2927,0.009150298735101002
BRIGHT,2928,-0.042896023067373244
BRIGHT,2929,0.007480990521669143
BRIGHT,2930,-0.013455368997237843
BRIGHT,2931,0.06543658535397062
BRIGHT,2932,0.06720469854309447
BRIGHT,2933,0.16271591311558606
BRIGHT,2934,0.054354610292053365
BRIGHT,2935,-0.09119053421243292
BRIGHT,2936,0.01831467409271983
BRIGHT,2937,0.09477478543918447
BRIGHT,2938,0.13249615185394792
BRIGHT,2939,-0.00949688829315203
BRIGHT,2940,0.001955552915095544
BRIGHT,2941,0.017028292698991226
BRIGHT,2942,-0.07416197409025828
BRIGHT,2943,-0.15144807025184642
BRIGHT,2944,-0.06758546377628182
BRIGHT,2945,0.04651829223714094
BRIGHT,2946,0.09131538912510187
BRIGHT,2947,-0.06454841589939418
BRIGHT,2948,-0.09993317653297226
BRIGHT,2949,-0.00226353596111506
BRIGHT,2950,0.07464813752396249
BRIGHT,2951,0.096214315062113
BRIGHT,2952,-0.05734967953696875
BRIGHT,2953,-0.022133783548867636
BRIGHT,2954,-0.09697915486101298
BRIGHT,2955,-0.024110743056044753
BRIGHT,2956,0.014666267096961052
BRIGHT,2957,0.00996712438789986
BRIGHT,2958,-0.025077533938997507
BRIGHT,2959,-0.18033898761573888
BRIGHT,2960,0.04549996691109934
BRIGHT,2961,-0.08833717630081037
BRIGHT,2962,-0.057387545938029534
BRIGHT,2963,0.005600849840212055
BRIGHT,2964,-0.03362444940695253
BRIGHT,2965,0.04321675917061639
BRIGHT,2966,-0.09414103667264352
BRIGHT,2967,0.049829806210151366
BRIGHT,2968,0.09057416666205603
BRIGHT,2969,0.022457105520728885
BRIGHT,2970,-0.019964812640336674
BRIGHT,2971,0.00986064044259777
BRIGHT,2972,-0.03613653404701308
BRIGHT,2973,-0.0035130457245419705
BRIGHT,2974,0.1664229482803548
BRIGHT,2975,-0.018549952143012877
BRIGHT,2976,-0.0218892091160784
BRIGHT,2977,-0.12163077566632172
BRIGHT,2978,-0.0040975429727207555
BRIGHT,2979,0.009890765754048634
BRIGHT,2980,0.058371868001519785
BRIGHT,2981,-0.01233022853861857
BRIGHT,2982,0.0026080593905602172
BRIGHT,2983,-0.012915652453215604
BRIGHT,2984,-0.05162733356584363
BRIGHT,2985,-0.0350544286017978
BRIGHT,2986,-0.05892598709224416
BRIGHT,2987,-0.037775835218872955
BRIGHT,2988,0.02434837705805029
BRIGHT,2989,0.009688337509461385
BRIGHT,2990,-0.04745206529329693
BRIGHT,2991,0.07674286467312685
BRIGHT,2992,-0.034792329806326516
BRIGHT,2993,0.05381029552143119
BRIGHT,2994,-0.14158446645066777
BRIGHT,2995,0.03394688188368793
BRIGHT,2996,0.08345385998183559
BRIGHT,2997,0.0016832199833638187
BRIGHT,2998,-0.014034522284284982
BRIGHT,2999,-0.0846389221685188
BRIGHT,3000,-0.02955210185633906
BRIGHT,3001,-0.0072243251740878355
BRIGHT,3002,-0.09075902777038528
BRIGHT,3003,-0.04252397001027019
BRIGHT,3004,0.04292345803155965
BRIGHT,3005,-0.05907851062563014
BRIGHT,3006,-0.00922395600699251
BRIGHT,3007,0.004269915416507097
BRIGHT,3008,-0.11392089565702952
BRIGHT,3009,-0.05604243374679463
BRIGHT,3010,-0.025397725818737452
BRIGHT,3011,0.05909302667065444
BRIGHT,3012,-0.04814407032764823
BRIGHT,3013,-0.03822947412379044
BRIGHT,3014,-0.13312688444644127
BRIGHT,3015,0.007558534128650364
BRIGHT,3016,0.07689268156333756
BRIGHT,3017,-0.03672420276066942
BRIGHT,3018,0.0430511257708102
BRIGHT,3019,-0.03130662921496747
BRIGHT,3020,0.02431254413344124
BRIGHT,3021,-0.14647523781480468
BRIGHT,3022,-0.0833537099704981
BRIGHT,3023,0.005633980737049725
BRIGHT,3024,0.08156939910420026
BRIGHT,3025,0.004949331501272219
BRIGHT,3026,-0.0777308745455691
BRIGHT,3027,0.062182619351339195
BRIGHT,3028,-0.04215793312953225
BRIGHT,3029,-0.014322320839013573
BRIGHT,3030,-0.051276190699576715
BRIGHT,3031,-0.02593383784294644
BRIGHT,3032,-0.04235738843964832
BRIGHT,3033,-0.07180945588767437
BRIGHT,3034,0.03487411959600092
BRIGHT,3035,0.09829488426924468
BRIGHT,3036,-0.012596820765545247
BRIGHT,3037,-0.010592551735979517
BRIGHT,3038,-0.04593111838341694
BRIGHT,3039,-0.019392033005783897
BRIGHT,3040,0.08374740045123322
BRIGHT,3041,-0.015774325081026195
BRIGHT,3042,0.005732911703413221
BRIGHT,3043,-0.045188249538087394
BRIGHT,3044,0.017563011084679114
BRIGHT,3045,0.08385604708183494
BRIGHT,3046,0.021565360410377606
BRIGHT,3047,-0.11464605454152207
BRIGHT,3048,-0.021274422900441847
BRIGHT,3049,-0.11809865131383375
BRIGHT,3050,0.08526317135798432
BRIGHT,3051,0.038403578556597075
BRIGHT,3052,-0.16104672887214289
BRIGHT,3053,-0.03825880102484713
BRIGHT,3054,0.0833285700796373
BRIGHT,3055,-0.1262048744335522
BRIGHT,3056,-0.010082874194630687
BRIGHT,3057,-0.06528443762148584
BRIGHT,3058,0.007015959000300899
BRIGHT,3059,0.004116974843441733
BRIGHT,3060,0.018421241573256336
BRIGHT,3061,0.08651673936148681
BRIGHT,3062,0.003898212110274087
BRIGHT,3063,-0.03751586939382351
BRIGHT,3064,0.005998014888096253
BRIGHT,3065,0.08080366519414428
BRIGHT,3066,-0.013897528940047338
BRIGHT,3067,-0.08573734489206226
BRIGHT,3068,0.13442248796682385
BRIGHT,3069,0.0664019622463787
BRIGHT,3070,0.014296043670834674
BRIGHT,3071,0.03444057289739635
BRIGHT,3072,0.03183049724839791
BRIGHT,3073,-0.09523066955592584
BRIGHT,3074,-0.021349041868863664
BRIGHT,3075,-0.00016783418282754518
BRIGHT,3076,0.08865021010656324
BRIGHT,3077,-0.015474678071084184
BRIGHT,3078,-0.041557215486172104
BRIGHT,3079,0.009368754990215163
BRIGHT,3080,0.05547932195986651
BRIGHT,3081,-0.10147961234415175
BRIGHT,3082,-0.02338098068092375
BRIGHT,3083,-0.008108580342346804
BRIGHT,3084,0.0026239813555874406
BRIGHT,3085,-0.12443277003760649
BRIGHT,3086,0.04610111712437041
BRIGHT,3087,-0.023789585694903657
BRIGHT,3088,-0.002706224967737332
BRIGHT,3089,0.06920080152960466
BRIGHT,3090,-0.04543885947384985
BRIGHT,3091,-0.02186274380972889
BRIGHT,3092,0.03264941804739121
BRIGHT,3093,-0.09812619462714754
BRIGHT,3094,-0.07908925050148506
BRIGHT,3095,-0.03796619954981694
BRIGHT,3096,0.06766726759973582
BRIGHT,3097,-0.10405275190895373
BRIGHT,3098,0.07273311883395663
BRIGHT,3099,0.10273303142875277
BRIGHT,3100,0.03715155587349939
BRIGHT,3101,-0.025920845540070587
BRIGHT,3102,-0.03032626617316007
BRIGHT,3103,0.015374553539149677
BRIGHT,3104,-0.10158482820563244
BRIGHT,3105,-0.07240548407308331
BRIGHT,3106,-0.05593038729518769
BRIGHT,3107,0.009684142824787493
BRIGHT,3108,0.050162075598909256
BRIGHT,3109,0.03868502824426139
BRIGHT,3110,-0.1071232176228392
BRIGHT,3111,-0.015978079916499924
BRIGHT,3112,0.14045028110666266
BRIGHT,3113,0.04266078035595771
BRIGHT,3114,0.03142092071268745
BRIGHT,3115,0.05359548471750062
BRIGHT,3116,0.008559838541290799
BRIGHT,3117,-0.11247006013205067
BRIGHT,3118,0.044401435712647076
BRIGHT,3119,-0.013964036728224554
BRIGHT,3120,0.06032583023599416
BRIGHT,3121,0.021740126758116957
BRIGHT,3122,0.015251063212148808
BRIGHT,3123,0.06228337044457336
BRIGHT,3124,-0.09081964197342086
BRIGHT,3125,-0.10080391142384733
BRIGHT,3126,0.023343177592689248
BRIGHT,3127,0.0498601512707409
BRIGHT,3128,-0.05205151869739641
BRIGHT,3129,-0.07882860058046377
BRIGHT,3130,-0.013639427111421312
BRIGHT,3131,-0.19287681723876124
BRIGHT,3132,-0.06267077627167464
BRIGHT,3133,0.019146783676936882
BRIGHT,3134,-0.05572051043870101
BRIGHT,3135,-0.0037792854967007637
BRIGHT,3136,0.04959480198199769
BRIGHT,3137,-0.08272757916339793
BRIGHT,3138,-0.025039202228912507
BRIGHT,3139,-0.04069999018360153
BRIGHT,3140,0.05549829063398757
BRIGHT,3141,0.04492602285536054
BRIGHT,3142,-0.03411291525634072
BRIGHT,3143,0.03702240686568706
BRIGHT,3144,-0.020979818432384688
BRIGHT,3145,-0.036332702048009625
BRIGHT,3146,-0.03719786929593355
BRIGHT,3147,0.03671533869390268
BRIGHT,3148,0.022346355327916817
BRIGHT,3149,-0.11622700597049457
BRIGHT,3150,0.06425210192457977
BRIGHT,3151,0.14596778484254147
BRIGHT,3152,-0.010399076699797375
BRIGHT,3153,-0.13168599299804729
BRIGHT,3154,0.0755826526114113
BRIGHT,3155,-0.10092157005786379
BRIGHT,3156,-0.10934732796875
BRIGHT,3157,-0.11477479134486353
BRIGHT,3158,0.002947289819535463
BRIGHT,3159,0.10245522123498306
BRIGHT,3160,0.09004749664996978
BRIGHT,3161,0.040478282480730585
BRIGHT,3162,-0.055968904985826934
BRIGHT,3163,-0.02361810094216795
BRIGHT,3164,-0.023811555320933823
BRIGHT,3165,-0.01614304920669262
BRIGHT,3166,-0.054787948522251384
BRIGHT,3167,0.038989578287386285
BRIGHT,3168,0.0526759710540426
BRIGHT,3169,-0.0208031180301054
BRIGHT,3170,-0.10816434484942039
BRIGHT,3171,-0.009762422266625569
BRIGHT,3172,-0.013968250036841977
BRIGHT,3173,-0.016713168490575924
BRIGHT,3174,-0.06590853420035137
BRIGHT,3175,-0.08114475725236071
BRIGHT,3176,-0.09655660598565964
BRIGHT,3177,0.015743152611322028
BRIGHT,3178,0.0737011705171319
BRIGHT,3179,-0.0048587714847425035
BRIGHT,3180,-0.059507603662299804
BRIGHT,3181,0.00718495578510096
BRIGHT,3182,0.027948488082878545
BRIGHT,3183,0.1423772328877824
BRIGHT,3184,0.01036620200666799
BRIGHT,3185,-0.04095162415450016
BRIGHT,3186,-0.06247397124932396
BRIGHT,3187,-0.14801760733700026
BRIGHT,3188,0.06295495988355214
BRIGHT,3189,0.032839331160311847
BRIGHT,3190,-0.04688480970245704
BRIGHT,3191,0.04249442476302824
BRIGHT,3192,0.02743286635845588
BRIGHT,3193,0.03362634805843164
BRIGHT,3194,0.006384972837890451
BRIGHT,3195,-0.021180533424399645
BRIGHT,3196,0.05205968986613806
BRIGHT,3197,0.023060340236894863
BRIGHT,3198,0.03468926949902967
BRIGHT,3199,-0.06048326777124861
BRIGHT,3200,0.03459405122029788
BRIGHT,3201,0.08893237544952227
BRIGHT,3202,0.07112976223294479
BRIGHT,3203,0.06197618439927751
BRIGHT,3204,-0.021135332499514266
BRIGHT,3205,-0.0035813266862334244
BRIGHT,3206,0.014316324921864278
BRIGHT,3207,-0.02395074123930688
BRIGHT,3208,0.04974289416383004
BRIGHT,3209,-0.08759413817073493
BRIGHT,3210,-0.004934229454675806
BRIGHT,3211,-0.05542836617131132
BRIGHT,3212,0.055699627834998634
BRIGHT,3213,0.05999665559256702
BRIGHT,3214,0.042105936740187484
BRIGHT,3215,-0.10480689008635656
BRIGHT,3216,-0.02991781910647739
BRIGHT,3217,-0.053919120455400676
BRIGHT,3218,-0.052506080214270716
BRIGHT,3219,0.0011494183627009115
BRIGHT,3220,-0.023251947678443262
BRIGHT,3221,-0.09098476914408997
BRIGHT,3222,0.047281640233383916
BRIGHT,3223,-0.04071305419036004
BRIGHT,3224,-0.0660124053450705
BRIGHT,3225,-0.06953205523985284
BRIGHT,3226,0.06182502715764844
BRIGHT,3227,-0.0816036319025259
BRIGHT,3228,-0.07683231374885861
BRIGHT,3229,-0.012533274453417332
BRIGHT,3230,0.012338584218006689
BRIGHT,3231,0.059774732392294534
BRIGHT,3232,0.08475218177550553
BRIGHT,3233,-0.024842340791518893
BRIGHT,3234,0.054548397604382626
BRIGHT,3235,-0.06606017762235118
BRIGHT,3236,0.0246285476410561
BRIGHT,3237,0.06323425479930402
BRIGHT,3238,-0.09771374547207858
BRIGHT,3239,0.0408990227993876
BRIGHT,3240,0.018179601146903063
BRIGHT,3241,-0.09173271107703038
BRIGHT,3242,0.06759571624113199
BRIGHT,3243,-0.05296172388466844
BRIGHT,3244,0.09439816529013441
BRIGHT,3245,0.04399573395361289
BRIGHT,3246,-0.00022357489855733928
BRIGHT,3247,0.04080521769564677
BRIGHT,3248,-0.11563846404104942
BRIGHT,3249,0.11222433531024938
BRIGHT,3250,0.1023538566802593
BRIGHT,3251,-0.15544283478867807
BRIGHT,3252,0.026272013922958328
BRIGHT,3253,-0.011588376980890332
BRIGHT,3254,0.05841979898913633
BRIGHT,3255,-0.0364089957787121
BRIGHT,3256,-0.03515409298349327
BRIGHT,3257,0.0969673087557812
BRIGHT,3258,-0.029726285830083726
BRIGHT,3259,0.15361690821411855
BRIGHT,3260,-0.08346591757891646
BRIGHT,3261,0.009965670341843789
BRIGHT,3262,-0.12442285593420026
BRIGHT,3263,-0.010743054824268433
BRIGHT,3264,-0.003023364707929139
BRIGHT,3265,0.07247988265680017
BRIGHT,3266,0.06176086261874618
BRIGHT,3267,-0.023363811691457476
BRIGHT,3268,-0.06401054964916594
BRIGHT,3269,0.160896426798474
BRIGHT,3270,0.038155419677756576
BRIGHT,3271,-0.03502917962494655
BRIGHT,3272,0.026088473816421934
BRIGHT,3273,0.12382047474332356
BRIGHT,3274,0.012469406870863044
BRIGHT,3275,-0.13111848550795221
BRIGHT,3276,-0.058077329750234566
BRIGHT,3277,0.06344004379202227
BRIGHT,3278,0.03788054235797954
BRIGHT,3279,-0.002861274426655289
BRIGHT,3280,-0.021524759016359078
BRIGHT,3281,0.08385395205458038
BRIGHT,3282,-0.024362663746430233
BRIGHT,3283,0.008937077574106212
BRIGHT,3284,0.01792324515040692
BRIGHT,3285,0.003036871101883701
BRIGHT,3286,0.05444229497604439
BRIGHT,3287,0.021941372782141484
BRIGHT,3288,-0.07420076247167254
BRIGHT,3289,0.03858650105480936
BRIGHT,3290,-0.022843347711009078
BRIGHT,3291,-0.0094372438717249
BRIGHT,3292,-0.04318185040951915
BRIGHT,3293,0.03218735926640702
BRIGHT,3294,0.0058159713400295346
BRIGHT,3295,0.02466587921288145
BRIGHT,3296,-0.004661426416809633
BRIGHT,3297,-0.01559245339577348
BRIGHT,3298,0.1052445613967797
BRIGHT,3299,-0.047072738564882394
BRIGHT,3300,0.020686342699300704
BRIGHT,3301,-0.030175433880534383
BRIGHT,3302,-0.07056775833399762
BRIGHT,3303,-0.001392558840317025
BRIGHT,3304,0.12954808677037463
BRIGHT,3305,0.008295314229927162
BRIGHT,3306,0.008528326439312393
BRIGHT,3307,0.13772962214759607
BRIGHT,3308,0.025359054182011932
BRIGHT,3309,0.08430508913103876
BRIGHT,3310,-0.016446820146976425
BRIGHT,3311,0.0635194770165256
BRIGHT,3312,-0.057750347619043976
BRIGHT,3313,0.03378744779505423
BRIGHT,3314,-0.03262329984938156
BRIGHT,3315,-0.07999635531910544
BRIGHT,3316,-0.05447790313987541
BRIGHT,3317,-0.08591540682600579
BRIGHT,3318,-0.04965871790083078
BRIGHT,3319,0.050319736845477095
BRIGHT,3320,0.027955218886307517
BRIGHT,3321,0.031856602285989626
BRIGHT,3322,-0.0012387519066274306
BRIGHT,3323,-0.15393493757437982
BRIGHT,3324,0.008664604415582396
BRIGHT,3325,0.029292616001220757
BRIGHT,3326,0.1321344629568087
BRIGHT,3327,0.015060589399244987
BRIGHT,3328,-0.02272227124868906
BRIGHT,3329,0.0018384663674964985
BRIGHT,3330,-0.19082414010530868
BRIGHT,3331,-0.00434029547268585
BRIGHT,3332,-0.00464072395482657
BRIGHT,3333,0.10633913792103916
BRIGHT,3334,-0.07497493293871163
BRIGHT,3335,0.05883235461395049
BRIGHT,3336,-0.004879909548033293
BRIGHT,3337,0.024809932664454352
BRIGHT,3338,-0.04654244454499226
BRIGHT,3339,-0.05923485530777241
BRIGHT,3340,-0.025044726234883484
BRIGHT,3341,-0.012873035998049573
BRIGHT,3342,-0.014283594218952388
BRIGHT,3343,0.021156502699605804
BRIGHT,3344,0.000706590679634216
BRIGHT,3345,0.13720982938321463
BRIGHT,3346,-0.041979834823376534
BRIGHT,3347,-0.029932906486891446
BRIGHT,3348,-0.021504178054072634
BRIGHT,3349,-0.021003099832097076
BRIGHT,3350,-0.032472390448584285
BRIGHT,3351,0.017099847077882386
BRIGHT,3352,-0.02728218474770924
BRIGHT,3353,-0.04514239621230403
BRIGHT,3354,-0.007724950311527809
BRIGHT,3355,0.0724502997925157
BRIGHT,3356,0.028516067644151866
BRIGHT,3357,-0.09514384308413736
BRIGHT,3358,-0.05933457328399596
BRIGHT,3359,0.03658732966926063
BRIGHT,3360,-0.09037692762049367
BRIGHT,3361,-0.009918702548096178
BRIGHT,3362,-0.09896461073663103
BRIGHT,3363,-0.0075756631149275205
BRIGHT,3364,0.05404039120173835
BRIGHT,3365,0.007887404783304209
BRIGHT,3366,0.0892466521083517
BRIGHT,3367,-0.028158930101761844
BRIGHT,3368,-0.061849862963935694
BRIGHT,3369,-0.05723906151928915
BRIGHT,3370,-0.04899740314106799
BRIGHT,3371,0.036075742329542436
BRIGHT,3372,-0.09333054075138124
BRIGHT,3373,0.07923344021586816
BRIGHT,3374,-0.002099080744473362
BRIGHT,3375,0.07970242632496687
BRIGHT,3376,-0.004315259098513663
BRIGHT,3377,0.03158467093507903
BRIGHT,3378,0.062318576885563304
BRIGHT,3379,-0.009098498367724774
BRIGHT,3380,0.023692161015656885
BRIGHT,3381,0.08051281402206917
BRIGHT,3382,-0.0563667656525845
BRIGHT,3383,-0.13718029954102035
BRIGHT,3384,-0.07418494613468249
BRIGHT,3385,0.05937235281192697
BRIGHT,3386,-0.05549818557605616
BRIGHT,3387,0.04705392022608676
BRIGHT,3388,-0.09250756535778806
BRIGHT,3389,-0.029176111809925374
BRIGHT,3390,-0.01604478064877815
BRIGHT,3391,-0.021945789216540838
BRIGHT,3392,-0.01789824588930807
BRIGHT,3393,-0.09451598633830859
BRIGHT,3394,-0.05898954924634258
BRIGHT,3395,-0.028217371868064105
BRIGHT,3396,0.025847256740558773
BRIGHT,3397,0.03518409831020069
BRIGHT,3398,-0.014956521375773104
BRIGHT,3399,-0.08117861730186889
BRIGHT,3400,-0.013632737630726706
BRIGHT,3401,0.0465506612048092
BRIGHT,3402,-0.004032310240891308
BRIGHT,3403,0.07031211067097211
BRIGHT,3404,-0.028105551533530247
BRIGHT,3405,0.06401393882129289
BRIGHT,3406,-0.052313617212626506
BRIGHT,3407,-0.08081600214005391
BRIGHT,3408,-0.009981515949889481
BRIGHT,3409,0.04175238179425553
BRIGHT,3410,-0.02500545539941082
BRIGHT,3411,0.03665326486646677
BRIGHT,3412,0.14810508746757425
BRIGHT,3413,-0.05789001254837919
BRIGHT,3414,-0.021397687650175787
BRIGHT,3415,-0.011513073674319944
BRIGHT,3416,-0.04600144743535536
BRIGHT,3417,0.09549401928415889
BRIGHT,3418,0.03848123556540809
BRIGHT,3419,0.050386075789248724
BRIGHT,3420,0.033184855181732247
BRIGHT,3421,0.07621138498480876
BRIGHT,3422,0.057124761296796785
BRIGHT,3423,0.028826714423501626
BRIGHT,3424,0.0060540155097967546
BRIGHT,3425,-0.06505376378160498
BRIGHT,3426,0.03770373600578822
BRIGHT,3427,-0.03411897251924334
BRIGHT,3428,0.08360541533976679
BRIGHT,3429,-0.0006335984132094519
BRIGHT,3430,0.10236119013310051
BRIGHT,3431,0.033017588106496486
BRIGHT,3432,0.03801363663482895
BRIGHT,3433,-0.0025761406963508687
BRIGHT,3434,-0.031677627979558955
BRIGHT,3435,0.047481995290724055
BRIGHT,3436,0.07664553470519091
BRIGHT,3437,-0.06410695428521507
BRIGHT,3438,-0.11804931414420326
BRIGHT,3439,0.019733476662920257
BRIGHT,3440,0.026584289048040412
BRIGHT,3441,-0.0008214875081462461
BRIGHT,3442,0.11550137765413651
BRIGHT,3443,0.04941565623397329
BRIGHT,3444,-0.007670532392267797
BRIGHT,3445,0.1103952019035655
BRIGHT,3446,0.13628322850434094
BRIGHT,3447,-0.01580747710630864
BRIGHT,3448,-0.051075255979226665
BRIGHT,3449,0.04021489918790071
BRIGHT,3450,-0.137972847551891
BRIGHT,3451,-0.041700445088501285
BRIGHT,3452,0.11083126246353696
BRIGHT,3453,0.06589278536623688
BRIGHT,3454,0.11691299884754248
BRIGHT,3455,0.04474383097943895
BRIGHT,3456,0.076137907333085
BRIGHT,3457,0.009799438687949087
BRIGHT,3458,0.05981358605025304
BRIGHT,3459,-0.033877046356037166
BRIGHT,3460,-0.0801340918595015
BRIGHT,3461,0.07122458851803573
BRIGHT,3462,0.026621946801469905
BRIGHT,3463,-0.004213688894564486
BRIGHT,3464,-0.03557082401665719
BRIGHT,3465,0.08154497277575286
BRIGHT,3466,0.00893320177487409
BRIGHT,3467,-0.047239779585192786
BRIGHT,3468,0.04896524502611658
BRIGHT,3469,0.026623315329217783
BRIGHT,3470,-0.15391039251217722
BRIGHT,3471,0.11758890158592307
BRIGHT,3472,0.07925145390629636
BRIGHT,3473,0.1601115322596975
BRIGHT,3474,-0.04692497351321227
BRIGHT,3475,0.02450683947417749
BRIGHT,3476,-0.0336997629038013
BRIGHT,3477,-0.04936096660256424
BRIGHT,3478,-0.05616763072179961
BRIGHT,3479,0.09363376379310982
BRIGHT,3480,0.013966038979048983
BRIGHT,3481,0.13650951098480288
BRIGHT,3482,0.05241609868201593
BRIGHT,3483,-0.12153716452302414
BRIGHT,3484,-0.053186915973059204
BRIGHT,3485,-0.02078575187146877
BRIGHT,3486,-0.04063718006758114
BRIGHT,3487,0.06759130866534462
BRIGHT,3488,0.036634240469839374
BRIGHT,3489,0.015531516219642485
BRIGHT,3490,-0.046325630631609355
BRIGHT,3491,0.011522444280955868
BRIGHT,3492,-0.061736004322638635
BRIGHT,3493,0.09339230615475641
BRIGHT,3494,-0.015158279031382947
BRIGHT,3495,0.004134993010918562
BRIGHT,3496,0.06108480904433991
BRIGHT,3497,0.050559997894183244
BRIGHT,3498,0.010215209835997134
BRIGHT,3499,-0.006275598640118699
BRIGHT,3500,-0.029177029864352954
BRIGHT,3501,-0.030328345418773533
BRIGHT,3502,0.049871615775971066
BRIGHT,3503,0.0746408328265706
BRIGHT,3504,0.050803831815168586
BRIGHT,3505,0.032786625513583315
BRIGHT,3506,0.09198659653193282
BRIGHT,3507,0.03997893011447766
BRIGHT,3508,-0.034162392900670004
BRIGHT,3509,0.010126733907956278
BRIGHT,3510,0.0331799082467841
BRIGHT,3511,0.09123518335413623
BRIGHT,3512,0.08095410613226708
BRIGHT,3513,-0.13611922646825161
BRIGHT,3514,-0.04846150915186398
BRIGHT,3515,0.03266210293731502
BRIGHT,3516,-0.015570859049116665
BRIGHT,3517,-0.050272429976536595
BRIGHT,3518,0.11924910602275855
BRIGHT,3519,-0.07607763597734944
BRIGHT,3520,0.005065527347575369
BRIGHT,3521,0.08746408808306981
BRIGHT,3522,-0.0722284486920767
BRIGHT,3523,-0.07156441123325563
BRIGHT,3524,0.08710771361491457
BRIGHT,3525,-0.056178459431780875
BRIGHT,3526,-0.04542137412236886
BRIGHT,3527,-0.030471301919542285
BRIGHT,3528,0.03516246676041675
BRIGHT,3529,0.12184598012116907
BRIGHT,3530,-0.12316970550720252
BRIGHT,3531,-0.00821159675258141
BRIGHT,3532,-0.00836812447825651
BRIGHT,3533,0.035286514218745464
BRIGHT,3534,-0.04430797777036504
BRIGHT,3535,0.02463024517520366
BRIGHT,3536,0.090810536671334
BRIGHT,3537,0.04894096888197448
BRIGHT,3538,-0.05014448252714412
BRIGHT,3539,0.02598413188433502
BRIGHT,3540,0.010528962902606232
BRIGHT,3541,0.11894507511033528
BRIGHT,3542,-0.03144854588542326
BRIGHT,3543,0.016790430577566583
BRIGHT,3544,0.017989106076161235
BRIGHT,3545,-0.06689115126646296
BRIGHT,3546,0.023740502304515777
BRIGHT,3547,-0.04393980151799344
BRIGHT,3548,0.04084284252800526
BRIGHT,3549,0.11689620756332784
BRIGHT,3550,0.06144417232767788
BRIGHT,3551,0.025500862186176004
BRIGHT,3552,-0.017583302118551025
BRIGHT,3553,-0.012980434912327556
BRIGHT,3554,-0.02345823094071409
BRIGHT,3555,-0.01516939794552964
BRIGHT,3556,0.06796259119545432
BRIGHT,3557,-0.09550929206350023
BRIGHT,3558,0.09535873320784626
BRIGHT,3559,0.0020979253673203465
BRIGHT,3560,0.05571829925128225
BRIGHT,3561,0.024553734387320433
BRIGHT,3562,0.040519842421018804
BRIGHT,3563,0.04594214287566628
BRIGHT,3564,-0.01694915395369334
BRIGHT,3565,0.047667432116737685
BRIGHT,3566,-0.050067882746014127
BRIGHT,3567,-0.057019163796387384
BRIGHT,3568,-0.11774240258901934
BRIGHT,3569,-0.03589664058798144
BRIGHT,3570,0.03326769610628831
BRIGHT,3571,-0.11412863949836805
BRIGHT,3572,0.022515580418925298
BRIGHT,3573,-0.1785481036019667
BRIGHT,3574,0.0456109221337055
BRIGHT,3575,-0.000872410648428111
BRIGHT,3576,0.05670231404066777
BRIGHT,3577,0.07762142426005911
BRIGHT,3578,-0.049478194115737194
BRIGHT,3579,0.04299963105590365
BRIGHT,3580,-0.059258501295759346
BRIGHT,3581,-0.011263215662075516
BRIGHT,3582,0.06557872107898653
BRIGHT,3583,0.03566869011025693
BRIGHT,3584,-0.09668576187919067
BRIGHT,3585,0.06591400312584442
BRIGHT,3586,0.06112320777407921
BRIGHT,3587,-0.08372387941178769
BRIGHT,3588,-0.0027094056483262605
BRIGHT,3589,0.22722480063864176
BRIGHT,3590,0.08701138968703649
BRIGHT,3591,0.08613884735206065
BRIGHT,3592,0.016942950543308317
BRIGHT,3593,-0.06575010567104017
BRIGHT,3594,-0.05427468812220153
BRIGHT,3595,-0.00495364525591609
BRIGHT,3596,-0.02356233612125981
BRIGHT,3597,0.023791893184502165
BRIGHT,3598,-0.022993509783100663
BRIGHT,3599,0.014143110364848098
BRIGHT,3600,0.008892918911547984
BRIGHT,3601,0.1661424808891138
BRIGHT,3602,0.013697609012582716
BRIGHT,3603,-0.04793123382794614
BRIGHT,3604,0.008070215775304822
BRIGHT,3605,0.027850712929936208
BRIGHT,3606,0.04770689503382164
BRIGHT,3607,-0.065354256695072
BRIGHT,3608,-0.018879597753622086
BRIGHT,3609,0.013749865379026543
BRIGHT,3610,0.021114513374130107
BRIGHT,3611,-0.056357910129383876
BRIGHT,3612,-0.09163189387244579
BRIGHT,3613,0.015454544330789029
BRIGHT,3614,0.0357483285207845
BRIGHT,3615,0.05380307210795112
BRIGHT,3616,0.08845096771029144
BRIGHT,3617,-0.02789093450910818
BRIGHT,3618,-0.0037497001420346327
BRIGHT,3619,0.1103167727670859
BRIGHT,3620,-0.0032043837593252497
BRIGHT,3621,-0.03855235831094873
BRIGHT,3622,-0.08012076851433815
BRIGHT,3623,-0.10772940078591792
BRIGHT,3624,-0.005270472980539901
BRIGHT,3625,0.0036478812559545765
BRIGHT,3626,0.05251180098938338
BRIGHT,3627,-0.10841321109604452
BRIGHT,3628,-0.08247890348000085
BRIGHT,3629,-0.07066793823423913
BRIGHT,3630,-0.11719497481949097
BRIGHT,3631,0.06698877514657424
BRIGHT,3632,0.08507937687800088
BRIGHT,3633,0.045748315987867647
BRIGHT,3634,-0.008644400666664795
BRIGHT,3635,0.023676523938979472
BRIGHT,3636,0.03212906900122465
BRIGHT,3637,0.10471691797426666
BRIGHT,3638,-0.03413289672260648
BRIGHT,3639,0.03616331315434693
BRIGHT,3640,0.06147785548015207
BRIGHT,3641,-0.05628490743163285
BRIGHT,3642,0.0727522454261907
BRIGHT,3643,0.08257041649624391
BRIGHT,3644,-0.05516737480326881
BRIGHT,3645,0.06787093646603196
BRIGHT,3646,-0.03213942925908362
BRIGHT,3647,-0.021837673251517073
BRIGHT,3648,-0.03576017521035054
BRIGHT,3649,-0.014216564135189338
BRIGHT,3650,0.05582684672733581
BRIGHT,3651,0.0200807803523768
BRIGHT,3652,-0.0018390988659030868
BRIGHT,3653,-0.04167055741975781
BRIGHT,3654,0.004813304388732762
BRIGHT,3655,0.11426501227370012
BRIGHT,3656,-0.05470028276274831
BRIGHT,3657,0.06858828460797659
BRIGHT,3658,-0.029045425819625704
BRIGHT,3659,0.07776436624851718
BRIGHT,3660,0.04047012157064179
BRIGHT,3661,-0.039654082255844166
BRIGHT,3662,0.031064012910824976
BRIGHT,3663,-0.0685840997477402
BRIGHT,3664,0.04958794594306006
BRIGHT,3665,-0.033471346067027986
BRIGHT,3666,-0.0624842546380589
BRIGHT,3667,0.10081170638738557
BRIGHT,3668,0.034991925807189087
BRIGHT,3669,0.10153655895421566
BRIGHT,3670,0.000127003148834453
BRIGHT,3671,0.0099232481332718
BRIGHT,3672,-0.09615571647330794
BRIGHT,3673,-0.060477980076411635
BRIGHT,3674,0.01144969981576154
BRIGHT,3675,0.08707398779598031
BRIGHT,3676,0.02497723706351796
BRIGHT,3677,0.12610900188635732
BRIGHT,3678,0.0011722589177842538
BRIGHT,3679,0.06530990206465134
BRIGHT,3680,0.06148616130989037
BRIGHT,3681,0.05600282041792935
BRIGHT,3682,-0.12561682229096005
BRIGHT,3683,0.025940712047342936
BRIGHT,3684,0.10115076918807278
BRIGHT,3685,0.06914308929050504
BRIGHT,3686,0.04954257958685818
BRIGHT,3687,0.08371774284857304
BRIGHT,3688,0.07882249740990457
BRIGHT,3689,-0.1080681549715725
BRIGHT,3690,-0.006689512733528098
BRIGHT,3691,-0.03343000096734432
BRIGHT,3692,-0.0555428804531252
BRIGHT,3693,0.01381629859027463
BRIGHT,3694,0.08669929552930399
BRIGHT,3695,-0.03838180672693672
BRIGHT,3696,-0.08764979188483184
BRIGHT,3697,0.00025137071824658834
BRIGHT,3698,-0.0655271733136377
BRIGHT,3699,0.06447882541237102
BRIGHT,3700,-0.035518250996591276
BRIGHT,3701,-0.06252189497944574
BRIGHT,3702,-0.17795060353565142
BRIGHT,3703,-0.06096257185147223
BRIGHT,3704,-0.09250187923454566
BRIGHT,3705,-0.00861391201240076
BRIGHT,3706,0.022825012541846254
BRIGHT,3707,-0.09842975260543316
BRIGHT,3708,-0.05331112722670619
BRIGHT,3709,0.01047013071484294
BRIGHT,3710,-0.1016332378728357
BRIGHT,3711,-0.019582556589995775
BRIGHT,3712,-0.037000921873035386
BRIGHT,3713,0.07007277871082805
BRIGHT,3714,0.08292815364333755
BRIGHT,3715,-0.008047243172040383
BRIGHT,3716,0.11877127214285248
BRIGHT,3717,0.010103682163628986
BRIGHT,3718,0.006023419712016506
BRIGHT,3719,-0.042342508640543494
BRIGHT,3720,0.014847794789674849
BRIGHT,3721,-0.01640412991393891
BRIGHT,3722,-0.025612322275580423
BRIGHT,3723,0.09214133203927274
BRIGHT,3724,-0.04191245575479559
BRIGHT,3725,0.06687764099335246
BRIGHT,3726,0.0350792797850081
BRIGHT,3727,-0.0028233860720063403
BRIGHT,3728,0.06650638185907304
BRIGHT,3729,-0.0516023418920005
BRIGHT,3730,0.08658496634206672
BRIGHT,3731,0.0009662622340512623
BRIGHT,3732,-0.05455827367798395
BRIGHT,3733,-0.11316418189336283
BRIGHT,3734,0.08320160555785554
BRIGHT,3735,0.088631749385883
BRIGHT,3736,0.031501122555356156
BRIGHT,3737,0.0785034751820491
BRIGHT,3738,-0.07103893650187627
BRIGHT,3739,-0.0018662721168549753
BRIGHT,3740,-0.03756269126224952
BRIGHT,3741,-0.09876191413906084
BRIGHT,3742,0.044780952777962735
BRIGHT,3743,-0.11178796052515313
BRIGHT,3744,-0.08384565510720084
BRIGHT,3745,-0.0006358695556177207
BRIGHT,3746,-0.05003246267833861
BRIGHT,3747,-0.032384623409156245
BRIGHT,3748,-0.009667512732427939
BRIGHT,3749,-0.1159180884202213
BRIGHT,3750,0.050546681940446606
BRIGHT,3751,-0.004401586656674577
BRIGHT,3752,0.007778681159279746
BRIGHT,3753,-0.053649547996122586
BRIGHT,3754,-0.04151246342671878
BRIGHT,3755,0.0057207373690588495
BRIGHT,3756,-0.04225036117552633
BRIGHT,3757,-0.00034413982118823523
BRIGHT,3758,0.10453869644755368
BRIGHT,3759,0.00941798043112362
BRIGHT,3760,0.004452243961816549
BRIGHT,3761,-0.03536769894989519
BRIGHT,3762,-0.015385262192803686
BRIGHT,3763,0.04551715549357307
BRIGHT,3764,0.039205330926070675
BRIGHT,3765,-0.02107851939729526
BRIGHT,3766,-0.08294560208960743
BRIGHT,3767,-0.041796059348363036
BRIGHT,3768,0.03702881082736306
BRIGHT,3769,-0.023480871191155984
BRIGHT,3770,-0.029431448459000732
BRIGHT,3771,0.02064657802334333
BRIGHT,3772,0.03561835776920209
BRIGHT,3773,-0.020922407475976828
BRIGHT,3774,-0.10933826597760331
BRIGHT,3775,-0.015367137419759048
BRIGHT,3776,0.01896295797973392
BRIGHT,3777,-0.10060390566879132
BRIGHT,3778,0.014183241483900232
BRIGHT,3779,0.12435013492693957
BRIGHT,3780,0.07747455530605579
BRIGHT,3781,-0.0086248734233841
BRIGHT,3782,-0.008216093765257532
BRIGHT,3783,-0.05028256307084139
BRIGHT,3784,0.10270130519181589
BRIGHT,3785,0.002443742543134167
BRIGHT,3786,-0.03250510686913249
BRIGHT,3787,-0.10026857719016778
BRIGHT,3788,-0.06707749944953928
BRIGHT,3789,-0.08413763665307526
BRIGHT,3790,0.04621624423417757
BRIGHT,3791,-0.13878805529488142
BRIGHT,3792,-0.13991709436266694
BRIGHT,3793,-0.10818168839326919
BRIGHT,3794,-0.0674049690527246
BRIGHT,3795,0.010960371177438213
BRIGHT,3796,-0.0072784347618433335
BRIGHT,3797,-0.1345728820001073
BRIGHT,3798,0.05402090744917322
BRIGHT,3799,-0.026510267478471225
BRIGHT,3800,-0.0704993647410445
BRIGHT,3801,-0.019461243308034188
BRIGHT,3802,-0.026980659583499874
BRIGHT,3803,-0.015514118094893373
BRIGHT,3804,-0.010260862772563483
BRIGHT,3805,-0.048764554770160354
BRIGHT,3806,-0.0680922399358239
BRIGHT,3807,-0.09336876574805532
BRIGHT,3808,-0.07161536812711176
BRIGHT,3809,-0.011115950679626696
BRIGHT,3810,0.030528999466819477
BRIGHT,3811,0.05980609716235321
BRIGHT,3812,0.025225266764607592
BRIGHT,3813,0.027312540438067225
BRIGHT,3814,0.03564804174574921
BRIGHT,3815,-0.06013742905916005
BRIGHT,3816,-0.06631794416578637
BRIGHT,3817,0.031713580894560466
BRIGHT,3818,0.026911559770806566
BRIGHT,3819,0.12497230987448206
BRIGHT,3820,-0.13227566873480062
BRIGHT,3821,-0.03441314075837075
BRIGHT,3822,-0.04742863170575756
BRIGHT,3823,-0.07987578545683173
BRIGHT,3824,-0.0017486223821991465
BRIGHT,3825,-0.03541944818745776
BRIGHT,3826,-0.12797034936222193
BRIGHT,3827,0.08900276128689381
BRIGHT,3828,-0.08843496796624792
BRIGHT,3829,0.0725840705907397
BRIGHT,3830,-0.06385813083675307
BRIGHT,3831,-0.06902183530469091
BRIGHT,3832,-0.039784818495637926
BRIGHT,3833,0.009174347147179964
BRIGHT,3834,0.02219595925242304
BRIGHT,3835,-0.1252112884367908
BRIGHT,3836,-0.04378891089618157
BRIGHT,3837,-0.029231539291352634
BRIGHT,3838,-0.09233361431316363
BRIGHT,3839,0.1164927757598892
BRIGHT,3840,-0.03734565602439263
BRIGHT,3841,-0.04346843319088681
BRIGHT,3842,0.008831388612068001
BRIGHT,3843,0.07496287923380252
BRIGHT,3844,0.009519527467454495
BRIGHT,3845,0.025120030675284268
BRIGHT,3846,0.007371253258751465
BRIGHT,3847,-0.012858926045349588
BRIGHT,3848,-0.0295646494209311
BRIGHT,3849,0.014576060649678988
BRIGHT,3850,0.0005167254844182552
BRIGHT,3851,0.012233247883237418
BRIGHT,3852,0.029373254356692028
BRIGHT,3853,-0.07251235524573832
BRIGHT,3854,0.04009623086192864
BRIGHT,3855,-0.07071422302544526
BRIGHT,3856,-0.006631227244285226
BRIGHT,3857,-0.11163738737995554
BRIGHT,3858,0.05069413772334887
BRIGHT,3859,0.01304862640192434
BRIGHT,3860,0.03275573480839482
BRIGHT,3861,0.07849281751410725
BRIGHT,3862,0.05497972593268131
BRIGHT,3863,-0.049135803463743716
BRIGHT,3864,0.0708500449611252
BRIGHT,3865,0.022684246174952592
BRIGHT,3866,-0.030634314511636576
BRIGHT,3867,-0.06723660562967425
BRIGHT,3868,0.06358067619085327
BRIGHT,3869,0.06702836642997193
BRIGHT,3870,0.08487828852070844
BRIGHT,3871,-0.045126292646463506
BRIGHT,3872,-0.010687073200276669
BRIGHT,3873,-0.016242336212560524
BRIGHT,3874,-0.012056461217413786
BRIGHT,3875,-0.02060255065082751
BRIGHT,3876,-0.06491452502893816
BRIGHT,3877,0.106223670671726
BRIGHT,3878,-0.016301166667208784
BRIGHT,3879,-0.05304745091589205
BRIGHT,3880,-0.0252753371756272
BRIGHT,3881,-0.0011439147578010836
BRIGHT,3882,-0.08681994516423071
BRIGHT,3883,0.049023232177624956
BRIGHT,3884,-0.062009813027176154
BRIGHT,3885,-0.09765695266845056
BRIGHT,3886,-0.07462026067376927
BRIGHT,3887,0.07250766488202547
BRIGHT,3888,-0.06550780002358736
BRIGHT,3889,0.03183410629676937
BRIGHT,3890,0.015945777226611592
BRIGHT,3891,0.03432645649243774
BRIGHT,3892,0.015264485851175015
BRIGHT,3893,-0.026307617460556314
BRIGHT,3894,-0.026322325534523367
BRIGHT,3895,0.024006480683611185
BRIGHT,3896,-0.02058688592688043
BRIGHT,3897,-0.0105063875203468
BRIGHT,3898,-0.039065280850944364
BRIGHT,3899,0.014612348820963473
BRIGHT,3900,0.022519378522529068
BRIGHT,3901,0.09330246771320762
BRIGHT,3902,-0.04256546448463764
BRIGHT,3903,-0.01167686297814495
BRIGHT,3904,0.05420818736953859
BRIGHT,3905,0.04800718924561194
BRIGHT,3906,-0.06133772609408398
BRIGHT,3907,0.01796322207488626
BRIGHT,3908,-0.029027496530587286
BRIGHT,3909,-0.03990060616477981
BRIGHT,3910,-0.0170014582731983
BRIGHT,3911,-0.13316839640392333
BRIGHT,3912,-0.004061205002625189
BRIGHT,3913,-0.017155734595696793
BRIGHT,3914,0.030131692403703482
BRIGHT,3915,0.05630166824169681
BRIGHT,3916,-0.08311260058898229
BRIGHT,3917,0.010563441113426776
BRIGHT,3918,0.06273678055290327
BRIGHT,3919,-0.06479009930571411
BRIGHT,3920,-0.04514369176652768
BRIGHT,3921,-0.015439879132518625
BRIGHT,3922,-0.0209930753121957
BRIGHT,3923,0.059896876650948665
BRIGHT,3924,0.10857958394925148
BRIGHT,3925,-0.06838960501833241
BRIGHT,3926,0.08003146723453969
BRIGHT,3927,-0.11313653004320806
BRIGHT,3928,0.024271408595196498
BRIGHT,3929,0.02713526095704242
BRIGHT,3930,0.09165738853505159
BRIGHT,3931,-0.03620879907262475
BRIGHT,3932,0.020465340741103184
BRIGHT,3933,0.00234422344665573
BRIGHT,3934,-0.09110899887930468
BRIGHT,3935,-0.09027626193504176
BRIGHT,3936,0.06609753339864896
BRIGHT,3937,-0.03937915226163723
BRIGHT,3938,0.13980287131961613
BRIGHT,3939,-0.03964062894252766
BRIGHT,3940,-0.06221698768399577
BRIGHT,3941,-0.009176368811359657
BRIGHT,3942,0.2085114199526221
BRIGHT,3943,0.008557073479294809
BRIGHT,3944,0.029625573759426947
BRIGHT,3945,0.0297131525731433
BRIGHT,3946,0.016570869226208977
BRIGHT,3947,-0.0462091277032666
BRIGHT,3948,0.10666781833392905
BRIGHT,3949,0.026990988962557548
BRIGHT,3950,-0.063254986800597
BRIGHT,3951,-0.021113699807284482
BRIGHT,3952,-0.030179900771929363
BRIGHT,3953,0.008289254914797841
BRIGHT,3954,0.03415609831322914
BRIGHT,3955,-0.027391709895299602
BRIGHT,3956,-0.03893006370381503
BRIGHT,3957,-0.02614624277923195
BRIGHT,3958,-0.006039487039498728
BRIGHT,3959,0.0594817786293732
BRIGHT,3960,0.011594799114702212
BRIGHT,3961,0.022292752533486063
BRIGHT,3962,-0.08994449478145233
BRIGHT,3963,-0.027524024159056686
BRIGHT,3964,0.04052768456684626
BRIGHT,3965,-0.018264910554002062
BRIGHT,3966,0.0030768578141775397
BRIGHT,3967,0.01846363011196736
BRIGHT,3968,-0.11220695397320972
BRIGHT,3969,-0.16252205506017733
BRIGHT,3970,-0.017512550481894273
BRIGHT,3971,-0.04222838676544388
BRIGHT,3972,-0.03302361643961792
BRIGHT,3973,-0.10680092444637865
BRIGHT,3974,-0.05309893159148526
BRIGHT,3975,-0.012552356103408966
BRIGHT,3976,-0.00840463949933302
BRIGHT,3977,-0.01628474236693465
BRIGHT,3978,-0.09100069551905973
BRIGHT,3979,0.034137289855854396
BRIGHT,3980,0.09295917583183332
BRIGHT,3981,0.008527604938806823
BRIGHT,3982,0.009519440895626088
BRIGHT,3983,-0.061520673401537315
BRIGHT,3984,-0.1040589051890995
BRIGHT,3985,0.039343105464474476
BRIGHT,3986,-0.045901864598718395
BRIGHT,3987,-0.009541341618729257
BRIGHT,3988,-0.07449190053641715
BRIGHT,3989,-0.0777238433371119
BRIGHT,3990,-0.11310887510519549
BRIGHT,3991,-0.09866372445736032
BRIGHT,3992,0.01431630441416563
BRIGHT,3993,-0.07864731070539695
BRIGHT,3994,-0.028683192098454668
BRIGHT,3995,-0.005821179965854597
BRIGHT,3996,0.04216362933381922
BRIGHT,3997,0.10774534951511923
BRIGHT,3998,0.022930514154501
BRIGHT,3999,0.04122641742400597
BRIGHT,4000,-0.007967721088997008
BRIGHT,4001,-0.08934804376213372
BRIGHT,4002,0.057651953018985416
BRIGHT,4003,-0.038570328150795107
BRIGHT,4004,-0.08149249428806335
BRIGHT,4005,-0.0997317653663091
BRIGHT,4006,0.07726144334215192
BRIGHT,4007,0.009235740016190087
BRIGHT,4008,-0.01995326583630737
BRIGHT,4009,-0.09079159635770893
BRIGHT,4010,-0.0627744681546129
BRIGHT,4011,0.003387811219245454
BRIGHT,4012,0.004733511998513409
BRIGHT,4013,0.007672390263889861
BRIGHT,4014,-0.019442532182251362
BRIGHT,4015,-0.03651653672495329
BRIGHT,4016,-0.16343580817672243
BRIGHT,4017,-0.024470826067560906
BRIGHT,4018,-0.0864382953567475
BRIGHT,4019,0.010282896022102125
BRIGHT,4020,-0.07681834813578192
BRIGHT,4021,0.036426535236514915
BRIGHT,4022,-0.15455163127703894
BRIGHT,4023,-0.05181866962948689
BRIGHT,4024,-0.002410029906100535
BRIGHT,4025,0.02969227123107283
BRIGHT,4026,-0.18961819803892563
BRIGHT,4027,0.012928999504294455
BRIGHT,4028,-0.08961263661691032
BRIGHT,4029,0.07080892944860831
BRIGHT,4030,0.10415124395245406
BRIGHT,4031,0.008939516177604636
BRIGHT,4032,-0.005374042294921508
BRIGHT,4033,0.04503053311860741
BRIGHT,4034,0.0733489063347662
BRIGHT,4035,-0.03681530554169555
BRIGHT,4036,0.05892490034190356
BRIGHT,4037,-0.02208733087384197
BRIGHT,4038,0.045836051536742084
BRIGHT,4039,0.15183948869551678
BRIGHT,4040,0.048833812979271495
BRIGHT,4041,-0.11345218529296683
BRIGHT,4042,0.0009627931146651901
BRIGHT,4043,0.07060268014025534
BRIGHT,4044,0.0001551316131613159
BRIGHT,4045,0.11576769546602317
BRIGHT,4046,-0.0027549022750541427
BRIGHT,4047,0.05268061064765283
BRIGHT,4048,-0.078010739584727
BRIGHT,4049,-0.11414075188668793
BRIGHT,4050,0.05005734004698851
BRIGHT,4051,-0.03560761936695093
BRIGHT,4052,-0.07681033386026162
BRIGHT,4053,-0.002118594254518044
BRIGHT,4054,0.11716715422929112
BRIGHT,4055,-0.05919200347751917
BRIGHT,4056,0.010241377230096462
BRIGHT,4057,0.022820543809088805
BRIGHT,4058,0.009425201668899402
BRIGHT,4059,0.0058918432106494925
BRIGHT,4060,0.033823794609217604
BRIGHT,4061,-0.1013671072002995
BRIGHT,4062,0.003329251334956535
BRIGHT,4063,-0.08570695808022577
BRIGHT,4064,-0.10609354438407854
BRIGHT,4065,-0.042984549377569105
BRIGHT,4066,0.027834123516963256
BRIGHT,4067,0.06189715994592575
BRIGHT,4068,-0.06618394710834354
BRIGHT,4069,-0.08556890305734206
BRIGHT,4070,-0.029979335858601575
BRIGHT,4071,-0.02797131393248337
BRIGHT,4072,0.02946915247916482
BRIGHT,4073,-0.023678834656079575
BRIGHT,4074,0.0017179780030234881
BRIGHT,4075,0.01811593908155204
BRIGHT,4076,-0.12966198401206555
BRIGHT,4077,-0.1384788493597213
BRIGHT,4078,0.10518229535004009
BRIGHT,4079,0.09750281079137137
BRIGHT,4080,0.060705198945087385
BRIGHT,4081,-0.00362834293696905
BRIGHT,4082,-0.10183864156396522
BRIGHT,4083,0.07906556142874173
BRIGHT,4084,0.038614587606114435
BRIGHT,4085,0.01780072269920041
BRIGHT,4086,-0.03737011977824059
BRIGHT,4087,-0.04627366372562875
BRIGHT,4088,0.05084484851053568
BRIGHT,4089,0.01886588888575748
BRIGHT,4090,0.07904889216242762
BRIGHT,4091,-0.05805718837194611
BRIGHT,4092,-0.08066643079187326
BRIGHT,4093,0.009558954520282862
BRIGHT,4094,-0.05906944446683162
BRIGHT,4095,-0.0025234567867047663
BRIGHT,4096,-0.0925717394076894
BRIGHT,4097,-0.08458862609943202
BRIGHT,4098,-0.05839700926093608
BRIGHT,4099,0.004883330214399158
BRIGHT,4100,0.026698669946227317
BRIGHT,4101,0.06864282124546724
BRIGHT,4102,-0.030478040302230638
BRIGHT,4103,-0.009228819941897176
BRIGHT,4104,-0.03550522745290098
BRIGHT,4105,0.14407952749312974
BRIGHT,4106,-0.01272525069780122
BRIGHT,4107,-0.018756543960432994
BRIGHT,4108,0.019483394770539182
BRIGHT,4109,-0.014315502059496863
BRIGHT,4110,0.018951310799543947
BRIGHT,4111,0.0032940224856744978
BRIGHT,4112,0.028044285122821307
BRIGHT,4113,-0.0441738768553731
BRIGHT,4114,-0.08912369712252072
BRIGHT,4115,-0.10889112484831595
BRIGHT,4116,-0.04137075703287782
BRIGHT,4117,-0.014998298626460129
BRIGHT,4118,-0.06086081576040336
BRIGHT,4119,-0.03051802640335755
BRIGHT,4120,0.04688907611132062
BRIGHT,4121,0.08979294431177569
BRIGHT,4122,-0.07498744363275892
BRIGHT,4123,-0.009461305873244674
BRIGHT,4124,0.016752530913069993
BRIGHT,4125,0.1018339487834513
BRIGHT,4126,0.052116561856675986
BRIGHT,4127,-0.06495258275706439
BRIGHT,4128,0.09888815892651952
BRIGHT,4129,0.0359006639929022
BRIGHT,4130,-0.07050056593329265
BRIGHT,4131,-0.11245350857018044
BRIGHT,4132,-0.006633506754171194
BRIGHT,4133,0.022535166106721228
BRIGHT,4134,-0.03724669931615966
BRIGHT,4135,-0.07437408750432004
BRIGHT,4136,0.032937033413187156
BRIGHT,4137,-0.020988102442970932
BRIGHT,4138,-0.07217262705365286
BRIGHT,4139,0.044378250692822904
BRIGHT,4140,0.09068297813200363
BRIGHT,4141,-0.03265302997275726
BRIGHT,4142,0.020883455044231003
BRIGHT,4143,-0.09790475063862872
BRIGHT,4144,-0.058216633342236444
BRIGHT,4145,0.0015953586291969702
BRIGHT,4146,0.09852950361895409
BRIGHT,4147,0.023474527614760928
BRIGHT,4148,-0.031011654446199296
BRIGHT,4149,0.0018896816947102137
BRIGHT,4150,-0.10284172505962504
BRIGHT,4151,0.02750317779301645
BRIGHT,4152,-0.13767701646990294
BRIGHT,4153,0.08324830149154325
BRIGHT,4154,-0.07457989155233125
BRIGHT,4155,0.027360623155258043
BRIGHT,4156,0.06248087520984487
BRIGHT,4157,0.07272454853742497
BRIGHT,4158,-0.035051694808127566
BRIGHT,4159,0.12562978542761258
BRIGHT,4160,0.025309835644105206
BRIGHT,4161,0.06102629617663945
BRIGHT,4162,0.04758731565462874
BRIGHT,4163,0.04414822852760536
BRIGHT,4164,-0.021228469992616853
BRIGHT,4165,0.1267746834378135
BRIGHT,4166,-0.0353146957468279
BRIGHT,4167,0.08262175580271577
BRIGHT,4168,-0.003980921401523905
BRIGHT,4169,-0.17448175239365063
BRIGHT,4170,-0.06980009910927895
BRIGHT,4171,-0.12043179407070843
BRIGHT,4172,-0.028279579957719996
BRIGHT,4173,-0.053682068034647236
BRIGHT,4174,0.1272711567552642
BRIGHT,4175,0.0007428658158114901
BRIGHT,4176,0.05184721145765906
BRIGHT,4177,0.006886390505167405
BRIGHT,4178,-0.09765768245229235
BRIGHT,4179,0.0029697147716702043
BRIGHT,4180,0.0617825412063016
BRIGHT,4181,-0.06401807088787496
BRIGHT,4182,-0.059944694700946155
BRIGHT,4183,0.016728704135435885
BRIGHT,4184,0.022800513271349965
BRIGHT,4185,0.03158172181347784
BRIGHT,4186,0.07089338494800942
BRIGHT,4187,0.03473126045953034
BRIGHT,4188,-0.018176577242444644
BRIGHT,4189,-0.034238765237040225
BRIGHT,4190,-0.056198792450877236
BRIGHT,4191,0.08310630726769823
BRIGHT,4192,0.03823944542254123
BRIGHT,4193,0.09393718307721995
BRIGHT,4194,0.0063784235248244316
BRIGHT,4195,-0.09616317714145235
BRIGHT,4196,-0.01833968587799749
BRIGHT,4197,-0.08496203881538804
BRIGHT,4198,0.0146353418797631
BRIGHT,4199,0.0705433460538515
BRIGHT,4200,-0.06435646618417301
BRIGHT,4201,0.08509198861766462
BRIGHT,4202,0.06439508947131832
BRIGHT,4203,0.03097812535158437
BRIGHT,4204,0.09951127133982993
BRIGHT,4205,-0.029208468974401148
BRIGHT,4206,0.03321343215164614
BRIGHT,4207,-0.01864342394584849
BRIGHT,4208,-0.06985539448236162
BRIGHT,4209,0.08367450256745847
BRIGHT,4210,-0.053261124457554106
BRIGHT,4211,0.0983356118082847
BRIGHT,4212,-0.051057125486772395
BRIGHT,4213,-0.17439322466702598
BRIGHT,4214,-0.037962523623212674
BRIGHT,4215,-0.02893666048695088
BRIGHT,4216,0.006579046612120321
BRIGHT,4217,0.04593894958589716
BRIGHT,4218,0.061300519241418994
BRIGHT,4219,0.08562565306186495
BRIGHT,4220,0.0024535330621948165
BRIGHT,4221,-0.029372068096527083
BRIGHT,4222,0.10629911865516985
BRIGHT,4223,-0.015954486372627343
BRIGHT,4224,0.07390871805800153
BRIGHT,4225,0.01888316477157701
BRIGHT,4226,-0.0340002729010177
BRIGHT,4227,0.028155404528752988
BRIGHT,4228,0.0670648016017065
BRIGHT,4229,0.05201401251715165
BRIGHT,4230,0.10199783449599954
BRIGHT,4231,0.037953138210019825
BRIGHT,4232,0.027984241180676845
BRIGHT,4233,0.025861534886526445
BRIGHT,4234,-0.06102889500709226
BRIGHT,4235,-0.14519173857745954
BRIGHT,4236,-0.14226806416560153
BRIGHT,4237,-0.006632537921908029
BRIGHT,4238,-0.15616236699746724
BRIGHT,4239,0.109097445465627
BRIGHT,4240,-0.07292801573634497
BRIGHT,4241,-0.04400431718271256
BRIGHT,4242,0.013950172939579512
BRIGHT,4243,-0.0015690517037174462
BRIGHT,4244,-0.04400556912220206
BRIGHT,4245,0.021684039492818826
BRIGHT,4246,-0.006891640420208326
BRIGHT,4247,0.029431310117185014
BRIGHT,4248,0.04276899788056559
BRIGHT,4249,-0.049887413728119334
BRIGHT,4250,0.10373570833434177
BRIGHT,4251,0.019405153765693562
BRIGHT,4252,0.028399117920587722
BRIGHT,4253,-0.11259479762602377
BRIGHT,4254,0.007114857378007681
BRIGHT,4255,-0.014982027208319992
BRIGHT,4256,-0.06918538818941808
BRIGHT,4257,-0.054604742657771384
BRIGHT,4258,0.04236877579597951
BRIGHT,4259,0.012796674513973441
BRIGHT,4260,0.031221709268592954
BRIGHT,4261,0.01482278731598808
BRIGHT,4262,0.04731710358899962
BRIGHT,4263,-0.003277317585397311
BRIGHT,4264,-0.10164437402274903
BRIGHT,4265,-0.033781777727495695
BRIGHT,4266,-0.13751365952918781
BRIGHT,4267,-0.025156877583456305
BRIGHT,4268,0.09748866609338476
BRIGHT,4269,-0.04813783549884597
BRIGHT,4270,-0.06485897065062762
BRIGHT,4271,0.12549647962497482
BRIGHT,4272,-0.03591104462744253
BRIGHT,4273,0.03235951274880741
BRIGHT,4274,0.05820822213376575
BRIGHT,4275,0.12520450818164555
BRIGHT,4276,-0.05950740119409904
BRIGHT,4277,0.0420989615261121
BRIGHT,4278,0.09878162209329701
BRIGHT,4279,0.03661575726972626
BRIGHT,4280,-0.01230701058434677
BRIGHT,4281,0.045780755761522025
BRIGHT,4282,-0.07380647617412876
BRIGHT,4283,-0.13516053253481955
BRIGHT,4284,0.03446276330005658
BRIGHT,4285,-0.08364567488955911
BRIGHT,4286,-0.006350674730836705
BRIGHT,4287,-0.03576783940893028
BRIGHT,4288,0.04557643836259856
BRIGHT,4289,0.048532175075586624
BRIGHT,4290,0.043101981377308515
BRIGHT,4291,0.08084698509445233
BRIGHT,4292,-0.02841121208318039
BRIGHT,4293,-0.03809273601570303
BRIGHT,4294,0.08622315511607262
BRIGHT,4295,0.017710108787577686
BRIGHT,4296,0.06472373368937444
BRIGHT,4297,-0.06882013395080647
BRIGHT,4298,-0.015598330748169935
BRIGHT,4299,-0.12481707582977007
BRIGHT,4300,0.038428068190274015
BRIGHT,4301,-0.08544659632182168
BRIGHT,4302,0.045579241155546575
BRIGHT,4303,-0.013905740307099937
BRIGHT,4304,-0.004910538770007173
BRIGHT,4305,-0.004190657188659497
BRIGHT,4306,-0.019671114293055375
BRIGHT,4307,0.014877719835344956
BRIGHT,4308,-0.0021767001116732546
BRIGHT,4309,-0.05994221407671349
BRIGHT,4310,0.005708426727002075
BRIGHT,4311,0.02774978155920811
BRIGHT,4312,0.004160203453661222
BRIGHT,4313,-0.18101486294736902
BRIGHT,4314,-0.013930154808080733
BRIGHT,4315,-0.01519415981156804
BRIGHT,4316,0.011126390028706763
BRIGHT,4317,0.10077466639073851
BRIGHT,4318,-0.0766774238283957
BRIGHT,4319,0.1602051702459759
BRIGHT,4320,-0.04965965990190654
BRIGHT,4321,-0.12285666230975911
BRIGHT,4322,-0.09983791280653151
BRIGHT,4323,-0.08519114168408
BRIGHT,4324,-0.05268124394442066
BRIGHT,4325,0.1241523872993121
BRIGHT,4326,-0.00022116748280701646
BRIGHT,4327,-0.09643487171793526
BRIGHT,4328,0.024822187771437347
BRIGHT,4329,0.1279876637093838
BRIGHT,4330,0.02448904567562619
BRIGHT,4331,-0.14198484223964264
BRIGHT,4332,0.027916446950249044
BRIGHT,4333,-0.07886487431063802
BRIGHT,4334,0.12280071628805975
BRIGHT,4335,-0.09039023812267222
BRIGHT,4336,-0.013140627185059648
BRIGHT,4337,0.1858765867139776
BRIGHT,4338,0.09490664355496838
BRIGHT,4339,0.1128359763633333
BRIGHT,4340,0.014135515377413642
BRIGHT,4341,-0.10815334890853279
BRIGHT,4342,-0.04535835414776364
BRIGHT,4343,-0.11929156649937324
BRIGHT,4344,0.07705639712840366
BRIGHT,4345,-0.060566287517344976
BRIGHT,4346,-0.03258445470731196
BRIGHT,4347,-0.02319925088694395
BRIGHT,4348,0.025235816930075546
BRIGHT,4349,-0.11197025532065086
BRIGHT,4350,-0.09457090983875995
BRIGHT,4351,0.09637843107238557
BRIGHT,4352,-0.15455499971384698
BRIGHT,4353,0.023536374700382907
BRIGHT,4354,0.05204050607822198
BRIGHT,4355,0.03756770302482304
BRIGHT,4356,-0.06336883047333836
BRIGHT,4357,0.015716208231422314
BRIGHT,4358,0.026173284093081478
BRIGHT,4359,-0.011594947241838129
BRIGHT,4360,0.0013226131813957186
BRIGHT,4361,0.05063561407882593
BRIGHT,4362,-0.06689998024817538
BRIGHT,4363,0.027378339849098644
BRIGHT,4364,0.0004841203757914681
BRIGHT,4365,0.04503757195499019
BRIGHT,4366,0.00930741053216251
BRIGHT,4367,0.020196797156317225
BRIGHT,4368,-0.06100330898709899
BRIGHT,4369,-0.013352143091869552
BRIGHT,4370,0.02411021999602223
BRIGHT,4371,0.027051962741046598
BRIGHT,4372,0.03678211619613072
BRIGHT,4373,0.043668551861329064
BRIGHT,4374,0.04554329029926907
BRIGHT,4375,-0.03375766360378211
BRIGHT,4376,0.020237466721182783
BRIGHT,4377,-0.05610987736708419
BRIGHT,4378,-0.0201135353571142
BRIGHT,4379,-0.004202581964952476
BRIGHT,4380,-0.00854447692456339
BRIGHT,4381,0.07647610539369717
BRIGHT,4382,-0.04389509884727903
BRIGHT,4383,-0.020331697346233794
BRIGHT,4384,0.12544902394205465
BRIGHT,4385,-0.04270410247861079
BRIGHT,4386,-0.04584497462000333
BRIGHT,4387,-0.004870691519995533
BRIGHT,4388,0.005610887347311501
BRIGHT,4389,0.0771172887594017
BRIGHT,4390,-0.12215658395968755
BRIGHT,4391,0.016380756827023838
BRIGHT,4392,0.014307778743786338
BRIGHT,4393,0.11337915454110145
BRIGHT,4394,0.06117389088196409
BRIGHT,4395,0.05187730928542867
BRIGHT,4396,-0.0383316313591645
BRIGHT,4397,0.10528904494121291
BRIGHT,4398,-0.12333170659070651
BRIGHT,4399,-0.08838840626962961
BRIGHT,4400,-0.07610456295867712
BRIGHT,4401,-0.011807725557254794
BRIGHT,4402,0.10680272127167272
BRIGHT,4403,0.025734970436188557
BRIGHT,4404,0.0530384586111892
BRIGHT,4405,0.041568195573096274
BRIGHT,4406,0.06769155729059322
BRIGHT,4407,0.14970986462035935
BRIGHT,4408,0.026283782609342887
BRIGHT,4409,0.027393699882610326
BRIGHT,4410,-0.055663441296976
BRIGHT,4411,-0.005298177319979079
BRIGHT,4412,-0.10799124582510804
BRIGHT,4413,-0.09638165301022947
BRIGHT,4414,-0.04340106032734138
BRIGHT,4415,0.03400941667750205
BRIGHT,4416,-0.05364507592552383
BRIGHT,4417,0.0629515154239981
BRIGHT,4418,0.08633042654858313
BRIGHT,4419,0.07270749683520862
BRIGHT,4420,0.058173435756569726
BRIGHT,4421,0.07424780385905436
BRIGHT,4422,0.14574787405084194
BRIGHT,4423,0.04719327748499834
BRIGHT,4424,0.0241170265896815
BRIGHT,4425,0.16861567733878977
BRIGHT,4426,-0.0017598323762751324
BRIGHT,4427,-0.04050665785925411
BRIGHT,4428,-0.07124039271469036
BRIGHT,4429,-0.035514638655811934
BRIGHT,4430,-0.15004991107920115
BRIGHT,4431,0.019416287626303815
BRIGHT,4432,-0.012363000459410781
BRIGHT,4433,-0.04570300580166251
BRIGHT,4434,0.09337152150102886
BRIGHT,4435,0.005046376573996291
BRIGHT,4436,-0.013758687720519787
BRIGHT,4437,-0.11970205665318363
BRIGHT,4438,0.014669102443716213
BRIGHT,4439,-0.040346574108138515
BRIGHT,4440,-0.07791112756335793
BRIGHT,4441,0.08039978928542758
BRIGHT,4442,0.021465087015796237
BRIGHT,4443,0.014968629092951392
BRIGHT,4444,-0.01774564298765321
BRIGHT,4445,-0.07598631212817239
BRIGHT,4446,0.07422026346588632
BRIGHT,4447,-0.047670585126131856
BRIGHT,4448,-0.11874719876221884
BRIGHT,4449,0.11050901214120072
BRIGHT,4450,0.058515880709725486
BRIGHT,4451,-0.06355301451624197
BRIGHT,4452,-0.03624148532007549
BRIGHT,4453,-0.03597198556205872
BRIGHT,4454,0.01608692310805127
BRIGHT,4455,0.0209314792161379
BRIGHT,4456,-0.09451893529085449
BRIGHT,4457,-0.00706104458001519
BRIGHT,4458,-0.08768750618754048
BRIGHT,4459,0.043638686776132835
BRIGHT,4460,-0.019477758831483172
BRIGHT,4461,-0.0020312012480619523
BRIGHT,4462,-0.03409573249042862
BRIGHT,4463,-0.1009924004898424
BRIGHT,4464,0.009357242853791333
BRIGHT,4465,0.04614755991764244
BRIGHT,4466,-0.1104584866040967
BRIGHT,4467,-0.07199882004210345
BRIGHT,4468,0.0018190058856378845
BRIGHT,4469,0.009068145345957694
BRIGHT,4470,-0.03038344642157718
BRIGHT,4471,-0.04835065545511638
BRIGHT,4472,0.03762149266914487
BRIGHT,4473,-0.058809373456323616
BRIGHT,4474,-0.0021562331581715713
BRIGHT,4475,-0.02490263769085358
BRIGHT,4476,-0.0029039329964386496
BRIGHT,4477,0.05116911986204408
BRIGHT,4478,-0.011956006985779262
BRIGHT,4479,0.02902871466087174
BRIGHT,4480,0.03686442519268785
BRIGHT,4481,0.011931032182325468
BRIGHT,4482,-0.029316449586109992
BRIGHT,4483,-0.009194007919480652
BRIGHT,4484,-0.04472084198709529
BRIGHT,4485,0.044107125581393784
BRIGHT,4486,0.016153359097243955
BRIGHT,4487,-0.028180502698223135
BRIGHT,4488,0.07749253475025386
BRIGHT,4489,-0.01957058554484936
BRIGHT,4490,-0.14932086531347388
BRIGHT,4491,0.01005155286398236
BRIGHT,4492,-0.002927875195558406
BRIGHT,4493,-0.11905745603255523
BRIGHT,4494,-0.03145943722465412
BRIGHT,4495,0.09501268771624873
BRIGHT,4496,0.0973045957639203
BRIGHT,4497,-0.11459814483707555
BRIGHT,4498,-0.02487155616771332
BRIGHT,4499,-0.07690046571826749
BRIGHT,4500,-0.040609731084673056
BRIGHT,4501,-0.07965639622895482
BRIGHT,4502,0.03653996731639502
BRIGHT,4503,-0.03017459418751298
BRIGHT,4504,0.07388269687951882
BRIGHT,4505,0.03450182006840887
BRIGHT,4506,0.12045779991964058
BRIGHT,4507,0.02060559345941266
BRIGHT,4508,-0.11122884774699408
BRIGHT,4509,-0.01268267437230213
BRIGHT,4510,0.011998219279503052
BRIGHT,4511,0.03386434377228565
BRIGHT,4512,-0.06446026620447208
BRIGHT,4513,0.06368943264700523
BRIGHT,4514,0.09412503400978948
BRIGHT,4515,0.040993057874333445
BRIGHT,4516,-0.13628765321668565
BRIGHT,4517,0.061503410934487246
BRIGHT,4518,0.055557575076592015
BRIGHT,4519,-0.04616119025429567
BRIGHT,4520,0.07252599727680399
BRIGHT,4521,0.010440667715653282
BRIGHT,4522,-0.03449697796456494
BRIGHT,4523,-0.05242354453238308
BRIGHT,4524,-0.058724265729875325
BRIGHT,4525,0.06023856271196684
BRIGHT,4526,0.033501184580421596
BRIGHT,4527,0.0395722636444927
BRIGHT,4528,-0.14899028587221128
BRIGHT,4529,-0.10713515237490658
BRIGHT,4530,-0.020860839601385055
BRIGHT,4531,0.00931254065643639
BRIGHT,4532,0.14161356358974317
BRIGHT,4533,0.01848117770217483
BRIGHT,4534,0.008653595106034213
BRIGHT,4535,-0.08206337418161827
BRIGHT,4536,0.047984109711878026
BRIGHT,4537,0.04104856636278045
BRIGHT,4538,0.026657123014475117
BRIGHT,4539,-0.011153140226415894
BRIGHT,4540,0.01620431957451687
BRIGHT,4541,0.10690805213171305
BRIGHT,4542,0.010788746014820877
BRIGHT,4543,0.02625585396297131
BRIGHT,4544,0.02930089822931995
BRIGHT,4545,0.015581184623059841
BRIGHT,4546,-0.07269904213656853
BRIGHT,4547,0.04875957330219389
BRIGHT,4548,-0.008659400662039385
BRIGHT,4549,0.05314944862915856
BRIGHT,4550,0.0880011968509545
BRIGHT,4551,-0.05210346467892138
BRIGHT,4552,0.07402480020874688
BRIGHT,4553,0.06882322329069833
BRIGHT,4554,-0.10279369952350988
BRIGHT,4555,-0.0877585459585413
BRIGHT,4556,0.09952683293081106
BRIGHT,4557,0.14269441875466327
BRIGHT,4558,0.09014444510066696
BRIGHT,4559,0.09499582147105672
BRIGHT,4560,0.01167722193295752
BRIGHT,4561,-0.09527494179847945
BRIGHT,4562,-0.010892664964264885
BRIGHT,4563,-0.06252370244104674
BRIGHT,4564,-0.03396645050241109
BRIGHT,4565,-0.008363223717917662
BRIGHT,4566,0.016702605542784982
BRIGHT,4567,0.0047581931889508905
BRIGHT,4568,0.008802418921893932
BRIGHT,4569,0.035807545061814196
BRIGHT,4570,-0.09593260633044128
BRIGHT,4571,0.012188029338130358
BRIGHT,4572,-0.02783794064147136
BRIGHT,4573,-0.013286576760225653
BRIGHT,4574,-0.08356610905966813
BRIGHT,4575,-0.1260083536589259
BRIGHT,4576,-0.09436046436027046
BRIGHT,4577,-0.0772765288612277
BRIGHT,4578,0.13467681226348283
BRIGHT,4579,-0.05337583897371736
BRIGHT,4580,0.08395215394915105
BRIGHT,4581,-0.05232512211090545
BRIGHT,4582,0.04497481039446534
BRIGHT,4583,0.03036950486473211
BRIGHT,4584,-0.048771903899775634
BRIGHT,4585,-0.037768122849285386
BRIGHT,4586,-0.028141879836590774
BRIGHT,4587,-0.0007129027884601835
BRIGHT,4588,-0.09175923748405587
BRIGHT,4589,-0.05519601951859632
BRIGHT,4590,-0.05633689394113662
BRIGHT,4591,0.10555405784067363
BRIGHT,4592,0.10820675134235576
BRIGHT,4593,0.05276015649007326
BRIGHT,4594,-0.07606310244561287
BRIGHT,4595,0.02761619271511123
BRIGHT,4596,0.09050372447829313
BRIGHT,4597,0.022478655432839414
BRIGHT,4598,-0.013672888985059393
BRIGHT,4599,-0.00595375836931298
BRIGHT,4600,0.14184086980547275
BRIGHT,4601,-0.0596454822151523
BRIGHT,4602,-0.10196304111755436
BRIGHT,4603,-0.026617069733511595
BRIGHT,4604,-0.06142277088550452
BRIGHT,4605,0.055237087896092885
BRIGHT,4606,0.08497872591428857
BRIGHT,4607,0.05964701183009321
BRIGHT,4608,-0.09059197195018856
BRIGHT,4609,0.13399000289270266
BRIGHT,4610,0.06966934528183677
BRIGHT,4611,0.040752143527012
BRIGHT,4612,0.019476121168473495
BRIGHT,4613,-0.029534500281997226
BRIGHT,4614,-0.15592911955779856
BRIGHT,4615,-0.04220277156811813
BRIGHT,4616,0.008700377077369703
BRIGHT,4617,-0.02808273972213613
BRIGHT,4618,-0.0649743767819229
BRIGHT,4619,-0.08891560997636933
BRIGHT,4620,0.07048830521653336
BRIGHT,4621,0.0905763814667437
BRIGHT,4622,-0.05947298967935166
BRIGHT,4623,-0.10270011054507977
BRIGHT,4624,-0.12513632745743128
BRIGHT,4625,-0.051000891153711876
BRIGHT,4626,0.06149364436671242
BRIGHT,4627,0.046601538142654705
BRIGHT,4628,-0.0194849335139324
BRIGHT,4629,0.037690735771286246
BRIGHT,4630,0.04284894215517896
BRIGHT,4631,-0.06081883151390868
BRIGHT,4632,-0.019228620484235508
BRIGHT,4633,-0.017607294436012173
BRIGHT,4634,0.05158486034234167
BRIGHT,4635,0.0329936778670206
BRIGHT,4636,0.03392167801528158
BRIGHT,4637,0.010522287094536483
BRIGHT,4638,-0.09405584406401817
BRIGHT,4639,0.14719622820205974
BRIGHT,4640,-0.011276364430345692
BRIGHT,4641,0.08787550355277
BRIGHT,4642,-0.09358309912738802
BRIGHT,4643,-0.013706846293643061
BRIGHT,4644,-0.009048096291758708
BRIGHT,4645,0.04954522958772291
BRIGHT,4646,-0.00301655299813347
BRIGHT,4647,-0.0359241402593938
BRIGHT,4648,0.00020575558695499563
BRIGHT,4649,0.10034657002112043
BRIGHT,4650,-0.13201973846397358
BRIGHT,4651,0.09664325095855865
BRIGHT,4652,-0.007320431793510526
BRIGHT,4653,-0.03533206664742878
BRIGHT,4654,0.040720410768848074
BRIGHT,4655,-0.0144594860860619
BRIGHT,4656,0.07337460801093129
BRIGHT,4657,0.12720968190046095
BRIGHT,4658,0.02090880149896986
BRIGHT,4659,-0.009087473711050028
BRIGHT,4660,-0.04484740619010572
BRIGHT,4661,0.06096206900220623
BRIGHT,4662,0.02787412637115025
BRIGHT,4663,-0.04471901465720043
BRIGHT,4664,0.03747955699572777
BRIGHT,4665,0.07993390451107116
BRIGHT,4666,0.04453743863651459
BRIGHT,4667,0.06345443498135721
BRIGHT,4668,-0.016438891779020554
BRIGHT,4669,0.0035556776602196825
BRIGHT,4670,0.01108144366903402
BRIGHT,4671,0.005626073918701129
BRIGHT,4672,-0.12391849824619003
BRIGHT,4673,0.019644514569760678
BRIGHT,4674,0.007797676601258431
BRIGHT,4675,-0.028527482745229
BRIGHT,4676,0.032995133362947265
BRIGHT,4677,-0.006104453691391004
BRIGHT,4678,-0.04058133075393001
BRIGHT,4679,0.020816717634195934
BRIGHT,4680,0.013990247872639434
BRIGHT,4681,0.01532794169671636
BRIGHT,4682,0.09116636381635164
BRIGHT,4683,0.005202906412252558
BRIGHT,4684,-0.024917535812548873
BRIGHT,4685,-0.03205486518534351
BRIGHT,4686,0.0037742060383534376
BRIGHT,4687,0.05244205595980453
BRIGHT,4688,0.14556408362290835
BRIGHT,4689,0.05058370218712275
BRIGHT,4690,0.022450591443116584
BRIGHT,4691,0.02615546050587881
BRIGHT,4692,0.06713935242288467
BRIGHT,4693,-0.017311708136560383
BRIGHT,4694,-0.07234379805597738
BRIGHT,4695,-0.008847865384818899
BRIGHT,4696,0.10596384982279741
BRIGHT,4697,-0.012438395228295386
BRIGHT,4698,0.03013630057954532
BRIGHT,4699,0.03385495109384476
BRIGHT,4700,0.06447936978581917
BRIGHT,4701,0.03198530057163585
BRIGHT,4702,-0.0029232414492894594
BRIGHT,4703,-0.02429851398214246
BRIGHT,4704,-0.07974069278938113
BRIGHT,4705,0.05770653770821948
BRIGHT,4706,-0.04404841401779728
BRIGHT,4707,0.05638514867809498
BRIGHT,4708,0.0310272356714833
BRIGHT,4709,-0.04055129820600418
BRIGHT,4710,-0.10627401753733753
BRIGHT,4711,0.09460441883436438
BRIGHT,4712,-0.05610336779234149
BRIGHT,4713,-0.06800050004144828
BRIGHT,4714,-0.006852739951990445
BRIGHT,4715,-0.004542891493549218
BRIGHT,4716,-0.01906244115126753
BRIGHT,4717,0.13245952617807064
BRIGHT,4718,-0.059629387904420225
BRIGHT,4719,0.02524162607443363
BRIGHT,4720,-0.05182469299029906
BRIGHT,4721,-0.002783959206142646
BRIGHT,4722,-0.1411315489045875
BRIGHT,4723,0.013053060878001056
BRIGHT,4724,-0.007911447803037548
BRIGHT,4725,-0.025916564999575127
BRIGHT,4726,-0.06506951589152112
BRIGHT,4727,0.08463516888472482
BRIGHT,4728,0.012704839112600924
BRIGHT,4729,-0.05884641367478099
BRIGHT,4730,-0.11629998202129949
BRIGHT,4731,-0.008835831926271704
BRIGHT,4732,-0.026448868635622885
BRIGHT,4733,-0.03767280633242947
BRIGHT,4734,0.0197746027861587
BRIGHT,4735,-0.02873952211858634
BRIGHT,4736,0.0646756614698542
BRIGHT,4737,-0.04235108580157361
BRIGHT,4738,0.015290627237796625
BRIGHT,4739,0.05962549217890289
BRIGHT,4740,-0.07970053544941992
BRIGHT,4741,-0.004633660021649229
BRIGHT,4742,0.035551788565308724
BRIGHT,4743,-0.07879221446993938
BRIGHT,4744,0.048849703485280636
BRIGHT,4745,-0.10976466725911255
BRIGHT,4746,-0.02313752673147753
BRIGHT,4747,0.11158236215729639
BRIGHT,4748,0.06112608717162491
BRIGHT,4749,0.09666026732007087
BRIGHT,4750,-0.04330637716911907
BRIGHT,4751,0.04469128764147117
BRIGHT,4752,-0.0011461445450284787
BRIGHT,4753,0.10024492144425952
BRIGHT,4754,-0.07811907266632634
BRIGHT,4755,-0.009245514298138488
BRIGHT,4756,0.03669884717223721
BRIGHT,4757,0.024896548929682346
BRIGHT,4758,0.08791527703678081
BRIGHT,4759,-0.007905580110659787
BRIGHT,4760,0.10477228394244664
BRIGHT,4761,-0.1090069557805142
BRIGHT,4762,-0.04040697166087441
BRIGHT,4763,0.025577686741843794
BRIGHT,4764,-0.04354054240122816
BRIGHT,4765,0.07241321946771076
BRIGHT,4766,-0.04215916274647403
BRIGHT,4767,-0.057513098275762745
BRIGHT,4768,0.00863209509439175
BRIGHT,4769,-0.062097143896789685
BRIGHT,4770,0.04481404255660409
BRIGHT,4771,0.05446313901369139
BRIGHT,4772,0.16197946015486664
BRIGHT,4773,-0.03304342671829415
BRIGHT,4774,0.07144412125867809
BRIGHT,4775,-0.038531864039071766
BRIGHT,4776,0.05695653788597953
BRIGHT,4777,0.0807189034948609
BRIGHT,4778,0.08958069319347756
BRIGHT,4779,0.08528019784029259
BRIGHT,4780,0.04574097854508204
BRIGHT,4781,-0.04278041729027674
BRIGHT,4782,0.011156810670626962
BRIGHT,4783,0.07551383963325274
BRIGHT,4784,-0.037016657307294545
BRIGHT,4785,-0.025851796847867273
BRIGHT,4786,0.007844736688361087
BRIGHT,4787,0.016899106978022625
BRIGHT,4788,-0.07705165626183766
BRIGHT,4789,-0.03391294699003245
BRIGHT,4790,0.04496031706207116
BRIGHT,4791,0.01429062334657185
BRIGHT,4792,0.03761783058457044
BRIGHT,4793,-0.010705905879488912
BRIGHT,4794,0.030257195010141853
BRIGHT,4795,0.004246538713535448
BRIGHT,4796,0.04539641928534429
BRIGHT,4797,-0.08827309302176829
BRIGHT,4798,-0.0008496387257812167
BRIGHT,4799,-0.10786139550548332
BRIGHT,4800,0.06856961058911258
BRIGHT,4801,-0.01899778171671355
BRIGHT,4802,-0.0008686111462620424
BRIGHT,4803,-0.08201275097291433
BRIGHT,4804,0.0925918730114841
BRIGHT,4805,-0.02162823938895649
BRIGHT,4806,0.015824787560730663
BRIGHT,4807,-0.06845035494263928
BRIGHT,4808,-0.06965447985375678
BRIGHT,4809,-0.07755317457212274
BRIGHT,4810,0.02597942316635079
BRIGHT,4811,0.07734883536813225
BRIGHT,4812,0.01673495745387235
BRIGHT,4813,-0.057924157812040425
BRIGHT,4814,0.0723805217994491
BRIGHT,4815,0.07359286569009527
BRIGHT,4816,0.14432858996213271
BRIGHT,4817,0.056385165220752945
BRIGHT,4818,-0.0735310502233534
BRIGHT,4819,0.023954755266247577
BRIGHT,4820,0.10012422648598228
BRIGHT,4821,-0.006834071078585299
BRIGHT,4822,0.05500792779893786
BRIGHT,4823,-0.07373084075167385
BRIGHT,4824,-0.05306074008033989
BRIGHT,4825,0.03189187818878346
BRIGHT,4826,-0.016307457638560154
BRIGHT,4827,0.029396799991216516
BRIGHT,4828,-0.10015534050972892
BRIGHT,4829,0.06953028937077375
BRIGHT,4830,-0.1403856425664916
BRIGHT,4831,-0.0200994856766341
BRIGHT,4832,0.09205859193604558
BRIGHT,4833,0.025466225731696483
BRIGHT,4834,-0.07932172808923084
BRIGHT,4835,-0.09193115987791833
BRIGHT,4836,-0.024534671699925115
BRIGHT,4837,0.08313318106143518
BRIGHT,4838,-0.04879574742786505
BRIGHT,4839,0.03136814060055573
BRIGHT,4840,-0.005894602031206638
BRIGHT,4841,-0.07185074616138884
BRIGHT,4842,-0.04712995193191268
BRIGHT,4843,0.07476935886291791
BRIGHT,4844,-0.03781220600920515
BRIGHT,4845,-0.08712599271917686
BRIGHT,4846,0.06973856579332736
BRIGHT,4847,-0.056917707275708815
BRIGHT,4848,-0.0245929666295223
BRIGHT,4849,-0.05145593778825922
BRIGHT,4850,0.03995778084091793
BRIGHT,4851,0.03781314000222737
BRIGHT,4852,0.03902026651771176
BRIGHT,4853,-0.19620286741190857
BRIGHT,4854,-0.027521243463386476
BRIGHT,4855,-0.037475436258966204
BRIGHT,4856,0.019033304753616677
BRIGHT,4857,-0.0009528134971266753
BRIGHT,4858,0.1062240497425752
BRIGHT,4859,-0.059524283429879754
BRIGHT,4860,-0.11730372608247393
BRIGHT,4861,-0.07755731358433268
BRIGHT,4862,0.04349366335286141
BRIGHT,4863,-0.09140538673681949
BRIGHT,4864,0.05855691298024208
BRIGHT,4865,0.1398984341638798
BRIGHT,4866,-0.04796611594608481
BRIGHT,4867,-0.0004544255334124016
BRIGHT,4868,0.049435398155015624
BRIGHT,4869,-0.053932612245495754
BRIGHT,4870,0.06489444110155096
BRIGHT,4871,-0.0164840759914343
BRIGHT,4872,0.044385112970850134
BRIGHT,4873,-0.053113858204811196
BRIGHT,4874,0.021278201740080476
BRIGHT,4875,-0.04785599014134194
BRIGHT,4876,-0.0061470544730998404
BRIGHT,4877,-0.08575575545112601
BRIGHT,4878,0.04452629234348332
BRIGHT,4879,0.05043393713768589
BRIGHT,4880,0.04743767135152386
BRIGHT,4881,0.01610771022565717
BRIGHT,4882,0.023974302877559164
BRIGHT,4883,-0.09024110494240117
BRIGHT,4884,0.0611877622260975
BRIGHT,4885,-0.06301927318798205
BRIGHT,4886,0.03384181431907652
BRIGHT,4887,0.06848083136370062
BRIGHT,4888,0.03902601584811834
BRIGHT,4889,-0.011609049956430799
BRIGHT,4890,-0.009794828429411496
BRIGHT,4891,-0.07596075655583057
BRIGHT,4892,-0.04394967037737956
BRIGHT,4893,0.06106104558583052
BRIGHT,4894,0.030046832101276923
BRIGHT,4895,-0.020531796743428164
BRIGHT,4896,-0.05926413822768894
BRIGHT,4897,0.03302358260623765
BRIGHT,4898,-0.09112233593143443
BRIGHT,4899,0.07660518347436446
BRIGHT,4900,-0.04034575996623785
BRIGHT,4901,0.06388198829973922
BRIGHT,4902,0.1213566838088817
BRIGHT,4903,-0.043316347497478314
BRIGHT,4904,0.03922481272726912
BRIGHT,4905,-0.005515830646749809
BRIGHT,4906,0.02262899890286121
BRIGHT,4907,0.08099610906178997
BRIGHT,4908,0.021410381176479622
BRIGHT,4909,0.03903400008091003
BRIGHT,4910,0.09258751886336375
BRIGHT,4911,0.09192753655075153
BRIGHT,4912,-0.0003429567535389242
BRIGHT,4913,0.019262951085583187
BRIGHT,4914,0.00034844918300505205
BRIGHT,4915,0.02145487283062859
BRIGHT,4916,-0.15544464296654764
BRIGHT,4917,0.01717331467670771
BRIGHT,4918,-0.08612031100095617
BRIGHT,4919,0.05260836224109318
BRIGHT,4920,-0.10530487983155304
BRIGHT,4921,0.121782612246939
BRIGHT,4922,0.001067722878537017
BRIGHT,4923,-0.03816551405433723
BRIGHT,4924,-0.022825727428638934
BRIGHT,4925,-0.07453384754070436
BRIGHT,4926,0.04426510323176249
BRIGHT,4927,-0.06944635917860487
BRIGHT,4928,-0.0520160651580747
BRIGHT,4929,0.013572188809988667
BRIGHT,4930,-0.02395806150894574
BRIGHT,4931,-0.05232692704472503
BRIGHT,4932,0.08496479016405897
BRIGHT,4933,0.025217334996424864
BRIGHT,4934,-0.07135950755037235
BRIGHT,4935,0.042781745157500314
BRIGHT,4936,-0.06895005746374451
BRIGHT,4937,-0.1675231758289005
BRIGHT,4938,-0.039448669513316846
BRIGHT,4939,0.043516931976709264
BRIGHT,4940,-0.02324846793697153
BRIGHT,4941,-0.15377924542117388
BRIGHT,4942,-0.00040094354318559737
BRIGHT,4943,0.056053842456889116
BRIGHT,4944,0.01302513276822447
BRIGHT,4945,-0.020228163916088664
BRIGHT,4946,-0.07624244142922836
BRIGHT,4947,0.07807071003573664
BRIGHT,4948,0.07464057355959668
BRIGHT,4949,0.0306831262758822
BRIGHT,4950,-0.12749099671901495
BRIGHT,4951,0.06393512915519899
BRIGHT,4952,-0.0014979941796965884
BRIGHT,4953,-0.02141571494063931
BRIGHT,4954,0.06268297407922459
BRIGHT,4955,0.012819242429174734
BRIGHT,4956,-0.027628437567220155
BRIGHT,4957,0.04643188493777363
BRIGHT,4958,-0.07179733955886755
BRIGHT,4959,-0.019815112521966383
BRIGHT,4960,-0.039293564153945554
BRIGHT,4961,0.050451426087216276
BRIGHT,4962,-0.05244582196076477
BRIGHT,4963,-0.07038691304371524
BRIGHT,4964,0.036713747234433276
BRIGHT,4965,-0.014154871367347128
BRIGHT,4966,-0.024079263447470717
BRIGHT,4967,0.056001115223759466
BRIGHT,4968,0.06531913915927333
BRIGHT,4969,-0.043649612009868624
BRIGHT,4970,0.09284010800053845
BRIGHT,4971,0.10368153083319205
BRIGHT,4972,-0.1533246868250498
BRIGHT,4973,-0.02465902758766916
BRIGHT,4974,0.046043095942034984
BRIGHT,4975,0.04705555371833921
BRIGHT,4976,0.036813704525775
BRIGHT,4977,0.08303099857667957
BRIGHT,4978,0.0058944144593978095
BRIGHT,4979,0.044360572078035856
BRIGHT,4980,0.02000103345110123
BRIGHT,4981,-0.0621600453108286
BRIGHT,4982,0.011480834906900867
BRIGHT,4983,-0.03152837665018309
BRIGHT,4984,-0.06274629497612048
BRIGHT,4985,0.005727207703715523
BRIGHT,4986,0.05007722783858367
BRIGHT,4987,0.057449630592050945
BRIGHT,4988,0.047069080981513196
BRIGHT,4989,-0.05259605914488601
BRIGHT,4990,-0.04340148612033069
BRIGHT,4991,0.09681076230320478
BRIGHT,4992,0.040029014553845305
BRIGHT,4993,-0.08129006396757936
BRIGHT,4994,-0.013050802480009989
BRIGHT,4995,-0.08432404005149523
BRIGHT,4996,-0.09599222689775601
BRIGHT,4997,-0.12013459573147171
BRIGHT,4998,0.05610747604239349
BRIGHT,4999,0.03396183268970587
BRIGHT,5000,0.07469086103409413
BRIGHT,5001,0.018265112346967857
BRIGHT,5002,-0.010810006885921443
BRIGHT,5003,0.006988602047567474
BRIGHT,5004,0.019331514189207137
BRIGHT,5005,0.0507597095015125
BRIGHT,5006,-0.034053598196715974
BRIGHT,5007,-0.09954684649629807
BRIGHT,5008,0.0709890519596315
BRIGHT,5009,0.0783776616819932
BRIGHT,5010,-0.092216952598871
BRIGHT,5011,-0.013026487639149292
BRIGHT,5012,0.007413141651694155
BRIGHT,5013,-0.018118667481002403
BRIGHT,5014,-0.04495753765476165
BRIGHT,5015,-0.08739363045317675
BRIGHT,5016,-0.08537008965496713
BRIGHT,5017,-0.03712753442666481
BRIGHT,5018,-0.13577244537319838
BRIGHT,5019,0.05287002544924313
BRIGHT,5020,0.006766336638492939
BRIGHT,5021,0.1146844125192302
BRIGHT,5022,0.014995760740467453
BRIGHT,5023,0.06448791263970953
BRIGHT,5024,0.07792924776128529
BRIGHT,5025,0.1387259567179874
BRIGHT,5026,-0.041456118897738724
BRIGHT,5027,0.06865561042067987
BRIGHT,5028,0.09566228027545003
BRIGHT,5029,-0.0944521708366163
BRIGHT,5030,-0.07952633163274847
BRIGHT,5031,0.0292008602703638
BRIGHT,5032,0.03758841545926198
BRIGHT,5033,0.0690058888852154
BRIGHT,5034,0.0036244450660471716
BRIGHT,5035,-0.043059449336718306
BRIGHT,5036,0.015011126667116053
BRIGHT,5037,-0.03032085130946411
BRIGHT,5038,-0.0753178567100986
BRIGHT,5039,0.03546319900300075
BRIGHT,5040,-0.0725091552688009
BRIGHT,5041,-0.080526834074164
BRIGHT,5042,-0.02444631628226219
BRIGHT,5043,0.040181832205333876
BRIGHT,5044,-0.016357936830308034
BRIGHT,5045,0.026413766489042395
BRIGHT,5046,-0.10692749585513936
BRIGHT,5047,-0.06456298133325208
BRIGHT,5048,0.06409938891635608
BRIGHT,5049,-0.0890132917381718
BRIGHT,5050,-0.0842884179072846
BRIGHT,5051,-0.049526360277404965
BRIGHT,5052,-0.015518879546638557
BRIGHT,5053,0.010726118319989056
BRIGHT,5054,0.08725872296214007
BRIGHT,5055,-0.10565621377593745
BRIGHT,5056,0.016467513266014616
BRIGHT,5057,0.06830663571786644
BRIGHT,5058,0.18787841582935438
BRIGHT,5059,0.11513686366095323
BRIGHT,5060,-0.05054245697964165
BRIGHT,5061,0.06342913705541903
BRIGHT,5062,-0.040101144590712526
BRIGHT,5063,-0.13060300395286173
BRIGHT,5064,-0.0036491379529495975
BRIGHT,5065,-0.10103094724115191
BRIGHT,5066,0.059876571377338775
BRIGHT,5067,-0.06281238727559708
BRIGHT,5068,0.01691691410915135
BRIGHT,5069,-0.00913771971027676
BRIGHT,5070,-0.03757499043244274
BRIGHT,5071,-0.036983565303376695
BRIGHT,5072,0.010264169384745786
BRIGHT,5073,0.026916100818735533
BRIGHT,5074,-0.0254199307042752
BRIGHT,5075,-0.07615367885311966
BRIGHT,5076,-0.025421032294917267
BRIGHT,5077,-0.13147137267372022
BRIGHT,5078,-0.045804562699152646
BRIGHT,5079,0.003718277612022384
BRIGHT,5080,-0.11642749525246168
BRIGHT,5081,0.10555258948679512
BRIGHT,5082,0.07772207378325878
BRIGHT,5083,0.006063580173572731
BRIGHT,5084,-0.1056881848275951
BRIGHT,5085,-0.05192310634182627
BRIGHT,5086,-0.06014067661389217
BRIGHT,5087,-0.1029363348584718
BRIGHT,5088,0.09722188536539653
BRIGHT,5089,0.1677737004756998
BRIGHT,5090,0.09726050171657624
BRIGHT,5091,0.08871062568027681
BRIGHT,5092,0.022803832562518098
BRIGHT,5093,0.02839487589211742
BRIGHT,5094,0.09617745610067917
BRIGHT,5095,0.0581628486449706
BRIGHT,5096,-0.09043396851523963
BRIGHT,5097,0.029900462814940704
BRIGHT,5098,-0.011202426805232112
BRIGHT,5099,0.03248958689603947
BRIGHT,5100,-0.10668827237623862
BRIGHT,5101,-0.026675935941690414
BRIGHT,5102,0.005420453073807109
BRIGHT,5103,-0.15007487648669818
BRIGHT,5104,0.010806942804296109
BRIGHT,5105,-0.15021891422840417
BRIGHT,5106,-0.002959222156686608
BRIGHT,5107,-0.01486991039780365
BRIGHT,5108,-0.060925566277913915
BRIGHT,5109,-0.10847119960000988
BRIGHT,5110,-0.025044783378573795
BRIGHT,5111,-0.0714205549263923
BRIGHT,5112,0.007518470326626031
BRIGHT,5113,-0.10712835847300783
BRIGHT,5114,-0.021998137426940685
BRIGHT,5115,-0.02854253763715112
BRIGHT,5116,-0.04884645373438007
BRIGHT,5117,-0.010184577444854712
BRIGHT,5118,-0.01151807689990861
BRIGHT,5119,0.0733696750281071
BRIGHT,5120,0.07888641805593764
BRIGHT,5121,0.09023682266982332
BRIGHT,5122,0.07495780713333682
BRIGHT,5123,0.07714025519980841
BRIGHT,5124,-0.030984596868812782
BRIGHT,5125,-0.09954475361600486
BRIGHT,5126,0.05814292697713687
BRIGHT,5127,0.05238495130117293
BRIGHT,5128,-0.08596991461745805
BRIGHT,5129,0.0650101845656723
BRIGHT,5130,0.005250500808454986
BRIGHT,5131,0.012775827217567688
BRIGHT,5132,-0.01628715669059364
BRIGHT,5133,-0.040743044903654
BRIGHT,5134,0.0007409922780459834
BRIGHT,5135,-0.038931841815910743
BRIGHT,5136,0.005972951232979689
BRIGHT,5137,0.008423712950663428
BRIGHT,5138,0.055285119984676036
BRIGHT,5139,-0.02065550228621477
BRIGHT,5140,-0.003184031100526517
BRIGHT,5141,0.02932000963662606
BRIGHT,5142,-0.017264838879472676
BRIGHT,5143,-0.023051505323960452
BRIGHT,5144,-0.02671702018872568
BRIGHT,5145,0.006210797887477932
BRIGHT,5146,-0.010721221179802952
BRIGHT,5147,-0.09498021454739664
BRIGHT,5148,0.050809549062954734
BRIGHT,5149,0.026990461741350145
BRIGHT,5150,0.01943660622743537
BRIGHT,5151,-0.1426401974311053
BRIGHT,5152,-0.016110335485017203
BRIGHT,5153,0.010556743667160376
BRIGHT,5154,0.002835789254538056
BRIGHT,5155,-0.041735734536458
BRIGHT,5156,0.016306061068356567
BRIGHT,5157,0.07937383465548682
BRIGHT,5158,-0.05410562604541753
BRIGHT,5159,0.0014713281652328773
BRIGHT,5160,-0.027125382636755582
BRIGHT,5161,0.09023408259938445
BRIGHT,5162,-0.021491353364758912
BRIGHT,5163,0.08599634633475008
BRIGHT,5164,-0.0733555770898213
BRIGHT,5165,-0.07270217370016828
BRIGHT,5166,0.0715994626840461
BRIGHT,5167,0.0750646790425623
BRIGHT,5168,-0.07786421849968717
BRIGHT,5169,-0.05563638815385099
BRIGHT,5170,-0.048438075366486956
BRIGHT,5171,0.03726914518092761
BRIGHT,5172,-0.13220545939710018
BRIGHT,5173,-0.06647141598756857
BRIGHT,5174,0.018533856031179984
BRIGHT,5175,0.05216513389675999
BRIGHT,5176,0.05889321854364314
BRIGHT,5177,-0.0948823192206332
BRIGHT,5178,-0.06973399072090888
BRIGHT,5179,0.09695870006007369
BRIGHT,5180,-0.1151130026083906
BRIGHT,5181,-0.12644949711035364
BRIGHT,5182,0.0017842018695998156
BRIGHT,5183,-0.026582507797785485
BRIGHT,5184,-0.09429706261291625
BRIGHT,5185,-0.009503183780047036
BRIGHT,5186,0.002326508716283502
BRIGHT,5187,0.011934526881193284
BRIGHT,5188,-0.012660462809920867
BRIGHT,5189,0.08183852148212528
BRIGHT,5190,-0.05043092475800944
BRIGHT,5191,0.028364984051767125
BRIGHT,5192,-0.0914421755581434
BRIGHT,5193,-0.049741081719297114
BRIGHT,5194,-0.047382913079751295
BRIGHT,5195,0.019767795549196453
BRIGHT,5196,0.00966313721178649
BRIGHT,5197,0.014040958652837332
BRIGHT,5198,-0.005759149077893314
BRIGHT,5199,-0.02940172049927699
BRIGHT,5200,-0.05737969465022065
BRIGHT,5201,-0.06385504928572888
BRIGHT,5202,-0.03821630554747303
BRIGHT,5203,-0.016074652462296436
BRIGHT,5204,-0.008461619933504185
BRIGHT,5205,-0.1867339508036971
BRIGHT,5206,0.0009509236013260158
BRIGHT,5207,-0.07590911289941865
BRIGHT,5208,-0.006793856522316268
BRIGHT,5209,0.010995603467844445
BRIGHT,5210,0.09039399032054948
BRIGHT,5211,-0.0666039331057927
BRIGHT,5212,-0.07580326232504138
BRIGHT,5213,0.0632562404284193
BRIGHT,5214,-0.08304079518725556
BRIGHT,5215,0.057213745918800595
BRIGHT,5216,0.009089959941465194
BRIGHT,5217,0.13166760496630867
BRIGHT,5218,-0.021071087397775475
BRIGHT,5219,-0.10194456030520412
BRIGHT,5220,-0.03904778203247274
BRIGHT,5221,0.018730717353170487
BRIGHT,5222,-0.03894934645715679
BRIGHT,5223,0.038953878346780726
BRIGHT,5224,0.07268321657800857
BRIGHT,5225,-0.033865621219051796
BRIGHT,5226,0.051529863363646664
BRIGHT,5227,0.06472890689097939
BRIGHT,5228,0.03073804017704513
BRIGHT,5229,0.059396791885672866
BRIGHT,5230,-0.08027599584033132
BRIGHT,5231,0.040113521003256915
BRIGHT,5232,-0.02136121739295084
BRIGHT,5233,-0.04698064664030791
BRIGHT,5234,-0.05665544037985578
BRIGHT,5235,-0.004464274150631384
BRIGHT,5236,0.016474026888512683
BRIGHT,5237,0.03780296965756971
BRIGHT,5238,0.06883028139697028
BRIGHT,5239,0.003104441179065598
BRIGHT,5240,0.09709506054011904
BRIGHT,5241,-0.04915546902412424
BRIGHT,5242,-0.041558633588381626
BRIGHT,5243,0.015198487444864767
BRIGHT,5244,-0.05690276070216278
BRIGHT,5245,0.09170279696460797
BRIGHT,5246,-0.04593570019535117
BRIGHT,5247,-0.03176328332366844
BRIGHT,5248,-0.02058822035155236
BRIGHT,5249,-0.043226077071770334
BRIGHT,5250,0.17665633602132233
BRIGHT,5251,-0.03444643563520476
BRIGHT,5252,-0.049525741990602654
BRIGHT,5253,0.0340594891280377
BRIGHT,5254,-0.11351628443883591
BRIGHT,5255,-0.05395600464682295
BRIGHT,5256,-0.005343262366855132
BRIGHT,5257,0.1341340160092416
BRIGHT,5258,-0.006020990400739524
BRIGHT,5259,0.10181059510652536
BRIGHT,5260,-0.043471472586918455
BRIGHT,5261,0.011712008502294717
BRIGHT,5262,0.08531329161238305
BRIGHT,5263,-0.025146355126257545
BRIGHT,5264,-0.09020103317939725
BRIGHT,5265,0.0061857519624110525
BRIGHT,5266,-0.19419064749821416
BRIGHT,5267,-0.12011383830458687
BRIGHT,5268,0.07657807136150933
BRIGHT,5269,-0.028727961323010864
BRIGHT,5270,-0.004531376107661136
BRIGHT,5271,0.0358500540416535
BRIGHT,5272,0.10101163897842634
BRIGHT,5273,0.009576938918018895
BRIGHT,5274,-0.08151431635325497
BRIGHT,5275,-0.05104422540169695
BRIGHT,5276,0.0839344197160509
BRIGHT,5277,-0.04922545941083963
BRIGHT,5278,-0.007063236904285458
BRIGHT,5279,-0.01487994524192681
BRIGHT,5280,-0.08680701486162581
BRIGHT,5281,0.05342785678929231
BRIGHT,5282,-0.04480690549105663
BRIGHT,5283,0.06046428120398462
BRIGHT,5284,-0.05386921490522674
BRIGHT,5285,0.021444907948496864
BRIGHT,5286,-0.09885873188617356
BRIGHT,5287,-0.015217472048341441
BRIGHT,5288,-0.05481693767753458
BRIGHT,5289,0.09366383370642209
BRIGHT,5290,0.012267290607034447
BRIGHT,5291,-0.017561662001327777
BRIGHT,5292,-0.09738498037130186
BRIGHT,5293,-0.03521650969894787
BRIGHT,5294,0.012719939195366752
BRIGHT,5295,0.06303125165012685
BRIGHT,5296,0.0371740182743801
BRIGHT,5297,0.03446106598963668
BRIGHT,5298,-0.02364225005273179
BRIGHT,5299,0.004822915339874945
BRIGHT,5300,0.022908653807353168
BRIGHT,5301,-0.07172159405403093
BRIGHT,5302,-0.03190987180129178
BRIGHT,5303,0.07729056553752757
BRIGHT,5304,0.05763672437263162
BRIGHT,5305,-0.028931601893538664
BRIGHT,5306,0.010981008727027303
BRIGHT,5307,0.02233163562877082
BRIGHT,5308,-0.03341461887742883
BRIGHT,5309,-0.05991572961747979
BRIGHT,5310,0.01164912745304161
BRIGHT,5311,-0.0373445867832299
BRIGHT,5312,0.01028271995347671
BRIGHT,5313,-0.011244806574954073
BRIGHT,5314,-0.08746837387548743
BRIGHT,5315,0.03180670445100653
BRIGHT,5316,0.03884164632555411
BRIGHT,5317,0.042685360043674
BRIGHT,5318,0.07370360121056672
BRIGHT,5319,-0.06919941373694274
BRIGHT,5320,-0.04477822530855073
BRIGHT,5321,0.03261835088623742
BRIGHT,5322,0.05556380130189845
BRIGHT,5323,-0.07528116163289418
BRIGHT,5324,0.04980559216536894
BRIGHT,5325,-0.05503205336749128
BRIGHT,5326,-0.009704675084941394
BRIGHT,5327,0.08069524237803867
BRIGHT,5328,0.0714290769905567
BRIGHT,5329,0.000785983840170303
BRIGHT,5330,-0.029603039071289246
BRIGHT,5331,-0.05345494682797536
BRIGHT,5332,-0.018293227480083527
BRIGHT,5333,0.1430486743095551
BRIGHT,5334,0.0392392326723676
BRIGHT,5335,0.08080448745105084
BRIGHT,5336,-0.060047937252792075
BRIGHT,5337,0.012673026518124506
BRIGHT,5338,-0.07565225179797315
BRIGHT,5339,-0.005371743588678779
BRIGHT,5340,-0.018753086372993326
BRIGHT,5341,0.012838029131317423
BRIGHT,5342,0.042709156526549816
BRIGHT,5343,-0.12322417138121085
BRIGHT,5344,0.04311472202598878
BRIGHT,5345,-0.023549271387695605
BRIGHT,5346,0.021454992399433857
BRIGHT,5347,-0.0994334123207656
BRIGHT,5348,0.05900751840622294
BRIGHT,5349,-0.018893263501101265
BRIGHT,5350,0.00352330940460364
BRIGHT,5351,0.032425186264589505
BRIGHT,5352,0.07293966289927138
BRIGHT,5353,-0.06358063612481712
BRIGHT,5354,0.005268224394003505
BRIGHT,5355,0.049656173984883034
BRIGHT,5356,-0.08934121220415031
BRIGHT,5357,-0.030303088516696698
BRIGHT,5358,0.06247136721245588
BRIGHT,5359,0.017289697966349136
BRIGHT,5360,-0.03563770089056723
BRIGHT,5361,0.0413125186301101
BRIGHT,5362,0.05641212030770584
BRIGHT,5363,-0.0001901663293922789
BRIGHT,5364,0.021260918690018987
BRIGHT,5365,-0.07711858325213172
BRIGHT,5366,0.04217955458025319
BRIGHT,5367,-0.0015250602794612102
BRIGHT,5368,-0.15093407739355538
BRIGHT,5369,0.09413877403139397
BRIGHT,5370,-0.0096310087864632
BRIGHT,5371,0.04088713299977105
BRIGHT,5372,-0.005426105345736544
BRIGHT,5373,-0.08209326762417161
BRIGHT,5374,-0.03724668983003028
BRIGHT,5375,-0.00756896336893154
BRIGHT,5376,0.1036698270767184
BRIGHT,5377,0.0006903647565557811
BRIGHT,5378,0.0350014499081126
BRIGHT,5379,0.024626363546781483
BRIGHT,5380,-0.060377533603630074
BRIGHT,5381,-0.03858188812730244
BRIGHT,5382,-0.020358367293526955
BRIGHT,5383,0.005067310442071813
BRIGHT,5384,0.021885724256586785
BRIGHT,5385,0.01064575005793385
BRIGHT,5386,-0.11031725154305395
BRIGHT,5387,0.0014900494205690208
BRIGHT,5388,0.00313182795173006
BRIGHT,5389,-0.06380572734198708
BRIGHT,5390,0.010098059870502194
BRIGHT,5391,-0.05618415761212962
BRIGHT,5392,0.025481211721351996
BRIGHT,5393,-0.04081212974930121
BRIGHT,5394,-0.03366890518186115
BRIGHT,5395,0.10107092508754749
BRIGHT,5396,0.048538187190645884
BRIGHT,5397,-0.12971171273648824
BRIGHT,5398,0.06898862695101751
BRIGHT,5399,0.09854617856530432
BRIGHT,5400,0.04152638473668364
BRIGHT,5401,-0.09312797615027939
BRIGHT,5402,-0.10729007990114128
BRIGHT,5403,0.026276096825526313
BRIGHT,5404,-0.1017933893357778
BRIGHT,5405,0.00954940711310611
BRIGHT,5406,-0.03731354314347104
BRIGHT,5407,-0.09140881368382316
BRIGHT,5408,0.02654318074711615
BRIGHT,5409,-0.05387295211704339
BRIGHT,5410,0.02937464718256043
BRIGHT,5411,0.03547818111842109
BRIGHT,5412,-0.0028350387785345964
BRIGHT,5413,0.02504471758311882
BRIGHT,5414,-0.12574344739845486
BRIGHT,5415,-0.1048850044563005
BRIGHT,5416,0.07138408043101985
BRIGHT,5417,-0.049890978476828725
BRIGHT,5418,-0.0792522166100327
BRIGHT,5419,-0.01711556265748112
BRIGHT,5420,-0.07137994804251108
BRIGHT,5421,0.004088118855301775
BRIGHT,5422,-0.015014394020154679
BRIGHT,5423,-0.0013609147657852524
BRIGHT,5424,0.08487485554228348
BRIGHT,5425,0.12306733492072361
BRIGHT,5426,-9.990139053401214e-05
BRIGHT,5427,-0.09354738033918084
BRIGHT,5428,-0.040126171726131435
BRIGHT,5429,-0.13369835183749124
BRIGHT,5430,-0.11311843967229827
BRIGHT,5431,-0.012386501299469423
BRIGHT,5432,0.058516087922000755
BRIGHT,5433,-0.018660253578239593
BRIGHT,5434,-0.10001078812506835
BRIGHT,5435,0.05114791061464699
BRIGHT,5436,0.10946549391639701
BRIGHT,5437,0.07750695447540817
BRIGHT,5438,0.0804152275545088
BRIGHT,5439,0.09811520612863826
BRIGHT,5440,0.11410918471796129
BRIGHT,5441,0.034690071614144495
BRIGHT,5442,0.07329864736433345
BRIGHT,5443,0.07329538072940091
BRIGHT,5444,-0.09199615125374981
BRIGHT,5445,0.018114293518288388
BRIGHT,5446,-0.08429001410802682
BRIGHT,5447,-0.05914467851764259
BRIGHT,5448,-0.06273421372826643
BRIGHT,5449,-0.006877194391655383
BRIGHT,5450,-0.021535830485291473
BRIGHT,5451,-0.01743442269063605
BRIGHT,5452,-0.05514142190033582
BRIGHT,5453,0.029289335936074492
BRIGHT,5454,-0.009096225084267323
BRIGHT,5455,-0.03598169504400035
BRIGHT,5456,-0.02749092438961945
BRIGHT,5457,-0.047392205125061315
BRIGHT,5458,0.09923172125113072
BRIGHT,5459,0.012729807056237465
BRIGHT,5460,-0.05390775799208872
BRIGHT,5461,0.08088467493718045
BRIGHT,5462,0.13259573414161577
BRIGHT,5463,0.0546609874162458
BRIGHT,5464,-0.028065222837896784
BRIGHT,5465,-0.06988967227530804
BRIGHT,5466,-0.016539192993035825
BRIGHT,5467,-0.06670577727169731
BRIGHT,5468,0.0011239104048551224
BRIGHT,5469,-0.008499405551112256
BRIGHT,5470,-0.007212462091011864
BRIGHT,5471,-0.0012982323384062176
BRIGHT,5472,-0.016099804195433633
BRIGHT,5473,0.09661089907789634
BRIGHT,5474,-0.0031741579819498347
BRIGHT,5475,-0.1265836480249695
BRIGHT,5476,-0.03398874878611706
BRIGHT,5477,0.09439001635090098
BRIGHT,5478,0.1183048021993462
BRIGHT,5479,-0.07321831238645966
BRIGHT,5480,-0.07024622476220921
BRIGHT,5481,0.029658206335571913
BRIGHT,5482,-0.13507953586766872
BRIGHT,5483,-0.12813996645203382
BRIGHT,5484,0.17273425422934996
BRIGHT,5485,0.0672535867420872
BRIGHT,5486,0.0521133158377045
BRIGHT,5487,-0.031095471182333374
BRIGHT,5488,-0.06483910728254193
BRIGHT,5489,0.0461138186798259
BRIGHT,5490,-0.033952872286902504
BRIGHT,5491,0.03753096829854887
BRIGHT,5492,-0.07118669838386929
BRIGHT,5493,-0.13518014913770135
BRIGHT,5494,0.0437481805719954
BRIGHT,5495,0.09401537042642687
BRIGHT,5496,0.11955183347445489
BRIGHT,5497,-0.04082069012427011
BRIGHT,5498,0.03356158926366374
BRIGHT,5499,-0.057879362104860846
BRIGHT,5500,-0.001054904085369967
BRIGHT,5501,0.09545159025178206
BRIGHT,5502,0.07352764047683998
BRIGHT,5503,0.018284316320224262
BRIGHT,5504,0.03207272687595504
BRIGHT,5505,0.12266435621547005
BRIGHT,5506,0.04024943110142141
BRIGHT,5507,-0.01669735648861377
BRIGHT,5508,0.17123775343708264
BRIGHT,5509,0.021302961120267746
BRIGHT,5510,-0.07367220090149405
BRIGHT,5511,-0.014163211343435574
BRIGHT,5512,-0.04948518517428674
BRIGHT,5513,-0.22237827844345956
BRIGHT,5514,0.10648222075174064
BRIGHT,5515,0.030803452380886172
BRIGHT,5516,-0.004910875731587494
BRIGHT,5517,0.06760560435194456
BRIGHT,5518,0.016363531909684873
BRIGHT,5519,-0.13407845426899254
BRIGHT,5520,0.1624960171648366
BRIGHT,5521,-0.05129485965876232
BRIGHT,5522,-0.018516312672928192
BRIGHT,5523,-0.03816522077788015
BRIGHT,5524,-0.17964253874649516
BRIGHT,5525,0.06994751604030812
BRIGHT,5526,-0.06160838010752685
BRIGHT,5527,-0.07340456962373085
BRIGHT,5528,0.04795182616119771
BRIGHT,5529,-0.05975308969115319
BRIGHT,5530,0.03345507268124438
BRIGHT,5531,-0.03817415427412259
BRIGHT,5532,0.0008476549933875429
BRIGHT,5533,0.010173295144966944
BRIGHT,5534,-0.13927421473053095
BRIGHT,5535,0.13667078336963917
BRIGHT,5536,-0.020960805977702467
BRIGHT,5537,-0.012106270503101216
BRIGHT,5538,0.0032303090829596164
BRIGHT,5539,0.022564707332724143
BRIGHT,5540,-0.09896725562319453
BRIGHT,5541,0.05727005553304221
BRIGHT,5542,-0.013139691985464884
BRIGHT,5543,-0.04332157953877495
BRIGHT,5544,0.00686331645112521
BRIGHT,5545,0.06873220143274757
BRIGHT,5546,0.09118225401646167
BRIGHT,5547,0.06505857540225228
BRIGHT,5548,0.04144464352016062
BRIGHT,5549,-0.08087124765124822
BRIGHT,5550,-0.07982629896402166
BRIGHT,5551,-0.031078794980983312
BRIGHT,5552,-0.08168746147400387
BRIGHT,5553,0.06615445475507419
BRIGHT,5554,0.0928330982716265
BRIGHT,5555,-0.03340556780554076
BRIGHT,5556,0.06899769110912884
BRIGHT,5557,0.05286703194431262
BRIGHT,5558,-0.0016330483208686238
BRIGHT,5559,0.06718181443253628
BRIGHT,5560,0.1678572002252103
BRIGHT,5561,0.034641431478079916
BRIGHT,5562,-0.030693590102087758
BRIGHT,5563,-0.0019506160933737834
BRIGHT,5564,0.0030914249658937393
BRIGHT,5565,-0.004741257196529181
BRIGHT,5566,0.007482106471903118
BRIGHT,5567,0.03903515332445838
BRIGHT,5568,-0.046871201715861815
BRIGHT,5569,0.028023781165295147
BRIGHT,5570,0.02901814269340217
BRIGHT,5571,0.1521694539802298
BRIGHT,5572,-0.027327983482453883
BRIGHT,5573,-0.10914455030568067
BRIGHT,5574,0.05184429193986983
BRIGHT,5575,-0.055255300521508455
BRIGHT,5576,-0.09462730245684439
BRIGHT,5577,-0.0838269319479697
BRIGHT,5578,-0.06332927751465765
BRIGHT,5579,0.014832330676126026
BRIGHT,5580,0.028085974180159845
BRIGHT,5581,0.012812455991112323
BRIGHT,5582,0.0015008983015786478
BRIGHT,5583,-0.03789437509585097
BRIGHT,5584,-0.04270325375598454
BRIGHT,5585,-0.021131935829462902
BRIGHT,5586,-0.07985807554839053
BRIGHT,5587,0.05911101705034196
BRIGHT,5588,0.10592554212270054
BRIGHT,5589,0.05329108315467753
BRIGHT,5590,-0.06807163704302963
BRIGHT,5591,-0.07473210937261505
BRIGHT,5592,0.10513824833790993
BRIGHT,5593,-0.08795765140425582
BRIGHT,5594,0.09308273856631509
BRIGHT,5595,0.030917814534930442
BRIGHT,5596,0.020776559047872928
BRIGHT,5597,0.03840516277473554
BRIGHT,5598,-0.02376152556581986
BRIGHT,5599,-0.01274374039926109
BRIGHT,5600,0.001849932117319546
BRIGHT,5601,0.06451682899609847
BRIGHT,5602,0.05944888246786775
BRIGHT,5603,0.07861606018109536
BRIGHT,5604,-0.07231110907098612
BRIGHT,5605,0.09214169344399237
BRIGHT,5606,0.07323282292158399
BRIGHT,5607,-0.007810011020584621
BRIGHT,5608,0.03513619973957399
BRIGHT,5609,-0.004658839931459866
BRIGHT,5610,-0.040314044849907006
BRIGHT,5611,0.010743066785275797
BRIGHT,5612,-0.10311178519008779
BRIGHT,5613,0.019545164099812235
BRIGHT,5614,-0.11211632949859313
BRIGHT,5615,0.033441005792772545
BRIGHT,5616,0.002273840174132577
BRIGHT,5617,0.07110441611002634
BRIGHT,5618,-0.1855416925419199
BRIGHT,5619,0.07193198153431717
BRIGHT,5620,0.10225550377933405
BRIGHT,5621,0.01906611111242232
BRIGHT,5622,0.0853816415897497
BRIGHT,5623,-0.011400589475962286
BRIGHT,5624,-0.002747092698760201
BRIGHT,5625,-0.017383556215123663
BRIGHT,5626,-0.07457294636833707
BRIGHT,5627,-0.015072571671802452
BRIGHT,5628,0.014098885255088758
BRIGHT,5629,-0.014966024719369508
BRIGHT,5630,0.011828228025624804
BRIGHT,5631,-0.027642695597732143
BRIGHT,5632,0.01780093469286699
BRIGHT,5633,0.007358011401788463
BRIGHT,5634,-0.11250048657893699
BRIGHT,5635,0.09967097683332006
BRIGHT,5636,-0.12060632680040359
BRIGHT,5637,-0.118389233069982
BRIGHT,5638,0.057465529669636126
BRIGHT,5639,0.09869391418185078
BRIGHT,5640,-0.02589231393786448
BRIGHT,5641,-0.03541029399205985
BRIGHT,5642,-0.007265285668159106
BRIGHT,5643,0.05822709143142718
BRIGHT,5644,0.010868237404506556
BRIGHT,5645,-0.07211052205054094
BRIGHT,5646,-0.08191340910234846
BRIGHT,5647,-0.1552645154416407
BRIGHT,5648,0.003586409415839048
BRIGHT,5649,-0.02603146357133308
BRIGHT,5650,-0.08410030668391204
BRIGHT,5651,-0.023845979323551533
BRIGHT,5652,0.029889145440268106
BRIGHT,5653,-0.0101972464707757
BRIGHT,5654,-0.053387270729791624
BRIGHT,5655,-0.030895907834205042
BRIGHT,5656,0.17954709771826158
BRIGHT,5657,-0.10519364884414122
BRIGHT,5658,-0.06619719583017324
BRIGHT,5659,-0.01150755435450111
BRIGHT,5660,-0.08887187908603057
BRIGHT,5661,-0.045054073150084945
BRIGHT,5662,-0.056851710132311405
BRIGHT,5663,-0.05047863926127396
BRIGHT,5664,0.057597452222783
BRIGHT,5665,0.0066112194050357035
BRIGHT,5666,0.062294036418693924
BRIGHT,5667,-0.0913036383961754
BRIGHT,5668,-0.02905443776156431
BRIGHT,5669,0.047334612647983006
BRIGHT,5670,0.04601464952400264
BRIGHT,5671,-0.08080199016428068
BRIGHT,5672,0.027865659055651568
BRIGHT,5673,-0.016867865211612088
BRIGHT,5674,-0.05230359359277311
BRIGHT,5675,-0.11765663340568137
BRIGHT,5676,0.018298373840028127
BRIGHT,5677,-0.03618296436579302
BRIGHT,5678,0.11023924249223149
BRIGHT,5679,0.060645600984464726
BRIGHT,5680,0.01588479018787767
BRIGHT,5681,0.07619945110343058
BRIGHT,5682,0.03469029615090476
BRIGHT,5683,-0.0522773573066483
BRIGHT,5684,0.08672211849595987
BRIGHT,5685,-0.03843118996924032
BRIGHT,5686,0.05132861750305
BRIGHT,5687,-0.051918187473142724
BRIGHT,5688,-0.0004254340101738265
BRIGHT,5689,-0.05505664238810454
BRIGHT,5690,-0.03137191580640695
BRIGHT,5691,-0.0936041647678429
BRIGHT,5692,-0.0774721043384327
BRIGHT,5693,-0.011540394454312673
BRIGHT,5694,0.005489710057043331
BRIGHT,5695,0.1118453789843425
BRIGHT,5696,-0.029619584894160757
BRIGHT,5697,0.03837142035608283
BRIGHT,5698,0.0070828455188338005
BRIGHT,5699,0.05588539217574838
BRIGHT,5700,0.014686754939134085
BRIGHT,5701,0.05960476687830515
BRIGHT,5702,-0.08201001099720798
BRIGHT,5703,-0.03861056872026163
BRIGHT,5704,0.08608711476248469
BRIGHT,5705,0.05918008429624789
BRIGHT,5706,0.011587773166387821
BRIGHT,5707,0.010315898300259495
BRIGHT,5708,0.019796032040680672
BRIGHT,5709,0.08541069784325545
BRIGHT,5710,0.04394946477715914
BRIGHT,5711,0.04042100904112142
BRIGHT,5712,-0.08794733529850945
BRIGHT,5713,-0.04561811907443568
BRIGHT,5714,-0.008367677008082814
BRIGHT,5715,0.09102389196742225
BRIGHT,5716,-0.0002664350926326519
BRIGHT,5717,0.0623397344279336
BRIGHT,5718,0.08282544347662646
BRIGHT,5719,-0.02065755815019257
BRIGHT,5720,0.02774600661469289
BRIGHT,5721,0.060814077102518786
BRIGHT,5722,-0.06879679403484495
BRIGHT,5723,-0.03826428418061236
BRIGHT,5724,-0.12203804024539701
BRIGHT,5725,0.11978946028908076
BRIGHT,5726,0.14022353278857005
BRIGHT,5727,-0.01533710301047929
BRIGHT,5728,0.030719285659469967
BRIGHT,5729,0.01494541802018736
BRIGHT,5730,-0.03311804044831863
BRIGHT,5731,-0.03385702565129073
BRIGHT,5732,-0.004976818929272717
BRIGHT,5733,-0.03761365134258454
BRIGHT,5734,0.0802642874577488
BRIGHT,5735,0.05100109536132883
BRIGHT,5736,-0.01328255749501473
BRIGHT,5737,-0.04972024376063651
BRIGHT,5738,0.012211972216720579
BRIGHT,5739,0.08965006526565769
BRIGHT,5740,0.003142267194271048
BRIGHT,5741,0.033105667248943135
BRIGHT,5742,-0.08452813479113576
BRIGHT,5743,-0.017682394460903875
BRIGHT,5744,-0.030721159162545104
BRIGHT,5745,-0.08210124477491448
BRIGHT,5746,-0.09038802440447184
BRIGHT,5747,-0.012750676528154875
BRIGHT,5748,0.020280705646986703
BRIGHT,5749,0.06638667584029494
BRIGHT,5750,0.009038686073520402
BRIGHT,5751,0.06478395782953188
BRIGHT,5752,-0.010940492350459716
BRIGHT,5753,0.08146163717196978
BRIGHT,5754,-0.05565906985786258
BRIGHT,5755,-0.005809148363621586
BRIGHT,5756,0.0014104504600766785
BRIGHT,5757,-0.05736177519678146
BRIGHT,5758,0.15574574684395395
BRIGHT,5759,0.028369848624973604
BRIGHT,5760,0.032071062742548395
BRIGHT,5761,0.06372649309929906
BRIGHT,5762,0.07129218124762993
BRIGHT,5763,0.04911549974261492
BRIGHT,5764,0.02526479171654967
BRIGHT,5765,-0.012459350749706683
BRIGHT,5766,0.12039532514101332
BRIGHT,5767,-0.05020895910147958
BRIGHT,5768,-0.0673384489849497
BRIGHT,5769,-0.046997133145477175
BRIGHT,5770,0.0056222271875565385
BRIGHT,5771,0.05418718049055424
BRIGHT,5772,0.020139749006549884
BRIGHT,5773,-0.017985831041365176
BRIGHT,5774,-0.1404777831434486
BRIGHT,5775,-0.16878498486695745
BRIGHT,5776,0.027653168775429178
BRIGHT,5777,0.10897853294354673
BRIGHT,5778,-0.011782174415537736
BRIGHT,5779,-0.029220985558627198
BRIGHT,5780,-0.09892353518609412
BRIGHT,5781,-0.03274912690160824
BRIGHT,5782,0.09235785863803608
BRIGHT,5783,0.004805073960389
BRIGHT,5784,-0.02752617054236028
BRIGHT,5785,-0.02478997862886338
BRIGHT,5786,0.019173773824075625
BRIGHT,5787,-0.03913068249821641
BRIGHT,5788,-0.06724925319667958
BRIGHT,5789,0.032458095550398684
BRIGHT,5790,-0.03172996998015785
BRIGHT,5791,-0.06631398212065771
BRIGHT,5792,0.0901369429532405
BRIGHT,5793,0.0010925033030982142
BRIGHT,5794,0.0023611373133726383
BRIGHT,5795,0.049046136026639396
BRIGHT,5796,-0.10564120549364596
BRIGHT,5797,-0.03936113851650979
BRIGHT,5798,0.11689821804279295
BRIGHT,5799,0.09136318118825687
BRIGHT,5800,-0.012172958260020414
BRIGHT,5801,-0.009137952099232743
BRIGHT,5802,-0.028501425167466274
BRIGHT,5803,-0.08159503807667107
BRIGHT,5804,0.04815502459798024
BRIGHT,5805,-0.09722230811067802
BRIGHT,5806,-0.0902711776295907
BRIGHT,5807,-0.053287188246880314
BRIGHT,5808,0.002753826613483747
BRIGHT,5809,0.05375918726039442
BRIGHT,5810,-0.07769647849038343
BRIGHT,5811,-0.02729080776834755
BRIGHT,5812,0.06375300681563331
BRIGHT,5813,0.027013576269535027
BRIGHT,5814,-0.09486811406084301
BRIGHT,5815,-0.03837223742177194
BRIGHT,5816,0.06485662506363779
BRIGHT,5817,-0.0136925821749801
BRIGHT,5818,-0.0783464321382032
BRIGHT,5819,0.042514556594341946
BRIGHT,5820,0.028500809685354105
BRIGHT,5821,-0.02615347817510037
BRIGHT,5822,0.05414503116144494
BRIGHT,5823,0.03707835096996088
BRIGHT,5824,0.00761843265515253
BRIGHT,5825,-0.054227205091841625
BRIGHT,5826,0.018525236296309155
BRIGHT,5827,0.05112033721994874
BRIGHT,5828,0.04724014772255273
BRIGHT,5829,-0.00723417756480496
BRIGHT,5830,-0.027410626853750113
BRIGHT,5831,-0.03648673689066218
BRIGHT,5832,-0.0067606988233848645
BRIGHT,5833,-0.08742503952083099
BRIGHT,5834,0.017350317408657688
BRIGHT,5835,-0.02874039559914539
BRIGHT,5836,0.036151711485634376
BRIGHT,5837,-0.01830644358071562
BRIGHT,5838,0.004516099224316867
BRIGHT,5839,0.08796775133271743
BRIGHT,5840,0.018286763996976048
BRIGHT,5841,-0.13219561354881362
BRIGHT,5842,0.018775668938253012
BRIGHT,5843,-0.000255232786265226
BRIGHT,5844,-0.04422810639060461
BRIGHT,5845,0.047339101683229634
BRIGHT,5846,-0.008775262156482713
BRIGHT,5847,-0.16625776996754688
BRIGHT,5848,-0.06327831437223921
BRIGHT,5849,-0.03945356883098649
BRIGHT,5850,-0.08546171976421474
BRIGHT,5851,-0.05302676901437386
BRIGHT,5852,0.011095690430326904
BRIGHT,5853,0.06961425403224596
BRIGHT,5854,0.026201488169866404
BRIGHT,5855,0.040092585238658475
BRIGHT,5856,0.10200664982864778
BRIGHT,5857,0.019655003741405164
BRIGHT,5858,0.03355706986129492
BRIGHT,5859,0.044706490439018955
BRIGHT,5860,0.03874520346550932
BRIGHT,5861,-0.002014493288842567
BRIGHT,5862,0.022528408542007557
BRIGHT,5863,0.09468374394842641
BRIGHT,5864,-0.09393096040850589
BRIGHT,5865,0.057773834692696494
BRIGHT,5866,-0.024814520081190478
BRIGHT,5867,0.0637423824086049
BRIGHT,5868,0.005248268562667488
BRIGHT,5869,-0.010472480267621972
BRIGHT,5870,0.02865974508815478
BRIGHT,5871,0.009083944794136316
BRIGHT,5872,-0.055388002926903435
BRIGHT,5873,0.07308110764133458
BRIGHT,5874,-0.03763899345785263
BRIGHT,5875,0.05827921026169729
BRIGHT,5876,-0.15013664040866076
BRIGHT,5877,-0.047117259571586495
BRIGHT,5878,-0.21691965043202685
BRIGHT,5879,-0.09402567578262566
BRIGHT,5880,0.09529173436017428
BRIGHT,5881,0.010109459026024815
BRIGHT,5882,-0.05674444512755529
BRIGHT,5883,-0.11348491141200973
BRIGHT,5884,-0.0016380224797807998
BRIGHT,5885,0.12410189756645798
BRIGHT,5886,-0.10790350523914609
BRIGHT,5887,-0.028013482785057255
BRIGHT,5888,-0.00456020138604456
BRIGHT,5889,0.09195791047954673
BRIGHT,5890,0.04718427365433306
BRIGHT,5891,-0.0644258696592842
BRIGHT,5892,0.06592931937715782
BRIGHT,5893,-0.18833616035489634
BRIGHT,5894,0.04124674784120647
BRIGHT,5895,-0.012352234101605781
BRIGHT,5896,-0.08518389000631013
BRIGHT,5897,-0.04500865669359927
BRIGHT,5898,0.05045292824666873
BRIGHT,5899,-0.03703504535416904
BRIGHT,5900,0.009738353421908302
BRIGHT,5901,-0.03545570429309158
BRIGHT,5902,0.06682524852840299
BRIGHT,5903,0.06693391194574791
BRIGHT,5904,-0.0915400066213079
BRIGHT,5905,0.0070704922491068465
BRIGHT,5906,-0.023533367002014256
BRIGHT,5907,-0.033239280724389544
BRIGHT,5908,0.007264800351531141
BRIGHT,5909,-0.08398358850120423
BRIGHT,5910,0.035468203354365076
BRIGHT,5911,0.03666815637549254
BRIGHT,5912,0.017109498112333452
BRIGHT,5913,-0.014165922328772172
BRIGHT,5914,0.0428306308214713
BRIGHT,5915,-0.0774488477768231
BRIGHT,5916,-0.053886088181994606
BRIGHT,5917,0.07031003202605567
BRIGHT,5918,0.14829703736650135
BRIGHT,5919,0.04212821817736474
BRIGHT,5920,-0.08967108586648277
BRIGHT,5921,-0.09988124979054067
BRIGHT,5922,0.09012403478616522
BRIGHT,5923,0.049463722392468754
BRIGHT,5924,-0.038543586279704486
BRIGHT,5925,0.0546485700134074
BRIGHT,5926,0.021110168379932886
BRIGHT,5927,0.13165500268442137
BRIGHT,5928,0.05426961129928803
BRIGHT,5929,-0.05876751006756766
BRIGHT,5930,0.06007692293009437
BRIGHT,5931,0.11386786711324859
BRIGHT,5932,0.04521367268766842
BRIGHT,5933,0.037414934041391894
BRIGHT,5934,-0.051751362864524184
BRIGHT,5935,-0.026675965538435813
BRIGHT,5936,-0.0185968736422539
BRIGHT,5937,0.0006902712695675369
BRIGHT,5938,-0.007548312971392599
BRIGHT,5939,-0.08858489970356087
BRIGHT,5940,-0.020764421819409115
BRIGHT,5941,-0.06891024647139488
BRIGHT,5942,0.08245045100081648
BRIGHT,5943,0.05338342813168548
BRIGHT,5944,0.012227399053262525
BRIGHT,5945,0.042422685190309325
BRIGHT,5946,-0.0894882336709326
BRIGHT,5947,-0.02879881356195688
BRIGHT,5948,0.12096551090363382
BRIGHT,5949,-0.05130012604625177
BRIGHT,5950,0.05370351703859173
BRIGHT,5951,0.13511785068512805
BRIGHT,5952,0.037595758143930215
BRIGHT,5953,-0.027166040917865897
BRIGHT,5954,0.11371311262970495
BRIGHT,5955,0.009890447025697741
BRIGHT,5956,-0.07786944418594163
BRIGHT,5957,-0.08124108899319073
BRIGHT,5958,0.0651165502969778
BRIGHT,5959,0.00015980700768399334
BRIGHT,5960,-0.11446940567832331
BRIGHT,5961,0.09203312719984799
BRIGHT,5962,0.0507727576399704
BRIGHT,5963,0.07005388577501652
BRIGHT,5964,0.08670662635542456
BRIGHT,5965,-0.05917103731524253
BRIGHT,5966,-0.012972792094557336
BRIGHT,5967,0.01537059576548266
BRIGHT,5968,0.05921828276235506
BRIGHT,5969,0.04906462836171383
BRIGHT,5970,0.058358688001180326
BRIGHT,5971,-0.01605765534278016
BRIGHT,5972,0.07384606173604948
BRIGHT,5973,-0.008163072918476818
BRIGHT,5974,-0.01612129252295779
BRIGHT,5975,-0.1313559948596942
BRIGHT,5976,0.005256434675398591
BRIGHT,5977,-0.018930637921366834
BRIGHT,5978,-0.10634048393488843
BRIGHT,5979,-0.02794956320114769
BRIGHT,5980,-0.07015651450713456
BRIGHT,5981,-0.17837938586198848
BRIGHT,5982,0.11276121616215831
BRIGHT,5983,-0.09600154115062497
BRIGHT,5984,-0.07197095799811985
BRIGHT,5985,0.0062123081490062185
BRIGHT,5986,0.04452232832780556
BRIGHT,5987,0.11377869175495689
BRIGHT,5988,-0.017840280699284464
BRIGHT,5989,-0.016903103141741403
BRIGHT,5990,-0.04952354648764612
BRIGHT,5991,-0.06899357506947613
BRIGHT,5992,-0.08531789622742304
BRIGHT,5993,0.03931263973474559
BRIGHT,5994,0.006420012203555372
BRIGHT,5995,-0.03751062444206697
BRIGHT,5996,-0.09372179548439391
BRIGHT,5997,-0.022096077175609696
BRIGHT,5998,-0.04970653696888925
BRIGHT,5999,-0.16446947796204395
BRIGHT,6000,-0.11811527854069606
BRIGHT,6001,0.06996544492444377
BRIGHT,6002,-0.047396536273831356
BRIGHT,6003,0.057258972835933085
BRIGHT,6004,0.00936416856120293
BRIGHT,6005,-0.05511836479993944
BRIGHT,6006,-0.04935924783966774
BRIGHT,6007,-0.036966439619942476
BRIGHT,6008,0.032619643593891634
BRIGHT,6009,0.061672783279235824
BRIGHT,6010,0.010549926801202255
BRIGHT,6011,0.0008709862308249149
BRIGHT,6012,-0.011205233481057203
BRIGHT,6013,-0.008490790365994025
BRIGHT,6014,0.00712085909342913
BRIGHT,6015,-0.021365139321719476
BRIGHT,6016,0.11131811842912967
BRIGHT,6017,0.016438434423316054
BRIGHT,6018,-0.00801835406150776
BRIGHT,6019,-0.07094330872438372
BRIGHT,6020,0.028836580315018512
BRIGHT,6021,-0.025096208982541383
BRIGHT,6022,-0.07473037620119659
BRIGHT,6023,-0.1278002972050546
BRIGHT,6024,0.016001822335229874
BRIGHT,6025,-0.1643388314462862
BRIGHT,6026,-0.11814067835977306
BRIGHT,6027,0.08440665039619004
BRIGHT,6028,0.047769370024987115
BRIGHT,6029,0.04128780360784581
BRIGHT,6030,-0.032303235229648966
BRIGHT,6031,0.05299280930526621
BRIGHT,6032,0.0305757117606346
BRIGHT,6033,0.0035885689452786595
BRIGHT,6034,0.06246751210976704
BRIGHT,6035,0.09545791654793168
BRIGHT,6036,-0.017247755143986666
BRIGHT,6037,-0.01834583538119836
BRIGHT,6038,0.028240941898686728
BRIGHT,6039,-0.005206039292731672
BRIGHT,6040,-0.03811428199669044
BRIGHT,6041,0.020419697023238044
BRIGHT,6042,-0.0499299872063903
BRIGHT,6043,0.03641882971663081
BRIGHT,6044,0.040770333472782125
BRIGHT,6045,0.0008333055978060245
BRIGHT,6046,0.06585380213660565
BRIGHT,6047,0.052077076758826536
BRIGHT,6048,0.09142806527016768
BRIGHT,6049,0.0009224363595771385
BRIGHT,6050,0.00298857201552223
BRIGHT,6051,0.07787613770940309
BRIGHT,6052,-0.011773473019560799
BRIGHT,6053,-0.0904805764676096
BRIGHT,6054,-0.001347469760696756
BRIGHT,6055,0.0462094106100928
BRIGHT,6056,-0.10998782574166001
BRIGHT,6057,-0.09663111951557572
BRIGHT,6058,0.010371762906320794
BRIGHT,6059,-0.13908489529401308
BRIGHT,6060,-0.10254911013174105
BRIGHT,6061,0.03576363909785452
BRIGHT,6062,0.02926071547471723
BRIGHT,6063,-0.007451514318110812
BRIGHT,6064,0.014299310456993683
BRIGHT,6065,-0.07359960492154831
BRIGHT,6066,0.027569867467398056
BRIGHT,6067,-0.0039744374489188924
BRIGHT,6068,0.001224688104321669
BRIGHT,6069,-0.05146378043061426
BRIGHT,6070,0.058387232678056684
BRIGHT,6071,0.029329317706257522
BRIGHT,6072,0.04426756229699784
BRIGHT,6073,-0.057526800648047244
BRIGHT,6074,0.035838878036781194
BRIGHT,6075,0.009678384855488682
BRIGHT,6076,-0.00011746713865667711
BRIGHT,6077,0.01755991078256802
BRIGHT,6078,-0.02858447884282947
BRIGHT,6079,-0.02375906759571839
BRIGHT,6080,-0.07864207877687344
BRIGHT,6081,-0.046243070457569105
BRIGHT,6082,0.08438919184671936
BRIGHT,6083,0.15068230767778418
BRIGHT,6084,0.025650824073299765
BRIGHT,6085,0.039754098416763174
BRIGHT,6086,-0.004291534965690542
BRIGHT,6087,-0.08505258165840317
BRIGHT,6088,0.1253933685144498
BRIGHT,6089,-0.08206582350845879
BRIGHT,6090,-0.00043238548194801646
BRIGHT,6091,-0.05146246741025494
BRIGHT,6092,0.02592566355287091
BRIGHT,6093,0.028186612708739883
BRIGHT,6094,-0.11030692218151919
BRIGHT,6095,0.01578314262550192
BRIGHT,6096,0.035857600966452415
BRIGHT,6097,0.10927498619715038
BRIGHT,6098,0.013229363937611406
BRIGHT,6099,0.010945182485799194
BRIGHT,6100,-0.1618507675120789
BRIGHT,6101,0.1159468836398921
BRIGHT,6102,-0.09061940282450251
BRIGHT,6103,-0.05254476545470714
BRIGHT,6104,0.11520836640604498
BRIGHT,6105,0.0834996030126498
BRIGHT,6106,0.010042485616042075
BRIGHT,6107,0.02889915532720499
BRIGHT,6108,0.09623940473203621
BRIGHT,6109,0.060414505381938745
BRIGHT,6110,0.07220067095544279
BRIGHT,6111,-0.03441693296499967
BRIGHT,6112,0.002478690725907474
BRIGHT,6113,0.09839539347974285
BRIGHT,6114,-0.10839169870770343
BRIGHT,6115,-0.04942638288613771
BRIGHT,6116,0.022915737847993414
BRIGHT,6117,0.02736420666290843
BRIGHT,6118,0.1718689390847187
BRIGHT,6119,-0.058427527745425346
BRIGHT,6120,0.019734282126702613
BRIGHT,6121,-0.0322368770741983
BRIGHT,6122,-0.0710968125914379
BRIGHT,6123,-0.0320328198346409
BRIGHT,6124,-0.00023363327467447318
BRIGHT,6125,-0.012616790463016196
BRIGHT,6126,-0.034138034271519346
BRIGHT,6127,-0.10081691739236011
BRIGHT,6128,-0.003063102759321251
BRIGHT,6129,-0.05391686712468923
BRIGHT,6130,0.04589899292493501
BRIGHT,6131,0.0021816308481379196
BRIGHT,6132,0.07046217249715223
BRIGHT,6133,-0.03885307293425566
BRIGHT,6134,-0.09063600589824115
BRIGHT,6135,0.020491568586677
BRIGHT,6136,-0.023545843357087724
BRIGHT,6137,-0.007474872932256541
BRIGHT,6138,-0.11472018663235171
BRIGHT,6139,-0.03420883683634789
BRIGHT,6140,-0.009071767850509076
BRIGHT,6141,0.01259987033912753
BRIGHT,6142,0.0037308885695633153
BRIGHT,6143,0.10673159956212289
BRIGHT,6144,0.012053852479080685
BRIGHT,6145,-0.10772092497817821
BRIGHT,6146,-0.08228717842873703
BRIGHT,6147,-0.015559870087197003
BRIGHT,6148,-0.07743575153896438
BRIGHT,6149,0.018711769231196034
BRIGHT,6150,0.06044435595760145
BRIGHT,6151,-0.01743290013774639
BRIGHT,6152,-0.037481149009613156
BRIGHT,6153,-0.10276292711741421
BRIGHT,6154,-0.011573978662896438
BRIGHT,6155,-0.040106416879918776
BRIGHT,6156,-0.0012328181530626783
BRIGHT,6157,0.05145026486253161
BRIGHT,6158,0.017838557906094853
BRIGHT,6159,-0.021024488149031274
BRIGHT,6160,0.004968539405934077
BRIGHT,6161,0.03204192737382962
BRIGHT,6162,0.1312921934861385
BRIGHT,6163,0.012429941904406938
BRIGHT,6164,0.04495405630373239
BRIGHT,6165,-0.03194227458811702
BRIGHT,6166,0.018349660369733154
BRIGHT,6167,0.03638233650966442
BRIGHT,6168,-0.10154026969657685
BRIGHT,6169,-0.013026293039640117
BRIGHT,6170,0.02119567874009459
BRIGHT,6171,-0.004060912102387108
BRIGHT,6172,-0.041145690693511726
BRIGHT,6173,-0.10637109735886861
BRIGHT,6174,-0.046967804915402075
BRIGHT,6175,-0.044959328892883545
BRIGHT,6176,-0.0035892314185225122
BRIGHT,6177,0.0009909617850682607
BRIGHT,6178,-0.011531785908655041
BRIGHT,6179,-0.08382712226762228
BRIGHT,6180,0.018273088882425646
BRIGHT,6181,-0.01992574835926933
BRIGHT,6182,0.0789808583484243
BRIGHT,6183,-0.11242688126447045
BRIGHT,6184,-0.0027328067541532897
BRIGHT,6185,-0.06396456853053957
BRIGHT,6186,-0.021105800781484992
BRIGHT,6187,-0.03251750092545871
BRIGHT,6188,-0.03746212252431885
BRIGHT,6189,-0.04167824899596355
BRIGHT,6190,-0.03769025886688523
BRIGHT,6191,0.015177270713520744
BRIGHT,6192,0.09482608379527141
BRIGHT,6193,0.024373573196342056
BRIGHT,6194,0.028622681190936233
BRIGHT,6195,-0.04937016447307154
BRIGHT,6196,0.020167469139351
BRIGHT,6197,0.05191961090246745
BRIGHT,6198,0.03350828609839232
BRIGHT,6199,0.02477065478714674
BRIGHT,6200,-0.08567515551304349
BRIGHT,6201,0.046392700862430754
BRIGHT,6202,-0.047232275100977064
BRIGHT,6203,-0.09401989406892752
BRIGHT,6204,0.06373496367034928
BRIGHT,6205,0.012509702366156226
BRIGHT,6206,-0.04529316292720238
BRIGHT,6207,-0.03835422547471461
BRIGHT,6208,-0.038792839553325194
BRIGHT,6209,-0.08931644865602052
BRIGHT,6210,0.062356529668429375
BRIGHT,6211,0.0018580131430941305
BRIGHT,6212,-0.06668894751527098
BRIGHT,6213,0.08774730368333537
BRIGHT,6214,0.11657343285956108
BRIGHT,6215,0.04828516453839568
BRIGHT,6216,-0.010221330244226038
BRIGHT,6217,0.08241673422190124
BRIGHT,6218,-0.03292556881493381
BRIGHT,6219,-0.021043687773900685
BRIGHT,6220,0.04462403144411782
BRIGHT,6221,-0.014428789603042884
BRIGHT,6222,0.07758223201889504
BRIGHT,6223,-0.10082590386549613
BRIGHT,6224,-0.12370595087098561
BRIGHT,6225,-0.0417218404744389
BRIGHT,6226,0.04478871789436007
BRIGHT,6227,0.1205471969510337
BRIGHT,6228,0.04139298226147075
BRIGHT,6229,0.03457517412029884
BRIGHT,6230,-0.11520449441237501
BRIGHT,6231,-0.02855627590265439
BRIGHT,6232,0.024428570343137192
BRIGHT,6233,-0.11788153663911999
BRIGHT,6234,-0.008317359739030528
BRIGHT,6235,0.07016817006615866
BRIGHT,6236,-0.005467564614646134
BRIGHT,6237,-0.06597627663678873
BRIGHT,6238,0.047046632958226205
BRIGHT,6239,-0.0205019360481673
BRIGHT,6240,-0.030813575370702437
BRIGHT,6241,0.06314145324016744
BRIGHT,6242,-0.02632933067164885
BRIGHT,6243,0.01638722579203497
BRIGHT,6244,0.005503475736641466
BRIGHT,6245,-0.08250260882205336
BRIGHT,6246,0.07645756875571995
BRIGHT,6247,0.05360151343813981
BRIGHT,6248,-0.009114390995007854
BRIGHT,6249,0.02187090085579679
BRIGHT,6250,0.05306012750513328
BRIGHT,6251,0.018788388012297926
BRIGHT,6252,-0.028117064844931632
BRIGHT,6253,0.05850672685159754
BRIGHT,6254,0.042252863834675726
BRIGHT,6255,-0.00845443487224435
BRIGHT,6256,0.02062315715796102
BRIGHT,6257,0.1265027009726074
BRIGHT,6258,0.027859093751492023
BRIGHT,6259,-0.023939731105521285
BRIGHT,6260,0.03504552021845647
BRIGHT,6261,0.0041499653343205455
BRIGHT,6262,-0.07456278810416248
BRIGHT,6263,0.018191611300890698
BRIGHT,6264,0.054613838769680734
BRIGHT,6265,0.048328163652011105
BRIGHT,6266,0.21009843814245663
BRIGHT,6267,-0.10578532651724905
BRIGHT,6268,-0.1022680492545484
BRIGHT,6269,0.01990530161058451
BRIGHT,6270,0.010818144870253588
BRIGHT,6271,0.10522876243934177
BRIGHT,6272,-0.03538600992427305
BRIGHT,6273,-0.03184951078793516
BRIGHT,6274,-0.12033342126725498
BRIGHT,6275,0.035817486841725824
BRIGHT,6276,-0.01619602638381434
BRIGHT,6277,0.019062135391828078
BRIGHT,6278,-0.03902202713282969
BRIGHT,6279,0.09872782760485131
BRIGHT,6280,0.039342124775047935
BRIGHT,6281,0.09941353354263778
BRIGHT,6282,-0.11582740826948641
BRIGHT,6283,0.005408326030049261
BRIGHT,6284,-0.06062390004772931
BRIGHT,6285,0.0006788127361728125
BRIGHT,6286,0.06987699657696593
BRIGHT,6287,-0.024177625829089073
BRIGHT,6288,0.038869835170577155
BRIGHT,6289,0.04455983046844665
BRIGHT,6290,0.015006485996773166
BRIGHT,6291,0.08984737865305795
BRIGHT,6292,0.128931565356054
BRIGHT,6293,-0.030113800808036165
BRIGHT,6294,-0.0016192710861372603
BRIGHT,6295,-0.0072223536257191205
BRIGHT,6296,-0.08997980396537766
BRIGHT,6297,-0.017897972782266937
BRIGHT,6298,-0.015591913938679935
BRIGHT,6299,0.07846558288659156
BRIGHT,6300,-0.031812389603376234
BRIGHT,6301,-0.04028548730446386
BRIGHT,6302,0.05255748687127614
BRIGHT,6303,-0.023518854382469673
BRIGHT,6304,0.07480260712121796
BRIGHT,6305,-0.029176003396309012
BRIGHT,6306,-0.06445024330146967
BRIGHT,6307,-0.05931820594492358
BRIGHT,6308,-0.01076439314020942
BRIGHT,6309,0.14554866366471558
BRIGHT,6310,-0.016016196319613363
BRIGHT,6311,0.0952692133038574
BRIGHT,6312,-0.027812736064113986
BRIGHT,6313,-0.05624985964342729
BRIGHT,6314,0.010283015977947393
BRIGHT,6315,0.06051166007326635
BRIGHT,6316,0.007792518619430978
BRIGHT,6317,0.02088508435368406
BRIGHT,6318,0.0852992513685636
BRIGHT,6319,-0.025255700683975646
BRIGHT,6320,0.03816236706431086
BRIGHT,6321,-0.11012391187154133
BRIGHT,6322,-0.13460526846283752
BRIGHT,6323,0.08331416459397864
BRIGHT,6324,0.003277387298409722
BRIGHT,6325,0.042493873996268
BRIGHT,6326,0.09965125436391964
BRIGHT,6327,0.09077614152570722
BRIGHT,6328,-0.023041302057688715
BRIGHT,6329,-0.018685418338798852
BRIGHT,6330,-0.10493663769456466
BRIGHT,6331,0.008047627156390378
BRIGHT,6332,0.020338144520240794
BRIGHT,6333,-0.1174638626593763
BRIGHT,6334,0.07856855244892609
BRIGHT,6335,0.049274145266254496
BRIGHT,6336,-0.05014448892761522
BRIGHT,6337,-0.00596805654126195
BRIGHT,6338,-0.045055209790280645
BRIGHT,6339,0.05435233241195259
BRIGHT,6340,-0.055079714213407155
BRIGHT,6341,0.013723378529841327
BRIGHT,6342,0.06738117056072558
BRIGHT,6343,0.004553776194102079
BRIGHT,6344,-0.09942871958197648
BRIGHT,6345,-0.11596038499028939
BRIGHT,6346,-0.009308818197030113
BRIGHT,6347,-0.040036363847808974
BRIGHT,6348,0.06867542930453209
BRIGHT,6349,-0.06612309107443835
BRIGHT,6350,0.0016368135809302334
BRIGHT,6351,0.017225988718996277
BRIGHT,6352,-0.03948354732960305
BRIGHT,6353,0.006339895006893919
BRIGHT,6354,-0.027483676032081857
BRIGHT,6355,0.015980011814166396
BRIGHT,6356,-0.027735468579560354
BRIGHT,6357,0.014944541726207091
BRIGHT,6358,-0.12432126441534008
BRIGHT,6359,-0.09184611225034278
BRIGHT,6360,-0.08846158832732391
BRIGHT,6361,-0.008775565644303155
BRIGHT,6362,0.05028851819258469
BRIGHT,6363,0.0556818773287802
BRIGHT,6364,0.0967229456151753
BRIGHT,6365,0.03937827834753143
BRIGHT,6366,0.004310251643415485
BRIGHT,6367,0.10628746063665002
BRIGHT,6368,-0.10780601926093578
BRIGHT,6369,0.024431758014653953
BRIGHT,6370,0.015276907105261854
BRIGHT,6371,0.010039606905613115
BRIGHT,6372,0.00464481496677413
BRIGHT,6373,-0.11591422915392242
BRIGHT,6374,-0.016400489107401644
BRIGHT,6375,-0.02884804855903815
BRIGHT,6376,0.055486557469419884
BRIGHT,6377,-0.1357584684022984
BRIGHT,6378,0.05054277081795409
BRIGHT,6379,-0.01477099491983281
BRIGHT,6380,-0.050075897681030705
BRIGHT,6381,0.0012991589493177255
BRIGHT,6382,-0.032171097632933625
BRIGHT,6383,-0.004552376753940235
BRIGHT,6384,-0.08724981255047441
BRIGHT,6385,-0.017325864032030864
BRIGHT,6386,0.018990512845404112
BRIGHT,6387,-0.01777475892462536
BRIGHT,6388,0.04485970373609847
BRIGHT,6389,0.009401686582138405
BRIGHT,6390,0.033466467578553434
BRIGHT,6391,0.12953917757253203
BRIGHT,6392,0.01546145570801191
BRIGHT,6393,-0.06358354461110848
BRIGHT,6394,-0.026997477532824412
BRIGHT,6395,-0.03323465182112262
BRIGHT,6396,0.05753391344261962
BRIGHT,6397,0.06263793409325305
BRIGHT,6398,-0.04417636023869975
BRIGHT,6399,-0.046592230339678804
BRIGHT,6400,0.029378783069210872
BRIGHT,6401,-0.026882267487735926
BRIGHT,6402,-0.006333601984403604
BRIGHT,6403,0.029738926399782442
BRIGHT,6404,-0.02944544380385895
BRIGHT,6405,-0.0584872202540676
BRIGHT,6406,-0.059980367230610634
BRIGHT,6407,0.043838587460668904
BRIGHT,6408,0.005338220895965238
BRIGHT,6409,0.026596945244357274
BRIGHT,6410,-0.007248179844989853
BRIGHT,6411,0.046198975476963
BRIGHT,6412,-0.03234130816044846
BRIGHT,6413,0.033247975214265084
BRIGHT,6414,-0.0005482899629793985
BRIGHT,6415,-0.040747294893717846
BRIGHT,6416,0.019185548888641255
BRIGHT,6417,0.0066395394250059955
BRIGHT,6418,0.026735148969616027
BRIGHT,6419,0.035799013540882094
BRIGHT,6420,0.0782303177039036
BRIGHT,6421,-0.02861160161916981
BRIGHT,6422,0.09956171106474754
BRIGHT,6423,0.03988986548055243
BRIGHT,6424,0.036456434948314284
BRIGHT,6425,0.007481608689167471
BRIGHT,6426,0.08017070245460439
BRIGHT,6427,0.07207111094833603
BRIGHT,6428,0.022133949959647285
BRIGHT,6429,0.00803624660639836
BRIGHT,6430,0.05893296210548032
BRIGHT,6431,-0.02715421764985232
BRIGHT,6432,-0.010043307604846593
BRIGHT,6433,-0.027704943883951873
BRIGHT,6434,0.017107293896846107
BRIGHT,6435,0.015004590557386984
BRIGHT,6436,-0.012406273066675997
BRIGHT,6437,-0.049322370804278384
BRIGHT,6438,0.13299805500158918
BRIGHT,6439,0.03697314544946437
BRIGHT,6440,-0.00597390269032318
BRIGHT,6441,-0.08175800902399924
BRIGHT,6442,-0.033585921345820134
BRIGHT,6443,-0.053387939845004374
BRIGHT,6444,0.09484029884283406
BRIGHT,6445,-0.0694194686154583
BRIGHT,6446,-0.009915711793493261
BRIGHT,6447,0.03222427200331142
BRIGHT,6448,-0.050429217605777996
BRIGHT,6449,0.06687482597458272
BRIGHT,6450,-0.04218105982025011
BRIGHT,6451,0.076993046527357
BRIGHT,6452,-0.08005962623025317
BRIGHT,6453,0.05894090290987146
BRIGHT,6454,-0.02737771872226363
BRIGHT,6455,-0.018327433719723556
BRIGHT,6456,0.07471398080432258
BRIGHT,6457,0.05364191355765712
BRIGHT,6458,0.08161159041023448
BRIGHT,6459,0.06167041034976687
BRIGHT,6460,-0.034978151974990095
BRIGHT,6461,-0.002797359540592395
BRIGHT,6462,0.011620028741607207
BRIGHT,6463,0.05615878500478062
BRIGHT,6464,0.06233335614537949
BRIGHT,6465,-0.04093453494670462
BRIGHT,6466,0.07148131147351766
BRIGHT,6467,0.02894773695735596
BRIGHT,6468,-0.0058263927616419445
BRIGHT,6469,0.003161529678543714
BRIGHT,6470,0.02552877042629386
BRIGHT,6471,0.00966974265878928
BRIGHT,6472,-0.020250846149620257
BRIGHT,6473,0.034949794704791454
BRIGHT,6474,0.026924447883910376
BRIGHT,6475,-0.044462972591796386
BRIGHT,6476,-0.030438742661352484
BRIGHT,6477,0.0034398359839768722
BRIGHT,6478,-0.027753197447133088
BRIGHT,6479,0.05672072751191718
BRIGHT,6480,-0.05917800640764786
BRIGHT,6481,-0.04161616349391469
BRIGHT,6482,-0.11234408893069153
BRIGHT,6483,0.017050242186151494
BRIGHT,6484,0.13663034690910023
BRIGHT,6485,0.03461815743508486
BRIGHT,6486,-0.05252639922523102
BRIGHT,6487,0.05726406584343224
BRIGHT,6488,0.053245972733971476
BRIGHT,6489,-0.11381771158277856
BRIGHT,6490,0.053722759256081325
BRIGHT,6491,0.09240463844252017
BRIGHT,6492,-0.08795886596470343
BRIGHT,6493,-0.013454912961213598
BRIGHT,6494,0.00569109250679745
BRIGHT,6495,-0.01058228988917921
BRIGHT,6496,0.004875553272246048
BRIGHT,6497,0.0481393103316257
BRIGHT,6498,-0.03520937811588603
BRIGHT,6499,-0.04152627484728639
BRIGHT,6500,-0.022573959410192426
BRIGHT,6501,-0.0431234090478538
BRIGHT,6502,0.04358145521093844
BRIGHT,6503,-0.08516709299405693
BRIGHT,6504,0.0582048750125682
BRIGHT,6505,-0.005900054441206434
BRIGHT,6506,-0.04792916672784732
BRIGHT,6507,-0.13056338127709063
BRIGHT,6508,-0.014508593296099282
BRIGHT,6509,0.06750872943032454
BRIGHT,6510,0.0004562168653302386
BRIGHT,6511,0.093511782429798
BRIGHT,6512,-0.009755055027959323
BRIGHT,6513,0.001431336234269492
BRIGHT,6514,-0.017761216723406168
BRIGHT,6515,0.013421297764357428
BRIGHT,6516,0.13098840797178138
BRIGHT,6517,0.0018549757081033544
BRIGHT,6518,0.019609786457275843
BRIGHT,6519,0.07975546246411909
BRIGHT,6520,0.009551007558638172
BRIGHT,6521,-0.05092504643161719
BRIGHT,6522,0.005159697426296124
BRIGHT,6523,-0.023220037262293197
BRIGHT,6524,-0.005327247390734534
BRIGHT,6525,-0.06442171933881585
BRIGHT,6526,0.031191980166001002
BRIGHT,6527,0.010462526569544089
BRIGHT,6528,-0.0661168422826917
BRIGHT,6529,-0.1444641311295146
BRIGHT,6530,-0.028803850317208304
BRIGHT,6531,0.017090052899927547
BRIGHT,6532,-0.025844516161365447
BRIGHT,6533,0.04955536571488516
BRIGHT,6534,-0.12727613092517487
BRIGHT,6535,0.014065136511546348
BRIGHT,6536,-0.0835967934210188
BRIGHT,6537,0.04065540651867313
BRIGHT,6538,-0.14629748649656477
BRIGHT,6539,0.0516822435623836
BRIGHT,6540,-0.10594346884377744
BRIGHT,6541,-0.13235536430904796
BRIGHT,6542,-0.014520164427065683
BRIGHT,6543,0.01673465686760313
BRIGHT,6544,-0.03575212877569964
BRIGHT,6545,-0.004124814851258341
BRIGHT,6546,-0.047313923142371095
BRIGHT,6547,0.035438756444926604
BRIGHT,6548,0.13955616224159512
BRIGHT,6549,0.006492434748182434
BRIGHT,6550,-0.035795520621994995
BRIGHT,6551,0.02138641494210729
BRIGHT,6552,-0.02913784297357046
BRIGHT,6553,-0.0367299901840116
BRIGHT,6554,0.021729135698949166
BRIGHT,6555,0.16165092203101697
BRIGHT,6556,-0.1519943006340879
BRIGHT,6557,-0.051276256718726
BRIGHT,6558,0.057335097192477535
BRIGHT,6559,-0.028486797437515577
BRIGHT,6560,0.08687348930361989
BRIGHT,6561,0.12521960800487747
BRIGHT,6562,-0.03655543592785021
BRIGHT,6563,0.03162242506493745
BRIGHT,6564,-0.021573525466436837
BRIGHT,6565,-0.023989844714110205
BRIGHT,6566,-0.0919127830766276
BRIGHT,6567,-0.07159622334128303
BRIGHT,6568,-0.044941460518592054
BRIGHT,6569,-0.14081026832632898
BRIGHT,6570,0.05136374823980235
BRIGHT,6571,0.07717037731570384
BRIGHT,6572,0.06100536060641629
BRIGHT,6573,0.002796719243478694
BRIGHT,6574,0.04699718571094715
BRIGHT,6575,-0.008277415714784986
BRIGHT,6576,-0.14144496842777196
BRIGHT,6577,-0.008304484856071947
BRIGHT,6578,-0.071814963857462
BRIGHT,6579,0.04886059693824656
BRIGHT,6580,-0.07377198434087154
BRIGHT,6581,0.0488899596717981
BRIGHT,6582,0.0362260745413088
BRIGHT,6583,0.02757775919289806
BRIGHT,6584,0.0057806889193586725
BRIGHT,6585,-0.11088710699923919
BRIGHT,6586,-0.0077766271918557174
BRIGHT,6587,-0.06429762715059646
BRIGHT,6588,0.07711115143180762
BRIGHT,6589,-0.09858958101153645
BRIGHT,6590,-0.0014016726209833085
BRIGHT,6591,-0.0013692615519036446
BRIGHT,6592,0.08145068708584957
BRIGHT,6593,-0.03254641919520328
BRIGHT,6594,-0.023223638044473825
BRIGHT,6595,0.03178308664962914
BRIGHT,6596,0.04195264375137547
BRIGHT,6597,0.13800622968438803
BRIGHT,6598,0.007967218135585942
BRIGHT,6599,-0.031153335696721792
BRIGHT,6600,0.12357695756936897
BRIGHT,6601,0.06573128844674593
BRIGHT,6602,0.01581355679819739
BRIGHT,6603,0.044867735910128416
BRIGHT,6604,-0.03889609531795288
BRIGHT,6605,-0.07134004116686109
BRIGHT,6606,0.011411434893416075
BRIGHT,6607,0.03605109102006226
BRIGHT,6608,-0.00529833951646697
BRIGHT,6609,-0.02123412303220908
BRIGHT,6610,0.06003983892676246
BRIGHT,6611,-0.014263802913037074
BRIGHT,6612,-0.08012388342467285
BRIGHT,6613,0.01331214372763266
BRIGHT,6614,0.010887521929554233
BRIGHT,6615,-0.08579698769073282
BRIGHT,6616,-0.005237678246491747
BRIGHT,6617,0.04071251377483135
BRIGHT,6618,-0.13915611267611683
BRIGHT,6619,0.05033303526042505
BRIGHT,6620,-0.02410453985275332
BRIGHT,6621,-0.04482924337280714
BRIGHT,6622,0.08537806915058875
BRIGHT,6623,0.03832165505020994
BRIGHT,6624,0.0468809102738645
BRIGHT,6625,0.006474907463445428
BRIGHT,6626,-0.019486692428229906
BRIGHT,6627,-0.02086556582919094
BRIGHT,6628,-0.03768799374734305
BRIGHT,6629,-0.044874604215712335
BRIGHT,6630,0.07985962825087711
BRIGHT,6631,0.01559992693087454
BRIGHT,6632,-0.015036931457298485
BRIGHT,6633,-0.04221271337432911
BRIGHT,6634,-0.015391324839709746
BRIGHT,6635,0.005618915519157536
BRIGHT,6636,0.011602766138134948
BRIGHT,6637,-0.04661943571106621
BRIGHT,6638,-0.06106994753524763
BRIGHT,6639,0.10769547398230327
BRIGHT,6640,-0.013962064309029494
BRIGHT,6641,-0.06984021910308721
BRIGHT,6642,-0.011101144550837147
BRIGHT,6643,0.11256389332010246
BRIGHT,6644,-0.04405180716699
BRIGHT,6645,-0.06853507070702973
BRIGHT,6646,0.02582970378978354
BRIGHT,6647,-0.058444897943220164
BRIGHT,6648,-0.022653225394452466
BRIGHT,6649,0.035319357406763396
BRIGHT,6650,0.08484222668643765
BRIGHT,6651,-0.057870762449434655
BRIGHT,6652,0.05276907690801948
BRIGHT,6653,-0.11252210664926483
BRIGHT,6654,-0.044706250248418025
BRIGHT,6655,0.027326618312411552
BRIGHT,6656,-0.05352059155107858
BRIGHT,6657,-0.03676110408380428
BRIGHT,6658,0.00987963871291283
BRIGHT,6659,0.05350513226701729
BRIGHT,6660,0.019644306409947916
BRIGHT,6661,-0.03886285291330043
BRIGHT,6662,0.04804624285363608
BRIGHT,6663,0.015178455843315758
BRIGHT,6664,-0.04019817574137366
BRIGHT,6665,-0.07596304371194545
BRIGHT,6666,-0.09763970065612786
BRIGHT,6667,0.10503303694293308
BRIGHT,6668,-0.04307506899864001
BRIGHT,6669,-0.07044656415857667
BRIGHT,6670,0.041429642623391195
BRIGHT,6671,-0.022646965748777552
BRIGHT,6672,-0.06616132060621274
BRIGHT,6673,0.030671165446742032
BRIGHT,6674,0.028581644074136787
BRIGHT,6675,-0.09783238991786916
BRIGHT,6676,0.0127399262583462
BRIGHT,6677,-0.008032662002708137
BRIGHT,6678,-0.08001654806094981
BRIGHT,6679,-0.028282221882672952
BRIGHT,6680,0.1114056720367649
BRIGHT,6681,-0.0177905969818262
BRIGHT,6682,0.05331331944135057
BRIGHT,6683,-0.05902065545361172
BRIGHT,6684,0.027327130509826828
BRIGHT,6685,0.011116858775806237
BRIGHT,6686,0.13056423763352634
BRIGHT,6687,0.08939605310323126
BRIGHT,6688,-0.06931036052619598
BRIGHT,6689,-0.08976903139989459
BRIGHT,6690,0.061282164741028336
BRIGHT,6691,-0.1043694996822857
BRIGHT,6692,0.019332624480118195
BRIGHT,6693,-0.21230016252668774
BRIGHT,6694,-0.05345511886030493
BRIGHT,6695,0.06250820270458948
BRIGHT,6696,0.022781056382261872
BRIGHT,6697,0.07878676234386982
BRIGHT,6698,0.004339529622903935
BRIGHT,6699,-0.00868691904874953
BRIGHT,6700,-0.04325546907338886
BRIGHT,6701,0.017428688934457873
BRIGHT,6702,0.07224498154739428
BRIGHT,6703,-0.0262557996222038
BRIGHT,6704,-0.05785434707815966
BRIGHT,6705,0.01725913310815185
BRIGHT,6706,-0.11485080742939544
BRIGHT,6707,-0.038214842910591816
BRIGHT,6708,-0.028730402091352393
BRIGHT,6709,-0.014756956627171917
BRIGHT,6710,-0.07734178890928012
BRIGHT,6711,-0.03774684275645992
BRIGHT,6712,-0.10068448995056664
BRIGHT,6713,-0.07757770806756545
BRIGHT,6714,-0.09227116175896621
BRIGHT,6715,0.005341560780853156
BRIGHT,6716,-0.055649834607075836
BRIGHT,6717,-0.07888256995757882
BRIGHT,6718,-0.047033385446986306
BRIGHT,6719,0.06668522605126014
BRIGHT,6720,0.1711772780811418
BRIGHT,6721,-0.03739365021711175
BRIGHT,6722,-0.08481011429020173
BRIGHT,6723,0.043129567537535315
BRIGHT,6724,0.09433027006827376
BRIGHT,6725,-0.02572792469880448
BRIGHT,6726,-0.08583023046386545
BRIGHT,6727,-0.04992767691315423
BRIGHT,6728,0.042236814075462016
BRIGHT,6729,0.015256849687586145
BRIGHT,6730,-0.006552932350330357
BRIGHT,6731,0.05161334905989528
BRIGHT,6732,0.02886513789316517
BRIGHT,6733,-0.056632305871846464
BRIGHT,6734,0.04957023669815019
BRIGHT,6735,0.1757467056758791
BRIGHT,6736,-0.03388300295816513
BRIGHT,6737,-0.04040498464590737
BRIGHT,6738,-0.07439297329001093
BRIGHT,6739,-0.048246717339207296
BRIGHT,6740,-0.09167945335721736
BRIGHT,6741,-0.035893678144228836
BRIGHT,6742,0.018299359431485793
BRIGHT,6743,-0.01602178375037401
BRIGHT,6744,-0.12905630649064495
BRIGHT,6745,0.065613627167267
BRIGHT,6746,0.07910332581099556
BRIGHT,6747,0.051568854923416375
BRIGHT,6748,-0.01959060079559062
BRIGHT,6749,-0.07947787460305535
BRIGHT,6750,-0.11092887518114875
BRIGHT,6751,0.029797224000474874
BRIGHT,6752,-0.09997113304400577
BRIGHT,6753,0.07842121989281922
BRIGHT,6754,0.08678809018932507
BRIGHT,6755,0.00037623902111671276
BRIGHT,6756,0.01923463740819207
BRIGHT,6757,-0.020826748461191785
BRIGHT,6758,0.02639792636799249
BRIGHT,6759,0.08499461704137225
BRIGHT,6760,-0.051613644557434245
BRIGHT,6761,-0.010973813014107847
BRIGHT,6762,-0.09088214450709031
BRIGHT,6763,-0.015609011068412738
BRIGHT,6764,-0.0034174520482066627
BRIGHT,6765,-0.08879447053061637
BRIGHT,6766,-0.004209931704765423
BRIGHT,6767,0.014716438942806866
BRIGHT,6768,0.00968331101390522
BRIGHT,6769,-0.041844617992151785
BRIGHT,6770,0.10216791715130996
BRIGHT,6771,-0.07279013060267815
BRIGHT,6772,0.03225257624871993
BRIGHT,6773,3.363841242823938e-05
BRIGHT,6774,-0.029002990561327473
BRIGHT,6775,-0.07860771946062671
BRIGHT,6776,0.15844747158829006
BRIGHT,6777,-0.026630728509587937
BRIGHT,6778,-0.04356190759661133
BRIGHT,6779,-0.09755437814889317
BRIGHT,6780,-0.025276039694621794
BRIGHT,6781,0.07482325156765883
BRIGHT,6782,0.007102604273234802
BRIGHT,6783,-0.06124981077840963
BRIGHT,6784,0.09836522550526342
BRIGHT,6785,0.06540349314555526
BRIGHT,6786,-0.04806719205253592
BRIGHT,6787,0.08890040548815493
BRIGHT,6788,0.027812495412468174
BRIGHT,6789,0.0675228903560504
BRIGHT,6790,0.03862442894138302
BRIGHT,6791,-0.08770627692803352
BRIGHT,6792,-0.06174480273027019
BRIGHT,6793,-0.005314876517965298
BRIGHT,6794,0.021866478907341884
BRIGHT,6795,0.026736223654529708
BRIGHT,6796,-0.08724379540759696
BRIGHT,6797,-0.0004390133125053486
BRIGHT,6798,0.09394697159036991
BRIGHT,6799,-0.14871785642838647
BRIGHT,6800,-0.15479254414349847
BRIGHT,6801,0.050026522072869235
BRIGHT,6802,0.036401571512476354
BRIGHT,6803,-0.02605062143973774
BRIGHT,6804,0.032914594205629324
BRIGHT,6805,-0.04897442388778
BRIGHT,6806,0.06223355577490778
BRIGHT,6807,0.01317325543562599
BRIGHT,6808,0.06087338449292067
BRIGHT,6809,-0.02775223002352177
BRIGHT,6810,-0.08230620715686048
BRIGHT,6811,-0.017469868257663414
BRIGHT,6812,-0.06046510989403465
BRIGHT,6813,-0.0653181679685199
BRIGHT,6814,0.012423166617699382
BRIGHT,6815,0.058129290809417075
BRIGHT,6816,-0.033087159483098975
BRIGHT,6817,0.041656706178018726
BRIGHT,6818,-0.07688437173774133
BRIGHT,6819,0.04526776136772536
BRIGHT,6820,-0.016880186073647212
BRIGHT,6821,0.027155364507492067
BRIGHT,6822,0.10197075494120625
BRIGHT,6823,0.01738888489580172
BRIGHT,6824,-0.04591108998367873
BRIGHT,6825,0.04627203625567969
BRIGHT,6826,0.007698239872113124
BRIGHT,6827,0.020217661111423955
BRIGHT,6828,-0.07559913402294338
BRIGHT,6829,-0.08268942586308865
BRIGHT,6830,-0.14753819315814135
BRIGHT,6831,0.09888036365476667
BRIGHT,6832,-0.05383271740443673
BRIGHT,6833,0.0005217451668298626
BRIGHT,6834,0.10833397172034459
BRIGHT,6835,-0.07801108322613128
BRIGHT,6836,-0.08608373556518736
BRIGHT,6837,-0.06433744036233154
BRIGHT,6838,0.07399942870758378
BRIGHT,6839,-0.10614751085125813
BRIGHT,6840,-0.13787946300718906
BRIGHT,6841,-0.061565048053684915
BRIGHT,6842,0.0053383314637979965
BRIGHT,6843,-0.05533586868145907
BRIGHT,6844,-0.011838309580384777
BRIGHT,6845,-0.013310515725417409
BRIGHT,6846,0.0031165165654354655
BRIGHT,6847,-0.061790711806066594
BRIGHT,6848,-0.12058378226071527
BRIGHT,6849,0.10249850165832271
BRIGHT,6850,0.1106458454253811
BRIGHT,6851,-0.05058503595051219
BRIGHT,6852,-0.04009595832665691
BRIGHT,6853,-0.019946027296376186
BRIGHT,6854,-0.025550896187238697
BRIGHT,6855,0.016771051729182234
BRIGHT,6856,-0.02292980568709791
BRIGHT,6857,0.11735159993784368
BRIGHT,6858,-0.006689062698089179
BRIGHT,6859,-0.058770729642462084
BRIGHT,6860,-0.03606052462278972
BRIGHT,6861,0.04895417101971244
BRIGHT,6862,0.04695219601560006
BRIGHT,6863,0.09761399366196649
BRIGHT,6864,0.004640213297633477
BRIGHT,6865,-0.04577510309493468
BRIGHT,6866,0.09192393714464867
BRIGHT,6867,-0.0372487157390407
BRIGHT,6868,0.07169867660315073
BRIGHT,6869,-0.07863330677808915
BRIGHT,6870,0.02195177692611521
BRIGHT,6871,0.013172023828160868
BRIGHT,6872,-0.027679063348462395
BRIGHT,6873,-0.02918245818469625
BRIGHT,6874,-0.08418156770465861
BRIGHT,6875,0.06229146076620533
BRIGHT,6876,-0.049569162986058055
BRIGHT,6877,-0.07138101450490787
BRIGHT,6878,0.1103481588362088
BRIGHT,6879,0.09594608233251083
BRIGHT,6880,0.013584757295018275
BRIGHT,6881,0.08832832186543947
BRIGHT,6882,0.11497465125964305
BRIGHT,6883,-0.0010486333926775194
BRIGHT,6884,0.007344828464580781
BRIGHT,6885,-0.12878304246106206
BRIGHT,6886,0.009357320293942274
BRIGHT,6887,0.028054857350207615
BRIGHT,6888,-0.008123135880571114
BRIGHT,6889,0.026015496508655384
BRIGHT,6890,0.04495814504336712
BRIGHT,6891,0.08107826379861355
BRIGHT,6892,0.02528777380948397
BRIGHT,6893,0.06646535538971239
BRIGHT,6894,-0.12405655165966223
BRIGHT,6895,0.032099095863403176
BRIGHT,6896,0.07385619992170471
BRIGHT,6897,-0.07620472533769752
BRIGHT,6898,0.0486650540160856
BRIGHT,6899,-0.007769934146458232
BRIGHT,6900,0.03272249974949122
BRIGHT,6901,-0.0035451557156543708
BRIGHT,6902,-0.12183932958366807
BRIGHT,6903,-0.03986316315885938
BRIGHT,6904,-0.09909136612996182
BRIGHT,6905,-0.048655397198331174
BRIGHT,6906,0.047945645681475406
BRIGHT,6907,0.020348865224259653
BRIGHT,6908,0.0338889604152719
BRIGHT,6909,-0.07490924994325272
BRIGHT,6910,0.03480526345203105
BRIGHT,6911,-0.07109906042184694
BRIGHT,6912,-0.0423538993437883
BRIGHT,6913,-0.01933470097066971
BRIGHT,6914,0.011765466085661777
BRIGHT,6915,-0.1136387466943775
BRIGHT,6916,-0.04134707453006019
BRIGHT,6917,-0.00207340945677268
BRIGHT,6918,-0.01919569701819932
BRIGHT,6919,-0.0724786670442475
BRIGHT,6920,-0.0063042571532883765
BRIGHT,6921,-0.027805064771675284
BRIGHT,6922,0.04545009165221888
BRIGHT,6923,0.02078519723034997
BRIGHT,6924,0.013356772177054627
BRIGHT,6925,-0.006052343849986226
BRIGHT,6926,-0.03343148720815093
BRIGHT,6927,0.046957427505536234
BRIGHT,6928,0.018333472185340496
BRIGHT,6929,0.007812804595253457
BRIGHT,6930,-0.04198263193067986
BRIGHT,6931,0.06296438494958269
BRIGHT,6932,-0.006926926435352773
BRIGHT,6933,0.14480451253120888
BRIGHT,6934,-0.11161071860799779
BRIGHT,6935,-0.09043577998092352
BRIGHT,6936,0.054397342675115465
BRIGHT,6937,-0.07967703101647637
BRIGHT,6938,0.07174235470764827
BRIGHT,6939,-0.013052144024650379
BRIGHT,6940,-0.06944146201549597
BRIGHT,6941,-0.04215886727709277
BRIGHT,6942,0.01115015476652736
BRIGHT,6943,-0.06323628529851706
BRIGHT,6944,-0.03726774522491967
BRIGHT,6945,0.049054980715109345
BRIGHT,6946,-0.08657661238660759
BRIGHT,6947,-0.012965201629831011
BRIGHT,6948,-0.05347916989695866
BRIGHT,6949,0.08640587473073971
BRIGHT,6950,0.016600339233859767
BRIGHT,6951,-0.034012806610517615
BRIGHT,6952,-0.043784298636596185
BRIGHT,6953,0.043158871301494595
BRIGHT,6954,-0.12823861914101703
BRIGHT,6955,0.053883644950801925
BRIGHT,6956,0.009157743060485137
BRIGHT,6957,-0.05808270419542599
BRIGHT,6958,0.09657208205537354
BRIGHT,6959,0.020402532989559893
BRIGHT,6960,0.098095216289943
BRIGHT,6961,0.08225853545516998
BRIGHT,6962,-0.005789436016366923
BRIGHT,6963,0.010771790187372718
BRIGHT,6964,0.1314510697883565
BRIGHT,6965,-0.06852812931620846
BRIGHT,6966,-0.011180646170326256
BRIGHT,6967,-0.006478822823191321
BRIGHT,6968,0.00127012199778215
BRIGHT,6969,0.026969024068297945
BRIGHT,6970,-0.0382768700251711
BRIGHT,6971,-0.11310550401210692
BRIGHT,6972,-0.03326134708455009
BRIGHT,6973,-0.027596220936009164
BRIGHT,6974,-0.04379563097782323
BRIGHT,6975,-0.14975110437119782
BRIGHT,6976,-0.0464736212041288
BRIGHT,6977,-0.015334759363215654
BRIGHT,6978,0.11097075571485494
BRIGHT,6979,-0.06132862176910903
BRIGHT,6980,-0.056355998889205006
BRIGHT,6981,-0.105642679923748
BRIGHT,6982,0.006882989491186646
BRIGHT,6983,0.04167556319845529
BRIGHT,6984,-0.03997846902702973
BRIGHT,6985,0.010110475363844242
BRIGHT,6986,-0.15333557711125978
BRIGHT,6987,-0.002799166291099676
BRIGHT,6988,-0.009745063170459613
BRIGHT,6989,-0.07222705794801883
BRIGHT,6990,-0.04269606724750571
BRIGHT,6991,-0.06339834497581841
BRIGHT,6992,0.04095212196808662
BRIGHT,6993,-0.10336352765171486
BRIGHT,6994,0.0014797898904981657
BRIGHT,6995,-0.0022514978688850666
BRIGHT,6996,0.01673578434588575
BRIGHT,6997,-0.05528987744460734
BRIGHT,6998,-0.059659176445450914
BRIGHT,6999,-0.07347488066242372
BRIGHT,7000,0.08699113298081544
BRIGHT,7001,0.015919393386773836
BRIGHT,7002,-0.03652058471069445
BRIGHT,7003,0.00512574349364187
BRIGHT,7004,-0.005603530826748611
BRIGHT,7005,0.07743424107533325
BRIGHT,7006,0.019241835095413246
BRIGHT,7007,0.11098084628091813
BRIGHT,7008,0.0838074427876628
BRIGHT,7009,0.023461113327872356
BRIGHT,7010,-0.07927709611111627
BRIGHT,7011,-0.10475798048319603
BRIGHT,7012,-0.05944138891053775
BRIGHT,7013,0.04024817634755775
BRIGHT,7014,0.0030068500951104587
BRIGHT,7015,-0.04808880195118789
BRIGHT,7016,-0.09088333639223391
BRIGHT,7017,-0.03735300779468055
BRIGHT,7018,-0.01728609176638044
BRIGHT,7019,-0.04203404553121885
BRIGHT,7020,-0.14315887677573963
BRIGHT,7021,0.14262630806222135
BRIGHT,7022,0.0657661729056277
BRIGHT,7023,0.062056859213381485
BRIGHT,7024,-0.04810055581392807
BRIGHT,7025,0.06574410946497196
BRIGHT,7026,0.09923931097355174
BRIGHT,7027,-0.04781357690055154
BRIGHT,7028,0.04396203926238909
BRIGHT,7029,0.021066373578510756
BRIGHT,7030,-0.10212349606873578
BRIGHT,7031,-0.06154326512178803
BRIGHT,7032,0.07942871425529902
BRIGHT,7033,-0.03943258700618222
BRIGHT,7034,-0.043852085183339065
BRIGHT,7035,-0.08511316320632278
BRIGHT,7036,-0.01870719100660136
BRIGHT,7037,-0.010033480447053066
BRIGHT,7038,-0.008419430273769093
BRIGHT,7039,-0.21625471547812783
BRIGHT,7040,-0.059682700915225366
BRIGHT,7041,0.12991636846682883
BRIGHT,7042,0.0052429949140860455
BRIGHT,7043,-0.0643564082792291
BRIGHT,7044,-1.6358598056162073e-05
BRIGHT,7045,0.01699383680484126
BRIGHT,7046,0.05010594950870052
BRIGHT,7047,-0.06993424366358145
BRIGHT,7048,-0.017821409138368494
BRIGHT,7049,-0.03965736076322877
BRIGHT,7050,-0.14699001524702374
BRIGHT,7051,-0.08515339208942582
BRIGHT,7052,0.06647643334828768
BRIGHT,7053,0.034520776188022434
BRIGHT,7054,0.03266079647192739
BRIGHT,7055,-0.12622300665604447
BRIGHT,7056,0.07370214509432028
BRIGHT,7057,-0.1270443704479854
BRIGHT,7058,-0.0244486907827137
BRIGHT,7059,-0.06285485413598202
BRIGHT,7060,0.043490776796064584
BRIGHT,7061,0.029212807065617397
BRIGHT,7062,0.13268950818979086
BRIGHT,7063,-0.07734541303189983
BRIGHT,7064,0.011354887600265493
BRIGHT,7065,-0.035805690752966184
BRIGHT,7066,0.11863136974343375
BRIGHT,7067,0.07446655842401818
BRIGHT,7068,0.027507742154065807
BRIGHT,7069,-0.07805544219756456
BRIGHT,7070,-0.05754070996128021
BRIGHT,7071,-0.046795406740045065
BRIGHT,7072,-0.003045172073188286
BRIGHT,7073,-0.0420235842172113
BRIGHT,7074,0.05290518099747162
BRIGHT,7075,-0.04369369946135493
BRIGHT,7076,-0.05447647522053418
BRIGHT,7077,-0.019965580157878426
BRIGHT,7078,0.007071480733606473
BRIGHT,7079,0.09058009697493616
BRIGHT,7080,-0.021245505852990013
BRIGHT,7081,-0.0523645610022152
BRIGHT,7082,-0.10333010849463352
BRIGHT,7083,0.02726599200057508
BRIGHT,7084,-0.004429081773205736
BRIGHT,7085,-0.09383120530829812
BRIGHT,7086,0.0683832247135956
BRIGHT,7087,0.02493576122585991
BRIGHT,7088,0.050063104161348265
BRIGHT,7089,-0.06203767357844539
BRIGHT,7090,-0.021979383673738112
BRIGHT,7091,-0.032448713665209745
BRIGHT,7092,0.059637828763387454
BRIGHT,7093,0.020104943984159393
BRIGHT,7094,0.0016876729922692896
BRIGHT,7095,-0.10559270422674702
BRIGHT,7096,-0.05915570451097376
BRIGHT,7097,0.06700032248004727
BRIGHT,7098,-0.0348835060219477
BRIGHT,7099,-0.02418250445974946
BRIGHT,7100,-0.00699281528528395
BRIGHT,7101,-0.0673669071892056
BRIGHT,7102,0.06583402827054385
BRIGHT,7103,-0.030375000264559967
BRIGHT,7104,-0.07182811854573959
BRIGHT,7105,0.08628745249740231
BRIGHT,7106,0.06984220347544678
BRIGHT,7107,-0.12318350143525676
BRIGHT,7108,0.07614934389918344
BRIGHT,7109,0.03802414238123254
BRIGHT,7110,0.11447576348043505
BRIGHT,7111,-0.03903653861521949
BRIGHT,7112,-0.025335010196653393
BRIGHT,7113,-0.001480012688831482
BRIGHT,7114,-0.06323663586287452
BRIGHT,7115,-0.010156791461139635
BRIGHT,7116,0.09058786572298862
BRIGHT,7117,-0.03646650089435285
BRIGHT,7118,0.057343317723758655
BRIGHT,7119,0.09121725690415977
BRIGHT,7120,-0.05374457008950778
BRIGHT,7121,-0.14782303155929438
BRIGHT,7122,-0.07461389229371883
BRIGHT,7123,0.04368128083516014
BRIGHT,7124,0.09121851792114326
BRIGHT,7125,0.1157999191462661
BRIGHT,7126,-0.06922318692290928
BRIGHT,7127,0.0045914637810542955
BRIGHT,7128,0.025150110371944537
BRIGHT,7129,0.012087859757655141
BRIGHT,7130,-0.04069572958600028
BRIGHT,7131,-0.05904585848578062
BRIGHT,7132,0.002256087989108401
BRIGHT,7133,-0.04949877263076042
BRIGHT,7134,0.1750485130789816
BRIGHT,7135,-0.04822591637572591
BRIGHT,7136,-0.01505715461878794
BRIGHT,7137,-0.025719852575004573
BRIGHT,7138,-0.06748899143411545
BRIGHT,7139,0.05095016502906774
BRIGHT,7140,-0.13913222638228634
BRIGHT,7141,-0.08413393256781526
BRIGHT,7142,-0.003279979181057528
BRIGHT,7143,-0.06771842429080892
BRIGHT,7144,0.03898635709659521
BRIGHT,7145,0.11348551799164383
BRIGHT,7146,0.0632319258517879
BRIGHT,7147,0.01981056314369947
BRIGHT,7148,-0.06762796914280865
BRIGHT,7149,0.010395680387388143
BRIGHT,7150,0.024801107759946157
BRIGHT,7151,-0.030150656450738143
BRIGHT,7152,0.009348851261390682
BRIGHT,7153,-0.12049083318802316
BRIGHT,7154,-0.046825133481209334
BRIGHT,7155,0.004564439788310705
BRIGHT,7156,-0.004289065428419844
BRIGHT,7157,0.056922400549111296
BRIGHT,7158,0.016351982172945888
BRIGHT,7159,-0.05867350575685203
BRIGHT,7160,0.13517911858366888
BRIGHT,7161,-0.1265851898312463
BRIGHT,7162,0.1123450411740474
BRIGHT,7163,0.053726414801495176
BRIGHT,7164,-0.01910257898119426
BRIGHT,7165,0.016212989531404223
BRIGHT,7166,0.06301324222218137
BRIGHT,7167,-0.008757722171809127
BRIGHT,7168,0.053301465165616506
BRIGHT,7169,0.09205202310481471
BRIGHT,7170,0.04605412764774349
BRIGHT,7171,-0.003912408148954604
BRIGHT,7172,-0.011863596724817033
BRIGHT,7173,0.08295654262813991
BRIGHT,7174,0.038385934587058336
BRIGHT,7175,-0.0332173041362343
BRIGHT,7176,-0.01087241146432437
BRIGHT,7177,0.05531510240393908
BRIGHT,7178,0.048984668759546886
BRIGHT,7179,0.01394846947753499
BRIGHT,7180,-0.013023012486614331
BRIGHT,7181,-0.017559616549932336
BRIGHT,7182,0.041745014027833156
BRIGHT,7183,0.04698537176473662
BRIGHT,7184,-0.07577388181307228
BRIGHT,7185,-0.14977503481074292
BRIGHT,7186,-0.0838117171870727
BRIGHT,7187,0.02763885168350715
BRIGHT,7188,0.04954852995058752
BRIGHT,7189,-0.05431164553015571
BRIGHT,7190,0.03760688985101453
BRIGHT,7191,0.04150659430717174
BRIGHT,7192,-0.0779101689937969
BRIGHT,7193,0.0021417323786510844
BRIGHT,7194,0.03612598284473398
BRIGHT,7195,0.04919611878820928
BRIGHT,7196,0.041110107495867916
BRIGHT,7197,-0.07504493884547017
BRIGHT,7198,0.07329158178112233
BRIGHT,7199,-0.08827409831416211
BRIGHT,7200,-0.15886805907389315
BRIGHT,7201,-0.02831419505340447
BRIGHT,7202,0.004225837043499107
BRIGHT,7203,-0.06526479380956811
BRIGHT,7204,-0.0751075459268364
BRIGHT,7205,-0.11367263602252928
BRIGHT,7206,0.05966091739839177
BRIGHT,7207,0.030037728203092254
BRIGHT,7208,-0.025202542458765666
BRIGHT,7209,0.18516072408591092
BRIGHT,7210,-0.06167157404552214
BRIGHT,7211,0.040296184979784024
BRIGHT,7212,-0.08724591568615138
BRIGHT,7213,-0.12530811967789499
BRIGHT,7214,0.05470613859468733
BRIGHT,7215,0.07491531295259314
BRIGHT,7216,0.0751425696568047
BRIGHT,7217,0.0508609279393446
BRIGHT,7218,-0.0869970408133837
BRIGHT,7219,0.06433687844225718
BRIGHT,7220,0.016286430512987383
BRIGHT,7221,-0.07812711393345323
BRIGHT,7222,-0.016321659801189922
BRIGHT,7223,0.03690616890170612
BRIGHT,7224,0.02320604081085193
BRIGHT,7225,0.11367555437956488
BRIGHT,7226,-0.07636401491500228
BRIGHT,7227,0.01988058701461676
BRIGHT,7228,0.040762303896533486
BRIGHT,7229,0.019261870035187412
BRIGHT,7230,-0.06880801551420301
BRIGHT,7231,0.018693336512707905
BRIGHT,7232,0.016083745645014604
BRIGHT,7233,-0.025349848361228326
BRIGHT,7234,-0.01052828103898586
BRIGHT,7235,-0.02258263719331005
BRIGHT,7236,0.08461053002568242
BRIGHT,7237,-0.047990970931144926
BRIGHT,7238,0.08556852574319783
BRIGHT,7239,0.06377856011865352
BRIGHT,7240,-0.0023511053532561344
BRIGHT,7241,5.722775684740742e-05
BRIGHT,7242,0.05496997549369423
BRIGHT,7243,-0.01698159398480217
BRIGHT,7244,-0.06045137880964038
BRIGHT,7245,0.00813927944830147
BRIGHT,7246,-0.04412285265808263
BRIGHT,7247,-0.06288988041323369
BRIGHT,7248,0.06871508584944536
BRIGHT,7249,-0.0038256197564049193
BRIGHT,7250,0.057154844659124994
BRIGHT,7251,0.014719580052094046
BRIGHT,7252,0.007717733635501079
BRIGHT,7253,-0.00790406041158146
BRIGHT,7254,0.01151052660271282
BRIGHT,7255,0.09481273354085437
BRIGHT,7256,-0.031503895155579706
BRIGHT,7257,0.050268924278217615
BRIGHT,7258,-0.027716977249366326
BRIGHT,7259,0.13131184811178143
BRIGHT,7260,-0.009576249668082999
BRIGHT,7261,0.1523142130929657
BRIGHT,7262,-0.02834816690744967
BRIGHT,7263,0.02204978698844191
BRIGHT,7264,-0.14070963530218913
BRIGHT,7265,-0.1355594919731452
BRIGHT,7266,0.06079283810720566
BRIGHT,7267,-0.049026554202105936
BRIGHT,7268,0.04309030715449791
BRIGHT,7269,-0.07860910408587823
BRIGHT,7270,0.07193252948280303
BRIGHT,7271,0.05500633726804786
BRIGHT,7272,0.051638474570499034
BRIGHT,7273,0.093594293889025
BRIGHT,7274,0.02039805092109652
BRIGHT,7275,0.06752129074389415
BRIGHT,7276,-0.08305146919662304
BRIGHT,7277,-0.0766862208414893
BRIGHT,7278,0.09110470294569513
BRIGHT,7279,0.01749310840514926
BRIGHT,7280,-0.04185921497942692
BRIGHT,7281,-0.03604285471807939
BRIGHT,7282,0.06060078993521814
BRIGHT,7283,-0.10441331562717157
BRIGHT,7284,-0.046768627943115294
BRIGHT,7285,-0.0749244777002789
BRIGHT,7286,-0.011483361428487276
BRIGHT,7287,0.01302120258470759
BRIGHT,7288,0.12217023979782998
BRIGHT,7289,0.013473549001722445
BRIGHT,7290,-0.014017010407233932
BRIGHT,7291,0.04196187417952171
BRIGHT,7292,-0.0573518811629193
BRIGHT,7293,-0.05862096699886672
BRIGHT,7294,-0.08710705653978458
BRIGHT,7295,0.10095459688886432
BRIGHT,7296,0.09065292235271763
BRIGHT,7297,0.01674305702609897
BRIGHT,7298,0.11900312285291051
BRIGHT,7299,0.015853206647905987
BRIGHT,7300,0.015426678473140965
BRIGHT,7301,0.0007834082813048658
BRIGHT,7302,0.05738571402614161
BRIGHT,7303,-0.08525981872084755
BRIGHT,7304,-0.2970214745633437
BRIGHT,7305,0.056805123018015685
BRIGHT,7306,-0.027920082569303492
BRIGHT,7307,-0.059693434836707165
BRIGHT,7308,-0.04015167151024669
BRIGHT,7309,0.01485722671125838
BRIGHT,7310,-0.13188597425497373
BRIGHT,7311,0.05158940730570781
BRIGHT,7312,-0.06137726418662711
BRIGHT,7313,-0.006097842601648971
BRIGHT,7314,-0.07314117361958095
BRIGHT,7315,0.12769216655426655
BRIGHT,7316,-0.07463452946202548
BRIGHT,7317,-0.0002476824369397714
BRIGHT,7318,0.00277617943129832
BRIGHT,7319,-0.030003972915562414
BRIGHT,7320,0.06110160647053913
BRIGHT,7321,0.08439941882224385
BRIGHT,7322,-0.05825586462173755
BRIGHT,7323,-0.02036064717686251
BRIGHT,7324,-0.10928653239797029
BRIGHT,7325,-0.03949586891529548
BRIGHT,7326,0.14397050765810857
BRIGHT,7327,0.04251966194994985
BRIGHT,7328,-0.025060950748759234
BRIGHT,7329,-0.07764409045918676
BRIGHT,7330,0.011321358630331768
BRIGHT,7331,0.020492578287055533
BRIGHT,7332,0.05071353077797413
BRIGHT,7333,-0.028790115254716805
BRIGHT,7334,0.021813220737599524
BRIGHT,7335,0.09981405878108843
BRIGHT,7336,0.07638853083137115
BRIGHT,7337,-0.04686891786830985
BRIGHT,7338,-0.01649189675594943
BRIGHT,7339,-0.006940833768384147
BRIGHT,7340,-0.0627437843053029
BRIGHT,7341,0.038063414935659616
BRIGHT,7342,0.11036506704782093
BRIGHT,7343,-0.08623500168000009
BRIGHT,7344,0.03432383825554185
BRIGHT,7345,0.17371882587697982
BRIGHT,7346,0.030187390804494674
BRIGHT,7347,-0.07319421690854636
BRIGHT,7348,0.07332681876943205
BRIGHT,7349,-0.009391597697334764
BRIGHT,7350,0.03673811488457707
BRIGHT,7351,0.05387094814410998
BRIGHT,7352,0.04636995494371341
BRIGHT,7353,0.039756621865966596
BRIGHT,7354,0.035954108378200116
BRIGHT,7355,0.03505237682518002
BRIGHT,7356,-0.05597906476393534
BRIGHT,7357,-0.0001350529431836443
BRIGHT,7358,0.021787251568963488
BRIGHT,7359,0.11571637227014968
BRIGHT,7360,-0.03243373127391021
BRIGHT,7361,-0.04805373533396507
BRIGHT,7362,-0.009160684893025512
BRIGHT,7363,0.009191567887125135
BRIGHT,7364,-0.006190090338690867
BRIGHT,7365,0.0007790557504858245
BRIGHT,7366,0.024058724416542582
BRIGHT,7367,0.09440549804764663
BRIGHT,7368,-0.0786504199102576
BRIGHT,7369,0.1260570047313439
BRIGHT,7370,0.015120655966197489
BRIGHT,7371,0.016118480810261925
BRIGHT,7372,0.01092567812666903
BRIGHT,7373,-0.028470412190913733
BRIGHT,7374,0.00787444846098172
BRIGHT,7375,0.014520521632258367
BRIGHT,7376,-0.0281023857944732
BRIGHT,7377,-0.002163191794807381
BRIGHT,7378,0.03795210130278255
BRIGHT,7379,-0.0851703455157851
BRIGHT,7380,-0.08708279350394177
BRIGHT,7381,-0.03998663411192441
BRIGHT,7382,-0.038039178008172914
BRIGHT,7383,0.11699394116770125
BRIGHT,7384,-0.04531588445355299
BRIGHT,7385,-0.034800398388341515
BRIGHT,7386,-0.1156644081942087
BRIGHT,7387,0.07167021220867958
BRIGHT,7388,-0.0734187562294843
BRIGHT,7389,-0.02180705212092292
BRIGHT,7390,-0.0682324100935832
BRIGHT,7391,0.026163748255537415
BRIGHT,7392,-0.01287606784917052
BRIGHT,7393,-0.05765549664152925
BRIGHT,7394,0.13411975119552388
BRIGHT,7395,0.12965349213877975
BRIGHT,7396,-0.0560858727269453
BRIGHT,7397,-0.06761254939414893
BRIGHT,7398,-0.009281615936131664
BRIGHT,7399,-0.00048672590141925556
BRIGHT,7400,-0.039205376093958015
BRIGHT,7401,-0.040135234827699234
BRIGHT,7402,-0.00924307782880438
BRIGHT,7403,0.03597487806146032
BRIGHT,7404,-0.045077785408355935
BRIGHT,7405,-0.05279359311290107
BRIGHT,7406,-0.015684008281744995
BRIGHT,7407,0.05466532306393227
BRIGHT,7408,-0.0944336707709878
BRIGHT,7409,0.11985781762445387
BRIGHT,7410,0.02103064218856619
BRIGHT,7411,0.060079024570063415
BRIGHT,7412,0.06813936242622573
BRIGHT,7413,-0.08030641372640963
BRIGHT,7414,0.047257965231403055
BRIGHT,7415,0.053049917897197305
BRIGHT,7416,-0.03326381755427702
BRIGHT,7417,0.05183032470932371
BRIGHT,7418,-0.06806436954369588
BRIGHT,7419,0.05619863669986363
BRIGHT,7420,-0.07653324148850708
BRIGHT,7421,0.11167957969270483
BRIGHT,7422,-0.12801587249812696
BRIGHT,7423,0.05255811794043764
BRIGHT,7424,-0.07171229105403076
BRIGHT,7425,0.090369305704445
BRIGHT,7426,-0.02335159177687388
BRIGHT,7427,-0.03064587802985965
BRIGHT,7428,-0.04007949056638192
BRIGHT,7429,-0.06208581770841849
BRIGHT,7430,-0.05851979252231282
BRIGHT,7431,-0.03980176022095395
BRIGHT,7432,-0.05431152178447902
BRIGHT,7433,0.06783914949383599
BRIGHT,7434,-0.024409632809069243
BRIGHT,7435,0.0383450545151552
BRIGHT,7436,-0.012957770254777715
BRIGHT,7437,0.021683662176520915
BRIGHT,7438,0.11591142300116368
BRIGHT,7439,0.06652515991239659
BRIGHT,7440,0.03391695275467427
BRIGHT,7441,-0.029248717187992285
BRIGHT,7442,-0.010324635786070563
BRIGHT,7443,-0.06185963103413423
BRIGHT,7444,0.009457086956447508
BRIGHT,7445,-0.02712779413409343
BRIGHT,7446,-0.029602833838225703
BRIGHT,7447,0.03748813168446655
BRIGHT,7448,0.07665994938859236
BRIGHT,7449,-0.04350748275119679
BRIGHT,7450,-0.035840295365294414
BRIGHT,7451,0.018754703024615366
BRIGHT,7452,-0.008196790354231933
BRIGHT,7453,0.005749380552135441
BRIGHT,7454,0.08561164569247504
BRIGHT,7455,-0.10457973856713772
BRIGHT,7456,-0.12872313541789765
BRIGHT,7457,0.12308739818635206
BRIGHT,7458,-0.051095960611138115
BRIGHT,7459,-0.013015528735703021
BRIGHT,7460,-0.04392267062529288
BRIGHT,7461,0.13988301829485272
BRIGHT,7462,0.07077693415097246
BRIGHT,7463,0.02196323903853137
BRIGHT,7464,0.0037217022472054153
BRIGHT,7465,0.17377756460154634
BRIGHT,7466,-0.09077419018340523
BRIGHT,7467,-0.07830085337241145
BRIGHT,7468,-0.006243825204764773
BRIGHT,7469,-0.1250102193270763
BRIGHT,7470,-0.17574752497714768
BRIGHT,7471,0.04856649153147693
BRIGHT,7472,-0.043575959656965896
BRIGHT,7473,0.050383863782440357
BRIGHT,7474,0.04858747487986694
BRIGHT,7475,0.05787314460609313
BRIGHT,7476,-0.027612367978220784
BRIGHT,7477,-0.028344154921945156
BRIGHT,7478,0.07100089002182557
BRIGHT,7479,-0.07248416088887152
BRIGHT,7480,0.016664517513569423
BRIGHT,7481,-0.1089985062613192
BRIGHT,7482,0.04733972786735163
BRIGHT,7483,-0.09699715341029859
BRIGHT,7484,-0.06671366802891583
BRIGHT,7485,0.028291958725709814
BRIGHT,7486,-0.05183718954937801
BRIGHT,7487,-0.12493221094172423
BRIGHT,7488,-0.09357702174965
BRIGHT,7489,0.08246161440406806
BRIGHT,7490,-0.059516068366401984
BRIGHT,7491,-0.010283418973168292
BRIGHT,7492,-0.042289605184661315
BRIGHT,7493,-0.031912201472918386
BRIGHT,7494,0.043659986690707704
BRIGHT,7495,0.04455378061425188
BRIGHT,7496,-0.05229055161821276
BRIGHT,7497,-0.03249539415450688
BRIGHT,7498,0.043368710750119464
BRIGHT,7499,-0.057984743711598626
BRIGHT,7500,0.10593514936812803
BRIGHT,7501,0.027454156839747394
BRIGHT,7502,-0.01911877684036765
BRIGHT,7503,-0.005535543771529845
BRIGHT,7504,-0.04022839103413545
BRIGHT,7505,-0.05942288997151287
BRIGHT,7506,-0.06707799181181076
BRIGHT,7507,-0.0963002335321895
BRIGHT,7508,-0.1001691151827353
BRIGHT,7509,0.06838458266044224
BRIGHT,7510,0.007932381477005894
BRIGHT,7511,-0.051097000744128
BRIGHT,7512,-0.09360836606624678
BRIGHT,7513,-0.045001526148720376
BRIGHT,7514,0.07750794359115902
BRIGHT,7515,0.020424259630518363
BRIGHT,7516,-0.03116742607120019
BRIGHT,7517,-0.07500440689944475
BRIGHT,7518,0.07172919622998829
BRIGHT,7519,0.07327236707287241
BRIGHT,7520,0.12210790898248931
BRIGHT,7521,0.05324865896158077
BRIGHT,7522,-0.08687023712374288
BRIGHT,7523,0.11108064765582752
BRIGHT,7524,-0.07354160939566698
BRIGHT,7525,-0.1495554313289763
BRIGHT,7526,0.029581223382819013
BRIGHT,7527,0.03661242776584615
BRIGHT,7528,-0.012621639987129172
BRIGHT,7529,-0.008789625954004551
BRIGHT,7530,-0.02951591426555808
BRIGHT,7531,0.014808671525921949
BRIGHT,7532,-0.01655700567862961
BRIGHT,7533,-0.03739798369146333
BRIGHT,7534,0.05471885512612733
BRIGHT,7535,0.0708300891970079
BRIGHT,7536,0.09418071116552611
BRIGHT,7537,-0.01777972607498721
BRIGHT,7538,0.0006228337597463892
BRIGHT,7539,-0.01714397821623741
BRIGHT,7540,-0.11613371125971814
BRIGHT,7541,-0.04718323100199826
BRIGHT,7542,0.019483617836914904
BRIGHT,7543,-0.0623310855661037
BRIGHT,7544,0.048077467480978346
BRIGHT,7545,0.047090141312696114
BRIGHT,7546,0.09305962113011777
BRIGHT,7547,0.042176733010907776
BRIGHT,7548,0.05797829790300976
BRIGHT,7549,0.024995424676606325
BRIGHT,7550,-0.048131540743235814
BRIGHT,7551,-0.05763735861898272
BRIGHT,7552,0.008796823610684327
BRIGHT,7553,-0.021814171025380247
BRIGHT,7554,-0.020924210784537635
BRIGHT,7555,0.000497846239156455
BRIGHT,7556,-0.009664347696588454
BRIGHT,7557,-0.06423643522634948
BRIGHT,7558,0.09106206108389438
BRIGHT,7559,0.07092067568783193
BRIGHT,7560,0.07159411650279711
BRIGHT,7561,0.06357712534917095
BRIGHT,7562,0.12993978432761
BRIGHT,7563,0.03981839257989345
BRIGHT,7564,0.035209783089136006
BRIGHT,7565,-0.02825024055203214
BRIGHT,7566,-0.002711095317614998
BRIGHT,7567,-0.014452940237676064
BRIGHT,7568,0.028360864473190237
BRIGHT,7569,0.04400863869557543
BRIGHT,7570,-0.005273917067463237
BRIGHT,7571,-0.08996867312763812
BRIGHT,7572,0.0021732025722699232
BRIGHT,7573,0.06374070181900167
BRIGHT,7574,-0.06343457417514685
BRIGHT,7575,-0.051398808897069305
BRIGHT,7576,-0.1185753529472446
BRIGHT,7577,-0.06235211816998866
BRIGHT,7578,-0.02247453034645107
BRIGHT,7579,-0.08624376431276903
BRIGHT,7580,-0.0580138985580451
BRIGHT,7581,-0.040114067998456626
BRIGHT,7582,0.050489895328508116
BRIGHT,7583,-0.12175554595547976
BRIGHT,7584,0.14421369072783494
BRIGHT,7585,-0.01657914675229793
BRIGHT,7586,0.03776901050235858
BRIGHT,7587,-0.01791016632704131
BRIGHT,7588,-0.0771319734136852
BRIGHT,7589,-0.0682180682681986
BRIGHT,7590,-0.14523556810012467
BRIGHT,7591,0.04330057329470213
BRIGHT,7592,-0.07742302486757535
BRIGHT,7593,-0.05916360375559203
BRIGHT,7594,0.03205314937982414
BRIGHT,7595,-0.038557379576729264
BRIGHT,7596,0.04062064306936067
BRIGHT,7597,0.030116038589137587
BRIGHT,7598,-0.011916868641400085
BRIGHT,7599,0.042106524513208635
BRIGHT,7600,0.07862148476194054
BRIGHT,7601,-0.07174722234485689
BRIGHT,7602,0.06427984173091873
BRIGHT,7603,0.007582482847169145
BRIGHT,7604,0.011833512747398925
BRIGHT,7605,-0.0067569137270901605
BRIGHT,7606,0.13142183569963228
BRIGHT,7607,-0.03997428326166474
BRIGHT,7608,0.028418625203832253
BRIGHT,7609,0.07249803417498281
BRIGHT,7610,-0.10920212909826908
BRIGHT,7611,-0.023711829285430787
BRIGHT,7612,0.10675159506446208
BRIGHT,7613,-0.09980724785519733
BRIGHT,7614,-0.022738698925212093
BRIGHT,7615,-0.03144160020997419
BRIGHT,7616,0.0274401551249711
BRIGHT,7617,-0.17306369013343867
BRIGHT,7618,0.02672037979581271
BRIGHT,7619,-0.093535874208623
BRIGHT,7620,-0.03764938321385194
BRIGHT,7621,-0.09386640967221414
BRIGHT,7622,0.061590710144955575
BRIGHT,7623,-0.024573993680952404
BRIGHT,7624,-0.05047002044431577
BRIGHT,7625,-0.06849453812083842
BRIGHT,7626,-0.011372903908766722
BRIGHT,7627,-0.03164941955809939
BRIGHT,7628,-0.03793695933640203
BRIGHT,7629,0.09384183514255821
BRIGHT,7630,-0.0402317561675627
BRIGHT,7631,-0.014776394662518157
BRIGHT,7632,0.025180248864604023
BRIGHT,7633,0.020674101384376798
BRIGHT,7634,0.015045446968181393
BRIGHT,7635,0.08220577396376035
BRIGHT,7636,0.0977821927080709
BRIGHT,7637,0.0014098294857920015
BRIGHT,7638,-0.07582176750296546
BRIGHT,7639,0.04966692322966645
BRIGHT,7640,-0.06178832962481611
BRIGHT,7641,0.021551400158263012
BRIGHT,7642,-0.0008062058115717979
BRIGHT,7643,0.1855019452495092
BRIGHT,7644,-0.0032851532950819804
BRIGHT,7645,0.03065936629595402
BRIGHT,7646,0.04426305433689614
BRIGHT,7647,0.054199446096213286
BRIGHT,7648,0.017018341432496722
BRIGHT,7649,-0.03137334233365786
BRIGHT,7650,-0.06735616945292633
BRIGHT,7651,-0.047893866796373696
BRIGHT,7652,-0.04988263854453395
BRIGHT,7653,0.024494370380526966
BRIGHT,7654,-0.039145275405075314
BRIGHT,7655,-0.0009774271436344855
BRIGHT,7656,-0.007706471200060586
BRIGHT,7657,-0.03803777371493913
BRIGHT,7658,0.01623012366630663
BRIGHT,7659,0.03544750178643759
BRIGHT,7660,0.0785417750779975
BRIGHT,7661,-0.09537483114077698
BRIGHT,7662,-0.13477055148068187
BRIGHT,7663,0.05655473826485689
BRIGHT,7664,-0.05865476460100174
BRIGHT,7665,-0.04427827374512376
BRIGHT,7666,-0.0939493237191387
BRIGHT,7667,0.06153691501299517
BRIGHT,7668,0.03649134690872416
BRIGHT,7669,-0.03189787478808964
BRIGHT,7670,0.0657184222237006
BRIGHT,7671,-0.032651408082478274
BRIGHT,7672,-0.023495449991478633
BRIGHT,7673,-0.0553169667079984
BRIGHT,7674,0.02358028428093359
BRIGHT,7675,-0.12948387391022378
BRIGHT,7676,0.09713869595079828
BRIGHT,7677,-0.023100703835950868
BRIGHT,7678,0.03858090694058441
BRIGHT,7679,0.13039146599089285
BRIGHT,7680,0.04896354996595754
BRIGHT,7681,-0.014286071541813876
BRIGHT,7682,-0.012991536249458896
BRIGHT,7683,-0.12529274652952202
BRIGHT,7684,-0.09180874979679104
BRIGHT,7685,-0.05799477462924541
BRIGHT,7686,-0.004738986701513037
BRIGHT,7687,-0.08152040044390792
BRIGHT,7688,0.05304286921303027
BRIGHT,7689,0.05203528968996491
BRIGHT,7690,-0.014161829673343496
BRIGHT,7691,-0.10589957520834845
BRIGHT,7692,0.0589126110702421
BRIGHT,7693,0.074645049937179
BRIGHT,7694,0.062317485957564395
BRIGHT,7695,0.024667987650442015
BRIGHT,7696,-0.05881570192746123
BRIGHT,7697,0.06361277534281577
BRIGHT,7698,0.013190927648124472
BRIGHT,7699,-0.030616000247933726
BRIGHT,7700,-0.07112245678370781
BRIGHT,7701,0.07591600745858947
BRIGHT,7702,0.037183373870842196
BRIGHT,7703,-0.07425023614362439
BRIGHT,7704,0.02852317477747434
BRIGHT,7705,-0.09180411901995517
BRIGHT,7706,0.0464225647309541
BRIGHT,7707,0.03419790676172742
BRIGHT,7708,0.024254575754328257
BRIGHT,7709,-0.07235024499688156
BRIGHT,7710,0.016839407928160518
BRIGHT,7711,0.04284858663849403
BRIGHT,7712,0.01798947318274394
BRIGHT,7713,0.03941344866693957
BRIGHT,7714,0.06464303834306431
BRIGHT,7715,0.055394243269322074
BRIGHT,7716,-0.021627775731042544
BRIGHT,7717,0.007012436313870656
BRIGHT,7718,0.0491900693264031
BRIGHT,7719,-0.03836599868904554
BRIGHT,7720,0.043463636273320595
BRIGHT,7721,0.12311822878112051
BRIGHT,7722,-0.10518177523686144
BRIGHT,7723,-0.11132637307422619
BRIGHT,7724,0.06307897804185479
BRIGHT,7725,0.05410678464916367
BRIGHT,7726,-0.013417312883193368
BRIGHT,7727,-0.03481320139657173
BRIGHT,7728,0.0020733726446174705
BRIGHT,7729,0.12360851272397702
BRIGHT,7730,0.05327551607964747
BRIGHT,7731,0.024635826412724438
BRIGHT,7732,-0.03840106200051532
BRIGHT,7733,-0.06907896102599564
BRIGHT,7734,-0.035806538609232996
BRIGHT,7735,0.03273738557062599
BRIGHT,7736,0.0025602733309225537
BRIGHT,7737,0.06132782575528716
BRIGHT,7738,-0.00297756920691258
BRIGHT,7739,-0.14849072513817013
BRIGHT,7740,0.07031349599892747
BRIGHT,7741,0.05768837923405494
BRIGHT,7742,0.06697545116981757
BRIGHT,7743,-0.08770946424541053
BRIGHT,7744,0.0815955631364767
BRIGHT,7745,-0.0034601911120013453
BRIGHT,7746,-0.008049986767262466
BRIGHT,7747,0.05096023473092965
BRIGHT,7748,0.008692657776149514
BRIGHT,7749,-0.050738177859397764
BRIGHT,7750,-0.1321186062285975
BRIGHT,7751,-0.09952092200583482
BRIGHT,7752,0.01644369302838918
BRIGHT,7753,-0.020333444923009744
BRIGHT,7754,0.0017291731246796757
BRIGHT,7755,0.15786562375712815
BRIGHT,7756,0.02722613045723071
BRIGHT,7757,0.0215095430034902
BRIGHT,7758,-0.06191509197435794
BRIGHT,7759,0.06557965319520055
BRIGHT,7760,-0.02407455773001195
BRIGHT,7761,0.07903393843066801
BRIGHT,7762,-0.06509745171603376
BRIGHT,7763,-0.07638025587958926
BRIGHT,7764,0.06802428883864041
BRIGHT,7765,-0.011030851827922551
BRIGHT,7766,-0.06666278839460527
BRIGHT,7767,-0.035384252722561474
BRIGHT,7768,-0.023966830775646746
BRIGHT,7769,-0.042341146262724456
BRIGHT,7770,0.009456638523975458
BRIGHT,7771,-0.029529753992866746
BRIGHT,7772,0.00820433981461331
BRIGHT,7773,-0.07208099594761169
BRIGHT,7774,-0.06617100789554153
BRIGHT,7775,0.0770961636357393
BRIGHT,7776,0.03245013675348034
BRIGHT,7777,-0.03125066810611092
BRIGHT,7778,0.007451061914927649
BRIGHT,7779,-0.009315098659416553
BRIGHT,7780,0.00944819553168343
BRIGHT,7781,-0.0643284784936037
BRIGHT,7782,0.03184255256435006
BRIGHT,7783,-0.0406797432769148
BRIGHT,7784,0.04948442990544544
BRIGHT,7785,0.03278387064803741
BRIGHT,7786,-0.000198987492832865
BRIGHT,7787,0.08494107607774978
BRIGHT,7788,-0.0031960128837689407
BRIGHT,7789,0.005387459117128442
BRIGHT,7790,-0.11368682439289167
BRIGHT,7791,-0.051269132858051604
BRIGHT,7792,-0.03242734079994279
BRIGHT,7793,0.018017954037151333
BRIGHT,7794,-0.029910583212039942
BRIGHT,7795,-0.015344261549628426
BRIGHT,7796,-0.07516840889552039
BRIGHT,7797,0.08877679666730366
BRIGHT,7798,-0.03219024499601302
BRIGHT,7799,-0.042936096577146476
BRIGHT,7800,0.025751740835175434
BRIGHT,7801,-0.037371861985198374
BRIGHT,7802,0.024258814769768905
BRIGHT,7803,0.09728110940194346
BRIGHT,7804,-0.014448114947153682
BRIGHT,7805,-0.056537552614074275
BRIGHT,7806,0.002432640758247813
BRIGHT,7807,-0.07014518789593036
BRIGHT,7808,0.0455484455083761
BRIGHT,7809,0.06309760412048201
BRIGHT,7810,-0.0669241813246638
BRIGHT,7811,0.015130120840069716
BRIGHT,7812,-0.07079682883336533
BRIGHT,7813,-0.038991607759503395
BRIGHT,7814,0.06555726795265683
BRIGHT,7815,-0.07204391653941522
BRIGHT,7816,-0.1131309483736265
BRIGHT,7817,-0.01969576432858109
BRIGHT,7818,0.05824205319327753
BRIGHT,7819,0.07801704726374596
BRIGHT,7820,-0.11053650221372102
BRIGHT,7821,-0.09085324708950568
BRIGHT,7822,0.1086407182216064
BRIGHT,7823,0.06419111989674893
BRIGHT,7824,0.0644075241447484
BRIGHT,7825,-0.04141117546014368
BRIGHT,7826,0.08074552217772922
BRIGHT,7827,0.019692478932367082
BRIGHT,7828,-0.1059923522471633
BRIGHT,7829,0.02936619456834377
BRIGHT,7830,0.03922010368454959
BRIGHT,7831,0.07149393529724787
BRIGHT,7832,-0.0672236361531594
BRIGHT,7833,-0.03121254176841775
BRIGHT,7834,0.02255567315594737
BRIGHT,7835,-0.0352822265504497
BRIGHT,7836,-0.0306434518919134
BRIGHT,7837,-0.006034778532348059
BRIGHT,7838,0.03983809058900495
BRIGHT,7839,-0.09390392280132298
BRIGHT,7840,-0.0532878067878086
BRIGHT,7841,0.01883330981964355
BRIGHT,7842,0.030555012472292253
BRIGHT,7843,0.08004091523715565
BRIGHT,7844,0.05219684570405536
BRIGHT,7845,-0.03381550982307925
BRIGHT,7846,-0.10525832409052026
BRIGHT,7847,0.019871547447272594
BRIGHT,7848,-0.006294620031957925
BRIGHT,7849,0.02084811547974014
BRIGHT,7850,-0.03050196174241841
BRIGHT,7851,-0.01900162855830547
BRIGHT,7852,-0.15347048435724137
BRIGHT,7853,-0.04751555203108079
BRIGHT,7854,-0.04067146994982037
BRIGHT,7855,-0.006133707789060003
BRIGHT,7856,-0.007908273952567765
BRIGHT,7857,0.024313017817723135
BRIGHT,7858,-0.026503373726468153
BRIGHT,7859,-0.055509460973026836
BRIGHT,7860,0.06230025839102588
BRIGHT,7861,-0.079561496491713
BRIGHT,7862,-0.09191635688340123
BRIGHT,7863,0.011558955372436319
BRIGHT,7864,0.018177383375160627
BRIGHT,7865,0.014367979230077094
BRIGHT,7866,-0.0039749215439443325
BRIGHT,7867,0.04872148045827269
BRIGHT,7868,-0.03636728532736717
BRIGHT,7869,0.026791457582843826
BRIGHT,7870,-0.09911302659842475
BRIGHT,7871,0.06574058577049702
BRIGHT,7872,0.0718549928719324
BRIGHT,7873,-0.01898905344400237
BRIGHT,7874,-0.002106003047457402
BRIGHT,7875,-0.0058476814948689795
BRIGHT,7876,0.03458829414867159
BRIGHT,7877,-0.035861043460599276
BRIGHT,7878,-0.01579550343161503
BRIGHT,7879,0.010232590140594364
BRIGHT,7880,-0.06759883553310113
BRIGHT,7881,-0.05520008767406755
BRIGHT,7882,0.0329210886503291
BRIGHT,7883,-0.056226180572445716
BRIGHT,7884,0.008988538010008089
BRIGHT,7885,0.07704565207933022
BRIGHT,7886,-0.0525207835524579
BRIGHT,7887,-0.018296153763539894
BRIGHT,7888,0.013149267726316891
BRIGHT,7889,0.029066480374960253
BRIGHT,7890,0.04440706240701299
BRIGHT,7891,0.020084745601775637
BRIGHT,7892,-0.04359239920752856
BRIGHT,7893,-0.010656842865013406
BRIGHT,7894,0.02601773516173782
BRIGHT,7895,-0.04092919817076548
BRIGHT,7896,0.026638547985809592
BRIGHT,7897,-0.13544528507783749
BRIGHT,7898,-0.007821217878576852
BRIGHT,7899,0.008233827726659511
BRIGHT,7900,0.06706866803803957
BRIGHT,7901,0.05876872675919993
BRIGHT,7902,-0.055675308310144916
BRIGHT,7903,0.08443112589197853
BRIGHT,7904,-0.004695103387387963
BRIGHT,7905,-0.013294707469633016
BRIGHT,7906,0.04233682655485835
BRIGHT,7907,0.012991414373044434
BRIGHT,7908,0.09139947173341684
BRIGHT,7909,0.01424445386473546
BRIGHT,7910,0.07302996202481529
BRIGHT,7911,0.008916283871141586
BRIGHT,7912,0.07569075180209948
BRIGHT,7913,0.062440859856254076
BRIGHT,7914,-0.005870500513540837
BRIGHT,7915,-0.06944572252512186
BRIGHT,7916,0.0733803564156842
BRIGHT,7917,0.04171267295826076
BRIGHT,7918,-0.05268983607647423
BRIGHT,7919,-0.0632103743808851
BRIGHT,7920,-0.03168146966993467
BRIGHT,7921,0.006460515399888669
BRIGHT,7922,0.015046526635732122
BRIGHT,7923,0.061937685561720156
BRIGHT,7924,0.07980761855863812
BRIGHT,7925,0.022821138766086994
BRIGHT,7926,-0.02455478760444816
BRIGHT,7927,0.04243264500545854
BRIGHT,7928,0.07991872841815817
BRIGHT,7929,0.04583234033794867
BRIGHT,7930,0.059328650432936454
BRIGHT,7931,-0.11015380532799574
BRIGHT,7932,0.06823694024750795
BRIGHT,7933,-0.03362407069771742
BRIGHT,7934,-0.07640104225289589
BRIGHT,7935,0.007032731266481885
BRIGHT,7936,0.012946347348197438
BRIGHT,7937,0.052951172534223406
BRIGHT,7938,0.05793172919996516
BRIGHT,7939,-0.05859089843356462
BRIGHT,7940,0.020344456775594207
BRIGHT,7941,-0.021938235461175657
BRIGHT,7942,-0.04349444771994859
BRIGHT,7943,0.09675593273678637
BRIGHT,7944,0.06625810872601172
BRIGHT,7945,0.0323017641232813
BRIGHT,7946,-0.0538276631965307
BRIGHT,7947,0.05334750876116869
BRIGHT,7948,-0.02462264064077159
BRIGHT,7949,0.005453321612673001
BRIGHT,7950,-0.1309277061776081
BRIGHT,7951,-0.08296333910022119
BRIGHT,7952,0.04105400827453934
BRIGHT,7953,0.04682268041728161
BRIGHT,7954,-0.12060833293194846
BRIGHT,7955,-0.02071945691897988
BRIGHT,7956,0.018492077698861634
BRIGHT,7957,-0.09402099395742107
BRIGHT,7958,-0.02040403014708824
BRIGHT,7959,0.11060546244124174
BRIGHT,7960,0.00927990181962563
BRIGHT,7961,0.061514342137589315
BRIGHT,7962,-0.005611987080254868
BRIGHT,7963,-0.06569596458091445
BRIGHT,7964,0.002165370644382701
BRIGHT,7965,0.042115762421206654
BRIGHT,7966,0.034018045281139116
BRIGHT,7967,-0.01813615556766053
BRIGHT,7968,0.011259518006291533
BRIGHT,7969,-0.03009522118545196
BRIGHT,7970,-0.013543189024489715
BRIGHT,7971,0.03267215044526546
BRIGHT,7972,-0.06626780377404373
BRIGHT,7973,0.05228346813717278
BRIGHT,7974,-0.09229729081267449
BRIGHT,7975,0.0697692085592595
BRIGHT,7976,-0.06833518226042205
BRIGHT,7977,0.0933399827747135
BRIGHT,7978,-0.0036317435166427145
BRIGHT,7979,0.02446562322612094
BRIGHT,7980,0.020992587985576287
BRIGHT,7981,0.08013056912731008
BRIGHT,7982,-0.026242105066406365
BRIGHT,7983,-0.027852334033379018
BRIGHT,7984,-0.0024534440848872252
BRIGHT,7985,0.01052382640857604
BRIGHT,7986,-0.019445786905394707
BRIGHT,7987,-0.10726446628912054
BRIGHT,7988,0.002495238103900206
BRIGHT,7989,-0.09467383402998747
BRIGHT,7990,-0.0976754923818162
BRIGHT,7991,-0.005430791678828204
BRIGHT,7992,-0.09006143315484749
BRIGHT,7993,-0.041971487696716554
BRIGHT,7994,0.07259586314639102
BRIGHT,7995,-0.015219231684804909
BRIGHT,7996,0.026004746725832688
BRIGHT,7997,-0.14012352241943019
BRIGHT,7998,0.06042796691432208
BRIGHT,7999,-0.037143757867674515
BRIGHT,8000,-0.040669425488387805
BRIGHT,8001,0.003449549830083647
BRIGHT,8002,-0.002317584431628814
BRIGHT,8003,-0.037198728001508356
BRIGHT,8004,-0.025971445113771585
BRIGHT,8005,0.002356647269435736
BRIGHT,8006,-0.08835988460324679
BRIGHT,8007,-0.03871953272728029
BRIGHT,8008,-0.07197367691250925
BRIGHT,8009,-0.0167553215491457
BRIGHT,8010,-0.012671285395423497
BRIGHT,8011,-0.004323565059987907
BRIGHT,8012,0.05201190570242872
BRIGHT,8013,-0.08941597911806254
BRIGHT,8014,-0.011762699198510276
BRIGHT,8015,-0.06653297376028362
BRIGHT,8016,-0.0007357442069797868
BRIGHT,8017,0.0606743584509004
BRIGHT,8018,0.06917981965003894
BRIGHT,8019,-0.03788422235813772
BRIGHT,8020,-0.07424182494248718
BRIGHT,8021,0.1380900408247223
BRIGHT,8022,0.014525600721478533
BRIGHT,8023,0.08332146043639423
BRIGHT,8024,-0.010395685866930734
BRIGHT,8025,-0.04560948133298463
BRIGHT,8026,0.06107369083089276
BRIGHT,8027,-0.01186010285568521
BRIGHT,8028,0.03328710658002149
BRIGHT,8029,0.09639055456898785
BRIGHT,8030,0.06428583492312903
BRIGHT,8031,-0.037056851845933325
BRIGHT,8032,-0.07963340406254957
BRIGHT,8033,0.04461663427912507
BRIGHT,8034,-0.011534554536019856
BRIGHT,8035,0.05036589775047055
BRIGHT,8036,-0.05578155160601623
BRIGHT,8037,0.016418126404314625
BRIGHT,8038,0.05987930343037403
BRIGHT,8039,0.01728929520458863
BRIGHT,8040,0.11986832537809668
BRIGHT,8041,0.0760514079612951
BRIGHT,8042,-0.08052334228544414
BRIGHT,8043,-0.002791282869130753
BRIGHT,8044,0.030101364094164987
BRIGHT,8045,0.10659807715068229
BRIGHT,8046,0.08031477381991944
BRIGHT,8047,0.004251514760160959
BRIGHT,8048,-0.07271168789361779
BRIGHT,8049,-0.11093247993575449
BRIGHT,8050,-0.11195766261272962
BRIGHT,8051,0.009765020588164045
BRIGHT,8052,-0.08731178124888891
BRIGHT,8053,-0.01630926170611319
BRIGHT,8054,-0.07216688096927489
BRIGHT,8055,-0.07673078859883149
BRIGHT,8056,0.05781007287894425
BRIGHT,8057,0.02634621160559672
BRIGHT,8058,0.0021544987770143425
BRIGHT,8059,0.02870912199861633
BRIGHT,8060,0.06408311661049218
BRIGHT,8061,0.13667949360819873
BRIGHT,8062,-0.04058021269498645
BRIGHT,8063,-0.08668330072063885
BRIGHT,8064,-0.02620484711533972
BRIGHT,8065,-0.003182917951928725
BRIGHT,8066,0.05480566630379226
BRIGHT,8067,0.017114492807068747
BRIGHT,8068,-0.03311221379885001
BRIGHT,8069,0.017008061062676934
BRIGHT,8070,-0.04989655386737624
BRIGHT,8071,0.10592015842582911
BRIGHT,8072,0.031089660856491935
BRIGHT,8073,-0.015564954930585108
BRIGHT,8074,0.09020103008274384
BRIGHT,8075,0.1168441730537053
BRIGHT,8076,0.0008480335447197661
BRIGHT,8077,0.04702609563217064
BRIGHT,8078,-0.01243837172681192
BRIGHT,8079,0.06114002643314177
BRIGHT,8080,0.0010916279792373136
BRIGHT,8081,-0.10220978328994103
BRIGHT,8082,-0.05423946394808705
BRIGHT,8083,0.010360779554983837
BRIGHT,8084,-0.13885288206131685
BRIGHT,8085,-0.03494895056112012
BRIGHT,8086,0.008771325317675004
BRIGHT,8087,0.13915993404019156
BRIGHT,8088,0.01440733947125402
BRIGHT,8089,-0.04554560265662021
BRIGHT,8090,0.006813654201924221
BRIGHT,8091,0.06592865826071717
BRIGHT,8092,-0.05097944623124952
BRIGHT,8093,0.02118590104026724
BRIGHT,8094,0.08071486969062819
BRIGHT,8095,4.298136585415627e-05
BRIGHT,8096,0.09567217314029634
BRIGHT,8097,-0.03529780816997454
BRIGHT,8098,-0.004798193603184197
BRIGHT,8099,0.09962166156009547
BRIGHT,8100,-0.0008825893291448053
BRIGHT,8101,-0.03450526681791371
BRIGHT,8102,-0.06294224944616725
BRIGHT,8103,0.039089999835301516
BRIGHT,8104,-0.03527259040256537
BRIGHT,8105,0.008690918887370433
BRIGHT,8106,0.05554619498571172
BRIGHT,8107,-0.06930761914971893
BRIGHT,8108,-0.04273792008337461
BRIGHT,8109,0.06907441506798066
BRIGHT,8110,0.06008528335214864
BRIGHT,8111,-0.026164272066542392
BRIGHT,8112,-0.019983498278490656
BRIGHT,8113,0.05673274701953236
BRIGHT,8114,-0.13530264092836977
BRIGHT,8115,-0.07978237775954589
BRIGHT,8116,-0.07794815138997149
BRIGHT,8117,-0.0405010228358414
BRIGHT,8118,-0.057799578332037756
BRIGHT,8119,-0.10934282830021103
BRIGHT,8120,-0.017165923152889482
BRIGHT,8121,-0.0025561967443681146
BRIGHT,8122,-0.06562032945713824
BRIGHT,8123,-0.04412772790619974
BRIGHT,8124,-0.0487538929892906
BRIGHT,8125,-0.09872440514869048
BRIGHT,8126,0.14708168406776015
BRIGHT,8127,-0.12731090205167414
BRIGHT,8128,0.027676709017835047
BRIGHT,8129,-0.13752395307664797
BRIGHT,8130,-0.06001378555121453
BRIGHT,8131,0.04574239241545959
BRIGHT,8132,-0.01800588865259025
BRIGHT,8133,-0.014918012506371021
BRIGHT,8134,0.019335695976902257
BRIGHT,8135,-0.020844503914794657
BRIGHT,8136,-0.08684616884643061
BRIGHT,8137,0.05649068245245265
BRIGHT,8138,-0.04605663239503704
BRIGHT,8139,-0.047910734153636045
BRIGHT,8140,0.009712900779719317
BRIGHT,8141,-0.02103288206485299
BRIGHT,8142,0.02262332811769454
BRIGHT,8143,-0.0030073814450161714
BRIGHT,8144,0.016223136278000906
BRIGHT,8145,-0.006512645149613953
BRIGHT,8146,0.018126935084576395
BRIGHT,8147,0.04457407135936464
BRIGHT,8148,0.025676859190534713
BRIGHT,8149,-0.11761245296062232
BRIGHT,8150,0.004355324135229861
BRIGHT,8151,-0.010797820124851868
BRIGHT,8152,-0.0556039525724008
BRIGHT,8153,-0.06882226510855997
BRIGHT,8154,-0.02911449551722845
BRIGHT,8155,0.08705412240335232
BRIGHT,8156,-0.0750629717069549
BRIGHT,8157,-0.04473256708944391
BRIGHT,8158,-0.15374296064672616
BRIGHT,8159,0.012590668730347324
BRIGHT,8160,-0.09195471429774338
BRIGHT,8161,-0.0562502204434173
BRIGHT,8162,-0.020525192399148098
BRIGHT,8163,0.004540424312767062
BRIGHT,8164,0.0812980610175633
BRIGHT,8165,0.08346393491577174
BRIGHT,8166,0.02776908447734098
BRIGHT,8167,0.09568084859731638
BRIGHT,8168,-0.029527302204477888
BRIGHT,8169,-0.07141795174753059
BRIGHT,8170,-0.08415025352491126
BRIGHT,8171,0.016960929282095045
BRIGHT,8172,-0.01652417273895671
BRIGHT,8173,-0.06818714829124178
BRIGHT,8174,0.02278408098250933
BRIGHT,8175,-0.02807662651587027
BRIGHT,8176,0.06944801556258268
BRIGHT,8177,-0.12408157993414157
BRIGHT,8178,0.015375206969900313
BRIGHT,8179,0.03122473928495764
BRIGHT,8180,0.010333195015987047
BRIGHT,8181,0.01205875794859559
BRIGHT,8182,-0.12612086042580528
BRIGHT,8183,0.07827511431608125
BRIGHT,8184,0.053652746829391085
BRIGHT,8185,0.03353704785600901
BRIGHT,8186,0.00035009480976698807
BRIGHT,8187,0.05051883890945028
BRIGHT,8188,0.10082059844304621
BRIGHT,8189,-0.03195461406825252
BRIGHT,8190,-0.11805451424194818
BRIGHT,8191,0.015290133036463621
BRIGHT,8192,0.10357670201447555
BRIGHT,8193,0.08204463320071503
BRIGHT,8194,0.06313599490895126
BRIGHT,8195,0.03345235188651506
BRIGHT,8196,0.021175728454525717
BRIGHT,8197,-0.1556108261974674
BRIGHT,8198,0.13462621498762672
BRIGHT,8199,-0.12163305820882689
BRIGHT,8200,0.036768848713711944
BRIGHT,8201,-0.13621175415927306
BRIGHT,8202,0.007873595893464539
BRIGHT,8203,-0.027068265806302293
BRIGHT,8204,-0.053485735750197876
BRIGHT,8205,-0.009891761622706234
BRIGHT,8206,-0.02269627677566208
BRIGHT,8207,-0.10162927316990746
BRIGHT,8208,-0.12025357449773391
BRIGHT,8209,-0.15956368107742383
BRIGHT,8210,-0.008888747615513623
BRIGHT,8211,0.05351031566983842
BRIGHT,8212,-0.06067053828095095
BRIGHT,8213,0.04512334867300416
BRIGHT,8214,-0.0851130691263026
BRIGHT,8215,0.048196286308623125
BRIGHT,8216,-0.0064087017607211425
BRIGHT,8217,-0.01193136559963254
BRIGHT,8218,-0.13701725895527503
BRIGHT,8219,-0.021734766133882966
BRIGHT,8220,-0.03611015140631849
BRIGHT,8221,-0.061211340034140256
BRIGHT,8222,0.014209474950738737
BRIGHT,8223,-0.02805966727091771
BRIGHT,8224,0.027417131556952377
BRIGHT,8225,-0.014706177891887927
BRIGHT,8226,0.05534836327086973
BRIGHT,8227,-0.03589267064160796
BRIGHT,8228,-0.07351892238336999
BRIGHT,8229,-0.029277176728121378
BRIGHT,8230,-0.12749267151210497
BRIGHT,8231,-0.04428777599072699
BRIGHT,8232,0.004120475183466689
BRIGHT,8233,-0.07679912023668224
BRIGHT,8234,-0.139562810196525
BRIGHT,8235,-0.054098430405834244
BRIGHT,8236,-0.0031816377705682097
BRIGHT,8237,-0.11105161041336707
BRIGHT,8238,0.035783199199947505
BRIGHT,8239,0.03370037304710424
BRIGHT,8240,0.036604341933920585
BRIGHT,8241,0.15176122145238552
BRIGHT,8242,-0.009173969698747458
BRIGHT,8243,0.10428911099045383
BRIGHT,8244,0.03468545100962122
BRIGHT,8245,0.09763834870743465
BRIGHT,8246,-0.027539696114921637
BRIGHT,8247,0.04047614495489822
BRIGHT,8248,0.09028002804430682
BRIGHT,8249,0.0612358495636719
BRIGHT,8250,0.02532613895645489
BRIGHT,8251,-0.08228174727051037
BRIGHT,8252,0.022387224098448056
BRIGHT,8253,-0.034506494475849483
BRIGHT,8254,-0.07499055214760057
BRIGHT,8255,0.003494171827069378
BRIGHT,8256,-0.08746538186291944
BRIGHT,8257,-0.15456826461636133
BRIGHT,8258,0.015995520851193466
BRIGHT,8259,-0.03339272800505108
BRIGHT,8260,-0.02234516288567936
BRIGHT,8261,-0.13139247963797163
BRIGHT,8262,0.09446894975208053
BRIGHT,8263,-0.062202488508552554
BRIGHT,8264,-0.05140939906481883
BRIGHT,8265,-0.06961770872850274
BRIGHT,8266,0.1322051974896096
BRIGHT,8267,-0.10752774962276912
BRIGHT,8268,-0.06603717157726927
BRIGHT,8269,-0.00533831943778645
BRIGHT,8270,0.030045739089045932
BRIGHT,8271,0.12020697087870463
BRIGHT,8272,0.07906671070535452
BRIGHT,8273,0.04472145740874962
BRIGHT,8274,-0.048947027192305224
BRIGHT,8275,0.015280201254669014
BRIGHT,8276,0.00045359145634261234
BRIGHT,8277,0.04723686493745928
BRIGHT,8278,0.0781948546111737
BRIGHT,8279,-0.015194168629170425
BRIGHT,8280,-0.023831914649758354
BRIGHT,8281,0.10459774790956845
BRIGHT,8282,0.032823738660089884
BRIGHT,8283,0.013669947583682476
BRIGHT,8284,-0.13960937116786284
BRIGHT,8285,-0.09832436970045993
BRIGHT,8286,0.04573099411250775
BRIGHT,8287,0.011731855040715828
BRIGHT,8288,0.06720759940252963
BRIGHT,8289,-0.02080442195599836
BRIGHT,8290,0.08375168840150894
BRIGHT,8291,0.04460161126788712
BRIGHT,8292,0.08932453836458205
BRIGHT,8293,0.0012837658290425211
BRIGHT,8294,0.1395053747030781
BRIGHT,8295,0.08713642563377942
BRIGHT,8296,-0.0456518201004421
BRIGHT,8297,-0.026158269103727157
BRIGHT,8298,0.048006928939471234
BRIGHT,8299,0.03858224448245103
BRIGHT,8300,0.05299596794544085
BRIGHT,8301,0.08908964177387985
BRIGHT,8302,-0.0020578053850232514
BRIGHT,8303,0.002274844577185386
BRIGHT,8304,-0.06690186635770293
BRIGHT,8305,0.1379298711843738
BRIGHT,8306,0.08526091125694236
BRIGHT,8307,-0.021197494025136657
BRIGHT,8308,-0.035861519998618294
BRIGHT,8309,-0.04538090926917241
BRIGHT,8310,-0.07204566265115604
BRIGHT,8311,0.02918536926204234
BRIGHT,8312,0.022195378329381368
BRIGHT,8313,0.05298696639239921
BRIGHT,8314,-0.0842393615211808
BRIGHT,8315,-0.11499291533026024
BRIGHT,8316,0.04657103991885169
BRIGHT,8317,0.06564143634882093
BRIGHT,8318,0.07409831647471414
BRIGHT,8319,0.02896373524043126
BRIGHT,8320,-0.014159483789505368
BRIGHT,8321,-0.07416375772056584
BRIGHT,8322,-0.054372011465421755
BRIGHT,8323,-0.0817205622655142
BRIGHT,8324,-0.03180694269493716
BRIGHT,8325,0.03147026259320982
BRIGHT,8326,0.09603647834589238
BRIGHT,8327,0.040106852849628664
BRIGHT,8328,0.08754340610140113
BRIGHT,8329,0.05293747456826018
BRIGHT,8330,-0.03791196628146214
BRIGHT,8331,-0.016468076964939127
BRIGHT,8332,0.07279250922166372
BRIGHT,8333,0.02113076256258672
BRIGHT,8334,0.028756910492386534
BRIGHT,8335,0.09988673758025225
BRIGHT,8336,0.04097777950807672
BRIGHT,8337,-0.0669249166802895
BRIGHT,8338,-0.029843159522909207
BRIGHT,8339,-0.07045187626962575
BRIGHT,8340,-0.08516991013028348
BRIGHT,8341,-0.04454840045864636
BRIGHT,8342,0.057676785093214715
BRIGHT,8343,0.040376570919564064
BRIGHT,8344,-0.032947651326858805
BRIGHT,8345,-0.0037063551599017534
BRIGHT,8346,-0.029748086393074347
BRIGHT,8347,-0.017754167735651864
BRIGHT,8348,0.001310688843575363
BRIGHT,8349,0.0983298086602536
BRIGHT,8350,0.028489125517002983
BRIGHT,8351,0.010396822434039119
BRIGHT,8352,-0.031681848237473324
BRIGHT,8353,-0.08063992647668936
BRIGHT,8354,0.05809996797522351
BRIGHT,8355,-0.03477219514135229
BRIGHT,8356,0.060040731197580674
BRIGHT,8357,-0.04911801480735336
BRIGHT,8358,-0.044547808643624245
BRIGHT,8359,0.06828473471266201
BRIGHT,8360,-0.00497498432064986
BRIGHT,8361,0.051527899708751705
BRIGHT,8362,-0.016678191479977254
BRIGHT,8363,-0.05090414219479762
BRIGHT,8364,-0.1288264086480608
BRIGHT,8365,0.008408582477980436
BRIGHT,8366,-0.013503822971291837
BRIGHT,8367,-0.005303311177944759
BRIGHT,8368,0.06357616584758297
BRIGHT,8369,0.056529011065330856
BRIGHT,8370,0.09506163374774365
BRIGHT,8371,-0.09012420380330478
BRIGHT,8372,0.0059033407435556485
BRIGHT,8373,0.04565756791078515
BRIGHT,8374,0.009822455618630993
BRIGHT,8375,0.05867067858291039
BRIGHT,8376,-0.026051190983107833
BRIGHT,8377,0.018779974346671106
BRIGHT,8378,0.01984745134556656
BRIGHT,8379,-0.05249210299852327
BRIGHT,8380,-0.05264213290955762
BRIGHT,8381,-0.10474983797635333
BRIGHT,8382,0.024315680225622305
BRIGHT,8383,-0.03434864829819224
BRIGHT,8384,-0.012294934904920776
BRIGHT,8385,-0.1107403910377126
BRIGHT,8386,0.0013899307443457553
BRIGHT,8387,0.03369531368858319
BRIGHT,8388,0.03992289450837074
BRIGHT,8389,0.06562051047692281
BRIGHT,8390,0.0447266876429893
BRIGHT,8391,0.014682799725783199
BRIGHT,8392,0.15282449604470946
BRIGHT,8393,0.018311997948431927
BRIGHT,8394,-0.027859228356922665
BRIGHT,8395,-0.009509585489254596
BRIGHT,8396,-0.04549146905181142
BRIGHT,8397,-0.010466903116597382
BRIGHT,8398,-0.06250005505004967
BRIGHT,8399,-0.042977675753184945
BRIGHT,8400,0.08754690452161254
BRIGHT,8401,0.05534891047009191
BRIGHT,8402,-0.04921878163011212
BRIGHT,8403,0.06973409502577634
BRIGHT,8404,-0.0578785436085665
BRIGHT,8405,0.034441108391087556
BRIGHT,8406,0.056287949082686375
BRIGHT,8407,0.08167394347951802
BRIGHT,8408,-0.11127482236690034
BRIGHT,8409,0.04887032874844584
BRIGHT,8410,-0.039812504512450476
BRIGHT,8411,-0.10809295964382278
BRIGHT,8412,0.022463305689407152
BRIGHT,8413,-0.03369092214396398
BRIGHT,8414,-0.13511348362206027
BRIGHT,8415,-0.053605274240877354
BRIGHT,8416,-0.14689721136194658
BRIGHT,8417,0.10961700926531494
BRIGHT,8418,-0.1508485973167208
BRIGHT,8419,0.03707953750473163
BRIGHT,8420,0.018379708150631415
BRIGHT,8421,0.11600386098926453
BRIGHT,8422,-0.04905443862534034
BRIGHT,8423,-0.10009125439694463
BRIGHT,8424,-0.07071132040689965
BRIGHT,8425,-0.058969935551057936
BRIGHT,8426,0.007947012704839752
BRIGHT,8427,-0.018123172781823075
BRIGHT,8428,-0.00642833436993023
BRIGHT,8429,0.051047782146344374
BRIGHT,8430,0.07086637300359264
BRIGHT,8431,0.052336334145119755
BRIGHT,8432,-0.14989242394603605
BRIGHT,8433,0.13787245570931111
BRIGHT,8434,0.01722972485051797
BRIGHT,8435,0.009185112866062151
BRIGHT,8436,-0.09878031541325064
BRIGHT,8437,-0.02238506255968551
BRIGHT,8438,-0.017781585272201608
BRIGHT,8439,-0.0007916410205628654
BRIGHT,8440,0.05411484795345709
BRIGHT,8441,0.001170825428904536
BRIGHT,8442,0.06895448218633601
BRIGHT,8443,-0.08782821232654951
BRIGHT,8444,0.10422239488276568
BRIGHT,8445,-0.013410716415364489
BRIGHT,8446,0.02481174973381621
BRIGHT,8447,-0.06830210480930465
BRIGHT,8448,0.023608076981050264
BRIGHT,8449,0.04932973737917795
BRIGHT,8450,-0.13998072095621633
BRIGHT,8451,-0.03385675823656585
BRIGHT,8452,0.06689551906077958
BRIGHT,8453,0.0013413788478293957
BRIGHT,8454,-0.07409959039895629
BRIGHT,8455,0.013416737515516995
BRIGHT,8456,-0.028723429272085862
BRIGHT,8457,0.04693636254670724
BRIGHT,8458,0.09403215459747473
BRIGHT,8459,0.08442647855752056
BRIGHT,8460,0.01555569363165038
BRIGHT,8461,-0.11402554867498162
BRIGHT,8462,-0.024931960518952342
BRIGHT,8463,-0.09907708102740849
BRIGHT,8464,0.10014557705027857
BRIGHT,8465,-0.007291310398820694
BRIGHT,8466,-0.029206075769187753
BRIGHT,8467,-0.07562124523345691
BRIGHT,8468,-0.03566724896070517
BRIGHT,8469,-0.06520060137354045
BRIGHT,8470,-0.043489427778834834
BRIGHT,8471,0.03141589378712613
BRIGHT,8472,0.06074344285139028
BRIGHT,8473,0.06950137974298742
BRIGHT,8474,-0.02313018928140156
BRIGHT,8475,-0.09019734942958225
BRIGHT,8476,0.07117853492838909
BRIGHT,8477,0.01225509255571488
BRIGHT,8478,0.016045996178846687
BRIGHT,8479,0.011310723073060537
BRIGHT,8480,-0.022069196669007266
BRIGHT,8481,0.10773942788897797
BRIGHT,8482,-0.10648613179622891
BRIGHT,8483,0.004269454284792799
BRIGHT,8484,0.0051141234029050365
BRIGHT,8485,0.03983581677177962
BRIGHT,8486,-0.021588525081876905
BRIGHT,8487,-0.0690445537545715
BRIGHT,8488,-0.10791510720789495
BRIGHT,8489,0.11131603448206072
BRIGHT,8490,0.030451674806181477
BRIGHT,8491,-0.019004190972318712
BRIGHT,8492,-0.0335175902568231
BRIGHT,8493,-0.10709657199341062
BRIGHT,8494,0.019441723256446254
BRIGHT,8495,-0.10363500046653662
BRIGHT,8496,0.049802469004666845
BRIGHT,8497,0.013343058245862743
BRIGHT,8498,-0.042726589753447765
BRIGHT,8499,-0.037707736890190226
BRIGHT,8500,0.09545827146202633
BRIGHT,8501,-0.10642431106783347
BRIGHT,8502,-0.15518283709529213
BRIGHT,8503,-0.08570705952656062
BRIGHT,8504,0.04846898408570131
BRIGHT,8505,0.0818890394221949
BRIGHT,8506,0.07682079018433662
BRIGHT,8507,-0.032794345489687036
BRIGHT,8508,0.03209621875529992
BRIGHT,8509,-0.02160227451803484
BRIGHT,8510,-0.05893022407693288
BRIGHT,8511,0.040937162834543635
BRIGHT,8512,0.02041476151471965
BRIGHT,8513,0.09201559694851352
BRIGHT,8514,-0.1797170586864636
BRIGHT,8515,-0.09339771964129492
BRIGHT,8516,0.05103407518716664
BRIGHT,8517,0.07414441066140835
BRIGHT,8518,0.006707476044338923
BRIGHT,8519,0.00052204204114172
BRIGHT,8520,-0.06177822247237989
BRIGHT,8521,0.07441576530508137
BRIGHT,8522,0.006742354715072587
BRIGHT,8523,-0.005276280752364751
BRIGHT,8524,0.054363726441040774
BRIGHT,8525,0.021204264751591578
BRIGHT,8526,-0.019525168326979366
BRIGHT,8527,-0.008778851352596153
BRIGHT,8528,0.06853183562406974
BRIGHT,8529,-0.03753496607599731
BRIGHT,8530,0.07559564542812855
BRIGHT,8531,0.061530808626979856
BRIGHT,8532,-0.04833295170234267
BRIGHT,8533,0.052734034635567674
BRIGHT,8534,0.05462587825534413
BRIGHT,8535,-0.010278355110555666
BRIGHT,8536,0.0029316821991126813
BRIGHT,8537,-0.04376606110175002
BRIGHT,8538,-0.022326419005932026
BRIGHT,8539,0.049966334097506476
BRIGHT,8540,-0.009913865222306306
BRIGHT,8541,-0.005307472594722328
BRIGHT,8542,0.021910702834132954
BRIGHT,8543,0.0813685444947775
BRIGHT,8544,-0.1159359704106655
BRIGHT,8545,0.08393080578486084
BRIGHT,8546,-0.0430262604782375
BRIGHT,8547,0.042071680550473084
BRIGHT,8548,-0.15843135831451258
BRIGHT,8549,-0.08545556610422397
BRIGHT,8550,-0.15211511803411798
BRIGHT,8551,-0.1418051828235956
BRIGHT,8552,-0.037953401591484776
BRIGHT,8553,-0.031520679274311535
BRIGHT,8554,-0.10335461828149674
BRIGHT,8555,0.11452059672970898
BRIGHT,8556,-0.0003942496597953789
BRIGHT,8557,0.013110153747381165
BRIGHT,8558,-0.02862618641323407
BRIGHT,8559,0.009310552086756659
BRIGHT,8560,0.04938884650780523
BRIGHT,8561,0.04845904009946482
BRIGHT,8562,-0.0014874816544784395
BRIGHT,8563,0.05323374296594602
BRIGHT,8564,-0.03981347127674551
BRIGHT,8565,0.00043215463563697347
BRIGHT,8566,0.0017751472499584263
BRIGHT,8567,0.12467430645545058
BRIGHT,8568,0.021232872822148856
BRIGHT,8569,0.04795141793627503
BRIGHT,8570,-0.010048744881124517
BRIGHT,8571,-0.005487437391651797
BRIGHT,8572,-0.029794543752713558
BRIGHT,8573,0.009539798709592316
BRIGHT,8574,-0.10856493680259038
BRIGHT,8575,-0.02444581813946822
BRIGHT,8576,-0.06764444430833101
BRIGHT,8577,-0.11160390599928847
BRIGHT,8578,0.08489217229854351
BRIGHT,8579,-0.020492150909682535
BRIGHT,8580,-0.09851157872891665
BRIGHT,8581,-0.05738654179100225
BRIGHT,8582,-0.06937089539269212
BRIGHT,8583,-0.035479509782460034
BRIGHT,8584,0.04559848513619708
BRIGHT,8585,0.028774264342837783
BRIGHT,8586,0.04485524190787824
BRIGHT,8587,0.013107308389507601
BRIGHT,8588,0.05819442103783212
BRIGHT,8589,-0.08364161503877607
BRIGHT,8590,-0.01853544802436652
BRIGHT,8591,0.08497335617404539
BRIGHT,8592,-0.15728425955549383
BRIGHT,8593,-0.03797836387358603
BRIGHT,8594,-0.021277388442643833
BRIGHT,8595,-0.06236229093203232
BRIGHT,8596,0.019675955912513296
BRIGHT,8597,0.03794835953713879
BRIGHT,8598,0.03194033885010797
BRIGHT,8599,0.004367485923073101
BRIGHT,8600,-0.08345192191665374
BRIGHT,8601,0.03180728068944821
BRIGHT,8602,0.00794967671016302
BRIGHT,8603,0.010475843608555798
BRIGHT,8604,0.02787854392091843
BRIGHT,8605,0.0787730742777559
BRIGHT,8606,-0.09542934476572373
BRIGHT,8607,-0.02728312758933485
BRIGHT,8608,-0.12146426416832991
BRIGHT,8609,-0.004098116662137288
BRIGHT,8610,0.05586470081396563
BRIGHT,8611,0.04532732672470049
BRIGHT,8612,0.019507229610834665
BRIGHT,8613,-0.1541264662632792
BRIGHT,8614,0.03278032591709294
BRIGHT,8615,0.028816360375566924
BRIGHT,8616,-0.06508408959450239
BRIGHT,8617,-0.013227241280021718
BRIGHT,8618,0.0016623014544093506
BRIGHT,8619,0.08686555162811872
BRIGHT,8620,0.029355634461553187
BRIGHT,8621,-0.009487387044895232
BRIGHT,8622,0.0477240547565378
BRIGHT,8623,0.062442041509992
BRIGHT,8624,0.002629296961889661
BRIGHT,8625,-0.08090932468268427
BRIGHT,8626,-0.001998281390889484
BRIGHT,8627,-0.04545404100446358
BRIGHT,8628,0.08182824340326879
BRIGHT,8629,-0.08767240544580608
BRIGHT,8630,-0.025268910654580437
BRIGHT,8631,-0.0036608555029775214
BRIGHT,8632,0.11742079854011782
BRIGHT,8633,0.106462732025815
BRIGHT,8634,-0.07151815427313643
BRIGHT,8635,-0.04646003408032219
BRIGHT,8636,0.08943594827992302
BRIGHT,8637,0.04315889773160324
BRIGHT,8638,-0.0012661228704868553
BRIGHT,8639,0.025840105103372063
BRIGHT,8640,-0.12229642138960521
BRIGHT,8641,-0.01717774315176236
BRIGHT,8642,0.06665308068745197
BRIGHT,8643,0.07966204842414337
BRIGHT,8644,0.055509482641272964
BRIGHT,8645,0.01744845342213132
BRIGHT,8646,0.020178497530042673
BRIGHT,8647,0.02162442420028246
BRIGHT,8648,0.03953384893569152
BRIGHT,8649,0.11589927185260067
BRIGHT,8650,0.004550026232742482
BRIGHT,8651,-0.046477264528374994
BRIGHT,8652,0.10610176066344691
BRIGHT,8653,0.11013778563961416
BRIGHT,8654,0.026656127265555753
BRIGHT,8655,-0.003958213788176861
BRIGHT,8656,-0.027446601943985294
BRIGHT,8657,-0.12295176667826362
BRIGHT,8658,-0.03940264185105468
BRIGHT,8659,0.04697455224177706
BRIGHT,8660,-0.022286631731480416
BRIGHT,8661,0.019842429957712897
BRIGHT,8662,-0.06337079064517433
BRIGHT,8663,0.0286371987868232
BRIGHT,8664,-0.018402508555995543
BRIGHT,8665,-0.04076418793656085
BRIGHT,8666,-0.023692944780459104
BRIGHT,8667,0.02736727422505794
BRIGHT,8668,0.029896534700086023
BRIGHT,8669,-0.08734497694554234
BRIGHT,8670,-0.08278721201389957
BRIGHT,8671,-0.02607744107032873
BRIGHT,8672,0.02548711248767716
BRIGHT,8673,0.0015526325831907123
BRIGHT,8674,0.01902739976851878
BRIGHT,8675,-0.06034675188262624
BRIGHT,8676,0.041923317507004114
BRIGHT,8677,0.04589755242266911
BRIGHT,8678,0.03709975951632728
BRIGHT,8679,0.01879610213489142
BRIGHT,8680,0.026333811459565204
BRIGHT,8681,-0.011693106612238068
BRIGHT,8682,-0.08138432204547662
BRIGHT,8683,0.11698507086471355
BRIGHT,8684,-0.058266721918113155
BRIGHT,8685,-0.09468871414645302
BRIGHT,8686,-0.013087019897732685
BRIGHT,8687,-0.008903999102927876
BRIGHT,8688,0.01268116727819547
BRIGHT,8689,0.040303755074353756
BRIGHT,8690,0.0028475239657245023
BRIGHT,8691,0.017184003284386427
BRIGHT,8692,0.0018153418421015298
BRIGHT,8693,0.16807538050986537
BRIGHT,8694,0.021521113171663
BRIGHT,8695,0.033943146095187615
BRIGHT,8696,-0.019683052510338844
BRIGHT,8697,0.1021454980487545
BRIGHT,8698,-0.052041615450780364
BRIGHT,8699,0.00833300726687639
BRIGHT,8700,-0.0055309090229879905
BRIGHT,8701,-0.041444269351204426
BRIGHT,8702,-0.033325281637782984
BRIGHT,8703,-0.011997749919252758
BRIGHT,8704,-0.024140425911502613
BRIGHT,8705,-0.11125351477205975
BRIGHT,8706,0.08693138514095326
BRIGHT,8707,0.08928108093874253
BRIGHT,8708,0.027633304542575867
BRIGHT,8709,-0.01816928052369678
BRIGHT,8710,0.12548323036287348
BRIGHT,8711,0.03208003422218513
BRIGHT,8712,0.020128507900987063
BRIGHT,8713,-0.07091907267298507
BRIGHT,8714,0.031162096451009407
BRIGHT,8715,-0.01881505599064653
BRIGHT,8716,0.0035073159452357326
BRIGHT,8717,-0.07950749914877632
BRIGHT,8718,0.06445519769919218
BRIGHT,8719,-0.13313396237722497
BRIGHT,8720,-0.02141774970922437
BRIGHT,8721,0.021690983574587656
BRIGHT,8722,0.005182482676906236
BRIGHT,8723,0.023052829475972442
BRIGHT,8724,-0.07133834237443752
BRIGHT,8725,0.010215159373333334
BRIGHT,8726,0.030765402966930488
BRIGHT,8727,0.03572526606816158
BRIGHT,8728,0.06029617453532442
BRIGHT,8729,0.007282380472021168
BRIGHT,8730,-0.0026677242497315182
BRIGHT,8731,-0.0726347190943864
BRIGHT,8732,-0.015296072939717097
BRIGHT,8733,-0.04519729417461491
BRIGHT,8734,0.062394671930258494
BRIGHT,8735,-0.04795756061431882
BRIGHT,8736,-0.02653752390115385
BRIGHT,8737,-0.015177766858912319
BRIGHT,8738,0.10354160943172983
BRIGHT,8739,0.07559607863915511
BRIGHT,8740,0.02045206850837008
BRIGHT,8741,0.0746412608003657
BRIGHT,8742,-0.09879583233817195
BRIGHT,8743,-0.010005042964168848
BRIGHT,8744,-0.017550738109408066
BRIGHT,8745,0.00857060605017555
BRIGHT,8746,-0.03070232750882433
BRIGHT,8747,-0.03998907466827547
BRIGHT,8748,0.05636396896584196
BRIGHT,8749,-0.11038827463841494
BRIGHT,8750,-0.061300503157287564
BRIGHT,8751,-0.051334055786165726
BRIGHT,8752,0.0445284476504652
BRIGHT,8753,-0.0693294075192534
BRIGHT,8754,0.005888287067790114
BRIGHT,8755,0.010589187462299268
BRIGHT,8756,0.011157722275497656
BRIGHT,8757,-0.07588658699151823
BRIGHT,8758,-0.062891603789929
BRIGHT,8759,0.17118428515035813
BRIGHT,8760,-0.10856861339202223
BRIGHT,8761,-0.06301784249581517
BRIGHT,8762,0.11776775652823006
BRIGHT,8763,0.00478004911106157
BRIGHT,8764,-0.010399309819142047
BRIGHT,8765,-0.08951559028317259
BRIGHT,8766,-0.09305782525759143
BRIGHT,8767,-0.04709767683161897
BRIGHT,8768,-0.031262639476576565
BRIGHT,8769,0.0165666385389046
BRIGHT,8770,0.05238021876780487
BRIGHT,8771,0.01661080383604132
BRIGHT,8772,0.0032179831886595903
BRIGHT,8773,0.03571832161731113
BRIGHT,8774,-0.04372602882776381
BRIGHT,8775,0.0584706617336004
BRIGHT,8776,-0.025131223337507173
BRIGHT,8777,-0.04416452301332777
BRIGHT,8778,-0.04797990669745521
BRIGHT,8779,-0.04593209321528959
BRIGHT,8780,-0.03345724003492545
BRIGHT,8781,-0.028097130723625054
BRIGHT,8782,-0.055364237621649166
BRIGHT,8783,0.09626355998464159
BRIGHT,8784,-0.015498907353257067
BRIGHT,8785,0.08895366692851694
BRIGHT,8786,-0.00880309324477778
BRIGHT,8787,-0.032557534930103514
BRIGHT,8788,-0.0005131388060207689
BRIGHT,8789,-0.0436643854806504
BRIGHT,8790,-0.0078226212693552
BRIGHT,8791,0.04349664040050094
BRIGHT,8792,-0.1197829167194865
BRIGHT,8793,-0.09499171983497506
BRIGHT,8794,0.0027647461153977996
BRIGHT,8795,0.09707384358808571
BRIGHT,8796,0.0010545490063467243
BRIGHT,8797,-0.03332514557739945
BRIGHT,8798,0.034512259519586266
BRIGHT,8799,0.02696797509064022
BRIGHT,8800,0.0035377255917664607
BRIGHT,8801,0.026713953515732324
BRIGHT,8802,0.09753736592616122
BRIGHT,8803,0.13971096539424185
BRIGHT,8804,-0.10337292506637957
BRIGHT,8805,0.029275241108361532
BRIGHT,8806,-0.024533383330215965
BRIGHT,8807,-0.05616230992165319
BRIGHT,8808,-0.07707627060304362
BRIGHT,8809,-0.07119721793715446
BRIGHT,8810,0.06366142246237189
BRIGHT,8811,-0.14851359582120727
BRIGHT,8812,0.07889557407849491
BRIGHT,8813,0.11420246379939435
BRIGHT,8814,-0.12262178905233811
BRIGHT,8815,-0.031075167361109376
BRIGHT,8816,-0.12441177192824618
BRIGHT,8817,-0.04959008229262434
BRIGHT,8818,-0.07751745660705868
BRIGHT,8819,-0.06602750406638555
BRIGHT,8820,-0.15221244363921654
BRIGHT,8821,0.025489616163762042
BRIGHT,8822,-0.014012634130434779
BRIGHT,8823,-0.1254929629662965
BRIGHT,8824,0.1052712316145903
BRIGHT,8825,-0.22701877685091876
BRIGHT,8826,0.009683589338811492
BRIGHT,8827,0.127161260782336
BRIGHT,8828,-0.07707375279220248
BRIGHT,8829,-0.0899256320151655
BRIGHT,8830,0.05791352440260832
BRIGHT,8831,0.02758281887521803
BRIGHT,8832,-0.1085247034062024
BRIGHT,8833,0.04344036416726638
BRIGHT,8834,0.04051375214212779
BRIGHT,8835,0.1180145642401121
BRIGHT,8836,0.02935755553256795
BRIGHT,8837,0.006492785466763275
BRIGHT,8838,0.12137427826239901
BRIGHT,8839,-0.1713364684901238
BRIGHT,8840,0.019470041555262996
BRIGHT,8841,-0.20692058380633663
BRIGHT,8842,-0.011479533988417617
BRIGHT,8843,-0.03611062028672152
BRIGHT,8844,-0.0651987387397387
BRIGHT,8845,-0.04351209158734395
BRIGHT,8846,0.15666715050256738
BRIGHT,8847,0.06233963859084516
BRIGHT,8848,0.07468746531297302
BRIGHT,8849,0.01082565431442684
BRIGHT,8850,-0.023966507392654855
BRIGHT,8851,-0.009686898524645675
BRIGHT,8852,-0.049202380641198515
BRIGHT,8853,-0.15188489703126987
BRIGHT,8854,-0.08018592099027046
BRIGHT,8855,0.05318827507600834
BRIGHT,8856,-0.018488197044752606
BRIGHT,8857,0.05316961929414623
BRIGHT,8858,-0.015402193077463528
BRIGHT,8859,-0.01802923014523772
BRIGHT,8860,-0.01156904138553773
BRIGHT,8861,0.0742800180367362
BRIGHT,8862,-0.04786695713074903
BRIGHT,8863,0.05075249098282205
BRIGHT,8864,0.02353158386254262
BRIGHT,8865,0.026060945569666722
BRIGHT,8866,0.01470209932048968
BRIGHT,8867,-0.04081106032697393
BRIGHT,8868,0.08028334783444183
BRIGHT,8869,-0.007586264157751032
BRIGHT,8870,0.0359859329141691
BRIGHT,8871,0.012936715412967863
BRIGHT,8872,0.030356950844590287
BRIGHT,8873,-0.09134904641092116
BRIGHT,8874,-0.009897637785086845
BRIGHT,8875,0.0702331369866588
BRIGHT,8876,0.052332268613221364
BRIGHT,8877,-0.07390142478423008
BRIGHT,8878,0.03854040561539055
BRIGHT,8879,0.00233726182641181
BRIGHT,8880,0.049495601138932775
BRIGHT,8881,0.027124726145217774
BRIGHT,8882,0.0645540380634071
BRIGHT,8883,-0.000815047835166819
BRIGHT,8884,0.05272288213328477
BRIGHT,8885,-0.04134011969234601
BRIGHT,8886,-0.06937514007705953
BRIGHT,8887,-0.03264731857475577
BRIGHT,8888,-0.10571471171289279
BRIGHT,8889,-0.10994317024260905
BRIGHT,8890,0.003180178069687114
BRIGHT,8891,0.0044488523014577465
BRIGHT,8892,-0.013119009015392036
BRIGHT,8893,-0.05638500853370719
BRIGHT,8894,-0.04671525644895072
BRIGHT,8895,-0.036353212186612395
BRIGHT,8896,-0.05759095661436015
BRIGHT,8897,0.1063422316398261
BRIGHT,8898,-0.08716968613703778
BRIGHT,8899,0.02320758866492718
BRIGHT,8900,0.048017038418006114
BRIGHT,8901,0.007855251631482527
BRIGHT,8902,0.10767653875347957
BRIGHT,8903,0.020386487704943283
BRIGHT,8904,-0.022715571675307553
BRIGHT,8905,-0.0375860046269641
BRIGHT,8906,-0.04912468432135439
BRIGHT,8907,0.06234433203205824
BRIGHT,8908,-0.002504930582895172
BRIGHT,8909,-0.11033064774758351
BRIGHT,8910,0.02565908700347483
BRIGHT,8911,-0.020315109658165402
BRIGHT,8912,-0.1632437042499958
BRIGHT,8913,0.06500596055073603
BRIGHT,8914,-0.01686697262384018
BRIGHT,8915,-0.057786402635540225
BRIGHT,8916,-0.0288783400143637
BRIGHT,8917,-0.017034528047344993
BRIGHT,8918,-0.10894295433119826
BRIGHT,8919,-0.03309701718917603
BRIGHT,8920,0.01623733611241766
BRIGHT,8921,0.058615433554018714
BRIGHT,8922,0.04599997662387885
BRIGHT,8923,0.041975506099624374
BRIGHT,8924,-0.006050234705230295
BRIGHT,8925,0.03341897620466177
BRIGHT,8926,-0.0044620247979639234
BRIGHT,8927,-0.008691783156546121
BRIGHT,8928,0.016428079822905887
BRIGHT,8929,-0.0036159934626207963
BRIGHT,8930,-0.04116600470321034
BRIGHT,8931,-0.09939953722043912
BRIGHT,8932,-0.02989295721267739
BRIGHT,8933,-0.044694685706160066
BRIGHT,8934,-0.06121657671257856
BRIGHT,8935,0.0685649390650287
BRIGHT,8936,-0.15069074009066
BRIGHT,8937,0.011222457626840073
BRIGHT,8938,0.04436410213704931
BRIGHT,8939,0.023402744706883413
BRIGHT,8940,0.008882584227998614
BRIGHT,8941,0.04290061161616014
BRIGHT,8942,-0.13077230481683172
BRIGHT,8943,0.028191509907367008
BRIGHT,8944,0.044125092050631
BRIGHT,8945,0.051550257137500166
BRIGHT,8946,-0.04665308596355485
BRIGHT,8947,-0.055821786921384696
BRIGHT,8948,0.005990960897524968
BRIGHT,8949,0.04796252963029132
BRIGHT,8950,0.007836508418175247
BRIGHT,8951,0.010651743581150421
BRIGHT,8952,0.06287242589638768
BRIGHT,8953,-0.005807030717511194
BRIGHT,8954,-0.021227797699162755
BRIGHT,8955,-0.017665031857593914
BRIGHT,8956,-0.06499987873421545
BRIGHT,8957,-0.024378981284978448
BRIGHT,8958,-0.12095482593409723
BRIGHT,8959,0.06313505186897918
BRIGHT,8960,-0.09071595930522879
BRIGHT,8961,0.001634592712256059
BRIGHT,8962,-0.01975564858383329
BRIGHT,8963,-0.017011284269245017
BRIGHT,8964,0.01602823139971509
BRIGHT,8965,-0.10424416632283903
BRIGHT,8966,-0.08425268374205523
BRIGHT,8967,-0.11134605229649787
BRIGHT,8968,0.0462544033600824
BRIGHT,8969,0.021952817000954934
BRIGHT,8970,-0.038942013806720334
BRIGHT,8971,0.01930617957265425
BRIGHT,8972,0.05338570354101991
BRIGHT,8973,0.02734066988738602
BRIGHT,8974,0.007898518288314714
BRIGHT,8975,-0.019041846039718476
BRIGHT,8976,0.034215401781302494
BRIGHT,8977,0.06501219807659929
BRIGHT,8978,-0.0024591800854740055
BRIGHT,8979,0.019688519211936074
BRIGHT,8980,0.11127507610279055
BRIGHT,8981,0.027665184805273565
BRIGHT,8982,-0.04988162487583214
BRIGHT,8983,-0.05805618516516144
BRIGHT,8984,0.09374072361996907
BRIGHT,8985,-0.00027802516598525364
BRIGHT,8986,-0.032203977483806066
BRIGHT,8987,0.005849844513979527
BRIGHT,8988,0.06580988529002796
BRIGHT,8989,0.022634971806744498
BRIGHT,8990,0.04133901429656991
BRIGHT,8991,-0.12445597552996684
BRIGHT,8992,0.014798948983078935
BRIGHT,8993,-0.022096448403944223
BRIGHT,8994,-0.020290616056960274
BRIGHT,8995,-0.08504290583404277
BRIGHT,8996,-0.05643094613591179
BRIGHT,8997,0.11507932765531563
BRIGHT,8998,-0.10613280894548366
BRIGHT,8999,0.0487072604250782
BRIGHT,9000,0.004281793302196027
BRIGHT,9001,0.08323383658682382
BRIGHT,9002,0.05697791513749723
BRIGHT,9003,-0.07153751019886481
BRIGHT,9004,-0.07207776741165912
BRIGHT,9005,-0.027975413318771188
BRIGHT,9006,-0.011200607289801061
BRIGHT,9007,0.04382428496714975
BRIGHT,9008,-0.12821211606291677
BRIGHT,9009,-0.09593365174544882
BRIGHT,9010,0.023750654554619773
BRIGHT,9011,0.03622753006602344
BRIGHT,9012,-0.09302088345201304
BRIGHT,9013,-0.05388094718894359
BRIGHT,9014,0.09336350269209312
BRIGHT,9015,-0.035750976403744104
BRIGHT,9016,-0.015076846030638642
BRIGHT,9017,0.03013007721427509
BRIGHT,9018,0.056629926374087404
BRIGHT,9019,-0.024433881180892642
BRIGHT,9020,-0.013259393188504198
BRIGHT,9021,-0.0724101922187764
BRIGHT,9022,0.013268232996494631
BRIGHT,9023,-0.039241375542224635
BRIGHT,9024,-0.10557871789320913
BRIGHT,9025,-0.11955837770172574
BRIGHT,9026,-0.04726174336087857
BRIGHT,9027,0.05451097710571925
BRIGHT,9028,-0.10539966861581303
BRIGHT,9029,-0.027159900995863212
BRIGHT,9030,0.03935958047835012
BRIGHT,9031,0.053410747271124805
BRIGHT,9032,-0.10200099284203593
BRIGHT,9033,-0.08173350141148368
BRIGHT,9034,-0.09967300583158635
BRIGHT,9035,-0.012795415370547205
BRIGHT,9036,0.006466505181849387
BRIGHT,9037,0.010776496542055631
BRIGHT,9038,-0.015244938682352393
BRIGHT,9039,0.08122927914669296
BRIGHT,9040,0.041523524332442066
BRIGHT,9041,-0.02496752737448849
BRIGHT,9042,0.11512456641894833
BRIGHT,9043,-0.08626211705927572
BRIGHT,9044,-0.07676925071000124
BRIGHT,9045,0.10688530906315405
BRIGHT,9046,0.09833163945346925
BRIGHT,9047,0.02470273449090889
BRIGHT,9048,-0.04748027977453257
BRIGHT,9049,-0.002251824999733354
BRIGHT,9050,-0.11843453008292346
BRIGHT,9051,0.031042523937133634
BRIGHT,9052,0.08461977094326063
BRIGHT,9053,0.07044599272570921
BRIGHT,9054,0.10431291683606796
BRIGHT,9055,0.006687348694245938
BRIGHT,9056,-0.0900759383860055
BRIGHT,9057,-0.040739995195721856
BRIGHT,9058,0.044567973230233995
BRIGHT,9059,0.01562917575666536
BRIGHT,9060,0.08128164692880638
BRIGHT,9061,-0.024481820926510686
BRIGHT,9062,0.005261132332053849
BRIGHT,9063,0.026298174817638697
BRIGHT,9064,-0.09840315144221455
BRIGHT,9065,0.05167530468196494
BRIGHT,9066,-0.0694052702833827
BRIGHT,9067,0.06255125136676369
BRIGHT,9068,-0.028978572039081642
BRIGHT,9069,-0.01362168619409533
BRIGHT,9070,-0.019756000300765273
BRIGHT,9071,0.02912269898572885
BRIGHT,9072,0.10426860684578246
BRIGHT,9073,0.028618270182488758
BRIGHT,9074,0.060885803580378754
BRIGHT,9075,0.0409004394977545
BRIGHT,9076,-0.002650574098079056
BRIGHT,9077,-0.03793015016535337
BRIGHT,9078,0.03214360524547672
BRIGHT,9079,0.007105828500753939
BRIGHT,9080,-0.031274206735575454
BRIGHT,9081,0.08887655655518853
BRIGHT,9082,-0.10962478032606048
BRIGHT,9083,0.11939990755937718
BRIGHT,9084,0.05604142094260919
BRIGHT,9085,0.09262219145129728
BRIGHT,9086,0.010124774618708835
BRIGHT,9087,0.01063734476147621
BRIGHT,9088,0.03698379287553541
BRIGHT,9089,0.029985453329751305
BRIGHT,9090,-0.04987054423013213
BRIGHT,9091,0.1116466680783677
BRIGHT,9092,0.00598516382556503
BRIGHT,9093,0.0494802487116939
BRIGHT,9094,-0.14564143395605142
BRIGHT,9095,0.06900138315917308
BRIGHT,9096,0.08446403439387819
BRIGHT,9097,-0.061718948962339815
BRIGHT,9098,-0.06256782661702524
BRIGHT,9099,-0.018331633172952635
BRIGHT,9100,0.030659274366116006
BRIGHT,9101,0.06772405603800892
BRIGHT,9102,0.0890642718430617
BRIGHT,9103,-0.09919582254814213
BRIGHT,9104,0.08804946478119903
BRIGHT,9105,-0.04658269288139567
BRIGHT,9106,-0.03206432439832967
BRIGHT,9107,0.06337587920689214
BRIGHT,9108,-0.06926645350997579
BRIGHT,9109,0.09586253638232059
BRIGHT,9110,-0.01407429075281323
BRIGHT,9111,0.015792804096622873
BRIGHT,9112,-0.028923909228639192
BRIGHT,9113,-0.021194587870821294
BRIGHT,9114,0.051133923008635
BRIGHT,9115,0.00604407296706495
BRIGHT,9116,0.04457806539523276
BRIGHT,9117,-0.13633775207436366
BRIGHT,9118,0.0643807507367426
BRIGHT,9119,0.030719340759855412
BRIGHT,9120,-0.010212037771594983
BRIGHT,9121,-0.11557928790723572
BRIGHT,9122,0.04929185375481931
BRIGHT,9123,0.09341033992102166
BRIGHT,9124,-0.08163583896329021
BRIGHT,9125,-0.0243396844906682
BRIGHT,9126,-0.0794909267499837
BRIGHT,9127,0.05153759196327715
BRIGHT,9128,0.08556769653466198
BRIGHT,9129,0.06194715736307078
BRIGHT,9130,0.0792692311916261
BRIGHT,9131,0.08908329037122517
BRIGHT,9132,-0.004480605804579651
BRIGHT,9133,-0.02605472123266499
BRIGHT,9134,-0.09363794948143436
BRIGHT,9135,-0.07688556261777142
BRIGHT,9136,-0.004006303694808805
BRIGHT,9137,-0.11972277245072127
BRIGHT,9138,-0.053333632574981284
BRIGHT,9139,0.01828864181707591
BRIGHT,9140,0.09266908515553927
BRIGHT,9141,0.008061714127333185
BRIGHT,9142,0.12130397551033492
BRIGHT,9143,0.13387332272264854
BRIGHT,9144,0.06776827907314753
BRIGHT,9145,0.06967101053703105
BRIGHT,9146,-0.0371433104867442
BRIGHT,9147,0.04045795269824145
BRIGHT,9148,-0.10189913189803494
BRIGHT,9149,-0.1410060453429171
BRIGHT,9150,-0.0689898676690677
BRIGHT,9151,-0.0207510539778346
BRIGHT,9152,0.051172493385467935
BRIGHT,9153,-0.08390320607972668
BRIGHT,9154,-0.12403640933011266
BRIGHT,9155,0.0375339245446399
BRIGHT,9156,-0.04578755779513996
BRIGHT,9157,0.008030521131504858
BRIGHT,9158,0.04198375649040357
BRIGHT,9159,-0.10951012585791607
BRIGHT,9160,0.017658045833777156
BRIGHT,9161,0.02785449020492736
BRIGHT,9162,0.011855173944200898
BRIGHT,9163,-0.08358829344376374
BRIGHT,9164,0.0742016295104475
BRIGHT,9165,0.10617446759639092
BRIGHT,9166,0.07913216992223196
BRIGHT,9167,0.07059522127128491
BRIGHT,9168,0.08592030357227119
BRIGHT,9169,0.054824496841063455
BRIGHT,9170,-0.0005506105488876511
BRIGHT,9171,-0.0003971405922147236
BRIGHT,9172,0.060996260229802035
BRIGHT,9173,-0.0712963034060351
BRIGHT,9174,-0.0978063519512153
BRIGHT,9175,-0.028607123952573955
BRIGHT,9176,0.1248425967258297
BRIGHT,9177,-0.05843476141990982
BRIGHT,9178,-0.04441183832996062
BRIGHT,9179,0.043898894405671185
BRIGHT,9180,0.06624827656378367
BRIGHT,9181,0.10303657604575975
BRIGHT,9182,-0.10359362746136526
BRIGHT,9183,0.06752785113836257
BRIGHT,9184,-0.07074553392969993
BRIGHT,9185,0.028494270118499875
BRIGHT,9186,-0.10276259215757329
BRIGHT,9187,0.012124199684973839
BRIGHT,9188,-0.06352857057333752
BRIGHT,9189,0.005397822365031418
BRIGHT,9190,0.0334047763441036
BRIGHT,9191,0.006494138773595506
BRIGHT,9192,-0.02544643136184542
BRIGHT,9193,-0.12386809409770749
BRIGHT,9194,-0.01848531696561321
BRIGHT,9195,-0.0927946978297787
BRIGHT,9196,0.1162597015815145
BRIGHT,9197,0.027009414345381587
BRIGHT,9198,0.1053059027632097
BRIGHT,9199,0.04732644435363623
BRIGHT,9200,0.02437053880209041
BRIGHT,9201,-0.07831478054118327
BRIGHT,9202,-0.015393867304341483
BRIGHT,9203,0.07476324403530021
BRIGHT,9204,-0.04213826774024327
BRIGHT,9205,0.014014199984914977
BRIGHT,9206,0.06373351610502047
BRIGHT,9207,0.08060212579197375
BRIGHT,9208,0.1124658022794186
BRIGHT,9209,0.019619155451959122
BRIGHT,9210,0.07304192304588172
BRIGHT,9211,0.08574013743640828
BRIGHT,9212,0.08877739217953814
BRIGHT,9213,-0.05825934711818958
BRIGHT,9214,-0.07870204491713981
BRIGHT,9215,-0.037116769743386006
BRIGHT,9216,-0.00654724612786553
BRIGHT,9217,-0.10594689812840323
BRIGHT,9218,0.04464238434651261
BRIGHT,9219,0.12832509484967025
BRIGHT,9220,-0.045792514875920294
BRIGHT,9221,-0.039131564875332855
BRIGHT,9222,-0.023723113029550838
BRIGHT,9223,-0.11261899965228082
BRIGHT,9224,-0.00024030714830009097
BRIGHT,9225,-0.06845290251040506
BRIGHT,9226,0.06409543654054231
BRIGHT,9227,0.10288011921702767
BRIGHT,9228,0.031970437558286116
BRIGHT,9229,0.019941261914798315
BRIGHT,9230,0.09828036405041635
BRIGHT,9231,0.028570680666992743
BRIGHT,9232,0.07284623614875853
BRIGHT,9233,0.047049410584117365
BRIGHT,9234,-0.07219685092132792
BRIGHT,9235,-0.014668914524067421
BRIGHT,9236,0.08184222477078344
BRIGHT,9237,-0.08328397525000193
BRIGHT,9238,-0.11709177253146759
BRIGHT,9239,-0.020871048710633708
BRIGHT,9240,0.04915460535727326
BRIGHT,9241,0.16149312397557847
BRIGHT,9242,0.0062982163154423326
BRIGHT,9243,0.05784238424581351
BRIGHT,9244,0.062461531326056884
BRIGHT,9245,0.055112107397028126
BRIGHT,9246,-0.0068018016151049345
BRIGHT,9247,-0.061399720248121945
BRIGHT,9248,0.018635646705492722
BRIGHT,9249,-0.0711112161282145
BRIGHT,9250,-0.007373145970859687
BRIGHT,9251,-0.1150002555032928
BRIGHT,9252,-0.005427619542050458
BRIGHT,9253,-0.10032287219224721
BRIGHT,9254,-0.019775292242875633
BRIGHT,9255,0.01996949907666628
BRIGHT,9256,0.023600940776709354
BRIGHT,9257,0.001129816947682064
BRIGHT,9258,0.01237392063625968
BRIGHT,9259,-0.03623708766826768
BRIGHT,9260,0.1253042080229855
BRIGHT,9261,0.05938662277905393
BRIGHT,9262,0.062069312406307954
BRIGHT,9263,0.03012993032506388
BRIGHT,9264,0.0017528524413489696
BRIGHT,9265,-0.04848829910074682
BRIGHT,9266,0.04214960473365611
BRIGHT,9267,-0.05679726358008584
BRIGHT,9268,-0.03731127824025179
BRIGHT,9269,-0.19372108866793505
BRIGHT,9270,-0.058898991788923806
BRIGHT,9271,0.1254915222273032
BRIGHT,9272,-0.03680195914667143
BRIGHT,9273,-0.09133588668515967
BRIGHT,9274,0.03372814076648614
BRIGHT,9275,0.05761919395330467
BRIGHT,9276,0.05023065863498029
BRIGHT,9277,-0.058142830578223496
BRIGHT,9278,0.06960986714045293
BRIGHT,9279,-0.07557035487517112
BRIGHT,9280,-0.036888063854877945
BRIGHT,9281,-0.009227299661853545
BRIGHT,9282,0.042056537487089214
BRIGHT,9283,-0.0015094079372786858
BRIGHT,9284,-0.0004546520654133305
BRIGHT,9285,-0.008222428365152594
BRIGHT,9286,-0.02118273990200492
BRIGHT,9287,0.13694525342776429
BRIGHT,9288,0.0066902669959393
BRIGHT,9289,0.07413527768362094
BRIGHT,9290,0.0029501207320576446
BRIGHT,9291,-0.017740345486059156
BRIGHT,9292,0.10191971271861025
BRIGHT,9293,0.011418560692557799
BRIGHT,9294,0.032915788952289936
BRIGHT,9295,0.0191459552938076
BRIGHT,9296,0.06749214776264903
BRIGHT,9297,-0.03325626630916359
BRIGHT,9298,0.011293974473766566
BRIGHT,9299,0.11276371580146632
BRIGHT,9300,0.05419023464047286
BRIGHT,9301,-0.13674549079716822
BRIGHT,9302,0.005221038989171014
BRIGHT,9303,-0.09160584705375481
BRIGHT,9304,-0.18672724700976356
BRIGHT,9305,0.002738648518200493
BRIGHT,9306,-0.06341489770807489
BRIGHT,9307,0.010289986078479928
BRIGHT,9308,-0.0973468735847939
BRIGHT,9309,0.04726693450398608
BRIGHT,9310,-0.0007128676664232933
BRIGHT,9311,-0.006029760661894013
BRIGHT,9312,-0.0677030487021362
BRIGHT,9313,0.042666451931839884
BRIGHT,9314,0.10725580801063808
BRIGHT,9315,-0.005634956381944052
BRIGHT,9316,0.04065919865878029
BRIGHT,9317,-0.011415695071166491
BRIGHT,9318,-0.14486365478371097
BRIGHT,9319,-0.020685542810367368
BRIGHT,9320,0.07286950154406197
BRIGHT,9321,0.006418439193787015
BRIGHT,9322,-0.059269158423992
BRIGHT,9323,-0.02452439588024773
BRIGHT,9324,0.013080091829118241
BRIGHT,9325,-0.045874846447364497
BRIGHT,9326,0.019722156111094624
BRIGHT,9327,0.0603980553804359
BRIGHT,9328,0.028143660644381455
BRIGHT,9329,0.05443189893743357
BRIGHT,9330,0.0768174688273663
BRIGHT,9331,-0.14312194367846098
BRIGHT,9332,-0.03138158313811767
BRIGHT,9333,0.04129358418261384
BRIGHT,9334,-0.03680431677487597
BRIGHT,9335,0.036150117551433505
BRIGHT,9336,0.02663889029740716
BRIGHT,9337,-0.01040951782849702
BRIGHT,9338,0.03877610935643814
BRIGHT,9339,0.03059807392394623
BRIGHT,9340,0.00636626421253951
BRIGHT,9341,0.025750485406455494
BRIGHT,9342,0.023274924200808903
BRIGHT,9343,-0.08080805067485829
BRIGHT,9344,-0.030538464559439666
BRIGHT,9345,0.0347410807021635
BRIGHT,9346,0.05368810066824266
BRIGHT,9347,0.01924160287944528
BRIGHT,9348,0.01441775301779101
BRIGHT,9349,-0.0475610041926651
BRIGHT,9350,0.0369034537193236
BRIGHT,9351,-0.019289848249157488
BRIGHT,9352,0.09465263703657477
BRIGHT,9353,-0.060840038782565956
BRIGHT,9354,0.05800422228838621
BRIGHT,9355,0.011587502513586116
BRIGHT,9356,0.10782614807619036
BRIGHT,9357,-0.10230925995519506
BRIGHT,9358,-0.04961475603629552
BRIGHT,9359,-0.0018864107964641737
BRIGHT,9360,0.10893476711729783
BRIGHT,9361,0.051157921292531154
BRIGHT,9362,0.015560675691786817
BRIGHT,9363,-0.010221550499347283
BRIGHT,9364,-0.06470432664607743
BRIGHT,9365,-0.02482936859248079
BRIGHT,9366,-0.06683171838415276
BRIGHT,9367,-0.04230918393339605
BRIGHT,9368,-0.06029593516367612
BRIGHT,9369,0.08179431205018813
BRIGHT,9370,-0.030229609399984203
BRIGHT,9371,-0.004306231697998195
BRIGHT,9372,0.05310066189929534
BRIGHT,9373,-0.10855677381506644
BRIGHT,9374,-0.1483787080039693
BRIGHT,9375,-0.01750976566739835
BRIGHT,9376,-0.009666681749662417
BRIGHT,9377,0.04148638065367219
BRIGHT,9378,-0.04399621697524057
BRIGHT,9379,-0.08411928345412058
BRIGHT,9380,0.06310336710353248
BRIGHT,9381,-0.03688182954645243
BRIGHT,9382,-0.13889344031804154
BRIGHT,9383,-0.0752112902000395
BRIGHT,9384,-0.08350773367962304
BRIGHT,9385,-0.015225843626986117
BRIGHT,9386,0.09469761315282167
BRIGHT,9387,0.0294114217327229
BRIGHT,9388,-0.09774174573112551
BRIGHT,9389,0.05250140747028371
BRIGHT,9390,-0.10402433698935484
BRIGHT,9391,-0.03620040873655272
BRIGHT,9392,0.0019687345345971974
BRIGHT,9393,-0.05195727242225354
BRIGHT,9394,0.11495471499792109
BRIGHT,9395,-0.12964270977972842
BRIGHT,9396,0.06239678424253409
BRIGHT,9397,0.04588287434628073
BRIGHT,9398,0.07066137185437998
BRIGHT,9399,-0.013529386900862715
BRIGHT,9400,0.05959444000238738
BRIGHT,9401,0.014568438622328789
BRIGHT,9402,-0.018896532783657195
BRIGHT,9403,0.01953832686432056
BRIGHT,9404,-0.053067102520650715
BRIGHT,9405,-0.0026593711758931197
BRIGHT,9406,-0.07206211872677867
BRIGHT,9407,-0.02252187419355079
BRIGHT,9408,-0.06140823961322599
BRIGHT,9409,-0.01035871531931845
BRIGHT,9410,0.08404206697581555
BRIGHT,9411,0.13092422967114853
BRIGHT,9412,0.06626608566701359
BRIGHT,9413,-0.036404014630759866
BRIGHT,9414,-0.009887075555990403
BRIGHT,9415,-0.016250881544402872
BRIGHT,9416,-0.09846344695904387
BRIGHT,9417,-0.0747150197402772
BRIGHT,9418,-0.04269340529581067
BRIGHT,9419,-0.035320110849190546
BRIGHT,9420,-0.010267368522734665
BRIGHT,9421,0.05146740904960055
BRIGHT,9422,0.02057421065377674
BRIGHT,9423,0.04243892751875118
BRIGHT,9424,-0.0634966878787729
BRIGHT,9425,-0.01616800221270079
BRIGHT,9426,-0.051726438179447894
BRIGHT,9427,0.07021725060250554
BRIGHT,9428,-0.06641277543492109
BRIGHT,9429,0.033665374287102146
BRIGHT,9430,0.02845184091821459
BRIGHT,9431,-0.07725568990216586
BRIGHT,9432,0.010275654425626399
BRIGHT,9433,-0.05296169544160334
BRIGHT,9434,-0.010976722786404753
BRIGHT,9435,-0.1030563061946212
BRIGHT,9436,0.038146271251365604
BRIGHT,9437,-0.04648343441337944
BRIGHT,9438,-0.07179322129647522
BRIGHT,9439,0.08942587733532747
BRIGHT,9440,-0.0701380864141047
BRIGHT,9441,-0.10692696855870117
BRIGHT,9442,0.028122967503661233
BRIGHT,9443,0.08722346833711375
BRIGHT,9444,0.025641733312560498
BRIGHT,9445,0.10548812581187755
BRIGHT,9446,-0.07561909811096548
BRIGHT,9447,-0.03007288414794743
BRIGHT,9448,-0.06239825455236674
BRIGHT,9449,-0.1772839137777787
BRIGHT,9450,0.024097507991793662
BRIGHT,9451,-0.052093668168315566
BRIGHT,9452,-0.0055932313630605015
BRIGHT,9453,0.084060198270852
BRIGHT,9454,-0.050174208848364675
BRIGHT,9455,0.005399499492849595
BRIGHT,9456,-0.13085236312891427
BRIGHT,9457,0.03808785923900505
BRIGHT,9458,-0.04347069179491316
BRIGHT,9459,-0.057153954056208926
BRIGHT,9460,-0.02648140956060978
BRIGHT,9461,-0.03101627761107708
BRIGHT,9462,0.06707136753688017
BRIGHT,9463,-0.062316212791348295
BRIGHT,9464,-0.029829399080690506
BRIGHT,9465,0.047828375456771224
BRIGHT,9466,-0.04367487577261997
BRIGHT,9467,0.08266801080110013
BRIGHT,9468,0.017290259217846052
BRIGHT,9469,0.005956315362089605
BRIGHT,9470,-0.035095783944703196
BRIGHT,9471,-0.0057727064727484505
BRIGHT,9472,0.019570033641669836
BRIGHT,9473,0.0638239408690234
BRIGHT,9474,-0.0736163149292151
BRIGHT,9475,-0.15651911632389418
BRIGHT,9476,-0.07379947742505474
BRIGHT,9477,0.09014432617866737
BRIGHT,9478,-0.018053454578668908
BRIGHT,9479,-0.10522526122015138
BRIGHT,9480,0.024404936343557938
BRIGHT,9481,-0.0456487979397941
BRIGHT,9482,0.037986226340395134
BRIGHT,9483,0.051626056797870384
BRIGHT,9484,-0.09191917215303096
BRIGHT,9485,-0.10588489302369697
BRIGHT,9486,-0.013939094608920951
BRIGHT,9487,0.022020780654818824
BRIGHT,9488,-0.06466679637515106
BRIGHT,9489,0.013464702631477997
BRIGHT,9490,0.020480031955188195
BRIGHT,9491,0.050534575114308436
BRIGHT,9492,-0.04266096814687732
BRIGHT,9493,-0.14942683321942127
BRIGHT,9494,-0.15094713137391874
BRIGHT,9495,-0.020046000791593264
BRIGHT,9496,0.13591425330949947
BRIGHT,9497,-0.09749958156435885
BRIGHT,9498,-0.04045599316869148
BRIGHT,9499,-0.08302660079224151
BRIGHT,9500,-0.0360801467820365
BRIGHT,9501,-0.021809397614108585
BRIGHT,9502,0.057703436537815886
BRIGHT,9503,-0.013826397429299846
BRIGHT,9504,-0.03916544199591142
BRIGHT,9505,-0.01151001308852919
BRIGHT,9506,0.07103627571851931
BRIGHT,9507,0.028933628165063015
BRIGHT,9508,0.02843682127656121
BRIGHT,9509,-0.03667658871638654
BRIGHT,9510,-0.00495900676341588
BRIGHT,9511,-0.06482624601605572
BRIGHT,9512,0.00135891560681384
BRIGHT,9513,0.0640698975487586
BRIGHT,9514,0.11703015184202295
BRIGHT,9515,-0.008659339631059361
BRIGHT,9516,0.04619215711951895
BRIGHT,9517,-0.01769114793330931
BRIGHT,9518,0.07880109404379802
BRIGHT,9519,0.01798677233674588
BRIGHT,9520,0.0030505154816833457
BRIGHT,9521,0.03612395621209439
BRIGHT,9522,-0.15166000519067863
BRIGHT,9523,0.03394808603465627
BRIGHT,9524,0.039657900934553875
BRIGHT,9525,-0.03206636623355423
BRIGHT,9526,0.08824009188789741
BRIGHT,9527,-0.017616581641139523
BRIGHT,9528,-0.057699588094920026
BRIGHT,9529,-0.06194541940151958
BRIGHT,9530,0.10308092349675552
BRIGHT,9531,0.006682871162580984
BRIGHT,9532,-0.00497474563446819
BRIGHT,9533,-0.0214479401596915
BRIGHT,9534,-0.13694412858803237
BRIGHT,9535,-0.0484521196118796
BRIGHT,9536,-0.006615034980862163
BRIGHT,9537,-0.047122152640562465
BRIGHT,9538,-0.06572434581436216
BRIGHT,9539,-0.050872431560530604
BRIGHT,9540,-0.08707575589785901
BRIGHT,9541,0.0903004655438421
BRIGHT,9542,-0.0426467574485604
BRIGHT,9543,0.09242773676163775
BRIGHT,9544,0.01519535643446556
BRIGHT,9545,0.022073516419959034
BRIGHT,9546,-0.006525353341137223
BRIGHT,9547,0.21489211373004494
BRIGHT,9548,0.033477078054898746
BRIGHT,9549,-0.01718964227866187
BRIGHT,9550,-0.0159226142267948
BRIGHT,9551,0.07727248354284952
BRIGHT,9552,0.03269195322550029
BRIGHT,9553,0.16382547000551606
BRIGHT,9554,0.035826453996747776
BRIGHT,9555,0.07903693822987093
BRIGHT,9556,0.06792056058600422
BRIGHT,9557,0.0743059004791449
BRIGHT,9558,0.10590887273569323
BRIGHT,9559,-0.05245323867217378
BRIGHT,9560,0.04972399845819404
BRIGHT,9561,-0.0106349184351294
BRIGHT,9562,0.0008358732529152019
BRIGHT,9563,0.006726802403435814
BRIGHT,9564,0.040995745607088206
BRIGHT,9565,-0.013891716357565578
BRIGHT,9566,-0.11298177129820439
BRIGHT,9567,0.16314916405511481
BRIGHT,9568,0.14871649840913875
BRIGHT,9569,-0.1138896441295905
BRIGHT,9570,0.05389393059702921
BRIGHT,9571,0.05029887834967261
BRIGHT,9572,0.09056565142706202
BRIGHT,9573,-0.05900737823431615
BRIGHT,9574,-0.03716316402005062
BRIGHT,9575,0.03867720103423111
BRIGHT,9576,0.0011495328374876983
BRIGHT,9577,-0.04437560619003705
BRIGHT,9578,-0.05689276505723322
BRIGHT,9579,-0.05498911154927826
BRIGHT,9580,-0.05195739862791422
BRIGHT,9581,0.013294116794385512
BRIGHT,9582,0.030754001777213227
BRIGHT,9583,0.07109283454183855
BRIGHT,9584,0.039579149219861984
BRIGHT,9585,0.07213506969036117
BRIGHT,9586,0.012471542842986339
BRIGHT,9587,0.047137094685341226
BRIGHT,9588,-0.09451613089418799
BRIGHT,9589,-0.08545254802787527
BRIGHT,9590,-0.051492809057893794
BRIGHT,9591,-0.028700459836818577
BRIGHT,9592,0.03009178496465685
BRIGHT,9593,0.020064957561560216
BRIGHT,9594,0.05418530222157687
BRIGHT,9595,0.0023304771371996935
BRIGHT,9596,0.06884040326479923
BRIGHT,9597,0.04271949041999518
BRIGHT,9598,0.019548862457663147
BRIGHT,9599,0.02769954992199523
BRIGHT,9600,-0.01696209852221474
BRIGHT,9601,0.10153054526795315
BRIGHT,9602,0.05353164032270889
BRIGHT,9603,-0.03643122966703118
BRIGHT,9604,0.150528591741093
BRIGHT,9605,0.03754462248577132
BRIGHT,9606,-0.023579743062202382
BRIGHT,9607,0.10846715281834002
BRIGHT,9608,-0.011972545746998879
BRIGHT,9609,0.0485236441779833
BRIGHT,9610,0.005418914111701512
BRIGHT,9611,-0.06393615199489978
BRIGHT,9612,-0.10762093041626286
BRIGHT,9613,-0.1266268579720359
BRIGHT,9614,0.02085631503538668
BRIGHT,9615,0.017297875099480896
BRIGHT,9616,-0.007107973097873157
BRIGHT,9617,0.018937005687640847
BRIGHT,9618,-0.050639412627415434
BRIGHT,9619,0.060618213002440656
BRIGHT,9620,0.08614587092281843
BRIGHT,9621,-0.042100675460072234
BRIGHT,9622,0.11342545812664492
BRIGHT,9623,-0.05796899027088709
BRIGHT,9624,0.08689088242693896
BRIGHT,9625,-0.0015180882126318146
BRIGHT,9626,-0.10609906686512457
BRIGHT,9627,0.09956442689684834
BRIGHT,9628,-0.021864652982130736
BRIGHT,9629,-0.11999191623066362
BRIGHT,9630,0.04233792589338066
BRIGHT,9631,0.036575223786493416
BRIGHT,9632,0.03651262630179115
BRIGHT,9633,-0.03843518516755158
BRIGHT,9634,-0.005067782851511805
BRIGHT,9635,0.0056269997794684955
BRIGHT,9636,0.01988102030574015
BRIGHT,9637,0.02327640274290228
BRIGHT,9638,-0.054237838574987665
BRIGHT,9639,0.04843746483464787
BRIGHT,9640,-0.03679190305308398
BRIGHT,9641,0.0024872905505041627
BRIGHT,9642,0.0466024957254311
BRIGHT,9643,-0.056673495392450965
BRIGHT,9644,-0.003580975432494829
BRIGHT,9645,0.07383219325632834
BRIGHT,9646,-0.04481478068379985
BRIGHT,9647,-0.0243142283949645
BRIGHT,9648,-0.1475451176609104
BRIGHT,9649,-0.008198692726577809
BRIGHT,9650,-0.15522766102629695
BRIGHT,9651,-0.06356886883368408
BRIGHT,9652,-0.035802091939491666
BRIGHT,9653,0.0040457261103156745
BRIGHT,9654,-0.008561917919887545
BRIGHT,9655,-0.06179533172963383
BRIGHT,9656,-0.047753093169356886
BRIGHT,9657,0.006358403381129274
BRIGHT,9658,0.07558148675046356
BRIGHT,9659,-0.05645072043793938
BRIGHT,9660,-0.02997736072690465
BRIGHT,9661,-0.07421399069132116
BRIGHT,9662,-0.06445649712486405
BRIGHT,9663,-0.10725207449040304
BRIGHT,9664,-0.05926280314856299
BRIGHT,9665,-0.10343963511799917
BRIGHT,9666,-0.026850613334479582
BRIGHT,9667,0.05956721344524316
BRIGHT,9668,-0.048600262382590735
BRIGHT,9669,0.059236246099398294
BRIGHT,9670,-0.007434561236827347
BRIGHT,9671,0.058515956092093174
BRIGHT,9672,0.059268881598129916
BRIGHT,9673,-0.03399557415483698
BRIGHT,9674,0.0458570468507397
BRIGHT,9675,-0.03309347306710364
BRIGHT,9676,0.037254333834124305
BRIGHT,9677,0.012740350391129123
BRIGHT,9678,0.03603364737841409
BRIGHT,9679,-0.009492815023384553
BRIGHT,9680,-0.16246838303502284
BRIGHT,9681,0.03762493891847122
BRIGHT,9682,-0.14589024348317609
BRIGHT,9683,-0.08638557664338231
BRIGHT,9684,-0.049954432464204675
BRIGHT,9685,0.03920467384361875
BRIGHT,9686,0.023165853789511973
BRIGHT,9687,0.08294056011607003
BRIGHT,9688,-0.014745841977979653
BRIGHT,9689,-0.11872394630658199
BRIGHT,9690,-0.034272465430174634
BRIGHT,9691,-0.07226075298550252
BRIGHT,9692,-0.011116182201769187
BRIGHT,9693,0.08342306561176387
BRIGHT,9694,0.026093667031926462
BRIGHT,9695,0.017599149589746798
BRIGHT,9696,-0.09229454217428722
BRIGHT,9697,0.02760430304795401
BRIGHT,9698,-0.16093204666238176
BRIGHT,9699,-0.06460475541627823
BRIGHT,9700,-0.09130668865886674
BRIGHT,9701,-0.11936376618413842
BRIGHT,9702,-0.0005595816226210989
BRIGHT,9703,0.0364547314775906
BRIGHT,9704,-0.09463399982439169
BRIGHT,9705,-0.08515002109398645
BRIGHT,9706,-0.018605498824496424
BRIGHT,9707,0.06316471170433183
BRIGHT,9708,-0.1529860761034877
BRIGHT,9709,-0.023888975290948123
BRIGHT,9710,-0.032680753627495535
BRIGHT,9711,0.020240566076386062
BRIGHT,9712,-0.013723510123754258
BRIGHT,9713,0.09610724280801365
BRIGHT,9714,-0.013178264817607562
BRIGHT,9715,0.031207179305131654
BRIGHT,9716,0.05983637887289883
BRIGHT,9717,-0.026850813015961542
BRIGHT,9718,0.09393286835582391
BRIGHT,9719,-0.04685523133468915
BRIGHT,9720,-0.01731220032318203
BRIGHT,9721,0.07734967171459933
BRIGHT,9722,-0.004137634281243585
BRIGHT,9723,0.04242885807641299
BRIGHT,9724,-0.08973844536126886
BRIGHT,9725,0.022106691129299846
BRIGHT,9726,-0.0013703678798720272
BRIGHT,9727,0.0028496686773757936
BRIGHT,9728,0.03230043694594803
BRIGHT,9729,-0.04779264997849761
BRIGHT,9730,-0.07102564546187633
BRIGHT,9731,-0.003706783805217495
BRIGHT,9732,-0.04579907188120628
BRIGHT,9733,0.08644583901129098
BRIGHT,9734,0.033310187607512316
BRIGHT,9735,0.027247395603440593
BRIGHT,9736,-0.0483841981591254
BRIGHT,9737,-0.01453350998577993
BRIGHT,9738,-0.07262259139067234
BRIGHT,9739,-0.018198189534934833
BRIGHT,9740,-0.05112185467547841
BRIGHT,9741,0.0010661360556016215
BRIGHT,9742,-0.03368437425142397
BRIGHT,9743,-0.07665629441766189
BRIGHT,9744,0.05676279102168378
BRIGHT,9745,-0.042797495041826866
BRIGHT,9746,-0.05512833129400643
BRIGHT,9747,-0.06177120365299875
BRIGHT,9748,-0.01836621933313531
BRIGHT,9749,-0.028000529770540728
BRIGHT,9750,-0.018691224675132755
BRIGHT,9751,0.08496807302840385
BRIGHT,9752,-0.012846144090326176
BRIGHT,9753,0.04494593911896396
BRIGHT,9754,-0.05885696806964447
BRIGHT,9755,-0.08804644291181785
BRIGHT,9756,0.0803056143681292
BRIGHT,9757,-0.03928315169154313
BRIGHT,9758,-0.0660037457363202
BRIGHT,9759,0.04486242424479329
BRIGHT,9760,-0.051728858120144404
BRIGHT,9761,0.03076017664186721
BRIGHT,9762,0.01904878243050826
BRIGHT,9763,0.04142131358760887
BRIGHT,9764,-0.026546457731203312
BRIGHT,9765,0.07891616647796014
BRIGHT,9766,0.04715517496078838
BRIGHT,9767,0.030233930271430284
BRIGHT,9768,-0.06642084586282856
BRIGHT,9769,0.06263973407063421
BRIGHT,9770,0.09084998510012873
BRIGHT,9771,-0.005574173471794722
BRIGHT,9772,0.04074195878787239
BRIGHT,9773,0.012050057030901807
BRIGHT,9774,0.048239173616242276
BRIGHT,9775,-0.13504027989499967
BRIGHT,9776,-0.04408555753505761
BRIGHT,9777,-0.009687353711918714
BRIGHT,9778,-0.06415407600590331
BRIGHT,9779,0.14535840081927182
BRIGHT,9780,0.0034498805821821864
BRIGHT,9781,0.13326756205696913
BRIGHT,9782,-0.05197433378127281
BRIGHT,9783,-0.04622858687132383
BRIGHT,9784,0.14095486897789983
BRIGHT,9785,-0.014768665113790963
BRIGHT,9786,-0.05928998188975807
BRIGHT,9787,0.10674283928349915
BRIGHT,9788,0.0023637915565002466
BRIGHT,9789,-0.04616615289151258
BRIGHT,9790,-0.0754338337422522
BRIGHT,9791,0.05532868909003909
BRIGHT,9792,0.05702274739223874
BRIGHT,9793,0.027425457938942556
BRIGHT,9794,-0.026269165896957096
BRIGHT,9795,-0.08120056276341414
BRIGHT,9796,-0.04506231172262428
BRIGHT,9797,0.09386972385523755
BRIGHT,9798,0.07834334425873643
BRIGHT,9799,0.076932201559089
BRIGHT,9800,-0.08785393841825356
BRIGHT,9801,0.03625617783966483
BRIGHT,9802,0.12017329017648479
BRIGHT,9803,0.02001953568071219
BRIGHT,9804,0.09576661269224994
BRIGHT,9805,-0.06616672916686217
BRIGHT,9806,0.05324112026311327
BRIGHT,9807,-0.11211467443366942
BRIGHT,9808,-0.06972465784809612
BRIGHT,9809,-0.08483099717703928
BRIGHT,9810,0.07507080187143313
BRIGHT,9811,0.000599998720572271
BRIGHT,9812,-0.04318089225840958
BRIGHT,9813,-0.001736961800122775
BRIGHT,9814,-0.037817185179727174
BRIGHT,9815,0.06735029051426016
BRIGHT,9816,-0.029478862317194484
BRIGHT,9817,-0.02810381974718014
BRIGHT,9818,-0.08780223631981143
BRIGHT,9819,-0.03367019162582286
BRIGHT,9820,-0.06970329820381477
BRIGHT,9821,-0.056690988605404245
BRIGHT,9822,-0.02599651355395015
BRIGHT,9823,-0.04377814179391033
BRIGHT,9824,0.07928016604776726
BRIGHT,9825,0.03850558053204902
BRIGHT,9826,0.03891449067093256
BRIGHT,9827,-0.10179668519203554
BRIGHT,9828,0.05843626257538967
BRIGHT,9829,-0.023561922756777345
BRIGHT,9830,-0.04485980686660654
BRIGHT,9831,0.08680076613686234
BRIGHT,9832,-0.10081192926459119
BRIGHT,9833,-0.016556735184247943
BRIGHT,9834,0.09813147591894983
BRIGHT,9835,-0.05662422016448186
BRIGHT,9836,0.019120349481089507
BRIGHT,9837,-0.11090804858491925
BRIGHT,9838,0.028577357679117444
BRIGHT,9839,0.09071345735401366
BRIGHT,9840,0.041916871515273985
BRIGHT,9841,-0.08675577701780832
BRIGHT,9842,-0.148501555689427
BRIGHT,9843,0.09689304494576818
BRIGHT,9844,0.01639701840996024
BRIGHT,9845,-0.11135691492243305
BRIGHT,9846,0.02369861740324236
BRIGHT,9847,0.0031819855996369144
BRIGHT,9848,-0.011590513454386825
BRIGHT,9849,0.01730835504722124
BRIGHT,9850,0.054110199743609234
BRIGHT,9851,-0.060078491670074244
BRIGHT,9852,0.02303384593362153
BRIGHT,9853,0.004639364105409444
BRIGHT,9854,-0.008301234735788107
BRIGHT,9855,0.08578938827695907
BRIGHT,9856,0.008563519554875368
BRIGHT,9857,0.004567300837025846
BRIGHT,9858,0.051777466689474326
BRIGHT,9859,0.07552017716844268
BRIGHT,9860,-0.08787609570859263
BRIGHT,9861,-0.046323343920086184
BRIGHT,9862,0.0320397919551167
BRIGHT,9863,-0.0022662845978460556
BRIGHT,9864,-0.03666989244511486
BRIGHT,9865,-0.1960662435486162
BRIGHT,9866,-0.03284563890572246
BRIGHT,9867,-0.10104448784752741
BRIGHT,9868,-0.027228816736364278
BRIGHT,9869,-0.04345666327009184
BRIGHT,9870,0.07375643251358305
BRIGHT,9871,-0.08586241976073485
BRIGHT,9872,-0.01035856775569512
BRIGHT,9873,-0.018857042825607274
BRIGHT,9874,-0.022749830465226953
BRIGHT,9875,-0.04076595049591921
BRIGHT,9876,0.040065332456616455
BRIGHT,9877,0.04133905747646285
BRIGHT,9878,0.07178293882145076
BRIGHT,9879,-0.009996440471357537
BRIGHT,9880,-0.023424322856249173
BRIGHT,9881,0.0029781195213687515
BRIGHT,9882,-0.023417095875009657
BRIGHT,9883,0.058929908742384504
BRIGHT,9884,-0.06015433499746406
BRIGHT,9885,-0.03316265108781943
BRIGHT,9886,-0.008611872783694432
BRIGHT,9887,0.06944389176230474
BRIGHT,9888,-0.03709013204965288
BRIGHT,9889,0.007551891494939627
BRIGHT,9890,-0.04385781304135023
BRIGHT,9891,0.07703059362247738
BRIGHT,9892,-0.03751447389819747
BRIGHT,9893,-0.011613741757640562
BRIGHT,9894,0.008210773136777883
BRIGHT,9895,0.0038783280721706357
BRIGHT,9896,0.09751337723909438
BRIGHT,9897,0.06821748767460876
BRIGHT,9898,0.11185049220270173
BRIGHT,9899,-0.04323610772893074
BRIGHT,9900,0.09195484955754926
BRIGHT,9901,-0.10886235088131223
BRIGHT,9902,0.026415017479405084
BRIGHT,9903,-0.03652627506580596
BRIGHT,9904,0.1095978276523761
BRIGHT,9905,0.02530011726004221
BRIGHT,9906,-0.01049356857976619
BRIGHT,9907,0.015821362816347554
BRIGHT,9908,0.03465399013163528
BRIGHT,9909,0.051348734365813144
BRIGHT,9910,0.007698059361317726
BRIGHT,9911,0.0016386989505272342
BRIGHT,9912,-0.05613926206210393
BRIGHT,9913,0.051704170827020744
BRIGHT,9914,-0.1233713063822207
BRIGHT,9915,-0.10094199666703979
BRIGHT,9916,0.015065311105616166
BRIGHT,9917,0.01723716549424922
BRIGHT,9918,-0.09899046452698879
BRIGHT,9919,-0.0289565486424908
BRIGHT,9920,0.02680656136144684
BRIGHT,9921,-0.04869811733448973
BRIGHT,9922,0.029964486678800282
BRIGHT,9923,-0.0023691270708997804
BRIGHT,9924,-0.014517625203134816
BRIGHT,9925,-0.14907819640955605
BRIGHT,9926,0.0005594914742523436
BRIGHT,9927,0.011748757060510179
BRIGHT,9928,0.012874905044401887
BRIGHT,9929,-0.08167493287388933
BRIGHT,9930,-0.06356616593058576
BRIGHT,9931,0.10914608331745779
BRIGHT,9932,-0.005183808208644923
BRIGHT,9933,0.020441696560237463
BRIGHT,9934,0.07268332124557177
BRIGHT,9935,-0.09937130245772706
BRIGHT,9936,0.030606453403269975
BRIGHT,9937,0.04656735583555845
BRIGHT,9938,0.056691574590423705
BRIGHT,9939,-0.0033535597068903838
BRIGHT,9940,-0.013221316620458817
BRIGHT,9941,0.046578962828739606
BRIGHT,9942,0.04560037496661218
BRIGHT,9943,0.006458128765521039
BRIGHT,9944,0.055964636011401864
BRIGHT,9945,0.033399785967197754
BRIGHT,9946,-0.024647280823083307
BRIGHT,9947,0.012619251047302145
BRIGHT,9948,-0.03951258846021482
BRIGHT,9949,0.12846644067465118
BRIGHT,9950,0.02325559132942687
BRIGHT,9951,-0.16858683257727675
BRIGHT,9952,-0.027543868445169033
BRIGHT,9953,0.003783567993502284
BRIGHT,9954,0.07447987634025417
BRIGHT,9955,0.09809712904352516
BRIGHT,9956,0.05744605540477985
BRIGHT,9957,-0.10280546402163279
BRIGHT,9958,0.012192399278338649
BRIGHT,9959,-0.0040260049874403835
BRIGHT,9960,-0.07636837016761623
BRIGHT,9961,-0.0022999098596882773
BRIGHT,9962,-0.07091983830231093
BRIGHT,9963,0.014554841577814908
BRIGHT,9964,0.009333731311914437
BRIGHT,9965,0.0653609792458022
BRIGHT,9966,-0.08047340478243309
BRIGHT,9967,-0.10320006534362386
BRIGHT,9968,-0.10500979647443064
BRIGHT,9969,-0.05063709002496728
BRIGHT,9970,-0.03242840010230741
BRIGHT,9971,-0.05186339034977268
BRIGHT,9972,0.02747927905346881
BRIGHT,9973,-0.007949792022473983
BRIGHT,9974,-0.06398492618386724
BRIGHT,9975,-0.00821607099664752
BRIGHT,9976,-0.049522418453690646
BRIGHT,9977,-0.015087720729772248
BRIGHT,9978,-0.04683835617207631
BRIGHT,9979,0.09868703017676912
BRIGHT,9980,-0.053763967656393484
BRIGHT,9981,0.010976613330649311
BRIGHT,9982,-0.09414812071647151
BRIGHT,9983,-0.08545891020513656
BRIGHT,9984,0.15768859324675316
BRIGHT,9985,0.0602736301531492
BRIGHT,9986,0.057655768776590406
BRIGHT,9987,0.013801416344478944
BRIGHT,9988,0.09613018762616102
BRIGHT,9989,0.06915965186190745
BRIGHT,9990,-0.06798550249368684
BRIGHT,9991,0.01117785716811993
BRIGHT,9992,0.08665419471989255
BRIGHT,9993,0.08518273036765811
BRIGHT,9994,-0.023028988958693576
BRIGHT,9995,0.007734330472888261
BRIGHT,9996,0.019942288337740935
BRIGHT,9997,0.0340354179981352
BRIGHT,9998,-0.014590748091550493
DARK,0,-0.14939235099877554
DARK,1,-0.30494134495012143
DARK,2,-0.08532721121097872
DARK,3,0.13314744082215973
DARK,4,-0.1445402587016414
DARK,5,0.020361410899872808
DARK,6,-0.07715682888258317
DARK,7,-0.00408808389033436
DARK,8,0.2513319792041395
DARK,9,0.21902847386193916
DARK,10,-0.25137797072592616
DARK,11,-0.21997338560459784
DARK,12,0.05433027832672993
DARK,13,-0.10968569225216644
DARK,14,-0.020907086510109547
DARK,15,-0.10346595916036475
DARK,16,-0.3087296840820228
DARK,17,-0.029220029261989425
DARK,18,0.02996171126986756
DARK,19,-0.23136798846506845
DARK,20,0.09305354686286176
DARK,21,-0.30353831725417796
DARK,22,-0.3095918681612247
DARK,23,0.10278261859038695
DARK,24,-0.08437108901941925
DARK,25,-0.0412194033083902
DARK,26,-0.44496074893210974
DARK,27,-0.0651331498337485
DARK,28,-0.22477798329187168
DARK,29,-0.11649456429244046
DARK,30,-0.4349406343368828
DARK,31,0.18186995004927933
DARK,32,0.07254383012024132
DARK,33,0.22088725273067636
DARK,34,0.2752054264985466
DARK,35,0.38145420419782444
DARK,36,-0.11842607644187468
DARK,37,0.164131288415652
DARK,38,0.07667439927824446
DARK,39,0.15748137763826878
DARK,40,0.1916547339930805
DARK,41,-0.22342891810371993
DARK,42,-0.20743971748740184
DARK,43,-0.38111617417763344
DARK,44,0.07117470640580285
DARK,45,0.34740034910429984
DARK,46,0.13324691666921845
DARK,47,0.003362203366216356
DARK,48,0.0651195277573364
DARK,49,-0.20845729389613946
DARK,50,-0.1165044132654222
DARK,51,0.19390819181655444
DARK,52,-0.2085021305876019
DARK,53,0.19821463025274827
DARK,54,-0.19721023984166874
DARK,55,0.36928455817346684
DARK,56,-0.2123292106584626
DARK,57,-0.2619865822688347
DARK,58,-0.08507730520820933
DARK,59,-0.08725554202406204
DARK,60,0.3737984912595801
DARK,61,0.07215215907651161
DARK,62,0.16712092198365092
DARK,63,-0.11852106676171516
DARK,64,0.22900310081340794
DARK,65,0.02468137553236296
DARK,66,0.002823443797963039
DARK,67,-0.28870634344009916
DARK,68,-0.194566247433514
DARK,69,0.41768150554410954
DARK,70,0.15960094980347825
DARK,71,0.15724259015501843
DARK,72,-0.2589980302006042
DARK,73,0.022231037836390008
DARK,74,0.053123312178094
DARK,75,-0.12367107848197045
DARK,76,0.10899491706742347
DARK,77,0.19048303224608984
DARK,78,-0.11315340313461726
DARK,79,-0.20706070942679297
DARK,80,0.22464452047292857
DARK,81,-0.12835656713424728
DARK,82,-0.1744134232422091
DARK,83,0.009915511734338682
DARK,84,0.25636054149811793
DARK,85,0.21832474793685328
DARK,86,0.18182729912288448
DARK,87,-0.03505190288768695
DARK,88,-0.2158662984522093
DARK,89,-0.08279609537437307
DARK,90,0.1453863559513958
DARK,91,-0.13316213486265968
DARK,92,-0.14831205845230144
DARK,93,-0.05705410569607326
DARK,94,0.1698404262201541
DARK,95,-0.18950666749626008
DARK,96,0.2635573870108749
DARK,97,-0.039226745825581354
DARK,98,-0.17159592998295997
DARK,99,0.04591143385271172
DARK,100,-0.4284389509103815
DARK,101,-0.17137528079761696
DARK,102,0.1013235832041749
DARK,103,-0.10540441450947637
DARK,104,0.0313328524607319
DARK,105,-0.21722498925233721
DARK,106,0.09783958681931193
DARK,107,0.02242420376639681
DARK,108,-0.04121465452975144
DARK,109,0.019127285294487963
DARK,110,-0.23596747276250693
DARK,111,0.16392382666945027
DARK,112,0.15563657221706023
DARK,113,-0.4801331567703345
DARK,114,-0.10406587460662993
DARK,115,0.07310490220062343
DARK,116,0.27956047071244605
DARK,117,0.18455774240174488
DARK,118,0.12346831464972856
DARK,119,0.36435276026071894
DARK,120,0.023672584068461906
DARK,121,-0.12173040080930063
DARK,122,0.004831098629589651
DARK,123,0.11590158541004333
DARK,124,0.21377054072012588
DARK,125,-0.03503147569010924
DARK,126,0.07981427160325574
DARK,127,-0.18003099154807659
DARK,128,-0.21842415476120167
DARK,129,-0.16276780232287058
DARK,130,-0.034126513742356736
DARK,131,0.4060071507870913
DARK,132,-0.30370229986695846
DARK,133,-0.3688269437974464
DARK,134,0.03158447754166976
DARK,135,-0.29468378180484384
DARK,136,0.1614422710245173
DARK,137,-0.1149183077688317
DARK,138,-0.1876204822084764
DARK,139,0.24011262625637186
DARK,140,-0.31277150497315903
DARK,141,-0.19317286752915427
DARK,142,-0.13316059732463628
DARK,143,-0.29916003061172414
DARK,144,-0.1468760214792638
DARK,145,0.08899140615329712
DARK,146,-0.16803571764127115
DARK,147,0.1009212833065876
DARK,148,-0.29968995486992106
DARK,149,0.3749508913222894
DARK,150,-0.310259470276124
DARK,151,0.2696519318594581
DARK,152,-0.0879339664587548
DARK,153,-0.26792564932867563
DARK,154,-0.11378461627582076
DARK,155,0.11241311073007022
DARK,156,0.31317064478117623
DARK,157,-0.050874433451065536
DARK,158,0.12200857988868499
DARK,159,0.015189150644188614
DARK,160,0.23249542660945446
DARK,161,-0.01069980419368641
DARK,162,-0.1569978849225266
DARK,163,0.04629374360779651
DARK,164,-0.1819559122275644
DARK,165,0.1256648183223736
DARK,166,0.12403460882876992
DARK,167,0.30498018713595015
DARK,168,-0.2630375022646412
DARK,169,-0.08016442777073707
DARK,170,-0.2723058015680221
DARK,171,0.308628339758778
DARK,172,-0.0660043350309864
DARK,173,0.315380792957443
DARK,174,-0.1883326934878634
DARK,175,0.03212550730387955
DARK,176,0.26438880074354554
DARK,177,0.15928284575430177
DARK,178,0.21042282052927508
DARK,179,0.27163365727649286
DARK,180,-0.26992338019886386
DARK,181,-0.15337584252662492
DARK,182,0.10089834262144685
DARK,183,0.19395848268361796
DARK,184,-0.14614685058906812
DARK,185,-0.0965373504139696
DARK,186,0.3202264311697183
DARK,187,-0.12702124698818448
DARK,188,0.3158514497984016
DARK,189,-0.048110088269381776
DARK,190,0.22101548125333859
DARK,191,0.01449409637281817
DARK,192,-0.11446947190064
DARK,193,-0.44330402750278586
DARK,194,-0.035963419947140605
DARK,195,-0.1198073769433378
DARK,196,0.20767156135198336
DARK,197,0.04725081434095578
DARK,198,0.4462874491036032
DARK,199,-0.052345654433151
DARK,200,0.3098354109990907
DARK,201,-0.030210647093603157
DARK,202,-0.39534255231654636
DARK,203,0.42965725078834427
DARK,204,-0.031226269347879088
DARK,205,0.0377916984212796
DARK,206,0.09499818286649293
DARK,207,-0.22229155906827844
DARK,208,-0.09865009782071169
DARK,209,-0.20077880508818985
DARK,210,0.20553180580823074
DARK,211,0.20024161999147158
DARK,212,-0.0031847262163787033
DARK,213,0.14744736053489077
DARK,214,-0.2246072237192671
DARK,215,-0.3140420291837823
DARK,216,-0.24331289464686714
DARK,217,-0.050989988819815785
DARK,218,-0.18773340213440312
DARK,219,0.040636969210320804
DARK,220,-0.15520883370603164
DARK,221,0.2209521163440724
DARK,222,0.2970896771016861
DARK,223,-0.3611446409014792
DARK,224,-0.07599217404922037
DARK,225,0.07544981467355169
DARK,226,-0.26544619009562787
DARK,227,0.049657202403148804
DARK,228,-0.006144347703851922
DARK,229,0.07937135464769138
DARK,230,-0.044651553260428474
DARK,231,0.011495409733401553
DARK,232,0.17696704069982971
DARK,233,0.22860379874353443
DARK,234,0.1968128645626119
DARK,235,0.13589762322722757
DARK,236,0.16038755408650768
DARK,237,-0.30356554499613114
DARK,238,-0.026484472682467012
DARK,239,-0.013566096546585152
DARK,240,0.41394783158255494
DARK,241,-0.23963731533693133
DARK,242,0.5331079775212874
DARK,243,-0.020892478283184447
DARK,244,-0.23209673559226915
DARK,245,-0.025021462578657144
DARK,246,0.16212261876143816
DARK,247,-0.23064062623886306
DARK,248,-0.27542048882508535
DARK,249,0.11142513223324005
DARK,250,0.38883788700800437
DARK,251,-0.38421513239444965
DARK,252,-0.2854117208067598
DARK,253,-0.15244507884747938
DARK,254,-0.5081697759157516
DARK,255,0.03778136113276408
DARK,256,-0.11618790789355582
DARK,257,-0.19197795879173868
DARK,258,-0.04356244054147142
DARK,259,0.005018013308536967
DARK,260,-0.28653499464878623
DARK,261,0.09204589018077819
DARK,262,-0.38528496875898255
DARK,263,0.31780137655218804
DARK,264,-0.2164736526092002
DARK,265,0.071175681552493
DARK,266,0.205608967187286
DARK,267,-0.3744451597810401
DARK,268,0.3052684736954915
DARK,269,-0.2195165510421182
DARK,270,0.16730413342785094
DARK,271,0.005490108907520138
DARK,272,-0.04121107579484622
DARK,273,0.013747707467713614
DARK,274,0.08345291161876542
DARK,275,-0.21287823178118448
DARK,276,-0.018763891018366542
DARK,277,0.15590499459096005
DARK,278,0.04075728472504045
DARK,279,-0.2615803328832801
DARK,280,0.3312267679143603
DARK,281,-0.19520681466081852
DARK,282,-0.4039025372696937
DARK,283,-0.14163382895479698
DARK,284,-0.3191851751957625
DARK,285,-0.022862542253540674
DARK,286,0.12424042451881782
DARK,287,0.3206526816816979
DARK,288,-0.32241735682267275
DARK,289,-0.043477369118294903
DARK,290,0.051672935408545
DARK,291,-0.27215899037825314
DARK,292,0.15268292556628327
DARK,293,0.08381379382403947
DARK,294,-0.2678510783283491
DARK,295,0.12776339487285313
DARK,296,0.17585467501193883
DARK,297,0.18331902211470577
DARK,298,0.30236976495073276
DARK,299,-0.02936564940910199
DARK,300,0.1453899738439779
DARK,301,0.004269185082191625
DARK,302,0.07844698048711404
DARK,303,0.43095023097570956
DARK,304,-0.1857222944202093
DARK,305,-0.07994121957927618
DARK,306,0.013269803125757993
DARK,307,0.030335555858751313
DARK,308,-0.182827770278571
DARK,309,0.13322905069722937
DARK,310,-0.09734451627931781
DARK,311,-0.028991843890726884
DARK,312,0.5215844111166028
DARK,313,-0.13495416692180884
DARK,314,-0.14090622073308984
DARK,315,0.4612194076119241
DARK,316,0.05581094772490614
DARK,317,-0.07034405335724206
DARK,318,-0.07438832328820943
DARK,319,-0.19604354158965656
DARK,320,0.23213813051969595
DARK,321,-0.12688469771188302
DARK,322,-0.2887276010624583
DARK,323,-0.1087346022954309
DARK,324,-0.11375522887158265
DARK,325,0.05680994709830046
DARK,326,0.39763599641243724
DARK,327,-0.08021349616410083
DARK,328,0.24315009831655687
DARK,329,-0.23609928639109776
DARK,330,0.07411352763847143
DARK,331,-0.2320919871175337
DARK,332,0.04142186413919403
DARK,333,-0.008185693609623151
DARK,334,-0.14928244571217958
DARK,335,0.4847228697012655
DARK,336,-0.07368983650143691
DARK,337,-0.13306015308502267
DARK,338,0.058779787121015184
DARK,339,-0.552268889232202
DARK,340,-0.33348602694618523
DARK,341,0.05228534772186248
DARK,342,-0.0857722126401857
DARK,343,0.13319609478157668
DARK,344,-0.12113959408587907
DARK,345,0.08781331640185298
DARK,346,0.2827923852164614
DARK,347,-0.1623389879093944
DARK,348,0.4255528399129373
DARK,349,0.016324621475180434
DARK,350,-0.14370793227018316
DARK,351,-0.05884142672781698
DARK,352,0.05563325122654306
DARK,353,-0.060395572737759855
DARK,354,-0.137630774221634
DARK,355,-0.23030939190320487
DARK,356,0.19855950983704446
DARK,357,-0.021792326366793752
DARK,358,0.21132258220646866
DARK,359,-0.3761815543882038
DARK,360,-0.03340939635063543
DARK,361,-0.04289344311513327
DARK,362,0.31815685485834244
DARK,363,-0.3380770645928918
DARK,364,0.19083523257621238
DARK,365,-0.28378687137043795
DARK,366,-0.4243490402061076
DARK,367,-0.2160356699637394
DARK,368,0.03877061791838448
DARK,369,-0.05412802391402634
DARK,370,-0.1791228300536932
DARK,371,0.15107540593154548
DARK,372,0.09774519899721193
DARK,373,0.4723280591229545
DARK,374,-0.49620791668216724
DARK,375,0.179181090520244
DARK,376,-0.01347179893001882
DARK,377,-0.13824778619681552
DARK,378,0.10361264164951765
DARK,379,-0.05335749907873714
DARK,380,-0.005727264267078772
DARK,381,-0.06255248164649825
DARK,382,-0.030786509078599172
DARK,383,-0.38015621975594327
DARK,384,0.08447067529835395
DARK,385,0.2701144024855056
DARK,386,-0.0642194166283567
DARK,387,0.0013824249701657044
DARK,388,0.1268826696221577
DARK,389,-0.34120480080661136
DARK,390,-0.2892349465365709
DARK,391,-0.0628992771276223
DARK,392,-0.2676846109162584
DARK,393,-0.05578410909630146
DARK,394,0.20558339331515818
DARK,395,-0.09994471135947226
DARK,396,-0.2598086136875741
DARK,397,0.1834034857951351
DARK,398,0.37526428520291377
DARK,399,0.2112589658052169
DARK,400,0.34495698435519223
DARK,401,0.18821904097899722
DARK,402,-0.2573302907883717
DARK,403,0.1694974020283707
DARK,404,0.3839302587495314
DARK,405,0.2445002511349386
DARK,406,-0.056906985329656816
DARK,407,-0.19365287018738436
DARK,408,-0.16748990276594403
DARK,409,-0.20614204627941332
DARK,410,0.30060656080542697
DARK,411,-0.08876836237952085
DARK,412,0.16825991519299402
DARK,413,-0.08093691068956022
DARK,414,0.25947820344807637
DARK,415,0.3049864471349733
DARK,416,0.04685578974053687
DARK,417,-0.16478677023551183
DARK,418,-0.046397292680871484
DARK,419,-0.03418723281098714
DARK,420,-0.06109024257135681
DARK,421,-0.028706027786434603
DARK,422,-0.04437819205721465
DARK,423,-0.15872192810262645
DARK,424,0.09554035037594202
DARK,425,-0.1635673197433478
DARK,426,-0.1877970221596969
DARK,427,-0.4195381517664674
DARK,428,-0.2724264248648079
DARK,429,0.16011602875478353
DARK,430,-0.03252681759408814
DARK,431,-0.02069297297527339
DARK,432,0.0261728680414134
DARK,433,-0.21493753830352066
DARK,434,0.1430820705927845
DARK,435,0.12912903458638383
DARK,436,-0.20002053295363403
DARK,437,0.024338014122845864
DARK,438,-0.11777780601816205
DARK,439,0.2257418430765594
DARK,440,0.24270080434125801
DARK,441,-0.16481241802633426
DARK,442,-0.10203747023803848
DARK,443,0.29949808546576695
DARK,444,0.3708032079935241
DARK,445,-0.10858474419830422
DARK,446,-0.0192953111455457
DARK,447,-0.01101893570123901
DARK,448,0.08258484638005595
DARK,449,-0.12740925607765494
DARK,450,0.008799519807299849
DARK,451,0.394890531640147
DARK,452,-0.17012736958484237
DARK,453,-0.03397874694362949
DARK,454,0.1911598827996062
DARK,455,0.4271031965557628
DARK,456,0.14920501215386195
DARK,457,0.2580940915324753
DARK,458,0.0312460167397417
DARK,459,-0.12507984498161015
DARK,460,-0.03525890250119019
DARK,461,-0.14144142149411434
DARK,462,-0.519902107711856
DARK,463,0.233972384362016
DARK,464,-0.02720723913068361
DARK,465,-0.001885083840269612
DARK,466,-0.05345801311675533
DARK,467,-0.20553131116918058
DARK,468,0.28242866558990365
DARK,469,0.2567526328666751
DARK,470,0.03064626891747217
DARK,471,-0.19944922447501187
DARK,472,-0.3081076367295815
DARK,473,-0.12478682039804725
DARK,474,-0.4376259604212437
DARK,475,-0.07077804075498804
DARK,476,-0.1187256525439684
DARK,477,-0.3901267463452206
DARK,478,0.20579880296984024
DARK,479,0.06990578572843391
DARK,480,0.28063611718015324
DARK,481,0.12063267278783973
DARK,482,-0.024879300479963083
DARK,483,-0.07242041063231247
DARK,484,0.142541890736994
DARK,485,0.01252030140939653
DARK,486,0.13054451263333403
DARK,487,-0.25251996900508833
DARK,488,0.2833319520411776
DARK,489,-0.05629625620289097
DARK,490,-0.19944085221715982
DARK,491,0.10022282886902402
DARK,492,-0.32337816357782806
DARK,493,-0.36030017153352034
DARK,494,-0.039339115959072204
DARK,495,0.47936865083895097
DARK,496,-0.1542284091071536
DARK,497,0.15826796440679342
DARK,498,0.31650796995722347
DARK,499,-0.21854239988592966
DARK,500,0.48879810259199324
DARK,501,0.38710354506137395
DARK,502,-0.3255040509182692
DARK,503,0.10197201895672232
DARK,504,-0.15139426881177048
DARK,505,-0.1585174861065744
DARK,506,0.26738789482884806
DARK,507,-0.04475219072802021
DARK,508,0.08143447790599627
DARK,509,0.3600514711683556
DARK,510,0.4364634893550557
DARK,511,-0.02703209295975486
DARK,512,0.4719185497921715
DARK,513,-0.05525713397824976
DARK,514,-0.07445931456238557
DARK,515,-0.36162469455203505
DARK,516,-0.13055938742514905
DARK,517,0.2025430328103478
DARK,518,-0.18725583838043053
DARK,519,-0.15041244046559155
DARK,520,-0.3295775015629889
DARK,521,-0.0017140756902765894
DARK,522,-0.039776122606282986
DARK,523,0.47012316175216756
DARK,524,0.009651758639974454
DARK,525,-0.28714886583395116
DARK,526,0.0073250743317020365
DARK,527,0.32789983658257604
DARK,528,0.046166150014296234
DARK,529,0.21611864194045313
DARK,530,0.13447757030790491
DARK,531,0.20240200783383058
DARK,532,-0.18105887143583682
DARK,533,-0.16361877947190984
DARK,534,0.06048174758060244
DARK,535,-0.1334320254992222
DARK,536,-0.3356717368999741
DARK,537,-0.20992568510190548
DARK,538,-0.1328689020329289
DARK,539,0.056220053442582484
DARK,540,-0.05589497988287188
DARK,541,-0.11660273736660791
DARK,542,-0.056877033542341325
DARK,543,0.13288441659343078
DARK,544,-0.037692109868960766
DARK,545,0.0009372550553399015
DARK,546,0.38708919212397397
DARK,547,-0.1066057227411209
DARK,548,0.3162403865651469
DARK,549,0.2053086575748914
DARK,550,-0.05199070889824334
DARK,551,-0.15058756496142567
DARK,552,-0.27422831768545863
DARK,553,-0.06097667135830654
DARK,554,0.1951146222123147
DARK,555,0.08122401710547553
DARK,556,-0.2775325386037126
DARK,557,0.19754501895316895
DARK,558,0.20320402997904827
DARK,559,-0.24593690713663144
DARK,560,-0.09344071326855734
DARK,561,-0.08464882837444654
DARK,562,-0.14186570729358366
DARK,563,0.19874739761923596
DARK,564,-0.12713361896640113
DARK,565,0.28303470859205754
DARK,566,0.1236117216998066
DARK,567,-0.058865525483391364
DARK,568,0.10758141563647616
DARK,569,0.20506869529692173
DARK,570,0.12991471330233284
DARK,571,0.16654044529894915
DARK,572,-0.14057516471168527
DARK,573,-0.07633753534659751
DARK,574,-0.14282989673728344
DARK,575,0.023496727420619846
DARK,576,0.053097422526907315
DARK,577,-0.2129945787862048
DARK,578,-0.12290895826899599
DARK,579,0.3056738308245043
DARK,580,0.3868322850219171
DARK,581,-0.25601726200833536
DARK,582,0.09637466240587977
DARK,583,0.012015246345230603
DARK,584,-0.3139750722378281
DARK,585,0.15822871101562694
DARK,586,0.0916163458862984
DARK,587,0.1067969448846131
DARK,588,-0.06715201336209237
DARK,589,0.004396534759290117
DARK,590,-0.04809807005112109
DARK,591,-0.03324293732484393
DARK,592,-0.40385624671798903
DARK,593,-0.07165892618188255
DARK,594,0.037211527718480276
DARK,595,0.323203029515065
DARK,596,0.11620278975643315
DARK,597,0.06926899503986096
DARK,598,-0.18789656832526688
DARK,599,-0.38572152353077566
DARK,600,-0.4245123788049787
DARK,601,-0.11305368489825375
DARK,602,0.15962116299083232
DARK,603,-0.051347238987386946
DARK,604,-0.012189940362725462
DARK,605,0.08819124144645824
DARK,606,-0.11285456451745712
DARK,607,-0.0672133970956461
DARK,608,-0.26387032788772463
DARK,609,-0.06652144557295353
DARK,610,-0.09876324116231605
DARK,611,0.385619090587866
DARK,612,-0.12146732172408654
DARK,613,-0.05471155748407111
DARK,614,-0.3365239831245959
DARK,615,0.12970078557090503
DARK,616,-0.2500391250432317
DARK,617,0.252645793189179
DARK,618,-0.16474594174299237
DARK,619,0.1274814327679129
DARK,620,0.42709274547313886
DARK,621,0.04468555660415168
DARK,622,-0.35958607804795845
DARK,623,0.20860250194897154
DARK,624,-0.05697376199902567
DARK,625,-0.37713301924569764
DARK,626,0.4322374435259223
DARK,627,0.049044529916037506
DARK,628,-0.17568112129359545
DARK,629,-0.28949322511898656
DARK,630,0.027945228229381416
DARK,631,-0.0013622259463661162
DARK,632,0.23112036537204989
DARK,633,0.2918780407525888
DARK,634,-0.1287025069109159
DARK,635,-0.20541982343669976
DARK,636,0.3649020155566494
DARK,637,-0.15739245419275447
DARK,638,-0.4564022002797863
DARK,639,0.12320147715805076
DARK,640,0.23309386853374772
DARK,641,0.12344410800081707
DARK,642,0.39389671080596106
DARK,643,0.037516298122663556
DARK,644,0.38600191894390795
DARK,645,0.26331730792287816
DARK,646,0.07592442113902781
DARK,647,0.0695457601454852
DARK,648,-0.27427441057277324
DARK,649,-0.38350983608515754
DARK,650,0.09610715109885538
DARK,651,-0.1859882499580186
DARK,652,-0.22608368952763594
DARK,653,0.15891833617421083
DARK,654,-0.2801225069063644
DARK,655,-0.07817163027809225
DARK,656,0.14396092254082055
DARK,657,0.18468533092104264
DARK,658,0.3067234024383475
DARK,659,0.32661727779452854
DARK,660,-0.3116532018567466
DARK,661,0.17898416158496822
DARK,662,0.0473466097679149
DARK,663,-0.24370042909793227
DARK,664,-0.019051865794662583
DARK,665,-0.4220369028346893
DARK,666,-0.007337259876786167
DARK,667,0.021641161367646756
DARK,668,-0.2564568762244235
DARK,669,0.1465816219757727
DARK,670,-0.05575433918018854
DARK,671,-0.04902346903339577
DARK,672,0.019759164685745734
DARK,673,0.21555807534174193
DARK,674,0.49738605661179836
DARK,675,-0.07789988373242458
DARK,676,0.1998467832943548
DARK,677,0.28984854969806867
DARK,678,0.012480220829746954
DARK,679,-0.0686350852880672
DARK,680,0.13083799906854335
DARK,681,-0.22855196949943116
DARK,682,0.11091313312699146
DARK,683,-0.07530889370176763
DARK,684,0.22232420130528524
DARK,685,-0.0805873008828081
DARK,686,-0.09664904535949322
DARK,687,-0.1579176707761052
DARK,688,-0.06232452103996989
DARK,689,0.01202186981671786
DARK,690,0.05931075625031092
DARK,691,0.08640615953254645
DARK,692,-0.13440628083082576
DARK,693,0.27384668514525806
DARK,694,0.26183211565780196
DARK,695,-0.12174070128471315
DARK,696,-0.1612473893620759
DARK,697,0.14676451547628042
DARK,698,0.07138309658508275
DARK,699,0.21388759563818088
DARK,700,0.17136092266407968
DARK,701,0.231230770767473
DARK,702,0.022120867563034545
DARK,703,-0.060170885666807464
DARK,704,-0.2204926849587166
DARK,705,-0.003978083798330217
DARK,706,0.14023593321567787
DARK,707,-0.2518136600103417
DARK,708,-0.2304898506027719
DARK,709,0.17106269008680167
DARK,710,-0.05560149168956666
DARK,711,0.029308033315297383
DARK,712,0.235368136251982
DARK,713,0.2967233055518566
DARK,714,0.20967294918409557
DARK,715,0.06553447037042537
DARK,716,-0.021901374268752005
DARK,717,0.10284930208805944
DARK,718,-0.19541514817414052
DARK,719,-0.3535010581982504
DARK,720,-0.27989788914273506
DARK,721,-0.18817108450735706
DARK,722,-0.31894637980434415
DARK,723,-0.19942950414990798
DARK,724,0.009021431865086828
DARK,725,-0.2308044208229841
DARK,726,0.40838897886455566
DARK,727,-0.1905694333668536
DARK,728,0.22309921861759063
DARK,729,0.004744001347513894
DARK,730,0.08436926043569848
DARK,731,0.18113185259564296
DARK,732,-0.10678597444436413
DARK,733,0.2599892069073458
DARK,734,0.3542920612962202
DARK,735,0.20196008808458754
DARK,736,-0.2532740764596392
DARK,737,0.4887767843200074
DARK,738,-0.3709454788880544
DARK,739,-0.052504902324791575
DARK,740,-0.12163726705672209
DARK,741,0.022165337342515093
DARK,742,0.2442189926612591
DARK,743,-0.037424403453920105
DARK,744,-0.09909914845608413
DARK,745,-0.0014262200921765914
DARK,746,-0.019696342931200306
DARK,747,-0.13114495432447834
DARK,748,0.17549434875227013
DARK,749,-0.09241692653779676
DARK,750,0.2857306869030442
DARK,751,-0.29196623696235136
DARK,752,-0.2668569544318835
DARK,753,0.19316577724252101
DARK,754,-0.04943748472996336
DARK,755,0.2678037700957202
DARK,756,-0.2832373779175621
DARK,757,0.1523754378330826
DARK,758,-0.27956519778416594
DARK,759,0.005751026614304763
DARK,760,0.17255847401505806
DARK,761,0.032323198026733335
DARK,762,-0.14282403838976412
DARK,763,-0.17509037051213147
DARK,764,-0.011635954714475144
DARK,765,-0.55564981358646
DARK,766,0.410859347894602
DARK,767,-0.22460862545822347
DARK,768,-0.08172732263404593
DARK,769,-0.40850702207874773
DARK,770,-0.08543882019150444
DARK,771,-0.21484438097349146
DARK,772,-0.14842746309302504
DARK,773,-0.25300957839369875
DARK,774,0.0075265076071161854
DARK,775,-0.18149799486361679
DARK,776,0.03748910961962503
DARK,777,-0.12337611061994841
DARK,778,-0.12263318712258767
DARK,779,0.13109844832692708
DARK,780,-0.2088327119509665
DARK,781,0.10563774645294816
DARK,782,-0.22226035121516213
DARK,783,0.001719416281390452
DARK,784,0.42793705108509755
DARK,785,0.3884720406279686
DARK,786,0.14196041332048928
DARK,787,0.17440002118773112
DARK,788,-0.3374409956555022
DARK,789,0.0024904923632417257
DARK,790,-0.26051388262303515
DARK,791,0.14276566223862794
DARK,792,0.2265770802602716
DARK,793,0.41554682660562897
DARK,794,0.011456383806146504
DARK,795,0.05806966598137879
DARK,796,0.16687808044521646
DARK,797,-0.006281877727303421
DARK,798,-0.0969460028588305
DARK,799,0.42885155654001145
DARK,800,0.11510515444227416
DARK,801,-0.26405919288330504
DARK,802,0.17025647581079467
DARK,803,-0.011153550171359168
DARK,804,0.03982454780127657
DARK,805,0.19243864629081534
DARK,806,-0.11319447978834243
DARK,807,0.10597704928756692
DARK,808,0.01358744485814213
DARK,809,0.07422045522055924
DARK,810,0.017778265966910484
DARK,811,0.3092112728454475
DARK,812,-0.036800784471156305
DARK,813,0.08357078127602953
DARK,814,0.03811825088789495
DARK,815,-0.34025300870364106
DARK,816,0.4541790777262877
DARK,817,0.06833421598206121
DARK,818,-0.22644592179311318
DARK,819,0.4193341444675503
DARK,820,0.05355849737751436
DARK,821,0.049369409663853635
DARK,822,0.22893641546166793
DARK,823,0.20702182005549577
DARK,824,-0.21499684844669653
DARK,825,-0.10487645263152827
DARK,826,0.10080393036880385
DARK,827,0.13795223863569442
DARK,828,0.26385218047725495
DARK,829,0.03494707544675748
DARK,830,-0.15439275338067654
DARK,831,0.044666403056212674
DARK,832,-0.0472795616201241
DARK,833,-0.0747385529941265
DARK,834,0.24415289652359215
DARK,835,0.16277139286235123
DARK,836,-0.018301995822087656
DARK,837,-0.022737570250986838
DARK,838,-0.0913968391191186
DARK,839,0.2152561599906917
DARK,840,-0.05344083230732977
DARK,841,-0.16944846669860175
DARK,842,-0.297734795394799
DARK,843,0.012948013196484136
DARK,844,-0.308313769233173
DARK,845,-0.20801917121209468
DARK,846,-0.08838091506380566
DARK,847,-0.05721141188450963
DARK,848,-0.04905506890490643
DARK,849,0.057727584043995875
DARK,850,-0.16314151278319947
DARK,851,-0.10406283708938606
DARK,852,0.1545219231699714
DARK,853,-0.02596218039181863
DARK,854,0.19860812156791666
DARK,855,-0.2122813699814259
DARK,856,0.4293542075327075
DARK,857,-0.004814936671796885
DARK,858,-0.019012244463702376
DARK,859,-0.15223036126691297
DARK,860,0.14638055558123958
DARK,861,-0.17702102109159107
DARK,862,-0.1801756267939184
DARK,863,0.4338764772339318
DARK,864,-0.1028820713534635
DARK,865,0.0038559107483239247
DARK,866,0.24670174765294356
DARK,867,0.061341166626647396
DARK,868,0.2807182065357841
DARK,869,0.08079513350415453
DARK,870,0.10833185658272486
DARK,871,-0.003999931627834025
DARK,872,0.33383177803936764
DARK,873,-0.1734241714511005
DARK,874,0.15138487800073067
DARK,875,-0.24309871609907813
DARK,876,-0.2091231199960362
DARK,877,-0.3516732594529387
DARK,878,0.07640134235857848
DARK,879,-0.1380842633249156
DARK,880,-0.13832654272130684
DARK,881,0.16395133902434936
DARK,882,0.055275551951304784
DARK,883,0.2635213530605619
DARK,884,0.3600678861042435
DARK,885,-0.21904224481678256
DARK,886,0.11076941550607934
DARK,887,0.05464223939778682
DARK,888,0.07205282186669285
DARK,889,-0.373562332565846
DARK,890,-0.37653469967932707
DARK,891,0.36111156249402443
DARK,892,-0.035958737729196326
DARK,893,0.024027656442339004
DARK,894,-0.17972959133677285
DARK,895,-0.03867117293122348
DARK,896,0.20284240765210462
DARK,897,-0.19333442275337168
DARK,898,0.4010228386925469
DARK,899,0.02800268515313728
DARK,900,0.4701633336635377
DARK,901,-0.14842484834081443
DARK,902,-0.11463648797712742
DARK,903,-0.2255317790238931
DARK,904,0.45250436608870503
DARK,905,-0.26996029774187474
DARK,906,-0.11976794571173474
DARK,907,-0.051110958302232834
DARK,908,0.08344494324778605
DARK,909,0.24917003950297303
DARK,910,-0.15501791166489579
DARK,911,-0.27846812671111787
DARK,912,0.2567763270979756
DARK,913,-0.12961297748674538
DARK,914,-0.15147339201018983
DARK,915,0.230632462285572
DARK,916,-0.049493197696897945
DARK,917,0.010846411850568225
DARK,918,0.1513570776831397
DARK,919,0.00488513443613143
DARK,920,-0.0017393507402404492
DARK,921,0.23611518624178668
DARK,922,0.4798853902278709
DARK,923,0.6089162830823384
DARK,924,0.1970847216545266
DARK,925,-0.2095020979703746
DARK,926,-0.0016459225691271026
DARK,927,-0.19342023497194938
DARK,928,-0.09160554294171437
DARK,929,-0.07385706227158145
DARK,930,-0.04133577137084089
DARK,931,0.11528651326346774
DARK,932,0.32944943148834743
DARK,933,0.14209828656161103
DARK,934,-0.28818263090360424
DARK,935,-0.4276718317819944
DARK,936,-0.18383019224522376
DARK,937,0.23491817025300687
DARK,938,0.18311754281123288
DARK,939,-0.10085409980564333
DARK,940,-0.09582433004071968
DARK,941,0.14264255737913642
DARK,942,-0.3072126290274231
DARK,943,-0.19868598564324091
DARK,944,0.25564852397044696
DARK,945,-0.13466789185342679
DARK,946,0.15653032807439574
DARK,947,-0.20867263021315677
DARK,948,-0.2956897549878681
DARK,949,-0.2005831015769568
DARK,950,-0.25378450981930833
DARK,951,0.29002554715476436
DARK,952,0.28235459536643776
DARK,953,-0.18258925264963252
DARK,954,-0.14129655654716208
DARK,955,-0.05296878925064044
DARK,956,0.08211096487466214
DARK,957,0.15646319131480058
DARK,958,-0.024453320217053053
DARK,959,-0.15277540566260459
DARK,960,0.09523720165745345
DARK,961,-0.08231932635646859
DARK,962,0.25429974857457976
DARK,963,-0.27783281430154494
DARK,964,-0.23332853489267913
DARK,965,0.04543838923229417
DARK,966,0.02677119661491616
DARK,967,0.02225958145978056
DARK,968,-0.23008220701177376
DARK,969,-0.1586426824254933
DARK,970,-0.07105111710561843
DARK,971,-0.06619218152854636
DARK,972,0.12960353286447393
DARK,973,-0.23662883565983972
DARK,974,0.05316817514482859
DARK,975,-0.05326834709803345
DARK,976,0.11775624468290731
DARK,977,-0.30415617740292866
DARK,978,-0.15236757167375825
DARK,979,-0.23149706222840197
DARK,980,0.3102811447721822
DARK,981,-0.02985072700171868
DARK,982,0.43140723638255657
DARK,983,-0.33650577508955415
DARK,984,0.16050960658237307
DARK,985,-0.031001606212870538
DARK,986,0.09093097508144242
DARK,987,-0.16430517808376957
DARK,988,0.2916735645785701
DARK,989,-0.006409514333718071
DARK,990,0.04776332046365662
DARK,991,-0.12981041027548978
DARK,992,-0.1297363192972066
DARK,993,0.3921667951894433
DARK,994,-0.08667272752456472
DARK,995,-0.2824572130834072
DARK,996,0.46112286705478817
DARK,997,0.32920594495187483
DARK,998,-0.1998353131866416
DARK,999,0.0892126987614824
DARK,1000,-0.10288402539064899
DARK,1001,0.25846164455011783
DARK,1002,-0.2952116685363224
DARK,1003,-0.12395888315336001
DARK,1004,0.22774274415021406
DARK,1005,-0.14820117889948642
DARK,1006,-0.06243585301114598
DARK,1007,0.045485960710028035
DARK,1008,-0.36999734228021885
DARK,1009,0.3684393965595552
DARK,1010,0.2725797696950785
DARK,1011,-0.19885856866250298
DARK,1012,0.2592189231341542
DARK,1013,-0.18407586011514884
DARK,1014,-0.24934964804323725
DARK,1015,-0.14653466146468716
DARK,1016,0.18282452700350227
DARK,1017,0.04024993904674466
DARK,1018,0.06229770894218674
DARK,1019,-0.09456711309646795
DARK,1020,-0.17902153036157079
DARK,1021,0.1017855183660195
DARK,1022,0.3019506969876359
DARK,1023,-0.10313123871281947
DARK,1024,-0.10226596169261412
DARK,1025,-0.12380348280152012
DARK,1026,0.07079000353493116
DARK,1027,-0.18928269988685192
DARK,1028,0.20625548576247513
DARK,1029,0.4424666533870703
DARK,1030,-0.1709594933647344
DARK,1031,-0.11943120580587764
DARK,1032,-0.26591497972950173
DARK,1033,-0.4571297647904462
DARK,1034,-0.1726157800511658
DARK,1035,0.36908889035496467
DARK,1036,0.036278972474401545
DARK,1037,-0.16931582974412746
DARK,1038,0.04218131892855038
DARK,1039,-0.23198227660733967
DARK,1040,0.2098992840032403
DARK,1041,0.3708641229075538
DARK,1042,-0.2176135413793476
DARK,1043,-0.014842437846426193
DARK,1044,-0.1400231014124659
DARK,1045,-0.06480696791999781
DARK,1046,0.27823873695348683
DARK,1047,0.10199090142557439
DARK,1048,0.08543134720138217
DARK,1049,0.09630392930380174
DARK,1050,0.04211558510296406
DARK,1051,0.0676979833775597
DARK,1052,-0.3668898709734997
DARK,1053,0.001974724091325757
DARK,1054,-0.2767600807169014
DARK,1055,-0.33402574158387294
DARK,1056,0.09955277091951736
DARK,1057,-0.17153123141095106
DARK,1058,-0.012727287846872402
DARK,1059,0.3233919827556949
DARK,1060,0.19785386760128934
DARK,1061,-0.38212709550379437
DARK,1062,0.014142849405781869
DARK,1063,0.3380064594001178
DARK,1064,-0.02143947939418574
DARK,1065,-0.06785221794788854
DARK,1066,-0.2118099963242551
DARK,1067,0.16249619510534435
DARK,1068,-0.18003700571546838
DARK,1069,-0.17320872058191497
DARK,1070,0.37901804861746613
DARK,1071,-0.2549674109668418
DARK,1072,0.273654172747669
DARK,1073,0.478380121082094
DARK,1074,0.08199569188058684
DARK,1075,-0.04432057087748505
DARK,1076,0.14393367120013875
DARK,1077,-0.168357955449727
DARK,1078,0.0953064850919766
DARK,1079,0.4637506149999783
DARK,1080,-0.16709695381271783
DARK,1081,0.051203852370047584
DARK,1082,0.08635255494731776
DARK,1083,-0.19389907616094657
DARK,1084,-0.14425729076735422
DARK,1085,0.16732580260176658
DARK,1086,-0.34726147952812336
DARK,1087,0.17109560327178527
DARK,1088,0.40186257535669245
DARK,1089,-0.3810842930563107
DARK,1090,-0.004584184503517912
DARK,1091,0.13946028740542993
DARK,1092,0.2518134467229114
DARK,1093,0.17732898076470827
DARK,1094,-0.5725738248261658
DARK,1095,-0.06734871718571701
DARK,1096,-0.16635720819179578
DARK,1097,-0.27675694850305865
DARK,1098,-0.254072205067511
DARK,1099,0.03045081596943017
DARK,1100,-0.11352470840515552
DARK,1101,0.0056872303211092995
DARK,1102,-0.22858502453055415
DARK,1103,-0.44126487536974546
DARK,1104,0.23575655548648294
DARK,1105,-0.14929817411124738
DARK,1106,-0.09991443818817997
DARK,1107,-0.32072229337426034
DARK,1108,0.08151822319011687
DARK,1109,-0.030691105363862527
DARK,1110,0.3869141662746292
DARK,1111,0.02722655833323783
DARK,1112,-0.2387298418761994
DARK,1113,0.20932484510146007
DARK,1114,0.02998776338230598
DARK,1115,0.1619472125198738
DARK,1116,0.22404324740308082
DARK,1117,0.013370577305768573
DARK,1118,-0.0038833161190944933
DARK,1119,0.041358475120551845
DARK,1120,0.004104600806032671
DARK,1121,-0.06676983152053798
DARK,1122,-0.022109580932697916
DARK,1123,0.09061473880603149
DARK,1124,0.39768400767197026
DARK,1125,0.30980686958759857
DARK,1126,-0.026870848893967514
DARK,1127,0.224523902630387
DARK,1128,-0.15816004296840247
DARK,1129,0.1841664608241796
DARK,1130,0.08476285248635544
DARK,1131,-0.04624629020092467
DARK,1132,-0.008252445256340384
DARK,1133,-0.09123567305652769
DARK,1134,0.09283721931484284
DARK,1135,0.05676219275947014
DARK,1136,-0.08508008093763596
DARK,1137,0.2277491903150635
DARK,1138,0.2631875779059657
DARK,1139,-0.23996356457590326
DARK,1140,-0.3325492984968512
DARK,1141,-0.3093920485287911
DARK,1142,0.18860002017817207
DARK,1143,-0.1836883434543035
DARK,1144,-0.059898611093576505
DARK,1145,-0.20095300419958068
DARK,1146,0.008961342385615965
DARK,1147,0.08869582534149052
DARK,1148,0.1359850581373078
DARK,1149,-0.02258044540829386
DARK,1150,-0.3687201190755266
DARK,1151,0.13618546451000796
DARK,1152,-0.13093102329225142
DARK,1153,-0.16672284292511907
DARK,1154,-0.12915848237387126
DARK,1155,-0.17360405713953167
DARK,1156,-0.28173125133429094
DARK,1157,-0.5154043051048472
DARK,1158,0.3422103128690102
DARK,1159,-0.04449072548958985
DARK,1160,-0.07476635860548075
DARK,1161,-0.19993575646547865
DARK,1162,0.4077874097692262
DARK,1163,0.013634666561981482
DARK,1164,0.12210874834255749
DARK,1165,-0.20592747641122003
DARK,1166,0.19435856471419005
DARK,1167,-0.1810035654679222
DARK,1168,-0.03748242510919734
DARK,1169,-0.11671961346195367
DARK,1170,-0.26470904609884655
DARK,1171,0.14681059462896068
DARK,1172,-0.09090583528164654
DARK,1173,0.15843129211896637
DARK,1174,-0.1068413631803331
DARK,1175,0.19209061349846476
DARK,1176,-0.26015778315953547
DARK,1177,-0.20271272719468036
DARK,1178,0.03292600967566196
DARK,1179,-0.058659898413108855
DARK,1180,0.2015164517029349
DARK,1181,0.21105856644141582
DARK,1182,0.15123914996501553
DARK,1183,-0.22704590474703013
DARK,1184,-0.15876417433551096
DARK,1185,-0.01944256321890113
DARK,1186,0.02198359084680072
DARK,1187,-0.13458569933583894
DARK,1188,0.08164704287492777
DARK,1189,0.030711745055885625
DARK,1190,0.16586720757522927
DARK,1191,0.18966515041115467
DARK,1192,-0.011557189581341698
DARK,1193,0.1153180092816779
DARK,1194,0.37239860303244077
DARK,1195,0.09189516035906467
DARK,1196,-0.22157667804761724
DARK,1197,-0.2162882772640503
DARK,1198,-0.2125440078269049
DARK,1199,0.1653532213246344
DARK,1200,0.24824631798308538
DARK,1201,-0.3001444907855853
DARK,1202,0.150620398787483
DARK,1203,-0.42777480298060844
DARK,1204,-0.13115008181010399
DARK,1205,0.1139080526076267
DARK,1206,0.08251821433673033
DARK,1207,0.15995428388997984
DARK,1208,-0.02664197477399398
DARK,1209,0.37718512218347083
DARK,1210,-0.39155848394572557
DARK,1211,-0.022422750055180744
DARK,1212,-0.06493513583799308
DARK,1213,0.15247387294794654
DARK,1214,-0.19985445142854608
DARK,1215,0.24118665918024157
DARK,1216,0.272569889311718
DARK,1217,0.4530670375571798
DARK,1218,0.18015229169754587
DARK,1219,0.29228207903993464
DARK,1220,-0.5374073609573379
DARK,1221,0.37400569731326944
DARK,1222,0.01833944832360401
DARK,1223,0.33226069669002384
DARK,1224,0.28767721269060303
DARK,1225,-0.19973409951257962
DARK,1226,-0.09649234683119261
DARK,1227,-0.21480925173624985
DARK,1228,0.5105472007658111
DARK,1229,-0.10276891345383653
DARK,1230,0.06042742986277668
DARK,1231,-0.07845915853107473
DARK,1232,-0.25409138273093657
DARK,1233,-0.05135775648709962
DARK,1234,0.3232504082038651
DARK,1235,-0.45280822525964115
DARK,1236,0.1934781034944979
DARK,1237,0.11232858961879959
DARK,1238,0.3729900937648241
DARK,1239,-0.03863735521239027
DARK,1240,0.32513573409300506
DARK,1241,0.09638266311537072
DARK,1242,0.038801546750660575
DARK,1243,0.1574970583230164
DARK,1244,-0.005420041811703598
DARK,1245,0.15638790925597454
DARK,1246,-0.250942890053196
DARK,1247,-0.21839820180884542
DARK,1248,-0.0687845047900132
DARK,1249,0.28892521808820615
DARK,1250,0.30789178352287017
DARK,1251,-0.16808012551723112
DARK,1252,-0.2412699456537907
DARK,1253,-0.07757945532782963
DARK,1254,-0.16803675895216982
DARK,1255,0.23935679042189603
DARK,1256,-0.2815834684533816
DARK,1257,0.24047422566743262
DARK,1258,0.46686819921163325
DARK,1259,0.14278709664215564
DARK,1260,-0.15001422409378104
DARK,1261,-0.22940784359810235
DARK,1262,-0.09914175963254403
DARK,1263,0.0803433051417932
DARK,1264,-0.2642421413507768
DARK,1265,-0.10575838148698082
DARK,1266,-0.23919208142772377
DARK,1267,-0.08399950069166005
DARK,1268,0.4647477480723551
DARK,1269,-0.03428062000476655
DARK,1270,0.2857724883141289
DARK,1271,0.11264180504953157
DARK,1272,0.07124720381842871
DARK,1273,0.046800033505649694
DARK,1274,-0.07634273587113417
DARK,1275,-0.04939670272785805
DARK,1276,-0.16613065155326087
DARK,1277,0.10849261839135717
DARK,1278,-0.19887529301452428
DARK,1279,0.05923724604917309
DARK,1280,-0.24200425481614599
DARK,1281,-0.07798686113085171
DARK,1282,0.3686528620629736
DARK,1283,0.38316177689099534
DARK,1284,-0.21657445280649387
DARK,1285,0.2214544657539934
DARK,1286,0.15190011399825226
DARK,1287,0.3569125909728687
DARK,1288,-0.11102412853993217
DARK,1289,-0.07672339349351873
DARK,1290,-0.20499973303818586
DARK,1291,-0.009929047430319485
DARK,1292,0.04679827971649151
DARK,1293,0.18222820003742837
DARK,1294,0.34067891004749484
DARK,1295,-0.1624887996995627
DARK,1296,0.12970709423930074
DARK,1297,0.45282254597693783
DARK,1298,-0.14655745262385841
DARK,1299,0.516072353144301
DARK,1300,-0.0704385393168427
DARK,1301,-0.2474766982434806
DARK,1302,-0.061977825659853596
DARK,1303,-0.14719554316773847
DARK,1304,-0.054619508079245684
DARK,1305,-0.3239942451287698
DARK,1306,0.351024843852807
DARK,1307,-0.15284658275691257
DARK,1308,0.39719102100976345
DARK,1309,-0.14555224382755413
DARK,1310,0.36470991306542866
DARK,1311,-0.10753370059216719
DARK,1312,-0.3238322570438186
DARK,1313,0.05567652306573473
DARK,1314,-0.21931990338910648
DARK,1315,-0.26847311152506537
DARK,1316,-0.004065375524668124
DARK,1317,0.26505347981853966
DARK,1318,-0.319309577158219
DARK,1319,0.2079733086852037
DARK,1320,-0.02421083206802457
DARK,1321,0.07534989529159875
DARK,1322,-0.48694424436796624
DARK,1323,0.49147642448992085
DARK,1324,0.35389421347511396
DARK,1325,0.06709149475072215
DARK,1326,-0.23836610759352753
DARK,1327,0.22710535529726356
DARK,1328,-0.24028938685110304
DARK,1329,-0.3235937822846404
DARK,1330,0.4665679671333751
DARK,1331,-0.3979140581961222
DARK,1332,-0.05319645947003217
DARK,1333,0.01531348276498116
DARK,1334,-0.3216783461295217
DARK,1335,0.32420677546098636
DARK,1336,0.3713865719834298
DARK,1337,0.18276477748726416
DARK,1338,-0.3228810661047498
DARK,1339,-0.28580059115256135
DARK,1340,0.35044138229812866
DARK,1341,-0.22562341176643314
DARK,1342,0.2677607432468734
DARK,1343,-0.13604021278432757
DARK,1344,-0.22806967554536645
DARK,1345,0.0962625188042524
DARK,1346,-0.10198525515355761
DARK,1347,0.6069540341473215
DARK,1348,-0.40239991272020176
DARK,1349,-0.09712722437639536
DARK,1350,-0.07700462334591497
DARK,1351,-0.17647882951902627
DARK,1352,0.44099130258099023
DARK,1353,-0.04490772862237535
DARK,1354,-0.12076543571675105
DARK,1355,-0.10059985765425913
DARK,1356,-0.1382732575556101
DARK,1357,0.3402826100026223
DARK,1358,-0.2802343196460075
DARK,1359,-0.09590516896696429
DARK,1360,0.08888468631975348
DARK,1361,-0.11295371015134535
DARK,1362,-0.07593180254784797
DARK,1363,-0.2712995130529198
DARK,1364,0.42243302048868786
DARK,1365,0.3086957846745762
DARK,1366,-0.11182218062969848
DARK,1367,-0.05809062541573216
DARK,1368,0.018483431736912744
DARK,1369,-0.23411023910979745
DARK,1370,-0.08605958870537257
DARK,1371,-0.08994967628852023
DARK,1372,-0.3088168943952254
DARK,1373,0.018883673321987156
DARK,1374,0.004899703964271689
DARK,1375,-0.16455719640671015
DARK,1376,0.26526448193967644
DARK,1377,0.03826887562598875
DARK,1378,0.009034648281366813
DARK,1379,-0.24580588185099086
DARK,1380,-0.047666921998863195
DARK,1381,-0.11242588896824142
DARK,1382,0.07837448618014456
DARK,1383,0.11134065132250794
DARK,1384,-0.3795796132944536
DARK,1385,0.46751871037640125
DARK,1386,0.08583959133886539
DARK,1387,-0.06235020332132202
DARK,1388,-0.07703211246979222
DARK,1389,-0.011107513964485923
DARK,1390,-0.03220886387520673
DARK,1391,-0.3102656230785046
DARK,1392,0.031376696407608366
DARK,1393,-0.11868417137981449
DARK,1394,0.26404071681286245
DARK,1395,0.1020449339122172
DARK,1396,-0.46193465527276417
DARK,1397,-0.2043274804492122
DARK,1398,-0.0754425120149707
DARK,1399,0.18135174183013023
DARK,1400,0.06317282297791262
DARK,1401,0.1644369212726535
DARK,1402,-0.3859277674043479
DARK,1403,-0.056460042748657804
DARK,1404,-0.23221135915908855
DARK,1405,-0.20801709850751626
DARK,1406,-0.06838538895654328
DARK,1407,-0.31092185614359086
DARK,1408,-0.1521139907604875
DARK,1409,0.17252638991133082
DARK,1410,-0.3138658965613418
DARK,1411,0.3644613709289942
DARK,1412,-0.17783349494086936
DARK,1413,0.5452714081263694
DARK,1414,-0.1077136220130409
DARK,1415,-0.2501644404836181
DARK,1416,0.41256609226215396
DARK,1417,0.10200258214788333
DARK,1418,-0.1885564329861216
DARK,1419,-0.16438058987950988
DARK,1420,-0.07435125370605267
DARK,1421,0.2848378115228594
DARK,1422,0.16628821695389168
DARK,1423,-0.33766563362089685
DARK,1424,0.03510102450032785
DARK,1425,0.004453042815950267
DARK,1426,0.08056279267533298
DARK,1427,-0.12417416005314606
DARK,1428,-0.2762700368808513
DARK,1429,-0.07409105160549663
DARK,1430,-0.1985165722802257
DARK,1431,0.09463203964035971
DARK,1432,-0.21050368087661964
DARK,1433,-0.027411053473557535
DARK,1434,-0.13646957238246207
DARK,1435,-0.03703784395116488
DARK,1436,-0.3073960176975305
DARK,1437,0.056595412782327756
DARK,1438,0.26976218804671676
DARK,1439,-0.15590879431550958
DARK,1440,-0.06315308539456754
DARK,1441,-0.09890536625598403
DARK,1442,-0.07865771997752752
DARK,1443,0.12671747359480645
DARK,1444,0.5591047913497588
DARK,1445,-0.02022668885776957
DARK,1446,0.303252480504695
DARK,1447,0.07049970511532808
DARK,1448,0.3413012893927776
DARK,1449,-0.022838943413053387
DARK,1450,-0.1105764468335607
DARK,1451,-0.32071922136676495
DARK,1452,0.1251669614051289
DARK,1453,-0.10115311829701654
DARK,1454,-0.13445971562465578
DARK,1455,-0.44206834218477536
DARK,1456,0.1646222604227439
DARK,1457,-0.15742572217829398
DARK,1458,-0.02339210166364783
DARK,1459,0.157230457528759
DARK,1460,0.007712695537546592
DARK,1461,-0.1251559887492638
DARK,1462,0.0017460917729370219
DARK,1463,-0.3388659930492139
DARK,1464,0.02999673064151985
DARK,1465,0.41515999244402285
DARK,1466,0.06770097440335024
DARK,1467,-0.05097071591903348
DARK,1468,0.06969198560277891
DARK,1469,0.20559770954734174
DARK,1470,-0.14811542257791363
DARK,1471,0.43473830510743555
DARK,1472,0.1970656164093918
DARK,1473,-0.008528127092453822
DARK,1474,-0.11087779921490643
DARK,1475,0.35907586290158616
DARK,1476,0.0052943963381329945
DARK,1477,-0.011643540923256158
DARK,1478,-0.12482801160007256
DARK,1479,-0.06695839971222636
DARK,1480,0.4620882704590071
DARK,1481,-0.19828104594095905
DARK,1482,0.02782870783562133
DARK,1483,-0.4079529239154336
DARK,1484,0.11410834932186953
DARK,1485,-0.06494091439359563
DARK,1486,-0.333044697458157
DARK,1487,0.16542651009804407
DARK,1488,-0.3381814375176306
DARK,1489,0.3513892396632104
DARK,1490,-0.27806624599984375
DARK,1491,0.3598942109577874
DARK,1492,-0.011387115693130279
DARK,1493,0.12768342643600428
DARK,1494,0.015709927012351736
DARK,1495,-0.3267773606166131
DARK,1496,0.27960893283079186
DARK,1497,0.1400951058493931
DARK,1498,0.08597697819618642
DARK,1499,-0.21906266894021148
DARK,1500,-0.39399837851883746
DARK,1501,0.11283276676659644
DARK,1502,-0.1838595794993857
DARK,1503,-0.17708925626356856
DARK,1504,0.26255792661740474
DARK,1505,-0.257935677758096
DARK,1506,-0.13596522533650113
DARK,1507,0.165718163187029
DARK,1508,-0.051697493168273496
DARK,1509,0.4039199742633431
DARK,1510,-0.22775653316926178
DARK,1511,0.17787914923517195
DARK,1512,-0.01655493761929568
DARK,1513,-0.5513885854826174
DARK,1514,0.012180288429202945
DARK,1515,0.0392788395044013
DARK,1516,0.05987255597446006
DARK,1517,-0.3556489458893512
DARK,1518,-0.3329042304579634
DARK,1519,0.4044816989407793
DARK,1520,-0.3254936655175098
DARK,1521,0.01223278571741204
DARK,1522,-0.3523184255115869
DARK,1523,-0.1342303666347905
DARK,1524,0.04269301144129224
DARK,1525,0.02019049230764332
DARK,1526,0.11427578887463342
DARK,1527,-0.04141040272465192
DARK,1528,-0.2506778751805508
DARK,1529,-0.19704867566959675
DARK,1530,-0.11477155609373574
DARK,1531,0.29005035424785003
DARK,1532,0.34866424469383017
DARK,1533,0.13473826798452773
DARK,1534,0.30897131671211486
DARK,1535,-0.20833066656330712
DARK,1536,-0.3376125316607661
DARK,1537,-0.06366030830941447
DARK,1538,-0.16988025615003685
DARK,1539,0.12537063340550217
DARK,1540,0.02220389726506141
DARK,1541,0.024243299578181814
DARK,1542,-0.22594726677146287
DARK,1543,-0.01712757581757185
DARK,1544,-0.444265444241929
DARK,1545,-0.13995336244299378
DARK,1546,0.2566627737557296
DARK,1547,-0.23542141065128286
DARK,1548,-0.034866884739201395
DARK,1549,0.03838848302426482
DARK,1550,-0.07894578482025932
DARK,1551,-0.26771208213919123
DARK,1552,0.0556077403339522
DARK,1553,0.18412913001251077
DARK,1554,-0.11533236462453553
DARK,1555,-0.043864579795500354
DARK,1556,0.3089530135306755
DARK,1557,-0.2999935350575635
DARK,1558,0.2418317343286344
DARK,1559,-0.18697925607077787
DARK,1560,-0.13357879260857877
DARK,1561,-0.11361066178457982
DARK,1562,0.4212073316760156
DARK,1563,-0.2710747880890169
DARK,1564,-0.1677758486028026
DARK,1565,-0.3919100491213586
DARK,1566,-0.14731356849791982
DARK,1567,0.12264573397753774
DARK,1568,-0.14411674479795303
DARK,1569,-0.30390743386854685
DARK,1570,0.019702044545555363
DARK,1571,0.21523410701628148
DARK,1572,-0.005578594886491267
DARK,1573,-0.03604034863674836
DARK,1574,0.20578851116176103
DARK,1575,-0.28136724281709946
DARK,1576,0.27995971855819013
DARK,1577,-0.037576930764043386
DARK,1578,0.030293402064347157
DARK,1579,0.06455795353005651
DARK,1580,-0.02199797277505644
DARK,1581,-0.20137910700019832
DARK,1582,-0.1302505118618066
DARK,1583,-0.36903727575774775
DARK,1584,0.35269193679953387
DARK,1585,-0.005192498392854634
DARK,1586,-0.05207894149990013
DARK,1587,0.19290998457242048
DARK,1588,-0.09188583525257771
DARK,1589,0.4475030485486517
DARK,1590,-0.013767678469806423
DARK,1591,0.41661808816284407
DARK,1592,-0.272739466629912
DARK,1593,-0.16664577383314977
DARK,1594,-0.10736523166282262
DARK,1595,-0.009225512961545064
DARK,1596,0.14765347835117454
DARK,1597,-0.4428983780947108
DARK,1598,0.20208477263174096
DARK,1599,0.27949327889302483
DARK,1600,-0.4466859374581771
DARK,1601,0.10575627765757241
DARK,1602,-0.27880928645201863
DARK,1603,-0.26484740392447337
DARK,1604,0.3361721479620523
DARK,1605,0.024227389751637993
DARK,1606,-0.44061528750672746
DARK,1607,0.11335516628218466
DARK,1608,0.2644334852480489
DARK,1609,-0.28004643581481703
DARK,1610,0.13095326075286
DARK,1611,-0.20682275230062536
DARK,1612,0.27311048718683534
DARK,1613,0.11100440632659457
DARK,1614,-0.07752703893628028
DARK,1615,-0.3020869933683727
DARK,1616,-0.2724093753303085
DARK,1617,0.20212501611904968
DARK,1618,0.1932706595499204
DARK,1619,0.018831777220987667
DARK,1620,0.22734899772518508
DARK,1621,0.24843356828962104
DARK,1622,-0.2700079315650967
DARK,1623,-0.09712799732055576
DARK,1624,0.3163212272553926
DARK,1625,0.087901740001862
DARK,1626,-0.30331462032590323
DARK,1627,0.011729883089423325
DARK,1628,0.3027394881298439
DARK,1629,-0.009276185676310953
DARK,1630,0.00026554634473302557
DARK,1631,-0.172311256675032
DARK,1632,-0.16451957313078053
DARK,1633,-0.30745297067264876
DARK,1634,0.44265488794869756
DARK,1635,0.06000226003037829
DARK,1636,-0.11885331923701074
DARK,1637,-0.16265567788909197
DARK,1638,-0.20450658566596053
DARK,1639,-0.1627677618820349
DARK,1640,0.1663043436465692
DARK,1641,-0.10945438946352685
DARK,1642,-0.17284989958624664
DARK,1643,0.05926094734642357
DARK,1644,0.08687573806515234
DARK,1645,-0.007860762907513743
DARK,1646,-0.5570770126682134
DARK,1647,-0.1386791736350669
DARK,1648,0.4718854208045109
DARK,1649,-0.10342263705064267
DARK,1650,0.08160926763556627
DARK,1651,0.3772494499190921
DARK,1652,0.04254511427524316
DARK,1653,-0.29996554200083336
DARK,1654,0.28542645111685133
DARK,1655,-0.28072265947719377
DARK,1656,0.08226628785406252
DARK,1657,-0.03037028757740018
DARK,1658,-0.28615985693514506
DARK,1659,-0.36398984683550983
DARK,1660,-0.0957140209883811
DARK,1661,0.19064299154951742
DARK,1662,0.18670705189675538
DARK,1663,-0.04923533590792946
DARK,1664,0.0820249629939757
DARK,1665,-0.20580174994032752
DARK,1666,-0.36437055485474246
DARK,1667,-0.10378008677881492
DARK,1668,0.08504513176062538
DARK,1669,-0.4597331947557571
DARK,1670,-0.2585802141325051
DARK,1671,-0.2670406133625795
DARK,1672,-0.11964686005337834
DARK,1673,-0.008799902940521909
DARK,1674,-0.07416100012147743
DARK,1675,0.11313382633783862
DARK,1676,-0.3248590283693616
DARK,1677,-0.032491420208181264
DARK,1678,-0.40679456656468543
DARK,1679,-0.12255521364766996
DARK,1680,0.1664687417384393
DARK,1681,0.12322151116691059
DARK,1682,-0.20331249694936704
DARK,1683,-0.30226858667997264
DARK,1684,0.15354355846088896
DARK,1685,-0.01294293888789005
DARK,1686,-0.4340703128247977
DARK,1687,0.2503385481754333
DARK,1688,0.19854839090874088
DARK,1689,-0.1853990865451266
DARK,1690,0.4574038415990981
DARK,1691,-0.2055307378457021
DARK,1692,0.0598125081918812
DARK,1693,0.0399539778784403
DARK,1694,0.2576596246878548
DARK,1695,-0.2535997663787098
DARK,1696,0.25199449387475437
DARK,1697,0.22056666742005632
DARK,1698,0.02962250319500824
DARK,1699,-0.08269628295611074
DARK,1700,0.3482365094645673
DARK,1701,0.0222064183544349
DARK,1702,0.22079323876033166
DARK,1703,-0.17853292969967363
DARK,1704,-0.18405611354984652
DARK,1705,-0.2896668142107802
DARK,1706,-0.10356780466933303
DARK,1707,0.008137234202195039
DARK,1708,0.03995931761727713
DARK,1709,0.18863418733682308
DARK,1710,0.31939941362342983
DARK,1711,0.4391178647433981
DARK,1712,-0.013664825748962658
DARK,1713,-0.2974663751459606
DARK,1714,0.32190793167581827
DARK,1715,0.030455580999551667
DARK,1716,0.1644568811874662
DARK,1717,0.4443346151010084
DARK,1718,0.010384935873715716
DARK,1719,-0.2186466936393461
DARK,1720,-0.25788512644805456
DARK,1721,-0.34251048887097973
DARK,1722,-0.025206587644077925
DARK,1723,-0.181704205683329
DARK,1724,0.24288358557469114
DARK,1725,-0.03205854832344294
DARK,1726,0.08658002645858756
DARK,1727,0.010529571858799934
DARK,1728,0.11449585828697786
DARK,1729,0.4650290232715834
DARK,1730,-0.34605886343784786
DARK,1731,-0.12514148966077546
DARK,1732,0.04738468676614983
DARK,1733,0.19537157134011437
DARK,1734,-0.3073141498805015
DARK,1735,0.03855348045498804
DARK,1736,0.05389384837664318
DARK,1737,-0.17080677446120243
DARK,1738,0.27274106873532683
DARK,1739,0.39764856772302826
DARK,1740,0.44923178929666646
DARK,1741,-0.33682450639556866
DARK,1742,-0.2809312708586643
DARK,1743,0.09867246327388099
DARK,1744,-0.1340344212803541
DARK,1745,0.22439749427065914
DARK,1746,0.06567977542794749
DARK,1747,0.42414354296150475
DARK,1748,-0.18207859047406852
DARK,1749,-0.5434835435340523
DARK,1750,-0.10445527048513274
DARK,1751,-0.029824290583169825
DARK,1752,-0.030666933645439803
DARK,1753,-0.492397677754193
DARK,1754,0.36870208076180383
DARK,1755,0.21635701580712988
DARK,1756,-0.13158684945693375
DARK,1757,0.1461300909395555
DARK,1758,-0.2299161627070647
DARK,1759,0.01417568661128077
DARK,1760,-0.009468769657250208
DARK,1761,-0.19962340280705546
DARK,1762,-0.1068918039705144
DARK,1763,0.24279003681235736
DARK,1764,-0.3317241120696586
DARK,1765,0.13187238474834587
DARK,1766,0.06252217771354093
DARK,1767,-0.25995050015824916
DARK,1768,-0.07564294488002597
DARK,1769,-0.08308059260344075
DARK,1770,-0.07076094137568947
DARK,1771,0.2300217999836562
DARK,1772,0.10750957617870173
DARK,1773,0.16584343392573944
DARK,1774,-0.20005021047107066
DARK,1775,-0.013351660053377404
DARK,1776,0.3508620260027488
DARK,1777,-0.37187464136574355
DARK,1778,0.20394374137907273
DARK,1779,0.17444420341491695
DARK,1780,0.22538983301676008
DARK,1781,0.0312149610613255
DARK,1782,0.40437915904734056
DARK,1783,-0.0532133006707577
DARK,1784,-0.01720607577294648
DARK,1785,0.13294067061514436
DARK,1786,-0.05770306599009174
DARK,1787,-0.14222088900292
DARK,1788,-0.36927453129643345
DARK,1789,-0.21164005995110763
DARK,1790,0.13942597110746519
DARK,1791,0.09610517186206231
DARK,1792,0.07858799379243825
DARK,1793,0.12232247364958414
DARK,1794,0.05485676856144501
DARK,1795,0.36483890006022096
DARK,1796,-0.15668143315792896
DARK,1797,0.33383477750600177
DARK,1798,-0.33906948347593807
DARK,1799,-0.32313136800901
DARK,1800,0.055021479829705344
DARK,1801,-0.0212542011549291
DARK,1802,-0.3037864681020679
DARK,1803,-0.09594193455192537
DARK,1804,-0.23359411269731586
DARK,1805,-0.15564283254046354
DARK,1806,-0.17997614975929072
DARK,1807,0.08689534276252986
DARK,1808,-0.04579518423669691
DARK,1809,0.020761025087930617
DARK,1810,-0.495584486895676
DARK,1811,-0.021940419431941135
DARK,1812,0.029331780031599957
DARK,1813,0.07442000624869438
DARK,1814,0.15131644267666705
DARK,1815,0.0503143799029215
DARK,1816,0.18138927377956449
DARK,1817,-0.09279500149717856
DARK,1818,0.12939601411139742
DARK,1819,-0.2798348426401632
DARK,1820,-0.25383857284759714
DARK,1821,0.027298478498602726
DARK,1822,-0.23882372516345005
DARK,1823,-0.288651943887324
DARK,1824,0.37765523667157297
DARK,1825,0.17076209902234413
DARK,1826,0.39856873561937545
DARK,1827,0.0782201154198323
DARK,1828,-0.041120493892861466
DARK,1829,-0.34244801142576753
DARK,1830,-0.01854518118042386
DARK,1831,-0.2011531081298503
DARK,1832,-0.12489878644882711
DARK,1833,-0.20923493111800834
DARK,1834,-0.08137255025125494
DARK,1835,-0.05923628088698763
DARK,1836,0.06726941424816123
DARK,1837,0.09842859440003454
DARK,1838,0.4953874741794031
DARK,1839,-0.055608199807255114
DARK,1840,0.37301791562307873
DARK,1841,0.15557898749810917
DARK,1842,0.1643892270461275
DARK,1843,-0.17466112348765206
DARK,1844,-0.16082302852359226
DARK,1845,-0.002240926159821336
DARK,1846,-0.05062145038130821
DARK,1847,-0.1676586297035279
DARK,1848,0.35308824375076414
DARK,1849,0.24657123789071456
DARK,1850,0.10291015986305069
DARK,1851,0.4130760577083429
DARK,1852,-0.10387125451601206
DARK,1853,0.16115914521726224
DARK,1854,-0.21158136351770912
DARK,1855,-0.48123966401614954
DARK,1856,0.06300372822817836
DARK,1857,-0.28540298778429773
DARK,1858,0.26705597124863756
DARK,1859,-0.0037439845358826747
DARK,1860,0.2502581909942915
DARK,1861,-0.09481429098830622
DARK,1862,0.1434579012222613
DARK,1863,-0.14231278550946105
DARK,1864,-0.28504635213925444
DARK,1865,0.25090696426561304
DARK,1866,0.16792614205272854
DARK,1867,-0.16795546729127472
DARK,1868,-0.3716674532861021
DARK,1869,-0.07999501785253739
DARK,1870,-0.2025963899027294
DARK,1871,-0.08355040300182345
DARK,1872,-0.023731722193754134
DARK,1873,-0.12584495567498427
DARK,1874,-0.37970249258698546
DARK,1875,-0.10822732169741847
DARK,1876,0.3140809842291634
DARK,1877,-0.13140751606042309
DARK,1878,-0.06688421529917202
DARK,1879,-0.37061188558351976
DARK,1880,0.07656951131555227
DARK,1881,0.08368214324324576
DARK,1882,0.04259356330755267
DARK,1883,0.20167896334155658
DARK,1884,-0.15782939891508285
DARK,1885,-0.0531839891749633
DARK,1886,0.07906791647989495
DARK,1887,0.14981282596891368
DARK,1888,0.1079944233246438
DARK,1889,-0.10019888905318053
DARK,1890,0.2048933505299938
DARK,1891,0.1766894854900023
DARK,1892,-0.057869055127469614
DARK,1893,0.12159645712068688
DARK,1894,0.22683611404885656
DARK,1895,-0.2013943629354101
DARK,1896,-0.06894217602630498
DARK,1897,-0.35720573400194505
DARK,1898,-0.18424337683124348
DARK,1899,0.0409400508025247
DARK,1900,-0.3835257248554725
DARK,1901,-0.1495625561157174
DARK,1902,-0.19404094518128898
DARK,1903,0.1243821969102126
DARK,1904,0.10739928109469404
DARK,1905,0.3251999212663225
DARK,1906,-0.15502602664228643
DARK,1907,-0.009265356793785106
DARK,1908,0.1322590951676768
DARK,1909,-0.015831868575167208
DARK,1910,-0.09382542960944588
DARK,1911,0.1211876950111813
DARK,1912,-0.15954616454385442
DARK,1913,0.2546670083555115
DARK,1914,0.36807115565690085
DARK,1915,0.06730671432177807
DARK,1916,0.12166027830129866
DARK,1917,-0.15032695385035574
DARK,1918,0.09844022921396758
DARK,1919,-0.1896025978971934
DARK,1920,-0.13822749415337118
DARK,1921,-0.35337182907579257
DARK,1922,0.34555560844400374
DARK,1923,-0.3459436453969646
DARK,1924,-0.17761967747726515
DARK,1925,0.14476742838107132
DARK,1926,0.12327568208481497
DARK,1927,0.22156613583309098
DARK,1928,-0.07975770412113106
DARK,1929,-0.336479432069513
DARK,1930,0.20939619337343782
DARK,1931,-0.05666140620626883
DARK,1932,0.43422941742941257
DARK,1933,0.18115917955318495
DARK,1934,-0.3197785215718412
DARK,1935,0.04868023273605992
DARK,1936,-0.16549195924190058
DARK,1937,-0.3475923377525038
DARK,1938,0.40729044310817847
DARK,1939,0.17827745293917505
DARK,1940,0.4616862205409889
DARK,1941,0.06645284357527854
DARK,1942,-0.16035680484115372
DARK,1943,0.34118686749335286
DARK,1944,-0.169831239680975
DARK,1945,0.024719512067322313
DARK,1946,-0.3871205055868952
DARK,1947,-0.0014987781067168178
DARK,1948,0.13987516608574244
DARK,1949,0.2677150669829059
DARK,1950,-0.3494585000321046
DARK,1951,-0.040161497798004965
DARK,1952,0.43433448693324783
DARK,1953,-0.5100377276533218
DARK,1954,-0.0276583296255056
DARK,1955,0.05809663332308662
DARK,1956,-0.5022241443438982
DARK,1957,-0.11861529935394989
DARK,1958,-0.3779820510004686
DARK,1959,0.09990604313823717
DARK,1960,-0.004090561353812892
DARK,1961,0.08700234869865073
DARK,1962,-0.14518149759799617
DARK,1963,-0.07016513475595597
DARK,1964,-0.016243419950878704
DARK,1965,-0.4574178147053834
DARK,1966,-0.05379083588613285
DARK,1967,0.04672906714115724
DARK,1968,-0.15043046223589343
DARK,1969,0.017563946514288827
DARK,1970,-0.011491582983633288
DARK,1971,-0.31784471921474294
DARK,1972,-0.1810258583556077
DARK,1973,0.032899381693066124
DARK,1974,0.482324947206014
DARK,1975,-0.11460258215331177
DARK,1976,-0.26780585609109137
DARK,1977,-0.0047929640224297285
DARK,1978,0.543850934161091
DARK,1979,0.12695644404600367
DARK,1980,-0.1846286088455566
DARK,1981,-0.21256852732441678
DARK,1982,0.1229551245842971
DARK,1983,0.2352321557990954
DARK,1984,-0.10275430191649007
DARK,1985,0.04510980224327085
DARK,1986,-0.24135849432712472
DARK,1987,-0.07803005228703946
DARK,1988,0.4268189574935876
DARK,1989,-0.15626955319301747
DARK,1990,-0.2259583591922348
DARK,1991,-0.020273708865783793
DARK,1992,-0.0033162832029153357
DARK,1993,0.08805853655977508
DARK,1994,-0.2989266143320393
DARK,1995,-0.11184757939896466
DARK,1996,-0.022654470442103305
DARK,1997,0.2572451804114906
DARK,1998,0.08002409995963214
DARK,1999,-0.3265114962300549
DARK,2000,0.056557891870698915
DARK,2001,0.09102309975462473
DARK,2002,-0.2048398646402599
DARK,2003,0.12401229542671639
DARK,2004,0.0353148490786179
DARK,2005,-0.49362718146839907
DARK,2006,-0.030701584860638547
DARK,2007,0.12694355593067408
DARK,2008,-0.31454742909420685
DARK,2009,0.3592668114711495
DARK,2010,-0.28876501810866323
DARK,2011,0.24783620421628966
DARK,2012,-0.0902727740361076
DARK,2013,0.2374339012530192
DARK,2014,0.3375129180888062
DARK,2015,0.027314155293144984
DARK,2016,0.2187895404442417
DARK,2017,-0.44020797659778
DARK,2018,0.06413392495569918
DARK,2019,0.20552940680553047
DARK,2020,0.2515843603990928
DARK,2021,0.11181911184428608
DARK,2022,-0.17370628098506805
DARK,2023,0.21742383102217355
DARK,2024,-0.1619516890777109
DARK,2025,0.5393382476928547
DARK,2026,0.1654009915246405
DARK,2027,-0.08346149970267844
DARK,2028,-0.2875454546609351
DARK,2029,-0.034179994222012546
DARK,2030,-0.004541783629859296
DARK,2031,-0.10762514606499805
DARK,2032,-0.23519800480016448
DARK,2033,0.16967817505398342
DARK,2034,-0.280699625542714
DARK,2035,0.0998593793125914
DARK,2036,0.1621767037207578
DARK,2037,0.22478979965153004
DARK,2038,-0.06613890104888431
DARK,2039,-0.4147952053463608
DARK,2040,-0.29386838888534117
DARK,2041,-0.48312815867852205
DARK,2042,0.35802197319619244
DARK,2043,0.21740045325740226
DARK,2044,-0.3260817491091819
DARK,2045,0.10961363745107228
DARK,2046,0.1616405857788901
DARK,2047,0.17535797828342092
DARK,2048,-0.022473651387439498
DARK,2049,-0.11237460842457092
DARK,2050,-0.15520355043016237
DARK,2051,-0.5464223327441825
DARK,2052,0.2005117812189511
DARK,2053,-0.29943635898714827
DARK,2054,-0.11869663699002371
DARK,2055,0.045819227739258006
DARK,2056,0.0913355986689527
DARK,2057,-0.19941138296964286
DARK,2058,-0.05897286869455087
DARK,2059,-0.1298883787216322
DARK,2060,0.288107087204331
DARK,2061,-0.1334162760123258
DARK,2062,-0.12159544667466246
DARK,2063,0.317063680057601
DARK,2064,0.016092461332806573
DARK,2065,0.0434936544695883
DARK,2066,0.08781647688825295
DARK,2067,-0.21077820220658278
DARK,2068,-0.2674184665152967
DARK,2069,-0.2955485871790273
DARK,2070,0.021812829573251306
DARK,2071,-0.1990118630986898
DARK,2072,0.11393334266171012
DARK,2073,-0.01750344426576814
DARK,2074,-0.02615669520925498
DARK,2075,0.021775520887853405
DARK,2076,0.1497267915348085
DARK,2077,0.17218999277987987
DARK,2078,0.32022755179169254
DARK,2079,-0.11748276343622216
DARK,2080,0.0011443582151994312
DARK,2081,0.10188457943626579
DARK,2082,0.33555453742237823
DARK,2083,-0.10417076073572633
DARK,2084,-0.09052909785428434
DARK,2085,-0.25551330092226443
DARK,2086,-0.3254649874577991
DARK,2087,-0.055509826222867965
DARK,2088,-0.14145181376901259
DARK,2089,0.14863645669646708
DARK,2090,0.13211839824879162
DARK,2091,0.07941233584774349
DARK,2092,-0.14754157953106456
DARK,2093,-0.02622519083588072
DARK,2094,0.02113454621607698
DARK,2095,0.10022375046625046
DARK,2096,0.3834889157350994
DARK,2097,-0.3648049845679977
DARK,2098,-0.08689967223257515
DARK,2099,-0.06744218168788683
DARK,2100,0.02173199978389825
DARK,2101,0.29344599473125077
DARK,2102,0.12020274247650081
DARK,2103,-0.273912702589382
DARK,2104,0.04668910016377157
DARK,2105,0.4344312334724844
DARK,2106,-0.2828104408712231
DARK,2107,0.20285099662169695
DARK,2108,-0.14882432318269792
DARK,2109,0.13966730912040526
DARK,2110,-0.5142411042944818
DARK,2111,0.2582697812208485
DARK,2112,-0.03085345648522403
DARK,2113,-0.1401482574264829
DARK,2114,-0.3522830037858361
DARK,2115,0.362441406278086
DARK,2116,-0.1577440488999138
DARK,2117,-0.059918658470828404
DARK,2118,0.32740833261894414
DARK,2119,-0.2438320639445728
DARK,2120,0.415313024078666
DARK,2121,0.14279773219094538
DARK,2122,0.29100587007067513
DARK,2123,-0.3183583052873395
DARK,2124,-0.1637367943751465
DARK,2125,0.09604273947816795
DARK,2126,0.08970659920354895
DARK,2127,0.45488607385037466
DARK,2128,-0.16964313932604333
DARK,2129,0.2559886306556376
DARK,2130,-0.1331159944842882
DARK,2131,-0.29965481720268294
DARK,2132,-0.08145300274267366
DARK,2133,-0.16987903028667453
DARK,2134,0.030112602491627664
DARK,2135,-0.35535695440466336
DARK,2136,0.36980814471416085
DARK,2137,0.04249182767791098
DARK,2138,-0.07383660577907009
DARK,2139,0.22319765732128713
DARK,2140,0.3885208786123423
DARK,2141,-0.15007356908353361
DARK,2142,0.2958061286501091
DARK,2143,0.006728374801559574
DARK,2144,0.24839663515916924
DARK,2145,-0.17489778711496964
DARK,2146,0.03711039230473668
DARK,2147,-0.06746572052686597
DARK,2148,-0.19154648071970065
DARK,2149,-0.11294340629496835
DARK,2150,0.30643858221906123
DARK,2151,-0.1505006582127478
DARK,2152,-0.3940171753658312
DARK,2153,0.08019873692585641
DARK,2154,0.051899829362324
DARK,2155,0.06838606591336913
DARK,2156,-0.09046587362196262
DARK,2157,-0.16626269294818893
DARK,2158,-0.12881774390817397
DARK,2159,0.016425428726960647
DARK,2160,-0.3399819900112853
DARK,2161,-0.12467744395736144
DARK,2162,0.029164947413005467
DARK,2163,0.02684451503913289
DARK,2164,-0.3158364933281142
DARK,2165,-0.007313140232926372
DARK,2166,-0.3702906118617646
DARK,2167,0.048545552805512836
DARK,2168,-0.23470094643856754
DARK,2169,0.16869888576136824
DARK,2170,-0.19475696668569367
DARK,2171,-0.2835733349114363
DARK,2172,0.40259183199306736
DARK,2173,0.06822983737056063
DARK,2174,0.004737031403783223
DARK,2175,-0.06739884147104663
DARK,2176,-0.24478416093085786
DARK,2177,0.298918467144195
DARK,2178,-0.22602281198312643
DARK,2179,-0.33373083836838285
DARK,2180,-0.18877501886435666
DARK,2181,-0.20723838074121012
DARK,2182,0.06703910045662256
DARK,2183,-0.18594898038759036
DARK,2184,0.5340068445061495
DARK,2185,-0.006716968210998966
DARK,2186,0.20116828293512828
DARK,2187,-0.244893715001236
DARK,2188,0.06598072158778323
DARK,2189,-0.1361992645924769
DARK,2190,0.03612772343945348
DARK,2191,-0.15888808215841832
DARK,2192,-0.15789132123266675
DARK,2193,0.0698828818561923
DARK,2194,0.3039196093623719
DARK,2195,-0.1673440530297644
DARK,2196,0.06174155029010104
DARK,2197,-0.11237394099563375
DARK,2198,0.2446265984545843
DARK,2199,-0.022516456066046343
DARK,2200,-0.13804197481313335
DARK,2201,-0.3198071845513657
DARK,2202,-0.2200650564257642
DARK,2203,-0.25500307133625333
DARK,2204,0.1697681168868853
DARK,2205,0.16859710568798505
DARK,2206,-0.09628769359258887
DARK,2207,-0.031534889513583686
DARK,2208,0.017428841212739805
DARK,2209,0.10138947641658473
DARK,2210,-0.13131278680832076
DARK,2211,-0.07350003746859118
DARK,2212,-0.19994678640120925
DARK,2213,-0.26221934659748086
DARK,2214,0.0035658722011672754
DARK,2215,0.13589539340500562
DARK,2216,-0.13188833412475856
DARK,2217,-0.25324990850328455
DARK,2218,-0.05157592856032969
DARK,2219,-0.3690365267454371
DARK,2220,0.18324124186841861
DARK,2221,0.09424254386280069
DARK,2222,-0.05286128710656314
DARK,2223,0.059747916274471694
DARK,2224,0.0740874376119637
DARK,2225,-0.11104510855982923
DARK,2226,-0.07329415685431284
DARK,2227,0.06046509227465304
DARK,2228,-0.33041733898257003
DARK,2229,0.10285244240070016
DARK,2230,-0.17803177554402236
DARK,2231,0.3559173117107529
DARK,2232,-0.1360214550117058
DARK,2233,0.01540478296745096
DARK,2234,-0.0892388745530511
DARK,2235,-0.12133092653226892
DARK,2236,0.19897337685145564
DARK,2237,0.02765716060024585
DARK,2238,-0.1273330727609067
DARK,2239,0.16642603527430372
DARK,2240,0.2429985443444973
DARK,2241,-0.06697382007974037
DARK,2242,0.044565829093540774
DARK,2243,0.43493115377149416
DARK,2244,0.27216909354592245
DARK,2245,0.12272211511822413
DARK,2246,-0.17901299333276693
DARK,2247,0.23837111804083683
DARK,2248,-0.059251537938714155
DARK,2249,0.029292314464819075
DARK,2250,-0.19404239037757723
DARK,2251,-0.3444773528069596
DARK,2252,-0.16050226557296998
DARK,2253,-0.14899432548041233
DARK,2254,-0.07196296126281242
DARK,2255,-0.018846766452973233
DARK,2256,-0.1593090713540636
DARK,2257,0.2727451538730962
DARK,2258,-0.3711304578609082
DARK,2259,0.08565053513254904
DARK,2260,0.10963463715091021
DARK,2261,-0.4301043171881216
DARK,2262,0.16467257733967075
DARK,2263,0.19427987077249922
DARK,2264,-0.14585106218969698
DARK,2265,0.0848385737780949
DARK,2266,-0.39905909794142863
DARK,2267,0.06865523367858495
DARK,2268,-0.08643120772992174
DARK,2269,-0.006180807933123226
DARK,2270,0.01008385793362852
DARK,2271,0.08416378008748107
DARK,2272,-0.2399909249660913
DARK,2273,-0.31595659370785656
DARK,2274,-0.21401740411055334
DARK,2275,0.12362753287825563
DARK,2276,0.3768691424402358
DARK,2277,0.18899283383046245
DARK,2278,-0.15526111663901648
DARK,2279,0.1311685849892049
DARK,2280,-0.3749279083743683
DARK,2281,0.0768142608149537
DARK,2282,0.15920169662813383
DARK,2283,-0.35974206475683956
DARK,2284,-0.01270982277672486
DARK,2285,0.004125911994604085
DARK,2286,-0.07363617026942484
DARK,2287,0.18246768518108536
DARK,2288,-0.2722225261533217
DARK,2289,0.48681867371859905
DARK,2290,0.08412310345780451
DARK,2291,0.22621331532372532
DARK,2292,-0.15294884793246372
DARK,2293,0.44355703389515455
DARK,2294,-0.05926469503623545
DARK,2295,-0.1734386909258921
DARK,2296,0.09864728953959802
DARK,2297,9.495894824189078e-05
DARK,2298,0.057135198187805
DARK,2299,0.031975331028800597
DARK,2300,-0.5458425213680776
DARK,2301,-0.020329653528712164
DARK,2302,-0.1751990957008525
DARK,2303,-0.25860182467555115
DARK,2304,0.04014007340802957
DARK,2305,0.2618674692782595
DARK,2306,-0.04201175081052533
DARK,2307,-0.02972087726849671
DARK,2308,-0.06556109756577658
DARK,2309,-0.21620780992537153
DARK,2310,-0.16116013878508062
DARK,2311,-0.2084537371308571
DARK,2312,0.014940188324829864
DARK,2313,-0.3251025724232814
DARK,2314,-0.06032165795899117
DARK,2315,-0.16188053572317485
DARK,2316,0.20801912759406926
DARK,2317,-0.22150586063682487
DARK,2318,-0.05081806639061882
DARK,2319,0.3219826977261537
DARK,2320,-0.14714840911190946
DARK,2321,-0.1691664538300498
DARK,2322,-0.35899176006844125
DARK,2323,0.4171317736403204
DARK,2324,0.10467908022951829
DARK,2325,-0.21162756798758828
DARK,2326,0.004802950598905451
DARK,2327,-0.17530848621203732
DARK,2328,-0.12343557343534962
DARK,2329,0.17277106042896284
DARK,2330,-0.07943575125218141
DARK,2331,0.03170902889039214
DARK,2332,0.3811576381879769
DARK,2333,0.12818443421178316
DARK,2334,0.18775619679310096
DARK,2335,0.053393333880797554
DARK,2336,-0.009763180564918055
DARK,2337,0.20807868094162651
DARK,2338,-0.17300225879274958
DARK,2339,0.14133496445379556
DARK,2340,-0.416639723345417
DARK,2341,0.4468877433854674
DARK,2342,0.36596854703319653
DARK,2343,-0.2149911625455859
DARK,2344,0.12255877496593341
DARK,2345,0.17235888584647974
DARK,2346,0.045281742160188786
DARK,2347,0.3412329286126993
DARK,2348,-0.06669714049007122
DARK,2349,0.16405828833782016
DARK,2350,-0.1179711082153265
DARK,2351,0.16055300135795483
DARK,2352,0.20294448853671904
DARK,2353,0.3457360960340422
DARK,2354,-0.08162355783731652
DARK,2355,0.4143472790758749
DARK,2356,0.3365268612863233
DARK,2357,0.1234586465217529
DARK,2358,-0.0707783347515363
DARK,2359,0.1379227145311896
DARK,2360,0.14220768768646577
DARK,2361,0.15742132628129782
DARK,2362,-0.17147233710288115
DARK,2363,0.0983902824796891
DARK,2364,-0.2970751952642767
DARK,2365,0.02609270169408613
DARK,2366,0.04133827175772269
DARK,2367,-0.01723508476079154
DARK,2368,0.038485510015740625
DARK,2369,0.16719523567028344
DARK,2370,0.313359658946813
DARK,2371,0.2636179429664636
DARK,2372,0.2922668319132953
DARK,2373,0.09428612711860095
DARK,2374,-0.1328153495967092
DARK,2375,-0.12404569032214866
DARK,2376,-0.1994630746041423
DARK,2377,-0.3328409967838026
DARK,2378,-0.26441307223559257
DARK,2379,-0.051346218369681416
DARK,2380,0.19163136936040323
DARK,2381,-0.01301770375818
DARK,2382,-0.02307791923101485
DARK,2383,-0.18324130694087146
DARK,2384,0.14376996737935804
DARK,2385,-0.1609213167134939
DARK,2386,0.4599639781613119
DARK,2387,0.30609140070372765
DARK,2388,0.06410486998154731
DARK,2389,0.0629246699555636
DARK,2390,-0.04829323411099226
DARK,2391,0.42466672799434574
DARK,2392,-0.14542260706188978
DARK,2393,0.07543264619027719
DARK,2394,0.029387709496393664
DARK,2395,-0.18460995533787244
DARK,2396,0.3012653576810574
DARK,2397,0.0612922328276135
DARK,2398,-0.04887835819448289
DARK,2399,-0.07478184621084924
DARK,2400,0.4048406677068086
DARK,2401,0.05620855651696729
DARK,2402,-0.21791119177095075
DARK,2403,0.08929253597636101
DARK,2404,-0.15341164496690338
DARK,2405,0.448296352112906
DARK,2406,-0.1579474745219415
DARK,2407,-0.18383917112114218
DARK,2408,0.023100111466647984
DARK,2409,0.2755088598718841
DARK,2410,-0.32353541314293255
DARK,2411,0.02198236478243719
DARK,2412,0.3614837800477754
DARK,2413,-0.28654244893368114
DARK,2414,-0.0755264355615041
DARK,2415,0.30837053060359926
DARK,2416,-0.14719320539299188
DARK,2417,-0.07132611009961694
DARK,2418,-0.08948170013206218
DARK,2419,-0.053905043040341626
DARK,2420,0.021893386217143658
DARK,2421,-0.12459736917550274
DARK,2422,0.25413108610619667
DARK,2423,0.1501706272680795
DARK,2424,-0.20438026412237636
DARK,2425,0.3562034960973273
DARK,2426,-0.0055500576599676835
DARK,2427,0.08171716359977009
DARK,2428,0.1259449503074772
DARK,2429,0.3599140009877544
DARK,2430,0.053799859529993284
DARK,2431,-0.3115171093583911
DARK,2432,-0.1706339234295226
DARK,2433,-0.3086243089540621
DARK,2434,-0.31726517071152066
DARK,2435,0.2205900927575404
DARK,2436,-0.07508602915218368
DARK,2437,-0.1877494006557302
DARK,2438,-0.3435314741991218
DARK,2439,0.06844188687754878
DARK,2440,-0.2084098745578761
DARK,2441,0.009949149057676566
DARK,2442,-0.2506463673200022
DARK,2443,-0.2730322101529673
DARK,2444,0.2052704995775663
DARK,2445,-0.0998698372152456
DARK,2446,-0.07742333412566146
DARK,2447,0.1607630679197482
DARK,2448,0.16710366313438957
DARK,2449,-0.07149944720875719
DARK,2450,-0.16191113571183466
DARK,2451,0.15272959957586674
DARK,2452,-0.48244271838620817
DARK,2453,-0.07495918587275509
DARK,2454,0.2697916520040654
DARK,2455,0.02513912561760593
DARK,2456,0.12028293570615789
DARK,2457,0.07235701144481015
DARK,2458,0.14519990630111107
DARK,2459,0.2669032260485136
DARK,2460,-0.07140570182086657
DARK,2461,0.08275504028124701
DARK,2462,-0.2565574093702308
DARK,2463,-0.021834217485429314
DARK,2464,-0.36924793244732057
DARK,2465,0.11577900547827619
DARK,2466,0.20410734614743767
DARK,2467,-0.05757501377505483
DARK,2468,0.02913633245022621
DARK,2469,-0.4038768791311144
DARK,2470,0.041931496786538375
DARK,2471,0.4110951915575795
DARK,2472,-0.13509997402386878
DARK,2473,-0.17225497186258285
DARK,2474,0.1461918528906806
DARK,2475,0.13563213041684513
DARK,2476,-0.4515904825595514
DARK,2477,-0.14244938767807105
DARK,2478,-0.32639090439432117
DARK,2479,0.605456233889543
DARK,2480,-0.2124916070197687
DARK,2481,-0.14263901910939927
DARK,2482,0.09885243517250193
DARK,2483,0.07208953233677251
DARK,2484,0.28560766003329513
DARK,2485,0.056501981311142556
DARK,2486,0.15358384991160445
DARK,2487,0.22407485142938535
DARK,2488,0.2964208144285139
DARK,2489,0.0672288098556774
DARK,2490,-0.051735142784413456
DARK,2491,0.25297546108683683
DARK,2492,0.28964315531119933
DARK,2493,-0.027113988105161357
DARK,2494,0.3056612686817816
DARK,2495,0.28559135874803177
DARK,2496,-0.20180742332997706
DARK,2497,-0.30514240944055654
DARK,2498,-0.055624460236080225
DARK,2499,-0.08192599570836392
DARK,2500,-0.0684599401289566
DARK,2501,0.1342634544850507
DARK,2502,-0.07858499841321893
DARK,2503,0.27142826401049636
DARK,2504,0.10403439836771454
DARK,2505,-0.16513620096963338
DARK,2506,-0.11954771211341415
DARK,2507,-0.07312971402859533
DARK,2508,0.07391559230715261
DARK,2509,-0.08401288230330267
DARK,2510,0.1512418879018431
DARK,2511,0.19783257106562802
DARK,2512,0.229305557739502
DARK,2513,-0.32503294606807404
DARK,2514,-0.10826994772316384
DARK,2515,0.04714537787724734
DARK,2516,0.09463252398115371
DARK,2517,0.22132699525950245
DARK,2518,0.27289421473166303
DARK,2519,-0.3078438718896112
DARK,2520,0.25972154894193866
DARK,2521,0.14503082720773997
DARK,2522,-0.10624131371471514
DARK,2523,-0.2792396278564449
DARK,2524,-0.011214248234303363
DARK,2525,-0.19599726846886606
DARK,2526,-0.26002316184028723
DARK,2527,0.0341610168377478
DARK,2528,0.24678345850053246
DARK,2529,0.052107526389029026
DARK,2530,-0.012311051100323952
DARK,2531,-0.39326826594101233
DARK,2532,0.09207377161936135
DARK,2533,0.07406350209739448
DARK,2534,0.1340915977450643
DARK,2535,-0.13247261609156696
DARK,2536,-0.3576253285061917
DARK,2537,-0.038840309543924506
DARK,2538,0.2120894442157538
DARK,2539,0.3295908575858237
DARK,2540,-0.13557243305009842
DARK,2541,-0.1231893183949429
DARK,2542,-0.04890374697966004
DARK,2543,-0.2968715417139464
DARK,2544,-0.05381032911731262
DARK,2545,-0.39390507205718855
DARK,2546,0.10502403970648141
DARK,2547,-0.09129258476685641
DARK,2548,-0.27083103436889155
DARK,2549,0.11171233081547394
DARK,2550,-0.19631061405922332
DARK,2551,-0.39864759810220174
DARK,2552,0.1466480175885095
DARK,2553,-0.4322529582478671
DARK,2554,-0.14345847213221818
DARK,2555,-0.0032062195150758185
DARK,2556,0.19327511340994372
DARK,2557,-0.33007404895380466
DARK,2558,0.06826494312135378
DARK,2559,0.025239989428207373
DARK,2560,0.2586108455062752
DARK,2561,0.2802282554267318
DARK,2562,-0.20104232519598358
DARK,2563,0.11494159712814893
DARK,2564,0.20076258018316592
DARK,2565,-0.031366762083747717
DARK,2566,0.13608961081002374
DARK,2567,-0.05564237637728092
DARK,2568,0.12845618672104595
DARK,2569,-0.27375911077394566
DARK,2570,0.02473046861786282
DARK,2571,-0.14320557894754093
DARK,2572,0.027211474556824693
DARK,2573,-0.2342059861807341
DARK,2574,-0.19723449191106715
DARK,2575,-0.2605323838037507
DARK,2576,-0.06913393563252918
DARK,2577,0.06527298693973027
DARK,2578,0.2892034969600745
DARK,2579,0.1931700532020664
DARK,2580,-0.23620096827495818
DARK,2581,0.0615621948416414
DARK,2582,-0.2822844305417568
DARK,2583,-0.10921888513286218
DARK,2584,0.0922137249724849
DARK,2585,0.1182989951683645
DARK,2586,0.05155732064450277
DARK,2587,0.30601838316822544
DARK,2588,-0.42837672948047856
DARK,2589,-0.1873288347211465
DARK,2590,-0.5350803388313292
DARK,2591,-0.1540452978313804
DARK,2592,0.13901734778716715
DARK,2593,-0.1634858525459082
DARK,2594,-0.1762682638990961
DARK,2595,0.0731663548609856
DARK,2596,-0.010711163000703674
DARK,2597,0.27849309999049626
DARK,2598,-0.21482305338360574
DARK,2599,-0.022597914018254374
DARK,2600,-0.2384091574674545
DARK,2601,-0.1083343607490485
DARK,2602,-0.11134072350581094
DARK,2603,-0.26771425495961004
DARK,2604,-0.036698132698452825
DARK,2605,-0.05294266287012451
DARK,2606,-0.2615594050852136
DARK,2607,-0.1596191464337358
DARK,2608,0.4196249254148696
DARK,2609,0.14768763831565954
DARK,2610,0.32828389857310425
DARK,2611,-0.1222179779975907
DARK,2612,0.4040991705352895
DARK,2613,-0.06166284066215994
DARK,2614,-0.11467047628672218
DARK,2615,-0.16664496733983886
DARK,2616,0.4304961803673513
DARK,2617,-0.2269276438726889
DARK,2618,0.003915034525545245
DARK,2619,0.004809949476375645
DARK,2620,-0.2967470143649957
DARK,2621,-0.04331551369888963
DARK,2622,0.1065170652979451
DARK,2623,0.20051495614780734
DARK,2624,0.19752895452998864
DARK,2625,0.08385126277416036
DARK,2626,0.5108555893153963
DARK,2627,0.03827278510741937
DARK,2628,-0.20864458129507152
DARK,2629,-0.008994327838605366
DARK,2630,-0.296889141875402
DARK,2631,-0.2147879116231631
DARK,2632,0.11564518850267556
DARK,2633,0.18625882072850874
DARK,2634,-0.0662861684494662
DARK,2635,-0.05663128034170071
DARK,2636,-0.15036061936506492
DARK,2637,-0.24989985135231646
DARK,2638,-0.1087800196775375
DARK,2639,-0.21872770930825
DARK,2640,-0.31805992394269295
DARK,2641,0.2593630077557266
DARK,2642,0.1578156810218562
DARK,2643,0.0010902499745363697
DARK,2644,0.45775359289210915
DARK,2645,0.040420362341613766
DARK,2646,-0.12531075797653216
DARK,2647,0.2676264493379923
DARK,2648,0.238988539344655
DARK,2649,0.42973683434430726
DARK,2650,0.05014706055645008
DARK,2651,-0.10672110393607279
DARK,2652,-0.1620332194987961
DARK,2653,-0.10626241091135362
DARK,2654,-0.04592879972273388
DARK,2655,-0.24143771769627412
DARK,2656,-0.041913622711480185
DARK,2657,0.07759719720188421
DARK,2658,0.3831896150571593
DARK,2659,-0.04922111832787508
DARK,2660,-0.11797948324226482
DARK,2661,-0.10483101616431176
DARK,2662,-0.40757706182812276
DARK,2663,-0.3187975888980719
DARK,2664,-0.03699846240641694
DARK,2665,-0.26327885370043186
DARK,2666,-0.2566162394919256
DARK,2667,0.2671538758154956
DARK,2668,-0.042389861452889026
DARK,2669,0.21865082395857516
DARK,2670,-0.15296076525268906
DARK,2671,0.32282253462490407
DARK,2672,-0.15675859869639586
DARK,2673,-0.2618961261346674
DARK,2674,0.058019322754468014
DARK,2675,0.36072455178969787
DARK,2676,-0.22140640343151627
DARK,2677,0.28335992525805515
DARK,2678,-0.33369203373274703
DARK,2679,0.03991592735578196
DARK,2680,-0.13539758231124477
DARK,2681,-0.23680841147982096
DARK,2682,-0.14026969999177114
DARK,2683,0.022769682087354175
DARK,2684,0.08942947340431101
DARK,2685,0.2342886851314161
DARK,2686,-0.036647665204836366
DARK,2687,0.06476198001120702
DARK,2688,0.15233578169833847
DARK,2689,-0.029583747889991404
DARK,2690,-0.1266376408794588
DARK,2691,0.011638051601339726
DARK,2692,0.18941969813910678
DARK,2693,0.03010615114659032
DARK,2694,0.20530242283034886
DARK,2695,0.09329410936675042
DARK,2696,0.12830187175149313
DARK,2697,-0.25540113119397645
DARK,2698,0.31296739664047557
DARK,2699,0.2149471294063015
DARK,2700,0.2612594773848431
DARK,2701,-0.12758567659288214
DARK,2702,0.08139290618545446
DARK,2703,-0.20361590377377212
DARK,2704,0.10784930954936536
DARK,2705,-0.00508934506620688
DARK,2706,-0.08966839818403999
DARK,2707,-0.14714054412358077
DARK,2708,-0.2411557634290001
DARK,2709,0.28618860589558925
DARK,2710,-0.26198018491208175
DARK,2711,0.1957081667597171
DARK,2712,-0.0545481791815209
DARK,2713,0.06660512052649559
DARK,2714,-0.20773400532821146
DARK,2715,0.15220781891831314
DARK,2716,-0.12933185833202113
DARK,2717,-0.2002493483782473
DARK,2718,-0.1518791989191602
DARK,2719,-0.07866679199517958
DARK,2720,0.0904690451871174
DARK,2721,0.051718454490125285
DARK,2722,0.008764472754045039
DARK,2723,-0.39817831083425453
DARK,2724,-0.015991934109889357
DARK,2725,-0.1534495494679272
DARK,2726,-0.12869743441420983
DARK,2727,-0.15088876735442458
DARK,2728,0.3867073973941776
DARK,2729,-0.07866052700611104
DARK,2730,-0.07475264940293157
DARK,2731,0.25747984113934325
DARK,2732,-0.03878589945336263
DARK,2733,-0.00698360123097481
DARK,2734,0.04071079154375175
DARK,2735,0.09213091577446271
DARK,2736,-0.27542611272671347
DARK,2737,-0.36401930706464175
DARK,2738,-0.3038843626833167
DARK,2739,-0.06530181702152453
DARK,2740,-0.060378269072657524
DARK,2741,0.062247161135821794
DARK,2742,-0.049258142435201005
DARK,2743,0.13171799730549738
DARK,2744,0.11454477856038352
DARK,2745,0.08021595846790154
DARK,2746,-0.061170279969545785
DARK,2747,0.32695666153170627
DARK,2748,0.2481665583466525
DARK,2749,0.14479033057051793
DARK,2750,-0.20473160619653635
DARK,2751,-0.02970196183875446
DARK,2752,-0.03326448397245652
DARK,2753,0.24711995312829366
DARK,2754,0.03379516573498063
DARK,2755,0.07778858699882635
DARK,2756,-0.2437179661236194
DARK,2757,0.21096198318827145
DARK,2758,-0.12736760551364354
DARK,2759,0.2185587876413973
DARK,2760,-0.02906550662949383
DARK,2761,0.16362581969902915
DARK,2762,-0.09609239628426969
DARK,2763,-0.33947120351626153
DARK,2764,0.08931839496154755
DARK,2765,-0.10948561683709425
DARK,2766,0.2619154772836877
DARK,2767,-0.03658129854809389
DARK,2768,0.22494911082686297
DARK,2769,0.14291697331780065
DARK,2770,-0.24069382777769965
DARK,2771,-0.043049442493047624
DARK,2772,0.3094585189728914
DARK,2773,-0.0031522934911235394
DARK,2774,-0.010181879486741112
DARK,2775,-0.23926111138798242
DARK,2776,-0.014480831456730318
DARK,2777,0.4209168744947274
DARK,2778,-0.023778949206187058
DARK,2779,-0.05964625823508403
DARK,2780,-0.175137711672951
DARK,2781,-0.27877571097729986
DARK,2782,-0.23026024789906052
DARK,2783,-0.18784960068747286
DARK,2784,0.46360165086383837
DARK,2785,-0.12885596203038335
DARK,2786,0.12626513121036653
DARK,2787,-0.26354805307383594
DARK,2788,0.2685437763207737
DARK,2789,-0.017864741553327408
DARK,2790,0.0007943242346830183
DARK,2791,0.36194984401609087
DARK,2792,-0.14391552333710791
DARK,2793,-0.027178547048768834
DARK,2794,-0.3220546019492858
DARK,2795,-0.06384868840156921
DARK,2796,-0.11915033491367902
DARK,2797,-0.45701718481051445
DARK,2798,0.0921400162562435
DARK,2799,-0.020300843154351732
DARK,2800,-0.47589209606907346
DARK,2801,-0.18222435537911916
DARK,2802,0.3194994936135593
DARK,2803,-0.1889487749390694
DARK,2804,0.5147789047600682
DARK,2805,-0.3994632337856006
DARK,2806,-0.12986674036382856
DARK,2807,-0.10604680221405748
DARK,2808,-0.31214907639798506
DARK,2809,-0.06757348078105616
DARK,2810,-0.23719857168689507
DARK,2811,-0.3066723864932579
DARK,2812,0.2899523973179402
DARK,2813,0.0988995800878898
DARK,2814,0.11408975050829104
DARK,2815,0.10565304836116796
DARK,2816,-0.16566460686317094
DARK,2817,-0.09448191578749293
DARK,2818,0.2528061684881632
DARK,2819,-0.12872718115297205
DARK,2820,-0.20282481947065473
DARK,2821,-0.12837114116690257
DARK,2822,-0.16801902162917948
DARK,2823,-0.22381702262016118
DARK,2824,-0.09946485605450696
DARK,2825,-0.17756355507574254
DARK,2826,-0.2689836959767045
DARK,2827,-0.40301532080988034
DARK,2828,0.3683944472075065
DARK,2829,0.37765724761660463
DARK,2830,-0.039039181229550496
DARK,2831,0.2317101024172189
DARK,2832,-0.07149170278723303
DARK,2833,-0.24372539808045024
DARK,2834,0.2206407045769493
DARK,2835,0.5341824257866203
DARK,2836,0.4009233766100248
DARK,2837,-0.10345198325250787
DARK,2838,-0.2701581721532551
DARK,2839,-0.20810887208447507
DARK,2840,-0.05629734534149333
DARK,2841,0.26040413602993306
DARK,2842,-0.13171520578845636
DARK,2843,-0.10685919207017082
DARK,2844,-0.01319577158399664
DARK,2845,-0.12342085733295537
DARK,2846,0.13713239018311227
DARK,2847,-0.09284384472554916
DARK,2848,-0.14363824346307738
DARK,2849,0.12017157301839654
DARK,2850,0.38275005742967705
DARK,2851,0.06728629819133228
DARK,2852,0.20143588499373272
DARK,2853,-0.028468027989864184
DARK,2854,-0.1581238884027755
DARK,2855,-0.12071086008433439
DARK,2856,0.21152293219972
DARK,2857,-0.1477616570657858
DARK,2858,0.07455928715693008
DARK,2859,0.3742431453837897
DARK,2860,0.33261118295440517
DARK,2861,0.12703957775272043
DARK,2862,0.2090607246097124
DARK,2863,-0.3057019468885212
DARK,2864,0.3429672939102297
DARK,2865,0.10999204483594
DARK,2866,0.011847879044757316
DARK,2867,0.08039628559666698
DARK,2868,0.3772615109132457
DARK,2869,-0.10749441496404878
DARK,2870,-0.007537445485396696
DARK,2871,0.1831705817119796
DARK,2872,0.33026983616542466
DARK,2873,0.06194471145508712
DARK,2874,-0.25168411282816083
DARK,2875,-0.12334122016935636
DARK,2876,-0.20896775945072532
DARK,2877,-0.2585308223283276
DARK,2878,0.16123059588984281
DARK,2879,0.17435936655350473
DARK,2880,-0.18888679608198752
DARK,2881,0.2801474428699513
DARK,2882,0.3328839508148852
DARK,2883,-0.13402702850691278
DARK,2884,-0.43857804870119854
DARK,2885,0.17762779730318914
DARK,2886,0.12339314920627824
DARK,2887,-0.5026284364225585
DARK,2888,0.0644730489465407
DARK,2889,-0.19138082624635486
DARK,2890,0.2676202458600708
DARK,2891,-0.14024156192686815
DARK,2892,-0.010979964929702895
DARK,2893,-0.0671809798068463
DARK,2894,0.044356721242270615
DARK,2895,-0.40024132394023915
DARK,2896,0.23382926810357144
DARK,2897,0.09941893655308587
DARK,2898,-0.34763414003056586
DARK,2899,0.4514455387847003
DARK,2900,0.4184837514152614
DARK,2901,-0.2901675847690735
DARK,2902,0.20245028473257998
DARK,2903,-0.049555614603915527
DARK,2904,0.36589139126295206
DARK,2905,-0.12366054515257029
DARK,2906,0.2960680281510304
DARK,2907,0.14323473220484426
DARK,2908,0.2700179692550563
DARK,2909,0.07924396208753018
DARK,2910,-0.21373438296495853
DARK,2911,-0.012740282818196497
DARK,2912,-0.2948971741026282
DARK,2913,-0.07034112019446224
DARK,2914,0.034619645093170025
DARK,2915,0.4104412987062767
DARK,2916,-0.19868754769341446
DARK,2917,0.07249419296069196
DARK,2918,-0.0595163497174536
DARK,2919,0.17991448845782332
DARK,2920,0.1443970269862674
DARK,2921,-0.03536844894790917
DARK,2922,0.06788532653825162
DARK,2923,-0.09539332799776234
DARK,2924,0.1909924602077376
DARK,2925,-0.07710527761643153
DARK,2926,-0.10635332692125099
DARK,2927,-0.2764285042913791
DARK,2928,0.30301683663886236
DARK,2929,0.2827366190888103
DARK,2930,0.08266222840800881
DARK,2931,-0.03435380034087618
DARK,2932,0.10279166606850261
DARK,2933,-0.09351734201538395
DARK,2934,-0.06508691504146752
DARK,2935,-0.061290308280459636
DARK,2936,-0.1474075784879037
DARK,2937,-0.011061984793557949
DARK,2938,-0.020074095292052254
DARK,2939,0.050697724403949644
DARK,2940,-0.01668184322877335
DARK,2941,-0.05178094468850395
DARK,2942,0.07844983982147151
DARK,2943,-0.3289819071988862
DARK,2944,-0.034482640081000236
DARK,2945,-0.13083107376327535
DARK,2946,0.13957147876063428
DARK,2947,0.13281195264212714
DARK,2948,-0.2947305151520296
DARK,2949,-0.31591276699351867
DARK,2950,0.08233286445631732
DARK,2951,-0.11007307353356759
DARK,2952,0.01112661187757571
DARK,2953,0.20675973356507968
DARK,2954,0.0645483636936725
DARK,2955,0.23845286745811828
DARK,2956,0.2579851465652847
DARK,2957,-0.093728306257206
DARK,2958,0.02479031695547825
DARK,2959,0.03320668021070083
DARK,2960,0.05721082137507281
DARK,2961,0.10686591851958187
DARK,2962,0.04843070465208338
DARK,2963,-0.5439512314346645
DARK,2964,0.5051786495926159
DARK,2965,0.18947714072998045
DARK,2966,-0.06125364001737918
DARK,2967,0.16159121713744762
DARK,2968,-0.044094417230074484
DARK,2969,-0.3555412845485241
DARK,2970,0.15836561453061646
DARK,2971,-0.1680754962671068
DARK,2972,-0.11402725357234514
DARK,2973,-0.006516931681359618
DARK,2974,-0.31867647068451255
DARK,2975,0.4110918639071942
DARK,2976,-0.18018207003176234
DARK,2977,-0.017187325399651746
DARK,2978,0.015404094675572348
DARK,2979,-0.39180110368208027
DARK,2980,0.029360655821449443
DARK,2981,0.1351499228047853
DARK,2982,-0.21564058235307393
DARK,2983,-0.25128978863885476
DARK,2984,-0.3471315423520444
DARK,2985,-0.1898812714693225
DARK,2986,-0.23813641606601693
DARK,2987,0.4346109842002267
DARK,2988,-0.4101466900505835
DARK,2989,-0.32286890877499136
DARK,2990,-0.1669718654846566
DARK,2991,-0.36473409879619967
DARK,2992,0.28978719806425013
DARK,2993,-0.06327113755080711
DARK,2994,0.19523799959373855
DARK,2995,0.024492292271521148
DARK,2996,-0.021914641947731964
DARK,2997,0.21247080477209784
DARK,2998,-0.17449588900278218
DARK,2999,0.326741881470275
DARK,3000,0.07898694965628027
DARK,3001,-0.25492042971419854
DARK,3002,-0.18871739943870605
DARK,3003,-0.266533710657484
DARK,3004,-0.1027723633277781
DARK,3005,0.08908803050227962
DARK,3006,-0.07045742687135308
DARK,3007,-0.11323329854318469
DARK,3008,0.17583450578614399
DARK,3009,0.007583374666820115
DARK,3010,0.01729882327635369
DARK,3011,0.022582046329514823
DARK,3012,-0.2558667056317446
DARK,3013,0.30594965613685865
DARK,3014,-0.17577523380600835
DARK,3015,0.18315347329028256
DARK,3016,0.25397450281590894
DARK,3017,-0.27116687800190475
DARK,3018,-0.08808182642760205
DARK,3019,-0.08602085982301207
DARK,3020,-0.04120509483303704
DARK,3021,0.20575264739382432
DARK,3022,-0.37209143853862614
DARK,3023,0.17765675233514225
DARK,3024,0.23973856883386052
DARK,3025,0.17623147284973872
DARK,3026,0.17163796209674184
DARK,3027,0.10239318526947352
DARK,3028,-0.14212346630028957
DARK,3029,0.0023587549612425723
DARK,3030,0.11793552862070182
DARK,3031,0.0661463867166843
DARK,3032,-0.07943248167609095
DARK,3033,-0.2840403525292404
DARK,3034,0.031244639188432042
DARK,3035,-0.08677992310748418
DARK,3036,-0.35369052649428945
DARK,3037,-0.19444919430989063
DARK,3038,0.028361318425701387
DARK,3039,0.01076692686486597
DARK,3040,0.2075016708354182
DARK,3041,-0.2721387966166956
DARK,3042,0.08992412569116268
DARK,3043,-0.050253299887164114
DARK,3044,-0.39666731525544185
DARK,3045,0.06826825687667792
DARK,3046,-0.028772912212890946
DARK,3047,-0.1281591317827253
DARK,3048,-0.38727733439686135
DARK,3049,0.1190422621801184
DARK,3050,0.3155944304102298
DARK,3051,-0.14199355464031743
DARK,3052,-0.22878284358952775
DARK,3053,-0.05052410447268601
DARK,3054,-0.24960580829538778
DARK,3055,0.05302833448443669
DARK,3056,-0.1663654771996765
DARK,3057,0.17052480860863575
DARK,3058,-0.12189856400199856
DARK,3059,0.44922867837061714
DARK,3060,-0.36765248412513624
DARK,3061,0.017745563966395237
DARK,3062,-0.29300283565261026
DARK,3063,0.342881252511201
DARK,3064,0.4985247882116135
DARK,3065,-0.27217275727851487
DARK,3066,0.248089945577781
DARK,3067,0.06395679633517906
DARK,3068,-0.32576156370291176
DARK,3069,-0.06918387179322136
DARK,3070,-0.17061521507626973
DARK,3071,-0.37353689319042016
DARK,3072,0.06556305443776428
DARK,3073,-0.15659118496491387
DARK,3074,-0.010677821076995931
DARK,3075,-0.22307496959931564
DARK,3076,-0.043999374374305456
DARK,3077,0.18177228763247458
DARK,3078,-0.043141115304895075
DARK,3079,0.5077145902223997
DARK,3080,-0.40805522279464485
DARK,3081,-0.18858579411517193
DARK,3082,-0.10614227174006714
DARK,3083,0.10091744661173932
DARK,3084,0.01636425397463202
DARK,3085,0.08861174499555624
DARK,3086,-0.1551002660662777
DARK,3087,-0.12511866282914555
DARK,3088,0.027227581378928053
DARK,3089,0.290566861559248
DARK,3090,0.3431218787877526
DARK,3091,-0.1652321454589247
DARK,3092,0.01751045603786549
DARK,3093,0.2280701661821433
DARK,3094,-0.006862927678291496
DARK,3095,0.17336367867065594
DARK,3096,0.2700127862446077
DARK,3097,-0.1558105474247591
DARK,3098,-0.2353421623732945
DARK,3099,-0.011056669273577806
DARK,3100,-0.06498571771569432
DARK,3101,-0.10670497259226869
DARK,3102,-0.038313191935753936
DARK,3103,0.06267349095554758
DARK,3104,0.062424227448223464
DARK,3105,0.31687588815178874
DARK,3106,-0.30870935832516305
DARK,3107,-0.22716380515452653
DARK,3108,-0.18090032318380847
DARK,3109,0.03647308408302145
DARK,3110,0.001122888074522524
DARK,3111,-0.2499105876608507
DARK,3112,0.40651639803668477
DARK,3113,0.2166522861137799
DARK,3114,0.06472376001058895
DARK,3115,0.15272416459519203
DARK,3116,0.02031930413505567
DARK,3117,-0.3985731743215198
DARK,3118,-0.31597921898281084
DARK,3119,0.08294393916992972
DARK,3120,0.2927317800591741
DARK,3121,-0.013946681602288825
DARK,3122,-0.1417602443186843
DARK,3123,0.3878984385726717
DARK,3124,0.044512366150295475
DARK,3125,0.3604865856464694
DARK,3126,-0.34505253686470677
DARK,3127,0.26003811455762826
DARK,3128,0.2471790533840813
DARK,3129,0.14443660023780203
DARK,3130,-0.05511496097827273
DARK,3131,0.17093618551508133
DARK,3132,-0.19483457073900506
DARK,3133,-0.29276177126941905
DARK,3134,0.06619603775365474
DARK,3135,0.2001629726438254
DARK,3136,0.08589402504760249
DARK,3137,-0.2481775267145876
DARK,3138,-0.1694726240101956
DARK,3139,-0.00368342212450059
DARK,3140,-0.5437091351070291
DARK,3141,-0.0057295791222883195
DARK,3142,0.13375775810937074
DARK,3143,-0.06632106027753029
DARK,3144,0.21669484085426627
DARK,3145,-0.20551057675773568
DARK,3146,0.3687222605724835
DARK,3147,0.11875847281921786
DARK,3148,0.5502982378660947
DARK,3149,-0.10991779679357924
DARK,3150,0.13636657007246442
DARK,3151,0.08309288560829299
DARK,3152,-0.11281152650825026
DARK,3153,-0.19000746604373783
DARK,3154,0.09617950263262642
DARK,3155,0.1184226848619315
DARK,3156,-0.01176467336246689
DARK,3157,0.03376548648504133
DARK,3158,-0.13175677989878137
DARK,3159,-0.3944976220617386
DARK,3160,-0.019545263290268775
DARK,3161,0.03657584869586662
DARK,3162,0.24957572081631252
DARK,3163,-0.0443560199479533
DARK,3164,0.2939528051641682
DARK,3165,-0.4171495873716221
DARK,3166,-0.01638711461436514
DARK,3167,-0.11378895499902839
DARK,3168,-0.43020924284013745
DARK,3169,0.05586505441725813
DARK,3170,-0.1403979114157984
DARK,3171,-0.13628089959656106
DARK,3172,0.38826608341858376
DARK,3173,-0.19323576145429142
DARK,3174,-0.17790761544305086
DARK,3175,0.23342776590823158
DARK,3176,0.04196535873715958
DARK,3177,-0.33916144556043565
DARK,3178,-0.15515315731168236
DARK,3179,0.08285566610006213
DARK,3180,0.2223452704931657
DARK,3181,-0.20532493654770667
DARK,3182,0.029207734769904344
DARK,3183,0.016437986182310675
DARK,3184,-0.35343546652065083
DARK,3185,-0.35425991682088515
DARK,3186,0.5325381307811237
DARK,3187,-0.3672752296252032
DARK,3188,0.08716569779753947
DARK,3189,0.32647464043246516
DARK,3190,-0.5194790899839365
DARK,3191,-0.07790335037359161
DARK,3192,0.28690360288752487
DARK,3193,-0.09936950433621113
DARK,3194,0.04547995083403795
DARK,3195,-0.08282590893324837
DARK,3196,-0.07639514651761714
DARK,3197,0.19913525946926175
DARK,3198,-0.07958589134429865
DARK,3199,0.2797066526892833
DARK,3200,0.09040331447353196
DARK,3201,0.06713463179566992
DARK,3202,0.04854153918228654
DARK,3203,-0.20542950151460176
DARK,3204,0.12829421678574301
DARK,3205,-0.3116704304178131
DARK,3206,-0.059932704793923354
DARK,3207,-0.2474233556919284
DARK,3208,0.07709684422017722
DARK,3209,-0.10742841041676385
DARK,3210,0.2534132332671605
DARK,3211,-0.08065226320761311
DARK,3212,-0.25320046767978743
DARK,3213,-0.3761338869769076
DARK,3214,0.17176691781175055
DARK,3215,0.10676064363098552
DARK,3216,0.08707372205482565
DARK,3217,0.030535219445187188
DARK,3218,-0.15726837410115782
DARK,3219,0.4393737986512378
DARK,3220,0.42035413874379773
DARK,3221,0.19949797100765265
DARK,3222,0.5958037951093235
DARK,3223,0.15150366325320602
DARK,3224,-0.09530335610542913
DARK,3225,-0.15285652858686752
DARK,3226,-0.08169500208508901
DARK,3227,-0.44258178610221155
DARK,3228,-0.08843066376443928
DARK,3229,0.12697406026940486
DARK,3230,0.006819633020178417
DARK,3231,0.39728612132372776
DARK,3232,0.08660790877239319
DARK,3233,0.1861144355928227
DARK,3234,-0.10265560067782856
DARK,3235,0.07361640889575768
DARK,3236,-0.21472123883536748
DARK,3237,-0.2565294700147425
DARK,3238,-0.07635246501467619
DARK,3239,0.22612989848060694
DARK,3240,-0.008574895634740063
DARK,3241,0.11133484067164698
DARK,3242,0.2102237466370124
DARK,3243,-0.19200121995212854
DARK,3244,-0.0048017266078371704
DARK,3245,-0.1433825455955192
DARK,3246,0.18645602318511775
DARK,3247,0.15391713430974138
DARK,3248,-0.09693873863708953
DARK,3249,-0.13755172014386827
DARK,3250,0.021858389782686508
DARK,3251,0.469003913373229
DARK,3252,0.007180781009291575
DARK,3253,0.5041627906367869
DARK,3254,-0.20478465879759597
DARK,3255,-0.07379884710178598
DARK,3256,0.15191157614744705
DARK,3257,0.10118206858494265
DARK,3258,-0.23652997653845892
DARK,3259,-0.11932714237515256
DARK,3260,-0.13772181405414086
DARK,3261,0.24816068292627438
DARK,3262,-0.021069698164032556
DARK,3263,-0.003573775845281389
DARK,3264,0.08778882641415224
DARK,3265,-0.21664263847588122
DARK,3266,0.46250888595265377
DARK,3267,-0.27648037347995286
DARK,3268,0.16039930096869054
DARK,3269,0.1489167782951175
DARK,3270,-0.31030028502155205
DARK,3271,-0.33283103769717926
DARK,3272,0.5255109259508801
DARK,3273,-0.03830393237789789
DARK,3274,-0.20272916975111407
DARK,3275,0.11190466388996122
DARK,3276,-0.2902612010372024
DARK,3277,0.28845886654060243
DARK,3278,0.5428085419293665
DARK,3279,0.053534334766344435
DARK,3280,0.1813943169730559
DARK,3281,-0.023996377909977554
DARK,3282,-0.10768464639840551
DARK,3283,-0.19783633269911272
DARK,3284,0.06193334079041684
DARK,3285,-0.08850734133942587
DARK,3286,0.21918897593652084
DARK,3287,-0.453611555055252
DARK,3288,-0.016608505979108217
DARK,3289,0.2047209207911329
DARK,3290,0.0815329652255959
DARK,3291,-0.22556280829011305
DARK,3292,0.11774708639023247
DARK,3293,-0.045499413254373636
DARK,3294,-0.10221817708745098
DARK,3295,0.22844249731579497
DARK,3296,0.26978493396394754
DARK,3297,-0.26696371455665585
DARK,3298,0.1956466569434915
DARK,3299,0.09410637160174011
DARK,3300,0.0860335254761352
DARK,3301,0.2584623009285287
DARK,3302,-0.21867086686552942
DARK,3303,-0.18703518485968423
DARK,3304,0.05500225228498696
DARK,3305,0.09190207390547794
DARK,3306,0.4434519299760972
DARK,3307,-0.31828902782157276
DARK,3308,-0.15011657640519402
DARK,3309,0.16067870379257873
DARK,3310,-0.25670132339487745
DARK,3311,-0.02873623595936167
DARK,3312,0.410717021593623
DARK,3313,0.3257074623319497
DARK,3314,-0.048395379537417536
DARK,3315,0.1689159543836804
DARK,3316,0.25647353027733044
DARK,3317,-0.00018928419127689844
DARK,3318,-0.18412503205638936
DARK,3319,-0.15166193919177806
DARK,3320,-0.0935979823841972
DARK,3321,0.35457733192094154
DARK,3322,0.13889496558097136
DARK,3323,0.02115815096912949
DARK,3324,-0.005969346746491599
DARK,3325,-0.2874325733216684
DARK,3326,-0.44927286047508974
DARK,3327,-0.2622546489176659
DARK,3328,-0.2697241058449051
DARK,3329,-0.10269194056756956
DARK,3330,-0.19065055327332392
DARK,3331,0.017012320452883697
DARK,3332,0.26809133481009456
DARK,3333,0.2601992363513351
DARK,3334,-0.11343154724574625
DARK,3335,0.32712661927837755
DARK,3336,0.002392189410424557
DARK,3337,-0.35984976124299206
DARK,3338,0.17890929168098413
DARK,3339,0.31686833328425945
DARK,3340,-0.18695232524554065
DARK,3341,0.0552853075557479
DARK,3342,0.2910258686630561
DARK,3343,-0.1460031217503997
DARK,3344,-0.07421377572523676
DARK,3345,-0.456130031388748
DARK,3346,-0.08281604449771175
DARK,3347,0.05849917270831638
DARK,3348,-0.003636898525921815
DARK,3349,0.24353681378645978
DARK,3350,0.06201532970260357
DARK,3351,-0.02537088242914545
DARK,3352,0.039688187479059805
DARK,3353,0.3838615041175119
DARK,3354,0.18854253233232285
DARK,3355,-0.04847486689522598
DARK,3356,0.05066106469141856
DARK,3357,-0.14580956111108814
DARK,3358,-0.2573644533691565
DARK,3359,0.37010017397723016
DARK,3360,0.10726163224093385
DARK,3361,0.01910605805373461
DARK,3362,-0.05256483589580703
DARK,3363,-0.08606528221431572
DARK,3364,0.001225187466910334
DARK,3365,0.2309736578883059
DARK,3366,-0.19240162251073697
DARK,3367,-0.3622063371675382
DARK,3368,-0.2849525016691537
DARK,3369,-0.32265097522430586
DARK,3370,-0.1809642369061424
DARK,3371,-0.29542672673145237
DARK,3372,-0.2420857748328848
DARK,3373,0.34766101269674055
DARK,3374,0.0003717861738090542
DARK,3375,-0.07275823103217711
DARK,3376,0.09872288662141707
DARK,3377,0.41734899189547775
DARK,3378,0.00935175854790247
DARK,3379,0.30576649884414325
DARK,3380,0.10263394665390499
DARK,3381,0.5373923204897023
DARK,3382,-0.28498224535741473
DARK,3383,0.0828877132417137
DARK,3384,0.09712336359640823
DARK,3385,-0.27445692940113575
DARK,3386,0.5406925094952846
DARK,3387,-0.10274014833676766
DARK,3388,0.4119004549491624
DARK,3389,-0.06801168104162614
DARK,3390,-0.2554341372042819
DARK,3391,0.23189873034310643
DARK,3392,-0.005784863932913296
DARK,3393,-0.36894534912135285
DARK,3394,0.42434159319711834
DARK,3395,-0.1977484167847469
DARK,3396,0.419902379958445
DARK,3397,-0.2771230614624217
DARK,3398,-0.043469585431726195
DARK,3399,-0.31861437304792023
DARK,3400,-0.30080837729650245
DARK,3401,-0.023107127079166463
DARK,3402,-0.07779146807473071
DARK,3403,0.021809894626969823
DARK,3404,-0.0019996979417451323
DARK,3405,0.2524881871071528
DARK,3406,-0.1413074974030363
DARK,3407,0.15370770879327125
DARK,3408,-0.12174182070133927
DARK,3409,0.2805052000879036
DARK,3410,-0.25009983812057623
DARK,3411,0.37278701800525965
DARK,3412,0.1921492444336341
DARK,3413,-0.1596101708453206
DARK,3414,0.3589044067737077
DARK,3415,0.12575814702194346
DARK,3416,-0.2805706962198775
DARK,3417,0.07659350949666746
DARK,3418,-0.039207649195575504
DARK,3419,0.010600479973004196
DARK,3420,0.4319342190576115
DARK,3421,0.055949254422075476
DARK,3422,-0.35843489396783784
DARK,3423,0.28075142670432746
DARK,3424,-0.033866168527350096
DARK,3425,0.15648932510964605
DARK,3426,-0.11458193108672418
DARK,3427,-0.27408273195936717
DARK,3428,-0.07076104473926208
DARK,3429,0.15534242148465427
DARK,3430,0.34725524401686025
DARK,3431,0.16146784021338464
DARK,3432,0.03019657208496377
DARK,3433,0.31565569747373434
DARK,3434,-0.23122215902044946
DARK,3435,0.018020277843054083
DARK,3436,-0.056671688154761854
DARK,3437,0.05578461627587397
DARK,3438,0.3562601620443704
DARK,3439,-0.2270580852361048
DARK,3440,0.007123528743151274
DARK,3441,-0.02663081570042672
DARK,3442,-0.0960207947534711
DARK,3443,-0.0687880318623098
DARK,3444,0.286680555812819
DARK,3445,-0.27009750601113436
DARK,3446,0.21572537459381055
DARK,3447,0.048314078610914565
DARK,3448,0.14886916706075629
DARK,3449,-0.2891333180581984
DARK,3450,0.2175084953510886
DARK,3451,-0.2126896550570971
DARK,3452,-0.07768357890166362
DARK,3453,0.14734075660330814
DARK,3454,0.32255738874680107
DARK,3455,0.2612848831331796
DARK,3456,0.178858967355586
DARK,3457,0.21299498439679798
DARK,3458,-0.18933424957681796
DARK,3459,-0.02582282470352884
DARK,3460,0.013891240733514543
DARK,3461,-0.01879504187609511
DARK,3462,-0.05127609782133577
DARK,3463,-0.26894820697877725
DARK,3464,0.11983122816381728
DARK,3465,-0.0279114309418151
DARK,3466,-0.08949984020139763
DARK,3467,-0.03147129230721996
DARK,3468,-0.1908801012516676
DARK,3469,0.047989420365414384
DARK,3470,0.02381937563878787
DARK,3471,0.017235832274163497
DARK,3472,-0.17052095474863105
DARK,3473,0.25405376016203846
DARK,3474,0.15880450900099763
DARK,3475,-0.23381228047586747
DARK,3476,-0.1433314812469588
DARK,3477,0.03636340530676865
DARK,3478,0.27790576852873006
DARK,3479,0.36653957819377414
DARK,3480,-0.3675386941271106
DARK,3481,0.010548539177963692
DARK,3482,0.22785952246884808
DARK,3483,0.2833097105396051
DARK,3484,-0.23455495753649988
DARK,3485,-0.2980624378946824
DARK,3486,-0.29617421284848655
DARK,3487,0.06263557305227069
DARK,3488,0.1213055043233747
DARK,3489,0.13206778595947577
DARK,3490,0.4342788432903928
DARK,3491,0.23360998514813994
DARK,3492,-0.17593402393310942
DARK,3493,-0.2615799437170941
DARK,3494,0.16998391648927438
DARK,3495,0.14070320565233638
DARK,3496,-0.06897141942508608
DARK,3497,0.08831203851627008
DARK,3498,0.28779959359174606
DARK,3499,0.25016431950940793
DARK,3500,0.333222873162482
DARK,3501,0.009891977267482888
DARK,3502,0.0017219524617770403
DARK,3503,0.13500142651879163
DARK,3504,-0.2514838813486173
DARK,3505,-0.19325824638864184
DARK,3506,0.2428838688770601
DARK,3507,-0.08618560981780346
DARK,3508,-0.15254469716294677
DARK,3509,-0.012865232803459633
DARK,3510,0.19805544089087834
DARK,3511,-0.14646022908002151
DARK,3512,0.2738385689188888
DARK,3513,0.14377512576166324
DARK,3514,0.3520249798618701
DARK,3515,0.19869020217596622
DARK,3516,0.06381306035926544
DARK,3517,-0.06776408840116585
DARK,3518,-0.07535336042934897
DARK,3519,0.050276473101022595
DARK,3520,0.06456863592603343
DARK,3521,-0.16278001173139994
DARK,3522,0.34794507247263795
DARK,3523,-0.08628682087692141
DARK,3524,0.18085193027266872
DARK,3525,0.15169676871662213
DARK,3526,-0.03353704141391113
DARK,3527,0.15862486641702372
DARK,3528,0.14234457021553118
DARK,3529,0.04028798809350799
DARK,3530,-0.015486329866963567
DARK,3531,0.007503072637735511
DARK,3532,-0.13353264482237043
DARK,3533,0.38974877177152106
DARK,3534,-0.3145050091919593
DARK,3535,-0.17197511398823104
DARK,3536,-0.07436464648074353
DARK,3537,-0.1744821989016654
DARK,3538,-0.18695402617480017
DARK,3539,-0.04293701531823272
DARK,3540,-0.42822036021215115
DARK,3541,-0.25584071749051074
DARK,3542,-0.1656565536379523
DARK,3543,-0.10276442210335
DARK,3544,0.2622890826100787
DARK,3545,0.12984311383456013
DARK,3546,0.11017872555583953
DARK,3547,0.13886584489864512
DARK,3548,-0.4801493944713501
DARK,3549,-0.22040906272204794
DARK,3550,0.1739421166458967
DARK,3551,0.08752142725975637
DARK,3552,-0.008645803356036201
DARK,3553,0.08905673073631927
DARK,3554,-0.376012077462767
DARK,3555,0.27070545892016673
DARK,3556,0.33866862763055605
DARK,3557,-0.13491478288197192
DARK,3558,0.36000996432718646
DARK,3559,-0.10842341225037645
DARK,3560,-0.12411699821982987
DARK,3561,0.5811942763666071
DARK,3562,-0.16369128132933786
DARK,3563,0.37778534341662706
DARK,3564,0.2433069959217654
DARK,3565,-0.09463815976842227
DARK,3566,-0.1891873223138572
DARK,3567,-0.36157687328125915
DARK,3568,0.10502438334601218
DARK,3569,-0.11961497235032996
DARK,3570,0.1567674876673488
DARK,3571,0.2049787856104843
DARK,3572,0.18717042104253848
DARK,3573,-0.21882719801309344
DARK,3574,-0.0752092651660961
DARK,3575,-0.15350541168055531
DARK,3576,-0.2276294687648338
DARK,3577,-0.061771769079902825
DARK,3578,-0.21997878182005226
DARK,3579,0.2279354430185033
DARK,3580,-0.10226531594057996
DARK,3581,0.4003618055083931
DARK,3582,-0.010750216132461585
DARK,3583,0.07271558919458644
DARK,3584,0.14372797123696635
DARK,3585,0.09879004826091228
DARK,3586,0.18530776004442695
DARK,3587,-0.32911073349500475
DARK,3588,0.07536199480340763
DARK,3589,-0.01645244861888385
DARK,3590,-0.12169381112772361
DARK,3591,-0.06323979352211363
DARK,3592,-0.1850725467308354
DARK,3593,-0.29411274550590105
DARK,3594,0.05128972568759359
DARK,3595,-0.22750795490138837
DARK,3596,0.08377027552509904
DARK,3597,-0.24374376487898464
DARK,3598,-0.12907027366498974
DARK,3599,0.18484524676702171
DARK,3600,0.13181988818003623
DARK,3601,-0.24037105121646976
DARK,3602,0.046653813089162374
DARK,3603,-0.14824524027591718
DARK,3604,-0.06399148567544238
DARK,3605,-0.2815877001964045
DARK,3606,0.3514031592085867
DARK,3607,-0.010250367225563972
DARK,3608,0.31188142201780483
DARK,3609,-0.277710396457903
DARK,3610,0.015260722462757847
DARK,3611,0.1477209939590183
DARK,3612,-0.07094745046809046
DARK,3613,-0.10086354576751957
DARK,3614,-0.16474274460039637
DARK,3615,0.150012983152048
DARK,3616,0.019877573961628633
DARK,3617,-0.017306383365215942
DARK,3618,-0.037874931779385015
DARK,3619,-0.22748779175061548
DARK,3620,0.08593195650399475
DARK,3621,0.3544806826316947
DARK,3622,-0.47362639825995806
DARK,3623,-0.40192167242844584
DARK,3624,-0.18111724078839417
DARK,3625,0.11665901109006559
DARK,3626,0.10496114679479271
DARK,3627,0.02670700148616877
DARK,3628,-0.4131934857561554
DARK,3629,-0.2280991651936796
DARK,3630,0.07852722026611549
DARK,3631,0.4960702481584457
DARK,3632,-0.16115355056712635
DARK,3633,0.10754977334947052
DARK,3634,-0.049013335301505874
DARK,3635,0.06885936431034803
DARK,3636,0.061453061009953014
DARK,3637,0.27658702425957543
DARK,3638,0.17685861365778882
DARK,3639,-0.034566331996455216
DARK,3640,-0.3164516812229032
DARK,3641,0.007193084161598565
DARK,3642,-0.3554354265077618
DARK,3643,0.36923441354017167
DARK,3644,-0.10489274640896942
DARK,3645,0.275833444205732
DARK,3646,0.026552108359063586
DARK,3647,-0.19047364846227888
DARK,3648,0.016072893411325055
DARK,3649,0.07128338432172894
DARK,3650,0.01604933635243553
DARK,3651,-0.3622770977155318
DARK,3652,-0.030298582140418848
DARK,3653,-0.2253558293174775
DARK,3654,0.2729246645498901
DARK,3655,-0.03323033035184918
DARK,3656,-0.021696455698489672
DARK,3657,0.19239320429671752
DARK,3658,0.15489899810228033
DARK,3659,-0.31439725807396307
DARK,3660,0.4094471018592724
DARK,3661,0.15050769641812037
DARK,3662,-0.20343425694386055
DARK,3663,-0.28744706711005924
DARK,3664,-0.328417137154528
DARK,3665,0.1827293470061077
DARK,3666,-0.189674216430055
DARK,3667,0.03596699187557733
DARK,3668,-0.3572089228256426
DARK,3669,0.13818375573995859
DARK,3670,-0.17831282154627798
DARK,3671,-0.20940358321165878
DARK,3672,-0.19741957603308302
DARK,3673,-0.18734337397865003
DARK,3674,-0.18616980483542225
DARK,3675,-0.06836589291590518
DARK,3676,-0.06063287672992511
DARK,3677,0.2570601084879527
DARK,3678,-0.025781988062791444
DARK,3679,0.07050881849259623
DARK,3680,0.15844569786602278
DARK,3681,-0.3077481517146082
DARK,3682,-0.34782002925713434
DARK,3683,-0.002094409251743458
DARK,3684,0.12393513216578157
DARK,3685,0.05696077442287069
DARK,3686,-0.3022524127282329
DARK,3687,-0.10379798676942177
DARK,3688,-0.15969428892115195
DARK,3689,0.1921658782325697
DARK,3690,-0.17879519424140555
DARK,3691,0.04836230272581384
DARK,3692,-0.251990964108467
DARK,3693,0.11770779646138431
DARK,3694,0.1483648129754011
DARK,3695,0.09661962161600132
DARK,3696,0.06042460183264461
DARK,3697,0.23848158211073922
DARK,3698,0.06658325402691177
DARK,3699,-0.1432400041880789
DARK,3700,0.036686348689110186
DARK,3701,-0.1757663549325149
DARK,3702,0.14201173327877117
DARK,3703,0.1954206378523413
DARK,3704,-0.18536728044697948
DARK,3705,0.007451369611948796
DARK,3706,0.07117999010104689
DARK,3707,-0.12356816309454838
DARK,3708,0.13676586508221217
DARK,3709,-0.12432225851132575
DARK,3710,-0.07774337706471955
DARK,3711,-0.05240824050834633
DARK,3712,0.2809789052013112
DARK,3713,-0.5114639017267116
DARK,3714,2.145203980153792e-05
DARK,3715,0.2390316471096071
DARK,3716,-0.12005264821388308
DARK,3717,0.13842045476496237
DARK,3718,0.02190453191224586
DARK,3719,0.08675090635008187
DARK,3720,-0.11984403873361829
DARK,3721,-0.006328508871024226
DARK,3722,0.08367792458682868
DARK,3723,0.13850421237631433
DARK,3724,0.1637514956545204
DARK,3725,-0.17278925378222038
DARK,3726,-0.02774354674880046
DARK,3727,-0.0788935582821323
DARK,3728,0.13934219077293689
DARK,3729,0.1424282009941745
DARK,3730,0.28319781442924036
DARK,3731,-0.26003322958367564
DARK,3732,-0.058926862641214106
DARK,3733,0.0902601287091421
DARK,3734,0.22836554564245617
DARK,3735,0.040755272030040514
DARK,3736,0.07547487754031075
DARK,3737,0.40536621087445973
DARK,3738,-0.1062007079645782
DARK,3739,-0.10432926713293357
DARK,3740,0.01077949085887328
DARK,3741,0.028603537909323296
DARK,3742,-0.02012863409574273
DARK,3743,0.25897219663362386
DARK,3744,-0.1610641053565851
DARK,3745,-0.48920906012819654
DARK,3746,0.23688929820390123
DARK,3747,-0.20158413973252512
DARK,3748,-0.15859452706580085
DARK,3749,0.42195896388024656
DARK,3750,-0.26186075406507986
DARK,3751,0.03896161578090712
DARK,3752,0.4679150727108709
DARK,3753,-0.11291160918088669
DARK,3754,-0.14668849119661578
DARK,3755,-0.2831647101066803
DARK,3756,-0.10327015922097799
DARK,3757,-0.10671157129085633
DARK,3758,-0.38598514038627885
DARK,3759,0.04442216776739029
DARK,3760,0.3549514695442965
DARK,3761,0.27353131248016654
DARK,3762,0.23115589484501603
DARK,3763,-0.14453733711169692
DARK,3764,0.13449500587894253
DARK,3765,-0.0903010637214743
DARK,3766,0.0908389696364671
DARK,3767,-0.1883340349044492
DARK,3768,0.2000334326868806
DARK,3769,-0.25325612694783617
DARK,3770,0.4861074874882752
DARK,3771,-0.011932384037207373
DARK,3772,-0.15569269736272823
DARK,3773,-0.040216565472383385
DARK,3774,0.022425856383750123
DARK,3775,-0.26654859903603684
DARK,3776,-0.19166889496084638
DARK,3777,-0.11210792034348474
DARK,3778,-0.10112984987583992
DARK,3779,-0.2227318651506347
DARK,3780,0.17178243872896032
DARK,3781,-0.10743806599715125
DARK,3782,0.04074944955101538
DARK,3783,-0.0026882589594316437
DARK,3784,-0.24928615347540972
DARK,3785,0.04279538768625699
DARK,3786,-0.16243703999123907
DARK,3787,-0.41286871203980635
DARK,3788,0.190917739843003
DARK,3789,-0.034251752248193726
DARK,3790,0.05611436897402517
DARK,3791,-0.3385287866961053
DARK,3792,-0.3462067456582156
DARK,3793,0.30816331297882815
DARK,3794,0.14971383284702214
DARK,3795,-0.12421680544265076
DARK,3796,0.13517552056191845
DARK,3797,-0.16112839849705696
DARK,3798,0.4161776199454863
DARK,3799,0.13619913276289525
DARK,3800,-0.12668355997985595
DARK,3801,-0.15913432999089777
DARK,3802,0.0036648596316396277
DARK,3803,0.5365789846339932
DARK,3804,-0.04538929243352437
DARK,3805,-0.32348264635177393
DARK,3806,0.0008564211653704611
DARK,3807,-0.20892499795851974
DARK,3808,-0.3348936100661989
DARK,3809,-0.11872259516856729
DARK,3810,0.2022434258726146
DARK,3811,0.014848402285568156
DARK,3812,0.2856391112180914
DARK,3813,-0.14527159874080708
DARK,3814,0.13647443533778378
DARK,3815,-0.31122635857059744
DARK,3816,0.004958473128504662
DARK,3817,-0.2008016026700336
DARK,3818,-0.021846977374459512
DARK,3819,0.20539526834241095
DARK,3820,0.020932641539070047
DARK,3821,-0.29171352041838655
DARK,3822,0.0843951939543065
DARK,3823,-0.1947800655485011
DARK,3824,0.14359644475349578
DARK,3825,0.06736835769387899
DARK,3826,0.4464394075011681
DARK,3827,0.16763541594836823
DARK,3828,0.009989887877021875
DARK,3829,-0.06283790695976366
DARK,3830,-0.40758580870210814
DARK,3831,0.10248240247427662
DARK,3832,0.20605217534229756
DARK,3833,0.3242685132554585
DARK,3834,-0.4818473021180629
DARK,3835,-0.2891050064465386
DARK,3836,-0.2026134599718196
DARK,3837,0.13347008165154817
DARK,3838,-0.22431145500905014
DARK,3839,-0.018253543511705207
DARK,3840,-0.0038833700533610796
DARK,3841,-0.20953740657220682
DARK,3842,0.38918597736939414
DARK,3843,0.011735229162366892
DARK,3844,0.3726216453431103
DARK,3845,0.02929997658096527
DARK,3846,0.21921798516609237
DARK,3847,0.28960796916337284
DARK,3848,0.04374833712231705
DARK,3849,0.3424946918192087
DARK,3850,-0.24837371430046967
DARK,3851,-0.1935519914202464
DARK,3852,0.30644699853629837
DARK,3853,0.3526351531658554
DARK,3854,-0.07488679554715734
DARK,3855,0.2420761068157112
DARK,3856,-0.27550856887203534
DARK,3857,0.031248032838629963
DARK,3858,-0.08043413486941728
DARK,3859,-0.04076384171848323
DARK,3860,0.002835309449889072
DARK,3861,-0.1965144669355623
DARK,3862,0.0023202146755881103
DARK,3863,0.053672466644761344
DARK,3864,-0.18143313734056557
DARK,3865,-0.19613495079509904
DARK,3866,-0.15148396791228383
DARK,3867,0.5225112026656799
DARK,3868,-0.2777768132779192
DARK,3869,-0.4532898526228143
DARK,3870,0.06631589107149
DARK,3871,-0.08005822662766315
DARK,3872,0.2446332544134043
DARK,3873,-0.3024985317716295
DARK,3874,0.12111350577386869
DARK,3875,0.21623594404950708
DARK,3876,0.14343148963819308
DARK,3877,-0.09590357612634397
DARK,3878,0.09143753196613227
DARK,3879,-0.10695831877471271
DARK,3880,-0.00521359856933356
DARK,3881,0.12726046107015004
DARK,3882,-0.16933732088410489
DARK,3883,-0.2788614381116213
DARK,3884,-0.42269265861511207
DARK,3885,0.08437174841037956
DARK,3886,0.09520974565330038
DARK,3887,-0.16897566593277885
DARK,3888,-0.17242256375092807
DARK,3889,0.1672981871694035
DARK,3890,-0.1515851358670915
DARK,3891,0.3365344319865142
DARK,3892,-0.11847154671043986
DARK,3893,-0.1225761167679075
DARK,3894,-0.13749054650742215
DARK,3895,0.0727274526813919
DARK,3896,-0.09729751699681079
DARK,3897,-0.3170745545999216
DARK,3898,-0.08676459785003236
DARK,3899,-0.4402033652770901
DARK,3900,0.17825151332631986
DARK,3901,-0.004374913450529681
DARK,3902,-0.0674284238727303
DARK,3903,0.09580845265004398
DARK,3904,-0.32513028845371245
DARK,3905,0.40921103310441853
DARK,3906,-0.10580674790731218
DARK,3907,0.1421911736533406
DARK,3908,-0.38347295087698136
DARK,3909,-0.040481896965074586
DARK,3910,-0.24162662791222025
DARK,3911,-0.15295048946793663
DARK,3912,-0.09312828255572207
DARK,3913,0.13113021860572938
DARK,3914,-0.13824193513676225
DARK,3915,0.14824511787806527
DARK,3916,0.013768759290217432
DARK,3917,0.35861976352567665
DARK,3918,0.027213391348191354
DARK,3919,-0.4583517059327692
DARK,3920,0.29508226578764746
DARK,3921,-0.2150304734646513
DARK,3922,-0.019707360201280343
DARK,3923,0.31019207634296103
DARK,3924,-0.30744661510639304
DARK,3925,0.1480331812271814
DARK,3926,-0.06287779842546203
DARK,3927,-0.30543858481362457
DARK,3928,0.19163271732209222
DARK,3929,-0.08214553619203747
DARK,3930,-0.1474717803773512
DARK,3931,0.06572534195852894
DARK,3932,-0.35563443573340625
DARK,3933,0.2249493451210108
DARK,3934,-0.27112962895500864
DARK,3935,-0.09913457134580397
DARK,3936,0.0485044890221026
DARK,3937,0.3344686583667198
DARK,3938,0.29791008629266874
DARK,3939,0.037021139306908174
DARK,3940,-0.01673540891801175
DARK,3941,-0.30893600575481667
DARK,3942,0.09975196710976948
DARK,3943,0.2745645454231968
DARK,3944,0.09690095104182837
DARK,3945,-0.38038354904056926
DARK,3946,-0.05194678737891442
DARK,3947,0.06349413304363291
DARK,3948,-0.3272887094229077
DARK,3949,-0.0670479543352033
DARK,3950,-0.0776361433227437
DARK,3951,0.2716966083270007
DARK,3952,0.08501516760230102
DARK,3953,-0.1160740003877933
DARK,3954,-0.1362152833565657
DARK,3955,-0.07521206945042404
DARK,3956,0.10413848082192592
DARK,3957,-0.16252574839354275
DARK,3958,-0.2691384201778655
DARK,3959,-0.24204559374226728
DARK,3960,0.009714438451205665
DARK,3961,-0.35325510047396275
DARK,3962,0.001799685757700906
DARK,3963,0.0008559218480925591
DARK,3964,0.11405362398608841
DARK,3965,-0.42942910206171525
DARK,3966,-0.07846957767874622
DARK,3967,-0.1278871520229
DARK,3968,0.07099489266127658
DARK,3969,0.12743185708843333
DARK,3970,-0.26092691941233825
DARK,3971,-0.2141115023245601
DARK,3972,0.3129514622490782
DARK,3973,0.00039024920711712397
DARK,3974,-0.031216875301285835
DARK,3975,-0.003201549504464914
DARK,3976,0.02107955219221323
DARK,3977,0.004124777698775965
DARK,3978,-0.3409106608358745
DARK,3979,-0.13995504267715514
DARK,3980,0.10637267250876821
DARK,3981,0.010340354561048226
DARK,3982,-0.030269769119961702
DARK,3983,-0.3575592918308819
DARK,3984,-0.21530541238304285
DARK,3985,-0.07989733499090806
DARK,3986,0.34208158149981793
DARK,3987,-0.11509600532618638
DARK,3988,0.2872888621406743
DARK,3989,0.06313271787646935
DARK,3990,-0.08658018839997622
DARK,3991,0.2895799968369263
DARK,3992,0.1717037181892722
DARK,3993,-0.22566936411830332
DARK,3994,-0.03259496904216725
DARK,3995,0.16046280700958224
DARK,3996,-0.39132756366432914
DARK,3997,0.009596164223613536
DARK,3998,-0.3034680285393364
DARK,3999,0.0986255279742116
DARK,4000,-0.22317808140651407
DARK,4001,0.10212100690651055
DARK,4002,0.10422566839053851
DARK,4003,0.12687762095412744
DARK,4004,0.41772093106717323
DARK,4005,-0.28269687889666006
DARK,4006,0.0012611713761313578
DARK,4007,-0.0918940033296718
DARK,4008,-0.09705970911704812
DARK,4009,-0.035114093601954874
DARK,4010,0.05921171022036923
DARK,4011,-0.33710838839066565
DARK,4012,-0.037114634721206324
DARK,4013,0.1575272740130907
DARK,4014,-0.15475325084030417
DARK,4015,-0.08878601887828215
DARK,4016,-0.1979823768958543
DARK,4017,0.3255277063570587
DARK,4018,0.35474855888227946
DARK,4019,0.30650622160198754
DARK,4020,-0.11887502081766486
DARK,4021,-0.17370510355370616
DARK,4022,0.173577385526884
DARK,4023,0.08633587860478714
DARK,4024,-0.4460764429215169
DARK,4025,-0.13909062912993886
DARK,4026,0.04656171011978493
DARK,4027,0.5260018010963967
DARK,4028,-0.1939673619380437
DARK,4029,0.26303928230384
DARK,4030,0.44786004627737647
DARK,4031,-0.025969713735937608
DARK,4032,-0.1091057124000322
DARK,4033,0.470316599203888
DARK,4034,-0.11876272978687086
DARK,4035,0.4213052486454778
DARK,4036,-0.055986042044609365
DARK,4037,-0.2109134071351893
DARK,4038,0.5278933726604009
DARK,4039,0.048272786960805183
DARK,4040,0.4522883281322489
DARK,4041,0.11719892473070374
DARK,4042,-0.018608379134432276
DARK,4043,0.018859907896901697
DARK,4044,0.24379022852408017
DARK,4045,-0.13088976941648986
DARK,4046,-0.030848239891695467
DARK,4047,-0.11971225013710639
DARK,4048,0.3556520090499378
DARK,4049,-0.1660775291160378
DARK,4050,0.011458629339420153
DARK,4051,0.27125117174550256
DARK,4052,0.06710282857705008
DARK,4053,-0.24064717381052667
DARK,4054,-0.2724589049980834
DARK,4055,0.14644148681058874
DARK,4056,0.007877294648306356
DARK,4057,-0.14291885138478067
DARK,4058,0.2575629666818685
DARK,4059,0.3900136231885822
DARK,4060,-0.051750016293985214
DARK,4061,-0.023553708468402806
DARK,4062,-0.3350076020296427
DARK,4063,0.274339113474441
DARK,4064,-0.11844339355973382
DARK,4065,-0.4127728535178909
DARK,4066,-0.13457224156487918
DARK,4067,-0.048435790775600826
DARK,4068,0.22064430945419547
DARK,4069,-0.32919378510633296
DARK,4070,0.1522856423360037
DARK,4071,0.0843567298292819
DARK,4072,-0.2472153970309129
DARK,4073,0.07166070645284783
DARK,4074,-0.2587788970247349
DARK,4075,-0.38724960204206954
DARK,4076,-0.19706704825305646
DARK,4077,-0.28514743466822823
DARK,4078,-0.04939276006522543
DARK,4079,-0.0074407803485286705
DARK,4080,0.003516910266527643
DARK,4081,0.212385794769661
DARK,4082,0.1796081328853084
DARK,4083,0.24470873199622636
DARK,4084,0.5517334889641642
DARK,4085,-0.08928645403465586
DARK,4086,-0.08715319193835448
DARK,4087,-0.14866303489231544
DARK,4088,-0.1153971372503709
DARK,4089,-0.03430518385878325
DARK,4090,-0.29388708489652104
DARK,4091,-0.2225746638489238
DARK,4092,0.18674954899722077
DARK,4093,-0.07455722939028214
DARK,4094,-0.10528606773564723
DARK,4095,0.05377220949239938
DARK,4096,-0.2522365848822566
DARK,4097,-0.10244779653433579
DARK,4098,0.18251815537967847
DARK,4099,-0.03746138313658054
DARK,4100,0.360581584581437
DARK,4101,0.05260515570118826
DARK,4102,0.06989417264533561
DARK,4103,-0.09021951311839198
DARK,4104,-0.056109025387166125
DARK,4105,-0.21205039168622844
DARK,4106,0.37836450563642365
DARK,4107,-0.12306676141831126
DARK,4108,-0.06425660891842014
DARK,4109,-0.03578929065584608
DARK,4110,-0.04598742594609775
DARK,4111,-0.01597771158249857
DARK,4112,-0.30083026373659955
DARK,4113,-0.15482059037576748
DARK,4114,0.01593126497146958
DARK,4115,-0.16578508401271363
DARK,4116,0.4840919643729177
DARK,4117,0.05720448144118579
DARK,4118,0.2816347252916166
DARK,4119,0.09830459055449944
DARK,4120,-0.05406030910132035
DARK,4121,-0.2602047693622848
DARK,4122,-0.20937572478307007
DARK,4123,-0.029523626410191798
DARK,4124,-0.027798089958494757
DARK,4125,0.33810722404056626
DARK,4126,-0.1254682226301341
DARK,4127,-0.4166803663593963
DARK,4128,0.08291239182307555
DARK,4129,-0.17496898874253608
DARK,4130,-0.04202161280479278
DARK,4131,-0.24458801366274674
DARK,4132,-0.008194736562672203
DARK,4133,-0.00707014662469126
DARK,4134,0.23677735151910673
DARK,4135,-0.02452032623286121
DARK,4136,-0.24996525218647167
DARK,4137,0.33173218152908523
DARK,4138,0.21006473944141676
DARK,4139,-0.19930984944159036
DARK,4140,-0.08427800686433641
DARK,4141,0.32597759794871084
DARK,4142,-0.219174126678887
DARK,4143,-0.3912595518174646
DARK,4144,-0.3039211065920702
DARK,4145,0.06774397206518483
DARK,4146,-0.284278392484231
DARK,4147,-0.22498392695391553
DARK,4148,0.07050841413423613
DARK,4149,0.1438260600492942
DARK,4150,-0.023755524796798246
DARK,4151,-0.17118188902087925
DARK,4152,-0.21695311308399498
DARK,4153,0.04829684474115388
DARK,4154,0.1267351239667301
DARK,4155,0.017443264643266784
DARK,4156,0.067243302948446
DARK,4157,0.17679093367683166
DARK,4158,0.070567257877592
DARK,4159,0.3174046853250627
DARK,4160,-0.11888314104825104
DARK,4161,-0.057684736404021865
DARK,4162,-0.005885793935439913
DARK,4163,-0.2488973397168139
DARK,4164,0.022084470765981835
DARK,4165,-0.5294901373074409
DARK,4166,-0.3387182331209837
DARK,4167,-0.2811075676696358
DARK,4168,0.2561122591756256
DARK,4169,-0.04139336773692149
DARK,4170,0.10785462883994941
DARK,4171,-0.48695995629147754
DARK,4172,-0.10125985489315856
DARK,4173,0.41005886184233087
DARK,4174,-0.0456944140442895
DARK,4175,-0.15779928933593212
DARK,4176,0.4290241045621526
DARK,4177,-0.11542546391232282
DARK,4178,-0.19507332351892082
DARK,4179,0.30373203598955467
DARK,4180,-0.1626858601706004
DARK,4181,0.01188961399943009
DARK,4182,0.14256908316883682
DARK,4183,0.1344037021967648
DARK,4184,0.5379650786402017
DARK,4185,0.22547341272931767
DARK,4186,0.03884611806090909
DARK,4187,-0.08309931171142272
DARK,4188,0.020608804677280573
DARK,4189,-0.1904014946369814
DARK,4190,0.05573948729482516
DARK,4191,-0.02739686613863377
DARK,4192,-0.37019112413182864
DARK,4193,-0.255743340980278
DARK,4194,0.26070216919794753
DARK,4195,-0.09935354363469857
DARK,4196,-0.0512537821961443
DARK,4197,0.05834659420601285
DARK,4198,0.3320997880702547
DARK,4199,-0.00612751459622557
DARK,4200,0.19869437349920635
DARK,4201,-0.1971466425134919
DARK,4202,-0.11978195829499753
DARK,4203,0.1612230147446615
DARK,4204,0.1495421519674438
DARK,4205,-0.2560362023434827
DARK,4206,0.023372512843887906
DARK,4207,-0.037069381079592637
DARK,4208,-0.28532722885696576
DARK,4209,0.29826276939003216
DARK,4210,0.21647234954420116
DARK,4211,0.21831642712747185
DARK,4212,0.05648409450981835
DARK,4213,0.29131359517111044
DARK,4214,-0.1716948589460665
DARK,4215,-0.2637917930609947
DARK,4216,0.10618434598984378
DARK,4217,-0.18161654751566075
DARK,4218,0.27758178176242226
DARK,4219,0.36798891882800594
DARK,4220,-0.17383049857029112
DARK,4221,0.00771647582014331
DARK,4222,-0.21556696230125363
DARK,4223,0.2471717618356755
DARK,4224,-0.0901640796365592
DARK,4225,-0.09610775560874017
DARK,4226,0.10418876083414542
DARK,4227,0.1876178821716034
DARK,4228,0.13537776151635258
DARK,4229,-0.24753503538464913
DARK,4230,0.06725518850412297
DARK,4231,-0.24609171044694728
DARK,4232,0.27700309963006026
DARK,4233,0.07793078596732311
DARK,4234,0.2275013947659419
DARK,4235,-0.13273912967480195
DARK,4236,0.28715850322666603
DARK,4237,-0.2638050217392658
DARK,4238,0.044845346192005434
DARK,4239,-0.1360477613992365
DARK,4240,-0.12054746628615416
DARK,4241,-0.09115702146719572
DARK,4242,0.12994673823496958
DARK,4243,0.12449480743587797
DARK,4244,-0.08363030676999986
DARK,4245,0.24336446769835646
DARK,4246,0.02153483671607716
DARK,4247,0.08119751451120598
DARK,4248,-0.0802665769015404
DARK,4249,0.18075432249831433
DARK,4250,-0.2812520555052873
DARK,4251,-0.2593964945721838
DARK,4252,0.36294408269519285
DARK,4253,0.047152084925139566
DARK,4254,0.03259038201374609
DARK,4255,0.06541567708685528
DARK,4256,0.015081636059172735
DARK,4257,0.2619211348043075
DARK,4258,-0.16910394208732138
DARK,4259,0.5017382718062103
DARK,4260,-0.2305529782922203
DARK,4261,-0.31046992545758445
DARK,4262,0.29582089595950917
DARK,4263,-0.2234027719503981
DARK,4264,-0.02791662240920836
DARK,4265,-0.06798084873432504
DARK,4266,0.14373290837564548
DARK,4267,0.05680302671506035
DARK,4268,0.22658149192418897
DARK,4269,0.1522946921187507
DARK,4270,0.056870741300609956
DARK,4271,-0.12751211172746119
DARK,4272,0.3007108798093585
DARK,4273,0.15536703502105448
DARK,4274,0.4112257029417477
DARK,4275,0.1607621962873763
DARK,4276,0.19178228192292865
DARK,4277,0.06447683674992284
DARK,4278,-0.040412728221456286
DARK,4279,0.20382505844812585
DARK,4280,-0.05480803027592763
DARK,4281,-0.10469043464202667
DARK,4282,-0.08228938440270697
DARK,4283,-0.04501694351397962
DARK,4284,-0.3654521071462324
DARK,4285,0.17335420991275904
DARK,4286,-0.25533525283393305
DARK,4287,0.0660121683572349
DARK,4288,0.2848447789548756
DARK,4289,-0.06097856233051467
DARK,4290,-0.19273387771805534
DARK,4291,0.21461461066644735
DARK,4292,-0.0684246326172211
DARK,4293,-0.10217122639162095
DARK,4294,-0.42279113444266414
DARK,4295,-0.22070371151343454
DARK,4296,-0.1567359923576469
DARK,4297,-0.12195915815896907
DARK,4298,-0.30649933726642997
DARK,4299,-0.08705272683595525
DARK,4300,-0.09775268338504346
DARK,4301,-0.005833668861737805
DARK,4302,-0.08543154059218878
DARK,4303,-0.14109785306695238
DARK,4304,0.013559599699787817
DARK,4305,0.14903837405021864
DARK,4306,-0.27024798149621376
DARK,4307,-0.15550187840516783
DARK,4308,0.41332373763567865
DARK,4309,-0.16995729258688372
DARK,4310,0.09487230714171874
DARK,4311,-0.11156031511116575
DARK,4312,-0.2538298896201252
DARK,4313,0.13181493681030518
DARK,4314,0.04282305609622846
DARK,4315,0.11896732858758895
DARK,4316,0.1272487593377028
DARK,4317,-0.1337702150775167
DARK,4318,-0.10714108373884684
DARK,4319,0.07558761903397333
DARK,4320,0.20462568409622503
DARK,4321,0.20991005491992562
DARK,4322,0.18238805303859923
DARK,4323,0.07631862161085033
DARK,4324,-0.05615628243461024
DARK,4325,0.09303323034984473
DARK,4326,0.39187065856060194
DARK,4327,0.20517397181499197
DARK,4328,0.026962690202140722
DARK,4329,-0.15358706130762392
DARK,4330,-0.0546057399451635
DARK,4331,-0.018563787773668124
DARK,4332,0.12972579084494026
DARK,4333,0.3249557384397853
DARK,4334,0.0036771837189662074
DARK,4335,-0.34074963727460084
DARK,4336,-0.2924548362961247
DARK,4337,0.279042729194502
DARK,4338,0.08112172005147891
DARK,4339,0.21614244765434892
DARK,4340,0.04924636289548247
DARK,4341,-0.01987788571672945
DARK,4342,-0.02060573813883188
DARK,4343,0.07347218280820061
DARK,4344,-0.024071234070255115
DARK,4345,0.13289028506325526
DARK,4346,-0.2545799260384731
DARK,4347,-0.26511736561442395
DARK,4348,-0.2412484390931467
DARK,4349,0.2791197458440412
DARK,4350,0.28157556310386794
DARK,4351,0.11761561262021675
DARK,4352,-0.22320036237786234
DARK,4353,-0.1055497495965668
DARK,4354,-0.33935931186696733
DARK,4355,-0.13335699456936845
DARK,4356,-0.13972431512381717
DARK,4357,0.003662109470001896
DARK,4358,-0.05231082260476884
DARK,4359,-0.3964612969069176
DARK,4360,0.2091915756581573
DARK,4361,0.20210325939855026
DARK,4362,0.06022869444374051
DARK,4363,0.3433127278943073
DARK,4364,-0.16095231622542858
DARK,4365,-0.061574147935689584
DARK,4366,-0.05430159938146241
DARK,4367,0.12143145782655121
DARK,4368,-0.23961806464191535
DARK,4369,0.20045491827689835
DARK,4370,0.21924628695699164
DARK,4371,0.26202190969967093
DARK,4372,0.2865419115441076
DARK,4373,-0.14960484035181934
DARK,4374,0.3274636040475788
DARK,4375,0.12430068163785386
DARK,4376,-0.2569822998575208
DARK,4377,-0.14779607610780432
DARK,4378,-0.19216404658840858
DARK,4379,-0.14730747123946128
DARK,4380,0.12210389502851615
DARK,4381,0.024216171907635153
DARK,4382,-0.27272932579236603
DARK,4383,-0.24131857345662638
DARK,4384,-0.157127128933985
DARK,4385,0.04925586487714586
DARK,4386,-0.1215443921826706
DARK,4387,-0.09921231048615248
DARK,4388,-0.3509082981771159
DARK,4389,0.014893135459499874
DARK,4390,-0.08106169896291238
DARK,4391,-0.2604176856053246
DARK,4392,-0.010528477873607674
DARK,4393,0.28225007506982297
DARK,4394,0.20201319552957103
DARK,4395,-0.11278413387636887
DARK,4396,-0.07131369439834825
DARK,4397,0.1706580888699343
DARK,4398,-0.22537381243515853
DARK,4399,0.35718391918104087
DARK,4400,-0.0190275790787242
DARK,4401,0.06684715134186858
DARK,4402,-0.371805092422747
DARK,4403,0.11280032195199725
DARK,4404,-0.2632063772305733
DARK,4405,-0.1541403711966431
DARK,4406,-0.16782123780190375
DARK,4407,-0.014369088697617964
DARK,4408,0.21868547985557185
DARK,4409,0.06676152892651269
DARK,4410,-0.3041742140158729
DARK,4411,-0.13613085999710975
DARK,4412,-0.30697265417971503
DARK,4413,-0.37097381554310827
DARK,4414,0.17553875055981896
DARK,4415,0.03509735421986308
DARK,4416,0.20048108382562171
DARK,4417,0.2051632660733888
DARK,4418,-0.02077062548238959
DARK,4419,0.3103805502534841
DARK,4420,-0.22000600592415964
DARK,4421,0.11316199698310771
DARK,4422,0.06795564465019291
DARK,4423,0.034789258165871514
DARK,4424,0.2614822972094319
DARK,4425,-0.05014170632850289
DARK,4426,0.12721111867343216
DARK,4427,0.0688953967043135
DARK,4428,0.456240773938153
DARK,4429,-0.3162010752537098
DARK,4430,-0.5877166528579939
DARK,4431,-0.15634679752729458
DARK,4432,-0.33984733340246814
DARK,4433,0.1275140616089839
DARK,4434,0.047385400763969146
DARK,4435,0.5105201310966023
DARK,4436,0.09294490762957082
DARK,4437,-0.4040909644119753
DARK,4438,-0.18953594740631655
DARK,4439,-0.12491766656736283
DARK,4440,0.5807354002178357
DARK,4441,0.2312794078024009
DARK,4442,0.06838452838053673
DARK,4443,0.16064838096208187
DARK,4444,-0.35183098935202994
DARK,4445,-0.17988233509185242
DARK,4446,0.03373644536526911
DARK,4447,-0.2858166912155303
DARK,4448,-0.2723915297143471
DARK,4449,0.5177505408913848
DARK,4450,-0.21153168779743078
DARK,4451,-0.13482080217828257
DARK,4452,-0.14186230388805
DARK,4453,-0.01880407785056845
DARK,4454,0.44402201853970685
DARK,4455,-0.22246322254015882
DARK,4456,0.14967786533490537
DARK,4457,-0.18725100629428929
DARK,4458,0.1545877555258526
DARK,4459,0.14603491469898497
DARK,4460,0.354156107467764
DARK,4461,0.22131264993078456
DARK,4462,-0.023155171779866347
DARK,4463,-0.20421965534886297
DARK,4464,0.13715633268907498
DARK,4465,-0.320829478257519
DARK,4466,0.2957896646626145
DARK,4467,0.2364739605804716
DARK,4468,-0.08691425241464334
DARK,4469,0.15871808471143678
DARK,4470,0.09930592649198335
DARK,4471,-0.12472488299577433
DARK,4472,0.2799972610188141
DARK,4473,0.2060303511418222
DARK,4474,-0.1996349044783559
DARK,4475,-0.4664023509594733
DARK,4476,-0.0993099203048585
DARK,4477,0.1727262969179161
DARK,4478,-0.1706678194103539
DARK,4479,-0.6288250605973321
DARK,4480,0.015588029113562588
DARK,4481,-0.07767030910441414
DARK,4482,0.3064923331194885
DARK,4483,-0.07944050741097435
DARK,4484,0.37030403277456486
DARK,4485,-0.48589510769775074
DARK,4486,-0.16824715177408764
DARK,4487,-0.12583165164018986
DARK,4488,-0.11671658936855989
DARK,4489,-0.26856420376562745
DARK,4490,0.1998247370863944
DARK,4491,-0.20509276305562787
DARK,4492,-0.041186788820948304
DARK,4493,0.1849995178766747
DARK,4494,0.018353836307809828
DARK,4495,-0.09648968093307411
DARK,4496,-0.07184565808057278
DARK,4497,0.1802926144230874
DARK,4498,-0.2338724683444957
DARK,4499,0.24235575044649954
DARK,4500,0.11056521451379664
DARK,4501,0.15775793964814933
DARK,4502,-0.3664219883058099
DARK,4503,0.2670476306263777
DARK,4504,0.021285059045450274
DARK,4505,-0.40544788502990764
DARK,4506,-0.27936853199606493
DARK,4507,0.22116239012869127
DARK,4508,-0.27519371262421277
DARK,4509,-0.15701279552880168
DARK,4510,0.08780841380114417
DARK,4511,-0.07563426250505291
DARK,4512,0.31519144798641235
DARK,4513,-0.06390870958112532
DARK,4514,0.04431070036306436
DARK,4515,0.24095843394766875
DARK,4516,0.10542524631379666
DARK,4517,0.27081979907801995
DARK,4518,0.2731132436783779
DARK,4519,0.21718976683794358
DARK,4520,0.10394496149318457
DARK,4521,0.20532047750173502
DARK,4522,0.19813996462179662
DARK,4523,-0.09192188459630635
DARK,4524,-0.08612246240931852
DARK,4525,0.029099478723545714
DARK,4526,-0.23244818245698085
DARK,4527,-0.03831316402230445
DARK,4528,0.1892430763166447
DARK,4529,-0.18480838448668072
DARK,4530,0.5388295033952817
DARK,4531,0.05171939299226414
DARK,4532,-0.06504312141900669
DARK,4533,0.36621056084895487
DARK,4534,0.09969170215120403
DARK,4535,-0.015236304430658874
DARK,4536,0.23719952890997958
DARK,4537,-0.021344389863171918
DARK,4538,0.35812622773555314
DARK,4539,-0.14832667141924763
DARK,4540,-0.3371400936587568
DARK,4541,-0.24419211637008265
DARK,4542,-0.13482394366048311
DARK,4543,-0.4035362285578151
DARK,4544,-0.04823842093127675
DARK,4545,0.03377599140775844
DARK,4546,0.4674754886975832
DARK,4547,0.05277304550215953
DARK,4548,-0.05805685977995092
DARK,4549,-0.4093208478060598
DARK,4550,-0.35180331681545596
DARK,4551,-0.18687911699200582
DARK,4552,-0.21334611300417927
DARK,4553,-0.3289576898884515
DARK,4554,0.08705427872015305
DARK,4555,-0.01844098218460421
DARK,4556,-0.1980762095909363
DARK,4557,-0.17179178998236494
DARK,4558,-0.17507737333583975
DARK,4559,0.11004345265523749
DARK,4560,0.5330585277365655
DARK,4561,0.11363709583545124
DARK,4562,0.04763046556945784
DARK,4563,-0.2494164187339178
DARK,4564,0.2535587807608484
DARK,4565,-0.42024053614250234
DARK,4566,-0.22339780421507316
DARK,4567,-0.268789998609134
DARK,4568,-0.2557648652769573
DARK,4569,0.5017484773247689
DARK,4570,-0.17410072390451767
DARK,4571,0.43463154407090887
DARK,4572,0.4161143919088544
DARK,4573,-0.07861916573722577
DARK,4574,-0.21129332262216244
DARK,4575,-0.294412762638728
DARK,4576,0.46464829609678737
DARK,4577,-0.12095258225199844
DARK,4578,0.09220799045716283
DARK,4579,-0.045576059010164455
DARK,4580,0.32094746981957867
DARK,4581,-0.048019406136445335
DARK,4582,0.5249661767467162
DARK,4583,-0.30827018774340814
DARK,4584,-0.0011369853512165904
DARK,4585,0.04165751567541858
DARK,4586,0.03494465500975088
DARK,4587,-0.2670862430922018
DARK,4588,0.09679678217323134
DARK,4589,0.17333172128394167
DARK,4590,-0.08989907735039468
DARK,4591,-0.1967926927999822
DARK,4592,-0.11233370369398256
DARK,4593,-0.16031330676948943
DARK,4594,0.19603110062394152
DARK,4595,-0.17454770040474785
DARK,4596,0.3057036090853697
DARK,4597,-0.11461857596122194
DARK,4598,-0.001344491901009985
DARK,4599,0.32426314186082605
DARK,4600,-0.1811012085851851
DARK,4601,-0.4309633247373198
DARK,4602,0.0642993364636991
DARK,4603,0.25756726273551594
DARK,4604,-0.09507154285178096
DARK,4605,0.2552373976112706
DARK,4606,0.15317317425354024
DARK,4607,-0.15395220507512442
DARK,4608,0.46622947083165267
DARK,4609,-0.2078177952488101
DARK,4610,-0.2393879060077535
DARK,4611,0.201980616826669
DARK,4612,-0.22275280563679975
DARK,4613,0.3041033016635458
DARK,4614,0.03687651675749221
DARK,4615,0.4150733458819155
DARK,4616,-0.29635293025815823
DARK,4617,0.22212779425877535
DARK,4618,-0.09568247996330743
DARK,4619,-0.16035747575009499
DARK,4620,-0.2429041717492994
DARK,4621,-0.05166076611387493
DARK,4622,-0.3903375487418774
DARK,4623,-0.12492220941451428
DARK,4624,0.35703860970996326
DARK,4625,0.2532270943565698
DARK,4626,-0.15798345614640372
DARK,4627,-0.12970687660514815
DARK,4628,-0.08256662488574312
DARK,4629,0.0860963946940543
DARK,4630,-0.13460018594300838
DARK,4631,-0.18157831701233434
DARK,4632,-0.008394855095280492
DARK,4633,-0.20136519034770262
DARK,4634,-0.17149254002512804
DARK,4635,-0.05201283174980084
DARK,4636,0.04473562729282845
DARK,4637,0.053641495896504035
DARK,4638,-0.3563958768089449
DARK,4639,-0.1518939956248587
DARK,4640,0.014404248171890935
DARK,4641,-0.06450751151262789
DARK,4642,-0.2509028184482843
DARK,4643,0.21926425656594722
DARK,4644,0.04811000443818489
DARK,4645,-0.024680460027812073
DARK,4646,0.05010153723233245
DARK,4647,-0.3445211372685296
DARK,4648,0.1860891930976233
DARK,4649,-0.01294871843482809
DARK,4650,0.39290331023439584
DARK,4651,0.041673846313944114
DARK,4652,0.1705790104290443
DARK,4653,-0.11223287827957977
DARK,4654,0.16949351947412267
DARK,4655,0.0449777162604912
DARK,4656,0.13277760019632429
DARK,4657,-0.30341417612457905
DARK,4658,-0.22100841043966615
DARK,4659,0.003879966784238846
DARK,4660,-0.061896229551404086
DARK,4661,0.23359200027474905
DARK,4662,-0.016487725722793105
DARK,4663,-0.3401176026547832
DARK,4664,-0.3039883386187796
DARK,4665,-0.11732302866692769
DARK,4666,-0.13423064016546132
DARK,4667,0.29437312098962326
DARK,4668,0.0647119245708921
DARK,4669,-0.3666268149130871
DARK,4670,0.17102792929991742
DARK,4671,-0.2565878219573317
DARK,4672,0.3490392797824103
DARK,4673,0.30634624363759283
DARK,4674,0.18249092060912028
DARK,4675,-0.15065013015764556
DARK,4676,-0.2140683643256793
DARK,4677,-0.05284591218336915
DARK,4678,0.1368890078512838
DARK,4679,-0.12027540401418879
DARK,4680,-0.07404749909240205
DARK,4681,-0.29644681179263316
DARK,4682,-0.007933612790160116
DARK,4683,-0.016128976848554265
DARK,4684,0.07530758945748259
DARK,4685,-0.5403432995236128
DARK,4686,-0.22362157435144833
DARK,4687,0.18386201097673976
DARK,4688,-0.13522895648369093
DARK,4689,-0.16114682312210088
DARK,4690,-0.04399357155194392
DARK,4691,-0.16216687854262526
DARK,4692,0.001437281256167251
DARK,4693,0.09307444838490946
DARK,4694,0.21817199067074028
DARK,4695,0.3476903623177976
DARK,4696,-0.1232307887094016
DARK,4697,0.17230460830190467
DARK,4698,0.12296169094654599
DARK,4699,0.014750747983644954
DARK,4700,0.07590153225475983
DARK,4701,-0.26568564815302975
DARK,4702,-0.13608975718215738
DARK,4703,0.11959860098027104
DARK,4704,0.04127247748648793
DARK,4705,-0.2971969649213104
DARK,4706,0.16438559439050118
DARK,4707,0.07279850543292961
DARK,4708,0.11890291562240232
DARK,4709,0.05504832364998306
DARK,4710,-0.029302296821932843
DARK,4711,0.3386640016068812
DARK,4712,-0.40535635280256344
DARK,4713,0.20735469728850822
DARK,4714,-0.25940607599943416
DARK,4715,0.17676460357246035
DARK,4716,-0.24963191415718658
DARK,4717,-0.1259605096098269
DARK,4718,0.020960325817220713
DARK,4719,0.057415216278139516
DARK,4720,0.4791696722224272
DARK,4721,0.011857709570447569
DARK,4722,-0.12206848370981957
DARK,4723,-0.1309464550198314
DARK,4724,-0.14279681914439657
DARK,4725,-0.29156704553538565
DARK,4726,0.05751020697837389
DARK,4727,0.13320786473397983
DARK,4728,-0.342914164392816
DARK,4729,-0.0021130666275092145
DARK,4730,-0.21503718968190963
DARK,4731,0.0631466331057837
DARK,4732,-0.07908751863913681
DARK,4733,0.08426955307159144
DARK,4734,0.06952835984734994
DARK,4735,-0.04155017800424112
DARK,4736,0.05530737027395133
DARK,4737,0.38722099676061505
DARK,4738,-0.048984251787097685
DARK,4739,-0.3867201979826717
DARK,4740,-0.3946311884603391
DARK,4741,-0.3432159926657523
DARK,4742,-0.2991300696459039
DARK,4743,0.11945869460274654
DARK,4744,0.05984555811753945
DARK,4745,0.3788376170814185
DARK,4746,-0.3539743375286244
DARK,4747,-0.04083922620293357
DARK,4748,-0.048442008380228774
DARK,4749,0.009186115586938194
DARK,4750,0.03704623723592183
DARK,4751,-0.05568973267831773
DARK,4752,-0.29276265548417457
DARK,4753,0.30598436973365806
DARK,4754,0.2505437112752546
DARK,4755,-0.14325957754703686
DARK,4756,-0.007922159780152675
DARK,4757,-0.28302671662372614
DARK,4758,-0.11368648316869634
DARK,4759,-0.19761552751190284
DARK,4760,0.18747848865346875
DARK,4761,-0.020778474774268127
DARK,4762,0.08872948130455105
DARK,4763,-0.1052519695560359
DARK,4764,0.1533143293314059
DARK,4765,-0.3032162599162253
DARK,4766,-0.15896745809189305
DARK,4767,-0.42516320637692817
DARK,4768,0.5021353559110538
DARK,4769,-0.3810977880169062
DARK,4770,-0.28604804090364133
DARK,4771,-0.025299770484494187
DARK,4772,-0.3906705655653576
DARK,4773,0.48350955000934304
DARK,4774,-0.18139949831872135
DARK,4775,-0.11402920957001195
DARK,4776,0.24258295634301655
DARK,4777,0.23863706735690035
DARK,4778,0.2985578793855418
DARK,4779,0.35674165440110345
DARK,4780,0.09939563553879559
DARK,4781,0.45152696236833156
DARK,4782,-0.13884012872761295
DARK,4783,0.00880651616672049
DARK,4784,0.05073725014753541
DARK,4785,-0.1616569639253405
DARK,4786,0.013069180857230788
DARK,4787,0.2182688750527122
DARK,4788,-0.04975432789801026
DARK,4789,0.08011094403163777
DARK,4790,0.029036396643896876
DARK,4791,-0.25434213995745775
DARK,4792,-0.19187363899960505
DARK,4793,0.04832058858362229
DARK,4794,0.09004316627058871
DARK,4795,0.1695299823921652
DARK,4796,-0.055710961536356726
DARK,4797,-0.3140123820788197
DARK,4798,0.14494504054187873
DARK,4799,0.08894536766282671
DARK,4800,0.11052204250848666
DARK,4801,0.41337678355238966
DARK,4802,-0.12953677036158043
DARK,4803,0.20652600614106204
DARK,4804,-0.016721626026823318
DARK,4805,-0.3730663332255536
DARK,4806,0.152734246864969
DARK,4807,0.17469391420044322
DARK,4808,-0.32631716786841647
DARK,4809,0.22451799633430805
DARK,4810,0.08923055613365909
DARK,4811,-0.11564851459461412
DARK,4812,0.06936414043092778
DARK,4813,-0.05216216513688404
DARK,4814,-0.23081764108300531
DARK,4815,-0.20613736445810527
DARK,4816,-0.030807748951239597
DARK,4817,0.16036600023929523
DARK,4818,-0.2624776146384789
DARK,4819,-0.0004853236572211465
DARK,4820,-0.015521918535044038
DARK,4821,-0.09841548806015116
DARK,4822,0.18225761735314266
DARK,4823,0.17555353320347014
DARK,4824,-0.2488982923853937
DARK,4825,0.17830446612174577
DARK,4826,-0.13795031977936786
DARK,4827,0.10982274404289397
DARK,4828,-0.027308965530736636
DARK,4829,-0.38289634022480945
DARK,4830,-0.1077019018089393
DARK,4831,-0.11930532365262285
DARK,4832,0.22036991858004668
DARK,4833,-0.21951193433951138
DARK,4834,-0.06328618173642023
DARK,4835,0.40301387394257016
DARK,4836,0.17875985746639017
DARK,4837,0.23320582900083275
DARK,4838,-0.048499674607850166
DARK,4839,0.3029253895390347
DARK,4840,-0.05548868813047242
DARK,4841,-0.0017163486997731421
DARK,4842,0.08204948466010434
DARK,4843,-0.33276768675473534
DARK,4844,0.16449325889948235
DARK,4845,-0.1946624318163325
DARK,4846,-0.18213670199822782
DARK,4847,0.06500564266157097
DARK,4848,0.005578408957955841
DARK,4849,-0.2140712375072027
DARK,4850,-0.08606191568061441
DARK,4851,-0.0376699433110044
DARK,4852,0.3813371213735171
DARK,4853,-0.10739215949648925
DARK,4854,-0.1841181678000898
DARK,4855,-0.1401095185285396
DARK,4856,-0.11446098261126489
DARK,4857,-0.27806622556153315
DARK,4858,0.2944520940626406
DARK,4859,-0.4099757008836605
DARK,4860,0.15684491732781639
DARK,4861,0.1782046777377483
DARK,4862,0.14192719367563356
DARK,4863,-0.002782072253926993
DARK,4864,-0.04868409150521792
DARK,4865,0.28155657535273854
DARK,4866,0.38862235856102506
DARK,4867,-0.3731673022754571
DARK,4868,0.09403133970447843
DARK,4869,0.3198626620093849
DARK,4870,-0.13066658159056802
DARK,4871,0.013672206125005908
DARK,4872,0.18806245545654993
DARK,4873,-0.12184489554631109
DARK,4874,-0.17952867674652892
DARK,4875,0.12479045154303003
DARK,4876,-0.41645161204815734
DARK,4877,0.14382229563883994
DARK,4878,0.012291431780751868
DARK,4879,-0.1863812193904715
DARK,4880,0.3818801341497804
DARK,4881,-0.40169255539708604
DARK,4882,-0.057652324048519756
DARK,4883,-0.2626616421191891
DARK,4884,0.2097015930314631
DARK,4885,-0.03763118485425259
DARK,4886,0.16209024628386498
DARK,4887,0.364371550183527
DARK,4888,-0.07681602883883379
DARK,4889,0.14296188658713904
DARK,4890,0.04605508058617208
DARK,4891,-0.08947624845912037
DARK,4892,0.18448589375150137
DARK,4893,-0.13236327566026668
DARK,4894,-0.39208597039087467
DARK,4895,0.30351615917543723
DARK,4896,0.3148330191270446
DARK,4897,-0.15540005346443633
DARK,4898,-0.0049611568002787725
DARK,4899,0.2999274103853548
DARK,4900,-0.24031675618754675
DARK,4901,0.2792893746385532
DARK,4902,-0.4493634295876624
DARK,4903,0.008332093804496002
DARK,4904,-0.14086593612617415
DARK,4905,-0.19532957591244093
DARK,4906,-0.2373539382197664
DARK,4907,0.44506684420703857
DARK,4908,0.12232790279396687
DARK,4909,-0.0034777107934666754
DARK,4910,0.24359334709926228
DARK,4911,-0.1265497487640537
DARK,4912,-0.1016396484084915
DARK,4913,0.12351120390630113
DARK,4914,-0.14946778758637602
DARK,4915,0.1283770372172082
DARK,4916,0.1577533204376705
DARK,4917,-0.08000575152701692
DARK,4918,0.18435557144116074
DARK,4919,-0.08386350650423889
DARK,4920,0.05335769884626655
DARK,4921,0.0855127333788025
DARK,4922,0.13248499692748106
DARK,4923,-0.22856303831755634
DARK,4924,-0.09509565292493209
DARK,4925,-0.19524046650117718
DARK,4926,-0.0022200433342817686
DARK,4927,-0.3427938334068423
DARK,4928,-0.1322744743591658
DARK,4929,0.2536877615235314
DARK,4930,0.13211785139733678
DARK,4931,0.3466906162869568
DARK,4932,0.2539869763259465
DARK,4933,0.33555760302377347
DARK,4934,-0.014973970425851338
DARK,4935,-0.03800637458612305
DARK,4936,-0.10412439558243214
DARK,4937,-0.10305181959865738
DARK,4938,0.21827373600374628
DARK,4939,0.044220446247312584
DARK,4940,-0.45191222122034186
DARK,4941,0.08358635033303355
DARK,4942,0.0012348980040779336
DARK,4943,0.1679987891802915
DARK,4944,0.11208876955692305
DARK,4945,0.02769368565470498
DARK,4946,-0.19541650214957754
DARK,4947,-0.20694794805967828
DARK,4948,-0.13155028442125732
DARK,4949,-0.26141388606748
DARK,4950,0.1071479970691561
DARK,4951,0.395947094224983
DARK,4952,-0.031111873103292616
DARK,4953,-0.11717041116355036
DARK,4954,-0.03222515644971657
DARK,4955,0.26689952395824035
DARK,4956,-0.022577753637014402
DARK,4957,0.29976312549435896
DARK,4958,-0.15553705908396961
DARK,4959,-0.008075470666241931
DARK,4960,0.14582582490735396
DARK,4961,0.21391149871224657
DARK,4962,0.15931284960364506
DARK,4963,-0.040060309926679465
DARK,4964,0.09499150189311166
DARK,4965,-0.4157174700773337
DARK,4966,0.10661984368680638
DARK,4967,-0.24973141100059665
DARK,4968,0.01766127460833746
DARK,4969,-0.3016282957797991
DARK,4970,-0.12729197869887743
DARK,4971,-0.03771034216570349
DARK,4972,0.05654404334078301
DARK,4973,0.026611004998086395
DARK,4974,0.18260948683468334
DARK,4975,0.3073444219304975
DARK,4976,-0.13658776571670891
DARK,4977,0.008978693814978986
DARK,4978,-0.10275242766802703
DARK,4979,-0.28261930644455746
DARK,4980,0.13946091582358436
DARK,4981,0.2928962660886141
DARK,4982,-0.19022511101834907
DARK,4983,-0.0338264233430145
DARK,4984,0.10843620661059662
DARK,4985,-0.0606638809252139
DARK,4986,-0.33381534511647876
DARK,4987,0.05337605652531145
DARK,4988,-0.409115958086461
DARK,4989,0.04610503043111702
DARK,4990,0.040054420157284734
DARK,4991,-0.011264897054473689
DARK,4992,0.01754911629961942
DARK,4993,0.34011308221982633
DARK,4994,-0.03338411611468514
DARK,4995,0.240315881508794
DARK,4996,0.21267054704564473
DARK,4997,0.2823393164447884
DARK,4998,-0.001077378265611582
DARK,4999,0.21176297377860692
DARK,5000,0.1725313078353679
DARK,5001,0.10053733121656855
DARK,5002,-0.1149189108721229
DARK,5003,-0.06816077873877334
DARK,5004,0.04370728213385136
DARK,5005,0.28693930404709195
DARK,5006,0.2889911464139325
DARK,5007,0.11945403814343752
DARK,5008,0.3252627288366572
DARK,5009,0.24540380765513936
DARK,5010,-0.33215689082535665
DARK,5011,0.023154009684838987
DARK,5012,0.04246640130979885
DARK,5013,0.12940192890456548
DARK,5014,0.3186856252580254
DARK,5015,0.13510460183819534
DARK,5016,0.09245671557453272
DARK,5017,0.29838475196782466
DARK,5018,0.02457201484861431
DARK,5019,0.21717516035300316
DARK,5020,-0.09154795479954951
DARK,5021,0.07705389137243573
DARK,5022,0.015493361020172784
DARK,5023,-0.23422061602602195
DARK,5024,0.08524803799275633
DARK,5025,0.3179897433661269
DARK,5026,-0.19152927867779554
DARK,5027,0.17269646953743756
DARK,5028,0.10526546205892084
DARK,5029,0.36793954883569013
DARK,5030,0.014893517259838535
DARK,5031,0.33275856724637426
DARK,5032,-0.11235445885611176
DARK,5033,0.006462776345643482
DARK,5034,0.5063104733159114
DARK,5035,0.4466429680561374
DARK,5036,-0.19236822444741544
DARK,5037,-0.028281262216763636
DARK,5038,-0.09963393526160531
DARK,5039,-0.0035769938565652065
DARK,5040,-0.16680861394940932
DARK,5041,-0.14942979828642913
DARK,5042,-0.4854357391742047
DARK,5043,-0.22820818185691005
DARK,5044,0.1509912046693066
DARK,5045,0.01893957268024019
DARK,5046,-0.3800491448912707
DARK,5047,0.15198879626180503
DARK,5048,-0.114599773705793
DARK,5049,0.03944862705439206
DARK,5050,-0.05780062223499585
DARK,5051,-0.018051653017102997
DARK,5052,-0.05220583663633161
DARK,5053,-0.12425336381014353
DARK,5054,0.08545263166947309
DARK,5055,-0.14960845162508962
DARK,5056,0.08743230533949567
DARK,5057,0.1809459243098259
DARK,5058,0.5025170200186543
DARK,5059,-0.02546678093982104
DARK,5060,-0.20042254089296271
DARK,5061,0.039038982186591936
DARK,5062,-0.12187637629852346
DARK,5063,-0.011013273370986213
DARK,5064,-0.07709030509727345
DARK,5065,0.41522185776848
DARK,5066,0.37980530324459405
DARK,5067,0.36776771146561865
DARK,5068,-0.19502194549631544
DARK,5069,-0.2712201673528223
DARK,5070,-0.18737687895062602
DARK,5071,0.36120920193714834
DARK,5072,0.49871678015259147
DARK,5073,0.2550838230789302
DARK,5074,-0.3911299593644699
DARK,5075,-0.1779959633496605
DARK,5076,0.09626846234337111
DARK,5077,0.32035246377161025
DARK,5078,0.14887000503858988
DARK,5079,-0.27732712629976936
DARK,5080,0.20586829502245985
DARK,5081,-0.18424954963512205
DARK,5082,-0.2850634641464855
DARK,5083,0.02599545729974275
DARK,5084,0.04730039542817369
DARK,5085,-0.020434631102812698
DARK,5086,0.3939759397260725
DARK,5087,0.0364166301255821
DARK,5088,-0.21248084940737857
DARK,5089,0.16520708875787682
DARK,5090,-0.03267653724563061
DARK,5091,-0.07682800252762809
DARK,5092,0.1833165532444048
DARK,5093,0.567168165387718
DARK,5094,-0.16297665944894887
DARK,5095,-0.09191792652819518
DARK,5096,0.07244859881717983
DARK,5097,0.10759154005565497
DARK,5098,0.08768495700390347
DARK,5099,-0.06220501669234754
DARK,5100,-0.1059921832934066
DARK,5101,0.35628724990257155
DARK,5102,0.42122253006525684
DARK,5103,-0.1720060607669652
DARK,5104,0.28178500646655824
DARK,5105,-0.0040098021382197644
DARK,5106,0.14238564229700598
DARK,5107,2.632012521937057e-05
DARK,5108,0.23666501100170131
DARK,5109,-0.08142287377865831
DARK,5110,-0.0920145793491889
DARK,5111,-0.03310833020112147
DARK,5112,0.0072346355010866345
DARK,5113,0.012535940685237511
DARK,5114,0.09625255369624443
DARK,5115,-0.46359975816949106
DARK,5116,-0.06695995395211149
DARK,5117,-0.38239682835980965
DARK,5118,-0.01603393593921012
DARK,5119,-0.04263914064156385
DARK,5120,-0.27448595396391684
DARK,5121,0.13269797868261385
DARK,5122,-0.09226923326891678
DARK,5123,0.16370027055513645
DARK,5124,-0.13046918186904413
DARK,5125,0.019521448038839012
DARK,5126,0.13425870345662172
DARK,5127,-0.23032540502334517
DARK,5128,-0.27842117365422575
DARK,5129,-0.07378196933543191
DARK,5130,-0.17050940183936755
DARK,5131,0.060751380088130795
DARK,5132,0.04302087990701391
DARK,5133,0.13135320725917585
DARK,5134,-0.06143995928661642
DARK,5135,0.40677804410843504
DARK,5136,-0.18782917168724134
DARK,5137,0.1435701771468525
DARK,5138,0.027586185678620534
DARK,5139,-0.025978858789224103
DARK,5140,-0.043655192176989745
DARK,5141,-0.11804151065580211
DARK,5142,-0.2887807910013966
DARK,5143,-0.05057992311922814
DARK,5144,-0.32386381623151
DARK,5145,-0.12128277413836441
DARK,5146,-0.13701752409879567
DARK,5147,0.4511167283892659
DARK,5148,0.16297144471433936
DARK,5149,-0.06599600117694586
DARK,5150,-0.08680657522289627
DARK,5151,0.544939846807562
DARK,5152,0.046548871908375276
DARK,5153,0.2844794776573818
DARK,5154,-0.233130953442982
DARK,5155,-0.10287561145396122
DARK,5156,0.12353773266053941
DARK,5157,-0.016638436091964904
DARK,5158,0.2776430776386444
DARK,5159,0.26451376980280095
DARK,5160,-0.15676853711052013
DARK,5161,0.09271008218517324
DARK,5162,0.08794575372789082
DARK,5163,0.1598503002410082
DARK,5164,-0.0004334360924538093
DARK,5165,0.17361239534080766
DARK,5166,-0.15324369154724948
DARK,5167,-0.2437286809868922
DARK,5168,-0.005661567491778094
DARK,5169,0.005602685973985787
DARK,5170,0.35115643716557066
DARK,5171,-0.2823325916401247
DARK,5172,0.0950560583920651
DARK,5173,-0.2958819612908196
DARK,5174,0.015772385463965234
DARK,5175,0.1724277979780089
DARK,5176,-0.1219259781882602
DARK,5177,0.3533639198270722
DARK,5178,-0.15613699143322926
DARK,5179,0.12758200830998778
DARK,5180,0.3059323371857667
DARK,5181,0.06120332045354237
DARK,5182,-0.1164789381807374
DARK,5183,0.2248025477722781
DARK,5184,0.5160784683768774
DARK,5185,0.038477917676847335
DARK,5186,0.20063493002688546
DARK,5187,0.11153195600126264
DARK,5188,0.5502298555053969
DARK,5189,0.02786425972023883
DARK,5190,-0.1267388821264599
DARK,5191,0.3164803151474213
DARK,5192,-0.1682477136720685
DARK,5193,-0.055141052703766465
DARK,5194,0.2217488551412374
DARK,5195,0.12627132683823286
DARK,5196,-0.14451156227192533
DARK,5197,0.2230893819433869
DARK,5198,-0.15218204992373688
DARK,5199,-0.09529262160516688
DARK,5200,0.23500458073563416
DARK,5201,-0.3424546479460329
DARK,5202,0.24287245074636757
DARK,5203,-0.4849138950135626
DARK,5204,-0.04145294155634989
DARK,5205,0.10952701579674257
DARK,5206,-0.044907370882974126
DARK,5207,-0.009991445678471413
DARK,5208,0.03377340892236376
DARK,5209,-0.17621793355499352
DARK,5210,-0.20519516905396917
DARK,5211,0.09475258491148421
DARK,5212,0.32907752559599635
DARK,5213,0.28656252317985287
DARK,5214,-0.00020867862393685727
DARK,5215,-0.16728307654967434
DARK,5216,-0.11384266135991175
DARK,5217,-0.14930473638127856
DARK,5218,0.35091539889829454
DARK,5219,0.11833116831870773
DARK,5220,-0.03869668340950211
DARK,5221,-0.27344781931410295
DARK,5222,-0.1893627041674686
DARK,5223,0.008589980030468583
DARK,5224,-0.09015925602903828
DARK,5225,-0.03493580942724688
DARK,5226,0.0031309691303660413
DARK,5227,-0.035933125985227604
DARK,5228,0.07817077588652933
DARK,5229,0.08262570681209852
DARK,5230,-0.19432066052150937
DARK,5231,-0.26992361941565607
DARK,5232,-0.04506216793167408
DARK,5233,-0.3563431695440596
DARK,5234,-0.25715490097464355
DARK,5235,0.10043192225660325
DARK,5236,-0.3690729158592124
DARK,5237,0.08909149109475496
DARK,5238,0.012410220285366544
DARK,5239,0.13965870913366768
DARK,5240,-0.31878091484663496
DARK,5241,0.267685127578216
DARK,5242,-0.07253351742663798
DARK,5243,0.056981990660883934
DARK,5244,0.07949782467553822
DARK,5245,-0.11051502986811972
DARK,5246,-0.32996268814410973
DARK,5247,-0.2617204509043695
DARK,5248,-0.03374346427502343
DARK,5249,-0.2824598808868577
DARK,5250,0.01203424620981003
DARK,5251,0.4569509413488282
DARK,5252,-0.31673532474858596
DARK,5253,-0.2500836711572089
DARK,5254,-0.08780555760061527
DARK,5255,0.11685511681105495
DARK,5256,-0.07824461732178971
DARK,5257,-0.10168310581580016
DARK,5258,-0.024280797430850314
DARK,5259,0.006870515461523348
DARK,5260,0.15232268905777707
DARK,5261,0.27009897154634493
DARK,5262,0.17324291754772594
DARK,5263,-0.20443629215867104
DARK,5264,0.4351088277408376
DARK,5265,-0.210327916381984
DARK,5266,0.13848467836471262
DARK,5267,-0.4437412990609032
DARK,5268,0.10619897936670257
DARK,5269,-0.02279522214487169
DARK,5270,-0.20884569759349852
DARK,5271,0.1428524557575674
DARK,5272,0.0979502705066219
DARK,5273,-0.028988488946769527
DARK,5274,-0.062298981860807894
DARK,5275,-0.2805720401675197
DARK,5276,-0.10761368440203134
DARK,5277,-0.11114345832572978
DARK,5278,-0.2384880540193508
DARK,5279,-0.02620781106348156
DARK,5280,0.1509095486525933
DARK,5281,-0.11107412661294941
DARK,5282,0.07221701102331272
DARK,5283,0.1688239769551238
DARK,5284,0.3211615982391256
DARK,5285,-0.2727764437012467
DARK,5286,0.06199676392551078
DARK,5287,0.26138287537623345
DARK,5288,-0.42232635573457017
DARK,5289,-0.07573480488723135
DARK,5290,-0.03398140583727351
DARK,5291,-0.10294040916420216
DARK,5292,0.12035470659135009
DARK,5293,0.3349610364426112
DARK,5294,0.03582081927606331
DARK,5295,0.10590158065715605
DARK,5296,-0.08687076753857349
DARK,5297,-0.018140431489245837
DARK,5298,0.10481801062768055
DARK,5299,-0.06659218951639675
DARK,5300,0.23640829242411698
DARK,5301,-0.006925778852015484
DARK,5302,0.04251920256609741
DARK,5303,-0.037293301804892834
DARK,5304,-0.13373293007894085
DARK,5305,-0.2195501224858526
DARK,5306,0.3084900725722569
DARK,5307,-0.1425176994845049
DARK,5308,0.07967737696793317
DARK,5309,-0.03524984720311015
DARK,5310,-0.03652282246009609
DARK,5311,-0.14206461701440173
DARK,5312,-0.09800696571944287
DARK,5313,-0.04581276150066985
DARK,5314,-0.2035538439774355
DARK,5315,-0.085496220862401
DARK,5316,-0.21462823577996126
DARK,5317,0.11576853127286274
DARK,5318,-0.15600945605639208
DARK,5319,0.24549862800081892
DARK,5320,0.26532259850031026
DARK,5321,0.2281332843387006
DARK,5322,0.1376127507278579
DARK,5323,-0.1914543776342893
DARK,5324,0.020609547368765007
DARK,5325,-0.22864855741757176
DARK,5326,0.20746832547716507
DARK,5327,0.5021690803013348
DARK,5328,-0.06873866245321453
DARK,5329,-0.3783897333170326
DARK,5330,-0.01814540084134388
DARK,5331,0.1380168299623386
DARK,5332,0.10580602497140082
DARK,5333,-0.2677786771465661
DARK,5334,0.4286990224903608
DARK,5335,-0.14842077965206776
DARK,5336,0.4112804381810068
DARK,5337,-0.1424578078086881
DARK,5338,-0.13783321015256766
DARK,5339,0.3941881120320643
DARK,5340,-0.009660287598348298
DARK,5341,-0.09510816213673963
DARK,5342,-0.14978532750619425
DARK,5343,-0.007774921107685182
DARK,5344,-0.1076885339732152
DARK,5345,0.45933586677867416
DARK,5346,0.19568634512659935
DARK,5347,0.14127035405146202
DARK,5348,0.1515811790696908
DARK,5349,-0.2175164076646604
DARK,5350,-0.42702083238880323
DARK,5351,-0.33476871334134745
DARK,5352,-0.25724266444332583
DARK,5353,-0.049327309371536086
DARK,5354,0.24453337755525925
DARK,5355,-0.280383931157504
DARK,5356,0.2569815016356201
DARK,5357,0.10272231654134846
DARK,5358,-0.002632416063011029
DARK,5359,-0.00037840785610958344
DARK,5360,-0.3622167182824022
DARK,5361,0.2916930506440878
DARK,5362,0.5626777549761495
DARK,5363,-0.2554283384403745
DARK,5364,-0.14659055560388015
DARK,5365,-0.2369118393528937
DARK,5366,-0.09085804424322334
DARK,5367,0.14832397799037716
DARK,5368,-0.3698164074535025
DARK,5369,0.026338428130786865
DARK,5370,-0.15270604466193846
DARK,5371,-0.244952368037222
DARK,5372,-0.4196695864703573
DARK,5373,-0.21988006069914637
DARK,5374,-0.5273110519685494
DARK,5375,0.0595034242452841
DARK,5376,0.23607064408100492
DARK,5377,-0.26344992469166945
DARK,5378,0.1622246350568856
DARK,5379,-0.14979875349016875
DARK,5380,-0.1853011665851126
DARK,5381,0.4117846408727635
DARK,5382,-0.0789887095441018
DARK,5383,0.2416653410815675
DARK,5384,-0.12112636237063133
DARK,5385,0.01781878557064239
DARK,5386,-0.16716506367812847
DARK,5387,-0.29677458622851016
DARK,5388,-0.2861089803663601
DARK,5389,0.19971385760711552
DARK,5390,0.05017096721017234
DARK,5391,0.26560001724700183
DARK,5392,0.19804193622351357
DARK,5393,-0.12264350041338946
DARK,5394,0.057619060033096234
DARK,5395,0.05318901978200833
DARK,5396,0.01972245300419554
DARK,5397,-0.06403814735678778
DARK,5398,0.286043209168257
DARK,5399,0.10237883191403667
DARK,5400,-0.28064779713879656
DARK,5401,-0.4886851904719376
DARK,5402,0.029310487670098254
DARK,5403,-0.08876833299230608
DARK,5404,-0.051033396686202104
DARK,5405,-0.17059138877956959
DARK,5406,-0.06781139784361323
DARK,5407,-0.127370685651408
DARK,5408,0.23025668312715447
DARK,5409,0.5899598502272002
DARK,5410,-0.13961417522503755
DARK,5411,-0.10687795855511165
DARK,5412,-0.18157779524810322
DARK,5413,-0.03936199885656906
DARK,5414,-0.3843907500957268
DARK,5415,0.393185758643303
DARK,5416,-0.14833331539040942
DARK,5417,-0.1809221087117475
DARK,5418,-0.3255375352987742
DARK,5419,-0.05702424228123983
DARK,5420,-0.3606884560831965
DARK,5421,0.36691135549468723
DARK,5422,0.15589912923387883
DARK,5423,0.17694018166270403
DARK,5424,0.28904225991167043
DARK,5425,-0.05872142695157132
DARK,5426,0.37643335362630825
DARK,5427,0.2541402878695156
DARK,5428,0.09996773933594191
DARK,5429,-0.22237831443644382
DARK,5430,-0.10241197861351893
DARK,5431,-0.4034912125797066
DARK,5432,0.173478627610968
DARK,5433,-0.09982217189703067
DARK,5434,-0.19578411201381057
DARK,5435,-0.08238014077068663
DARK,5436,-0.238127892535048
DARK,5437,0.41918888254437403
DARK,5438,-0.12812846185308663
DARK,5439,-0.1556086502742126
DARK,5440,-0.07872049258359826
DARK,5441,-0.34191705928164906
DARK,5442,-0.37774624878902957
DARK,5443,0.21414212645620156
DARK,5444,0.07421081463421698
DARK,5445,0.07829308355047222
DARK,5446,-0.16560955430520838
DARK,5447,-0.2671115211785572
DARK,5448,0.049592047685059135
DARK,5449,0.04336989852177286
DARK,5450,0.026470104243890655
DARK,5451,0.5329482668749019
DARK,5452,-0.14148487344500305
DARK,5453,-0.3803706808546496
DARK,5454,-0.49223327850002513
DARK,5455,-0.263782273032305
DARK,5456,0.058175156655344264
DARK,5457,0.18488465209065214
DARK,5458,0.06997154987318842
DARK,5459,-0.11857216372500093
DARK,5460,-0.14562046911037094
DARK,5461,-0.24542507769187505
DARK,5462,0.015562836443357878
DARK,5463,-0.37119319366288933
DARK,5464,0.27616958308385076
DARK,5465,0.3616542257021392
DARK,5466,-0.12495314879534096
DARK,5467,0.22642816969129434
DARK,5468,-0.17068373564546893
DARK,5469,0.026368375143312736
DARK,5470,0.18250272251200195
DARK,5471,-0.3115757011290238
DARK,5472,-0.20457851574432057
DARK,5473,0.29022792100027145
DARK,5474,0.2046872865043481
DARK,5475,-0.1711436435829107
DARK,5476,-0.049559057035401845
DARK,5477,0.1980588258456116
DARK,5478,0.21534323950320086
DARK,5479,-0.029773732701842907
DARK,5480,-0.060348577775593736
DARK,5481,0.34022152503371006
DARK,5482,0.10004605283529916
DARK,5483,0.06705866401387073
DARK,5484,0.028370778799129588
DARK,5485,-0.09642608881794562
DARK,5486,-0.28812453664388216
DARK,5487,0.12036903184187873
DARK,5488,-0.26768910348050023
DARK,5489,-0.22057432253663042
DARK,5490,0.08170457246637751
DARK,5491,-0.1793573938883598
DARK,5492,-0.17841801649438885
DARK,5493,-0.06060841785384489
DARK,5494,0.09507297466699562
DARK,5495,-0.39273689388731325
DARK,5496,0.011861763461855709
DARK,5497,-0.0117217536284564
DARK,5498,-0.1411701221818119
DARK,5499,-0.1164037554281719
DARK,5500,-0.3761025760756436
DARK,5501,0.2000892624501611
DARK,5502,0.2918289083443577
DARK,5503,-0.28205652373373746
DARK,5504,-0.09268248904209143
DARK,5505,0.105080793075099
DARK,5506,0.03749642164862517
DARK,5507,-0.11201964297183264
DARK,5508,-0.147423866268597
DARK,5509,-0.06424025200691759
DARK,5510,0.0065565886772917
DARK,5511,-0.012616887169428818
DARK,5512,0.3451622388653109
DARK,5513,0.09045418852741459
DARK,5514,-0.4110738033054434
DARK,5515,-0.2682253771802184
DARK,5516,0.4249090561552483
DARK,5517,0.36338071680441825
DARK,5518,0.4116978521434306
DARK,5519,-0.2469210233059628
DARK,5520,0.04799977078480009
DARK,5521,-0.12350444681734604
DARK,5522,0.49835973348296775
DARK,5523,0.05309419405063571
DARK,5524,0.5362313078831278
DARK,5525,0.23130932911035482
DARK,5526,-0.16617990405518568
DARK,5527,-0.03753861795638791
DARK,5528,-0.08417742239280009
DARK,5529,-0.013979278154729949
DARK,5530,-0.17383475015731925
DARK,5531,0.09267620427274173
DARK,5532,-0.3845609186771221
DARK,5533,0.19180538715459314
DARK,5534,0.2813651388620197
DARK,5535,-0.40055069869483834
DARK,5536,-0.4324058131732243
DARK,5537,0.14005544985686766
DARK,5538,0.0052583731060765896
DARK,5539,-0.04504327977982053
DARK,5540,0.29923548202721345
DARK,5541,-0.019457925575627075
DARK,5542,0.01507918623016156
DARK,5543,-0.023838926184057866
DARK,5544,0.019146695166042723
DARK,5545,-0.06718561402271345
DARK,5546,-0.060268188528881994
DARK,5547,-0.017710860351368433
DARK,5548,0.25011406460173097
DARK,5549,-0.22848257735601876
DARK,5550,0.10281937916932252
DARK,5551,-0.1631214210054118
DARK,5552,0.13003447810733537
DARK,5553,0.4463969418206158
DARK,5554,0.20612143835097949
DARK,5555,-0.13444505409744623
DARK,5556,0.2651519231820673
DARK,5557,0.30695402344919354
DARK,5558,-0.12110262608823938
DARK,5559,0.0836033644399079
DARK,5560,-0.23651677168738816
DARK,5561,0.2896134505176838
DARK,5562,-0.2641693526156778
DARK,5563,0.40736184990498636
DARK,5564,0.08653500706876352
DARK,5565,0.4367148712033413
DARK,5566,-0.2772665229305361
DARK,5567,-0.04409876054238475
DARK,5568,-0.037580270646321946
DARK,5569,-0.39367333907826946
DARK,5570,-0.03961244318262103
DARK,5571,0.03529472157659992
DARK,5572,0.05572120886751946
DARK,5573,0.15871372235232342
DARK,5574,0.33453001428039647
DARK,5575,-0.07312330338070608
DARK,5576,-0.1355089411976504
DARK,5577,-0.10856456339100738
DARK,5578,-0.06140797849113068
DARK,5579,-0.05764085405185404
DARK,5580,-0.010922178966843485
DARK,5581,0.19532517867005836
DARK,5582,0.17556421077768364
DARK,5583,-0.09045707402053532
DARK,5584,-0.2767364874517107
DARK,5585,-0.05183524876533249
DARK,5586,-0.11302508244186875
DARK,5587,-0.47086570201748956
DARK,5588,-0.32236580448797214
DARK,5589,-0.025777435817080464
DARK,5590,0.10985963695193791
DARK,5591,0.4776018880001675
DARK,5592,-0.062481693849321895
DARK,5593,-0.21419512480826022
DARK,5594,-0.33222486691109626
DARK,5595,0.35011689721828104
DARK,5596,0.29238130583809563
DARK,5597,-0.05671281930815151
DARK,5598,0.15422932599454645
DARK,5599,0.16681856015822136
DARK,5600,0.0891707084577724
DARK,5601,-0.3369692917133689
DARK,5602,0.19130201451390139
DARK,5603,-0.2799033517075465
DARK,5604,-0.041800590513097445
DARK,5605,-0.4581925924770319
DARK,5606,-0.294736603662959
DARK,5607,0.2911935851260035
DARK,5608,0.18311705486382046
DARK,5609,-0.25089950807601674
DARK,5610,-0.13429831281319862
DARK,5611,-0.05900633468466804
DARK,5612,-0.1500959287415827
DARK,5613,-0.2263909138407221
DARK,5614,0.02760542575235723
DARK,5615,-0.3651862569559841
DARK,5616,0.4798316536044672
DARK,5617,-0.159922756978987
DARK,5618,0.08881856958556243
DARK,5619,0.20253958320800183
DARK,5620,0.19243095385415024
DARK,5621,-0.19698152818884299
DARK,5622,0.1271897196101397
DARK,5623,0.24887559308529814
DARK,5624,0.03837590540506639
DARK,5625,0.11512882992900922
DARK,5626,0.2370193109105197
DARK,5627,-0.2782085219151991
DARK,5628,-0.21770274817146723
DARK,5629,0.3919983460145055
DARK,5630,0.06253632475981798
DARK,5631,0.045391732856146956
DARK,5632,0.25762372755176605
DARK,5633,-0.03750478257704545
DARK,5634,-0.23461173049064468
DARK,5635,0.26529393580064714
DARK,5636,0.11966557446308228
DARK,5637,0.28013864326290944
DARK,5638,0.29067114320933485
DARK,5639,-0.014122509328634137
DARK,5640,0.25604861170466586
DARK,5641,-0.3239392519898052
DARK,5642,-0.1622554833230824
DARK,5643,-0.37704959576327707
DARK,5644,-0.5100203646757739
DARK,5645,-0.16961242497191234
DARK,5646,0.06198678536120478
DARK,5647,0.33936557974881965
DARK,5648,0.34644497784509265
DARK,5649,-0.2921843919000346
DARK,5650,-0.04165806652837076
DARK,5651,-0.35554974339666845
DARK,5652,0.25305271943669594
DARK,5653,-0.12312380536170578
DARK,5654,0.04040356346363523
DARK,5655,-0.010154802541680417
DARK,5656,-0.2148808748896702
DARK,5657,0.00918406560332943
DARK,5658,-0.30562748573790305
DARK,5659,-0.28211195733693123
DARK,5660,-0.40701340039800404
DARK,5661,0.34223962209436104
DARK,5662,-0.27111894980468
DARK,5663,-0.4416240673649056
DARK,5664,0.2507247432254623
DARK,5665,0.1624409582203628
DARK,5666,-0.09883615814982373
DARK,5667,-0.059249655707237565
DARK,5668,0.3482115502399133
DARK,5669,0.5270561859004559
DARK,5670,0.06536777187240889
DARK,5671,0.0705158042704895
DARK,5672,-0.1466767015931565
DARK,5673,-0.21271406371210896
DARK,5674,-0.08140047432892361
DARK,5675,-0.10563225308456355
DARK,5676,-0.012130135372664668
DARK,5677,-0.06982464025233698
DARK,5678,0.013277008927026546
DARK,5679,0.004231661990066838
DARK,5680,-0.1570274164618776
DARK,5681,-0.06806298709664965
DARK,5682,0.0031597982432835484
DARK,5683,-0.22657122892879045
DARK,5684,-0.022172956135449583
DARK,5685,-0.3739140725225767
DARK,5686,-0.23212941713869117
DARK,5687,-0.168872007606214
DARK,5688,-0.3089770458298242
DARK,5689,0.19417371960095017
DARK,5690,0.25849292297543447
DARK,5691,0.3774403506756283
DARK,5692,0.2836738116594044
DARK,5693,0.2626511299266553
DARK,5694,0.25532083822663687
DARK,5695,0.1812582351316695
DARK,5696,0.22998703716677066
DARK,5697,-0.22994184970678008
DARK,5698,-0.17506060045342167
DARK,5699,0.4278489085153947
DARK,5700,0.05461082893797476
DARK,5701,-0.3401620256447082
DARK,5702,0.47522606508023957
DARK,5703,0.1607005159148284
DARK,5704,-0.0479619621221652
DARK,5705,0.4487462940414312
DARK,5706,0.2605190162534678
DARK,5707,0.2121660178745809
DARK,5708,-0.022736964535183722
DARK,5709,-0.0055461623724402005
DARK,5710,-0.21306017511297048
DARK,5711,-0.27260505179512623
DARK,5712,-0.26496053661426583
DARK,5713,0.2403682492565651
DARK,5714,-0.3213745619470204
DARK,5715,0.21843168784778008
DARK,5716,-0.06491598375175063
DARK,5717,-0.22441117944594743
DARK,5718,0.13587920273965298
DARK,5719,0.1509423150221007
DARK,5720,-0.2132923634970529
DARK,5721,-0.06975957169647147
DARK,5722,-0.28495245772045863
DARK,5723,0.08388618665454459
DARK,5724,-0.24126535859622258
DARK,5725,-0.058649195047741395
DARK,5726,0.1082596714802735
DARK,5727,0.08916567629919855
DARK,5728,0.13746792847473285
DARK,5729,0.41150779352423245
DARK,5730,-0.14163461946299027
DARK,5731,-0.051611481104985084
DARK,5732,-0.2867984985216239
DARK,5733,-0.17919493589043553
DARK,5734,-0.07346472958557866
DARK,5735,0.043206319458895734
DARK,5736,-0.023457992837661586
DARK,5737,-0.33119317054559155
DARK,5738,-0.18238950000467882
DARK,5739,0.2298283399398331
DARK,5740,-0.18772862767664858
DARK,5741,0.2367200903684005
DARK,5742,-0.3050700015569649
DARK,5743,0.3746323097121401
DARK,5744,0.2454226680441323
DARK,5745,0.36760829671932665
DARK,5746,-0.3830084950718624
DARK,5747,-0.16520805173793646
DARK,5748,-0.31309336427543816
DARK,5749,0.13409755068531132
DARK,5750,-0.14107895545622706
DARK,5751,-0.29212229399978623
DARK,5752,-0.16024486474194488
DARK,5753,0.29612635776924645
DARK,5754,-0.34993095046253314
DARK,5755,0.0794115656187712
DARK,5756,0.0040934482837143155
DARK,5757,0.1742581698670953
DARK,5758,-0.11307195859496363
DARK,5759,0.3510307617918381
DARK,5760,-0.2899166981801591
DARK,5761,-0.26105961402721395
DARK,5762,0.07311689126396863
DARK,5763,0.2163640613977934
DARK,5764,-0.39708811149392664
DARK,5765,-0.01984524725804838
DARK,5766,0.06810149176204451
DARK,5767,0.09542687517670219
DARK,5768,0.020521074707607563
DARK,5769,-0.18493847977096406
DARK,5770,-0.3827138729337549
DARK,5771,0.1818707961900233
DARK,5772,0.06409431065779057
DARK,5773,-0.021111126717887275
DARK,5774,-0.1047493471990116
DARK,5775,0.07980013130021832
DARK,5776,-0.2482044725855351
DARK,5777,-0.17691108296260655
DARK,5778,-0.06720034699250302
DARK,5779,-0.14891878970752406
DARK,5780,0.3474979671026574
DARK,5781,-0.02336099455557704
DARK,5782,-0.016568872871977572
DARK,5783,0.25561950127408006
DARK,5784,-0.043429663401376106
DARK,5785,0.043314505807663335
DARK,5786,0.3587684666147175
DARK,5787,0.2497193476825641
DARK,5788,-0.4081591078004588
DARK,5789,0.023648908705454774
DARK,5790,-0.06283824082318365
DARK,5791,-0.036149342490367754
DARK,5792,0.07499868346579328
DARK,5793,0.10053073957679527
DARK,5794,-0.09032670194097984
DARK,5795,-0.18785131437869465
DARK,5796,-0.1725797033284689
DARK,5797,-0.3429364316375479
DARK,5798,0.23809400916654383
DARK,5799,0.03933501898551226
DARK,5800,0.03198009113932584
DARK,5801,-0.28778099661852596
DARK,5802,0.13696354821127443
DARK,5803,0.1425219176103817
DARK,5804,-0.15661853693364075
DARK,5805,0.06415430054957168
DARK,5806,-0.033712139242380416
DARK,5807,0.1574785831545047
DARK,5808,-0.24982514727314473
DARK,5809,0.52478787267415
DARK,5810,-0.14308590467872914
DARK,5811,0.006623240456579142
DARK,5812,0.07271378994294718
DARK,5813,-0.027285160400319072
DARK,5814,-0.16387540929713915
DARK,5815,0.2630895386302351
DARK,5816,-0.22999551633060678
DARK,5817,-0.17969876181567346
DARK,5818,-0.23349082591587608
DARK,5819,0.2915990735111937
DARK,5820,0.014556203301616293
DARK,5821,-0.20024295186587704
DARK,5822,0.02713229197948724
DARK,5823,-0.08226370761812249
DARK,5824,0.1901137615478726
DARK,5825,0.4261947041689449
DARK,5826,0.32606654181399425
DARK,5827,-0.1718891567554747
DARK,5828,0.4740105944322601
DARK,5829,0.17761216716781675
DARK,5830,-0.32288101765846194
DARK,5831,-0.045582906402989905
DARK,5832,0.2123134729197653
DARK,5833,-0.22070676313068874
DARK,5834,-0.25885282782266733
DARK,5835,-0.11673941076637796
DARK,5836,0.11875876901137038
DARK,5837,-0.40434412830324995
DARK,5838,0.19994566048257062
DARK,5839,-0.2702026562974226
DARK,5840,-0.07022841618802843
DARK,5841,-0.3038063719425727
DARK,5842,-0.32710395860449076
DARK,5843,-0.31722913995399443
DARK,5844,0.29030599273645
DARK,5845,0.28186681333475316
DARK,5846,0.15798195145500787
DARK,5847,0.1580859898584632
DARK,5848,0.14111127303565954
DARK,5849,0.22694099173131552
DARK,5850,0.22668359297049256
DARK,5851,-0.24562539720108365
DARK,5852,-0.04573979265145727
DARK,5853,-0.16924161194111273
DARK,5854,0.016773476469990996
DARK,5855,0.041350635189440293
DARK,5856,0.031151057568080825
DARK,5857,0.018021939472702513
DARK,5858,0.054804635185081226
DARK,5859,-0.16687350154406028
DARK,5860,0.23292247719929882
DARK,5861,-0.13116440178344574
DARK,5862,0.024188120821687073
DARK,5863,-0.2400740158904294
DARK,5864,-0.04345208907912506
DARK,5865,0.41210348724920143
DARK,5866,-0.061233158159752776
DARK,5867,-0.35876220467472975
DARK,5868,-0.02215442278339245
DARK,5869,-0.045360420063478304
DARK,5870,-0.021233830429570364
DARK,5871,-0.10932339597387959
DARK,5872,0.17001182522172698
DARK,5873,-0.15299883462695227
DARK,5874,0.3127444209118155
DARK,5875,0.5044888429841913
DARK,5876,-0.15345490621715463
DARK,5877,0.23185801660106542
DARK,5878,-0.05648267759466744
DARK,5879,0.2328756644636007
DARK,5880,0.14260710415028716
DARK,5881,0.11047903720746628
DARK,5882,0.2326926783418109
DARK,5883,-0.026383141501627554
DARK,5884,0.1922040975205566
DARK,5885,-0.4545900161369336
DARK,5886,-0.15006261505965313
DARK,5887,-0.05652901296303394
DARK,5888,-0.25532968299837905
DARK,5889,-0.45298729266641147
DARK,5890,-0.040660733527453946
DARK,5891,0.48472903056113215
DARK,5892,-0.41692143640478724
DARK,5893,-0.450528514343131
DARK,5894,0.49937549285680705
DARK,5895,-0.43861546400032647
DARK,5896,0.15685833774489155
DARK,5897,0.2750132066639805
DARK,5898,-0.19635104896913744
DARK,5899,-0.19025970451200688
DARK,5900,0.31282114048177245
DARK,5901,-0.0672448208197239
DARK,5902,-0.12444720085229363
DARK,5903,-0.043019640074640625
DARK,5904,-0.16948057702165717
DARK,5905,0.059455040119891445
DARK,5906,-0.022446466005521477
DARK,5907,0.1645483473202366
DARK,5908,-0.05335897622965519
DARK,5909,0.3012652886248011
DARK,5910,-0.0036853700796497407
DARK,5911,0.034738432538147714
DARK,5912,0.2911153746295926
DARK,5913,-0.1835221400378867
DARK,5914,-0.004216287513660647
DARK,5915,0.043030003715806134
DARK,5916,-0.0641424921080544
DARK,5917,-0.09328372352673032
DARK,5918,0.1907106453532467
DARK,5919,-0.1253511581761729
DARK,5920,-0.06749627216369554
DARK,5921,-0.20884824951742428
DARK,5922,-0.2497037754589923
DARK,5923,0.3859567999039283
DARK,5924,-0.15084274276182527
DARK,5925,-0.29540210310755494
DARK,5926,-0.0796112534183853
DARK,5927,-0.18795112331177127
DARK,5928,0.29020256199281963
DARK,5929,0.4220407905514351
DARK,5930,-0.1491286925152156
DARK,5931,-0.1498107003906591
DARK,5932,-0.17662279893664212
DARK,5933,-0.2248679865724994
DARK,5934,-0.005879366272374837
DARK,5935,0.1816317012622397
DARK,5936,-0.01643248720849781
DARK,5937,-0.41607900270104003
DARK,5938,0.1650589226874161
DARK,5939,-0.19579811456096388
DARK,5940,-0.022498994456551468
DARK,5941,-0.38114868740575497
DARK,5942,0.22798179716051134
DARK,5943,-0.05500112913237903
DARK,5944,-0.3843607320871394
DARK,5945,0.08301486863735173
DARK,5946,-0.2440869594800542
DARK,5947,-0.17815366847354372
DARK,5948,0.07319657583308213
DARK,5949,0.13862886087703377
DARK,5950,-0.22246628380108188
DARK,5951,0.11861629048116261
DARK,5952,-0.16368901164597227
DARK,5953,0.5269518438847439
DARK,5954,-0.28078068874046985
DARK,5955,0.014029424674329573
DARK,5956,0.06992260942020356
DARK,5957,-0.21738688863741637
DARK,5958,0.1673985753226561
DARK,5959,-0.28657032102879565
DARK,5960,0.04118317626708098
DARK,5961,-0.028501930765638627
DARK,5962,-0.2424335890114169
DARK,5963,-0.05479563116451575
DARK,5964,-0.29509057262293126
DARK,5965,-0.33914591139731515
DARK,5966,-0.18035319925317314
DARK,5967,0.22794659688588706
DARK,5968,0.07923175552139253
DARK,5969,0.27855768751409893
DARK,5970,-0.1549042570671238
DARK,5971,0.029058951705553927
DARK,5972,0.06247114838339047
DARK,5973,0.1897430113946005
DARK,5974,-0.3867780844820616
DARK,5975,-0.1380600777653374
DARK,5976,0.2178756924203441
DARK,5977,-0.35003803917497
DARK,5978,0.16788308393313645
DARK,5979,0.2171878473907278
DARK,5980,0.019761998892258468
DARK,5981,-0.15998833986037242
DARK,5982,-0.1333999351332568
DARK,5983,-0.06214874208642485
DARK,5984,-0.03946345679119703
DARK,5985,-0.2700361214724424
DARK,5986,0.19200694113508085
DARK,5987,-0.04191843296662384
DARK,5988,0.00570245444371647
DARK,5989,-0.1844179130984269
DARK,5990,0.0021961903463712826
DARK,5991,-0.3515063566293273
DARK,5992,0.04521294415714779
DARK,5993,-0.13365653482954937
DARK,5994,-0.20408919708178275
DARK,5995,-0.19244398802945514
DARK,5996,0.085119155417083
DARK,5997,0.1429202275106743
DARK,5998,0.16414004586977612
DARK,5999,0.0006589620658259851
DARK,6000,0.0014601193771850791
DARK,6001,0.0819411950593169
DARK,6002,-0.017446082038573618
DARK,6003,0.36609286401712815
DARK,6004,-0.18073169137406778
DARK,6005,-0.12968916815496773
DARK,6006,0.0621599236015632
DARK,6007,-0.013895657760285526
DARK,6008,-0.08159023800545945
DARK,6009,0.10163107272732597
DARK,6010,-0.25368897226107157
DARK,6011,0.47493573124361055
DARK,6012,0.2999631468172339
DARK,6013,-0.34893152218012713
DARK,6014,0.009000920597043943
DARK,6015,-0.012548318144917489
DARK,6016,-0.01587291244137475
DARK,6017,-0.13437709193350786
DARK,6018,0.1180180506065819
DARK,6019,-0.09474331526156203
DARK,6020,0.11940896927008131
DARK,6021,-0.14730472883402038
DARK,6022,0.001286431463095828
DARK,6023,-0.18920842396843132
DARK,6024,0.24488437310640263
DARK,6025,0.16601829511277172
DARK,6026,0.3031196549885449
DARK,6027,-0.10222908340431795
DARK,6028,0.12462798540426268
DARK,6029,-0.03938353425714534
DARK,6030,-0.09208606951541244
DARK,6031,-0.13687434226041986
DARK,6032,-0.37768752704678094
DARK,6033,-0.36987426220925385
DARK,6034,-0.26345351308951
DARK,6035,0.29119811059449635
DARK,6036,-0.055720870657240476
DARK,6037,-0.2076140328708052
DARK,6038,-0.10568506224014913
DARK,6039,-0.36552048206706
DARK,6040,-0.10873142723543462
DARK,6041,0.01843067055661068
DARK,6042,0.1895479672837839
DARK,6043,0.08341238721646903
DARK,6044,0.012281441732288456
DARK,6045,0.15344971117836972
DARK,6046,0.00882355564962036
DARK,6047,0.1695828242493058
DARK,6048,-0.15304365145855414
DARK,6049,0.11692944651194874
DARK,6050,0.00693452509270632
DARK,6051,-0.1696795536866754
DARK,6052,0.19604659764451768
DARK,6053,0.09049353699965144
DARK,6054,-0.06388709862350946
DARK,6055,-0.1487488736890041
DARK,6056,-0.03148310163633932
DARK,6057,-0.1597551495881093
DARK,6058,-0.09872556983534063
DARK,6059,0.2632020901947594
DARK,6060,-0.13426484826490873
DARK,6061,-0.2688500229520929
DARK,6062,0.04361812034973473
DARK,6063,0.11561333716688814
DARK,6064,-0.27756493602284305
DARK,6065,0.2663910005435344
DARK,6066,-0.16053813617076676
DARK,6067,-0.09969936205228096
DARK,6068,0.3357879527424343
DARK,6069,0.06282127014702499
DARK,6070,-0.24647210402756067
DARK,6071,-0.056196164554092404
DARK,6072,-0.2720512810278096
DARK,6073,0.1675907757681063
DARK,6074,0.32770967897381553
DARK,6075,-0.1265111620572142
DARK,6076,-0.3511815343226982
DARK,6077,0.3200771250774999
DARK,6078,0.011937722066334614
DARK,6079,0.08602450613442009
DARK,6080,0.2000618502029921
DARK,6081,-0.007182745612784881
DARK,6082,-0.43712390268044093
DARK,6083,0.13877076080353398
DARK,6084,-0.11053182131713989
DARK,6085,-0.11183505364863887
DARK,6086,0.3253747018715027
DARK,6087,0.07145154438738469
DARK,6088,0.15495829673289113
DARK,6089,-0.06765759315006124
DARK,6090,-0.3635745779841248
DARK,6091,-0.018241199576545745
DARK,6092,-0.11419539792591216
DARK,6093,-0.1907605132672363
DARK,6094,-0.10773056407722063
DARK,6095,-0.2193655274479822
DARK,6096,0.2297935064939112
DARK,6097,-0.27632350854269017
DARK,6098,-0.23664642973485991
DARK,6099,0.3916992257955616
DARK,6100,0.14188530820435374
DARK,6101,0.16930449787190763
DARK,6102,-0.2663617599315094
DARK,6103,-0.14036118362347674
DARK,6104,0.07233730541406339
DARK,6105,0.11701955139546724
DARK,6106,0.23337569496352165
DARK,6107,-0.08780585371716729
DARK,6108,-0.14938545552739646
DARK,6109,0.12137738913416046
DARK,6110,0.04975410959865621
DARK,6111,-0.004026536269819559
DARK,6112,-0.4602241028621912
DARK,6113,-0.3831802246077137
DARK,6114,-0.04042545144938486
DARK,6115,-0.012579600975290145
DARK,6116,-0.14826975986328417
DARK,6117,0.00209147687222506
DARK,6118,0.029447274685539877
DARK,6119,-0.10021992174095819
DARK,6120,-0.02809108602846322
DARK,6121,0.21800634487728804
DARK,6122,-0.18238158889350042
DARK,6123,0.4361602594411857
DARK,6124,0.30132875113032337
DARK,6125,0.2868505179751797
DARK,6126,0.18354203913082826
DARK,6127,-0.01598764468594715
DARK,6128,-0.2093530253810616
DARK,6129,0.12714734752135912
DARK,6130,-0.17941987608890966
DARK,6131,0.3558958891820189
DARK,6132,-0.11677778502194631
DARK,6133,-0.13128863556807177
DARK,6134,-0.006708090284132905
DARK,6135,-0.07389749432433539
DARK,6136,0.42028093976310804
DARK,6137,-0.25959153258694645
DARK,6138,0.3057658505937177
DARK,6139,-0.20169413021560184
DARK,6140,0.002407213956946178
DARK,6141,-0.20396789373247295
DARK,6142,0.2986542946293639
DARK,6143,-0.10044613201807742
DARK,6144,-0.0885054588122255
DARK,6145,-0.027125423357485322
DARK,6146,-0.25701256255385424
DARK,6147,0.08821933629141342
DARK,6148,-0.09038644182861616
DARK,6149,-0.26411454143138735
DARK,6150,0.23540724495465046
DARK,6151,-0.16092292760327892
DARK,6152,-0.20299068805945655
DARK,6153,0.06055897899329184
DARK,6154,0.1083676228428526
DARK,6155,0.2208377132752945
DARK,6156,0.1360019557242829
DARK,6157,0.13549361872470958
DARK,6158,-0.17863028474126577
DARK,6159,-0.2644209849043228
DARK,6160,0.36339412137010446
DARK,6161,-0.4855586984725767
DARK,6162,0.27486744252850615
DARK,6163,0.3695862791305294
DARK,6164,0.2092301181872767
DARK,6165,-0.4204558441636804
DARK,6166,-0.04530141453457447
DARK,6167,0.4368571997852108
DARK,6168,-0.3872611966174903
DARK,6169,-0.00021632268806388006
DARK,6170,-0.17843502277794646
DARK,6171,0.12432933990109125
DARK,6172,-0.24704900826558854
DARK,6173,0.10554420350185445
DARK,6174,0.19021662200858835
DARK,6175,0.25682049620558367
DARK,6176,0.06923100433802779
DARK,6177,-0.04573072563880477
DARK,6178,0.28619975761215755
DARK,6179,-0.02392999738327702
DARK,6180,0.21968136113348272
DARK,6181,-0.1610517859589856
DARK,6182,0.37704530684944876
DARK,6183,-0.27242229951182984
DARK,6184,0.05454505660034819
DARK,6185,-0.22352872484532166
DARK,6186,0.22811966120666674
DARK,6187,0.20550476533174405
DARK,6188,-0.1556556897565384
DARK,6189,0.04295773223283255
DARK,6190,0.19253143756589994
DARK,6191,-0.040884945574828795
DARK,6192,-0.18066373563646385
DARK,6193,0.3333546160320684
DARK,6194,0.11594585330147288
DARK,6195,0.01993941144186913
DARK,6196,-0.066467138127926
DARK,6197,-0.19264683673013724
DARK,6198,-0.0032224420390100966
DARK,6199,0.2752615525535147
DARK,6200,0.013202707135674804
DARK,6201,0.14763401512619903
DARK,6202,-0.11685485526081275
DARK,6203,0.5024819020236593
DARK,6204,0.07628523316003527
DARK,6205,-0.07571152317642132
DARK,6206,-0.08098820523950527
DARK,6207,0.09878630947125144
DARK,6208,-0.2170935313187853
DARK,6209,0.20083530853701465
DARK,6210,-0.2951913258364327
DARK,6211,-0.01472234865310693
DARK,6212,0.2196253845498755
DARK,6213,-0.14301469386130958
DARK,6214,0.3688309742642498
DARK,6215,0.09656849219455206
DARK,6216,-0.1740890756540719
DARK,6217,-0.035266719920267815
DARK,6218,0.2824853940014277
DARK,6219,0.19031341577026673
DARK,6220,0.1829030928271294
DARK,6221,-0.0804340002040845
DARK,6222,0.000736088678272579
DARK,6223,-0.40474952770403083
DARK,6224,0.23594396673576848
DARK,6225,-0.173421508879449
DARK,6226,-0.332037573662646
DARK,6227,0.4216995525026019
DARK,6228,-0.012354233288361684
DARK,6229,0.1626601981303619
DARK,6230,0.21342097891642278
DARK,6231,0.06330692340205946
DARK,6232,-0.12380453519807363
DARK,6233,0.25923305170556815
DARK,6234,-0.014133774222305903
DARK,6235,0.49377069118542205
DARK,6236,-0.09754818192609944
DARK,6237,-0.03252738838319851
DARK,6238,-0.35589472386832804
DARK,6239,-0.00534008118714792
DARK,6240,-0.0830445397637189
DARK,6241,-0.08710628638261994
DARK,6242,-0.12406584903381114
DARK,6243,-0.0004104359230568233
DARK,6244,-0.006592361720194345
DARK,6245,-0.0921886210224117
DARK,6246,0.06346034729969924
DARK,6247,-0.40587076867033745
DARK,6248,-0.17256676161788445
DARK,6249,0.12372260745329615
DARK,6250,-0.11622354039874476
DARK,6251,0.257953017221098
DARK,6252,-0.16714955643721555
DARK,6253,-0.18091550085624444
DARK,6254,-0.21101947191011453
DARK,6255,0.023753457577593482
DARK,6256,-0.0032897289490396078
DARK,6257,-0.14443499758425454
DARK,6258,0.05471143430702781
DARK,6259,0.19389883651767612
DARK,6260,-0.36057299005476084
DARK,6261,0.08560736544034607
DARK,6262,-0.13893688610640786
DARK,6263,-0.12697096705175995
DARK,6264,-0.15681359028601477
DARK,6265,0.07246425354796401
DARK,6266,-0.31873306267685386
DARK,6267,-0.333039097345074
DARK,6268,0.17310880006697815
DARK,6269,-0.35893465463833857
DARK,6270,-0.14410711959207245
DARK,6271,0.28913789955513036
DARK,6272,0.25513772635863347
DARK,6273,-0.17146419671876484
DARK,6274,0.3015259940446315
DARK,6275,0.018888177310103102
DARK,6276,0.06941980099069851
DARK,6277,0.28159062364555887
DARK,6278,0.028064160276557896
DARK,6279,0.2686618145026313
DARK,6280,0.1658428512984489
DARK,6281,0.0066710852439889525
DARK,6282,-0.10445605732928237
DARK,6283,-0.280337009040575
DARK,6284,0.3376214998097705
DARK,6285,0.029619271143343423
DARK,6286,-0.09739869524584234
DARK,6287,-0.23811161568001968
DARK,6288,0.4289664115407039
DARK,6289,0.04809177682785482
DARK,6290,0.15980035498512524
DARK,6291,-0.17312055109199131
DARK,6292,-0.22817156876074218
DARK,6293,-0.18653216810861287
DARK,6294,0.03884963092929748
DARK,6295,-0.16933986519252298
DARK,6296,-0.16798517493356893
DARK,6297,0.1667709434988935
DARK,6298,-0.2758269869794433
DARK,6299,0.22629904053907515
DARK,6300,-0.2286656954197671
DARK,6301,0.16825787667833944
DARK,6302,-0.08746503265432501
DARK,6303,0.0339383862057292
DARK,6304,-0.06529824344119388
DARK,6305,-0.08237608512927165
DARK,6306,0.26126989988710403
DARK,6307,-0.015480489273149678
DARK,6308,-0.030927230525920193
DARK,6309,-0.003710076711911006
DARK,6310,-0.06795912786596314
DARK,6311,0.3344641835961959
DARK,6312,0.10295103758978859
DARK,6313,0.1872132006358944
DARK,6314,0.06728521607271765
DARK,6315,-0.32657305218752936
DARK,6316,0.08563709989488398
DARK,6317,-0.06805100180485696
DARK,6318,-0.023552619220725223
DARK,6319,-0.1925553563599471
DARK,6320,0.3692579236579582
DARK,6321,-0.15958655239749786
DARK,6322,0.06957600232818724
DARK,6323,-0.15428673630331882
DARK,6324,-0.39574117787009216
DARK,6325,0.04180523178698711
DARK,6326,0.25635312025276163
DARK,6327,0.11128122107267839
DARK,6328,-0.3557999752332783
DARK,6329,0.10261739778742031
DARK,6330,-0.2797749418166469
DARK,6331,-0.17149910797721954
DARK,6332,-0.16520020994460394
DARK,6333,0.06286841928242132
DARK,6334,0.5226079625236969
DARK,6335,0.03234344755318357
DARK,6336,-0.16689412634977244
DARK,6337,0.3303888797195485
DARK,6338,-0.08888801618602997
DARK,6339,0.1149930581007199
DARK,6340,0.20614043635032928
DARK,6341,-0.23900535711121002
DARK,6342,0.12936987589456786
DARK,6343,-0.03515074314604569
DARK,6344,0.25169267947675517
DARK,6345,0.16851390021740392
DARK,6346,-0.09851742165486825
DARK,6347,-0.01409532404151292
DARK,6348,-0.062320416023168054
DARK,6349,0.3162174049338967
DARK,6350,-0.33495986955882645
DARK,6351,0.03090485439641258
DARK,6352,-0.0463555703332935
DARK,6353,0.2124610662293518
DARK,6354,-0.12562586119353783
DARK,6355,-0.019399712054883854
DARK,6356,0.26875050659346494
DARK,6357,-0.18796678011135773
DARK,6358,-0.07059579124830694
DARK,6359,0.13204309393597916
DARK,6360,0.2768114895855419
DARK,6361,0.1774863264055824
DARK,6362,0.17376725928526054
DARK,6363,0.14839278095996955
DARK,6364,0.029708088776523513
DARK,6365,-0.3081251705449365
DARK,6366,0.11683064155992706
DARK,6367,0.1810191549463976
DARK,6368,0.22501414461938157
DARK,6369,-0.014372686542354086
DARK,6370,0.3619937868134044
DARK,6371,0.027586430299006735
DARK,6372,0.10463299298214529
DARK,6373,0.11639525190831193
DARK,6374,0.1998610897776944
DARK,6375,0.19268135586212506
DARK,6376,0.08599828659773592
DARK,6377,0.2883459727535414
DARK,6378,0.21746024451294038
DARK,6379,0.09552002761254469
DARK,6380,0.01696448688376619
DARK,6381,-0.21856865214218577
DARK,6382,0.13453568209895297
DARK,6383,0.1550625209736748
DARK,6384,0.03304211484934511
DARK,6385,0.4444315518862111
DARK,6386,-0.08395227003268542
DARK,6387,-0.017140662688197514
DARK,6388,-0.26024985373815646
DARK,6389,0.09896847570111203
DARK,6390,0.30962006821248494
DARK,6391,-0.013247847051890176
DARK,6392,-0.11853437362706856
DARK,6393,0.08339933717519415
DARK,6394,0.36698284477493104
DARK,6395,0.1369648574740485
DARK,6396,-0.1409548337746243
DARK,6397,0.3878078126363112
DARK,6398,-0.10891314280963137
DARK,6399,0.3071582098997383
DARK,6400,-0.23353414124092278
DARK,6401,-0.07412735092116665
DARK,6402,0.08078699932289032
DARK,6403,-0.1407311992993754
DARK,6404,-0.206731860850675
DARK,6405,-0.04041370367151966
DARK,6406,0.0029137146406692203
DARK,6407,0.1286092084435057
DARK,6408,-0.07469945318188267
DARK,6409,-0.04526090382398245
DARK,6410,0.22483616107823737
DARK,6411,-0.11040578573213003
DARK,6412,-0.07548753345432205
DARK,6413,0.30125259129247534
DARK,6414,-0.27474058561106407
DARK,6415,0.008852940054186987
DARK,6416,0.09363718613684469
DARK,6417,-0.12720089722801328
DARK,6418,0.29749128250321755
DARK,6419,-0.14738872596846025
DARK,6420,0.09323194307664902
DARK,6421,-0.08333957326478375
DARK,6422,-0.21053240404754417
DARK,6423,0.16601227885462033
DARK,6424,-0.01281151472008114
DARK,6425,0.05730642527141217
DARK,6426,0.2656058792155665
DARK,6427,-0.08704957892372815
DARK,6428,0.3161339622169144
DARK,6429,0.356387345228463
DARK,6430,0.012723920446517127
DARK,6431,-0.233727540061618
DARK,6432,-0.37248860100018716
DARK,6433,0.19529271223794556
DARK,6434,-0.05414661915380236
DARK,6435,0.4182666827545296
DARK,6436,-0.17824353978737334
DARK,6437,-0.22282952848848442
DARK,6438,-0.17872541492079244
DARK,6439,-0.2885963132065477
DARK,6440,-0.0969945831391263
DARK,6441,0.007236694789751051
DARK,6442,0.08309898592387245
DARK,6443,-0.04747990268760771
DARK,6444,0.38887503941044205
DARK,6445,0.016498706564980366
DARK,6446,0.09911347088616262
DARK,6447,-0.07239310324226572
DARK,6448,-0.1439998818480637
DARK,6449,-0.198256516227271
DARK,6450,-0.1552941504158613
DARK,6451,-0.12142162215798052
DARK,6452,0.10924696941581998
DARK,6453,-0.5797565041733869
DARK,6454,0.057890132972162375
DARK,6455,0.27857563427614
DARK,6456,-0.1843908716291988
DARK,6457,0.19080265860589965
DARK,6458,-0.3756535865289017
DARK,6459,-0.1706947815884118
DARK,6460,0.28174265967830375
DARK,6461,-0.38233709380678965
DARK,6462,-0.15465489015327605
DARK,6463,-0.13683961271451972
DARK,6464,-0.3907301362128563
DARK,6465,0.13147051012052602
DARK,6466,0.3884942306554604
DARK,6467,0.13628012828585317
DARK,6468,0.08389331467393228
DARK,6469,-0.07494561334346711
DARK,6470,0.3335669499125339
DARK,6471,-0.08672397552581126
DARK,6472,-0.17299854518024238
DARK,6473,0.1527115044445826
DARK,6474,0.24806724912462438
DARK,6475,-0.15834196039237866
DARK,6476,0.023258399860654515
DARK,6477,-0.10893804453822512
DARK,6478,-0.0011906766172005583
DARK,6479,0.13275230454068732
DARK,6480,0.014154368402061662
DARK,6481,-0.348215616665452
DARK,6482,-0.14404098306979676
DARK,6483,0.017535611331863554
DARK,6484,-0.03304061390343359
DARK,6485,-0.13263851909487298
DARK,6486,-0.23683973734873967
DARK,6487,0.2599802758410984
DARK,6488,-0.21756722457943278
DARK,6489,-0.28211292112638625
DARK,6490,0.1262580899194421
DARK,6491,-0.26842586482267383
DARK,6492,-0.24974983443128843
DARK,6493,0.31344504522101074
DARK,6494,-0.07557033235464877
DARK,6495,-0.2307651477985427
DARK,6496,0.2161204016106287
DARK,6497,-0.18779852780451167
DARK,6498,-0.008511036965478462
DARK,6499,-0.0034708043630392784
DARK,6500,0.00467874162139143
DARK,6501,0.055666046521200226
DARK,6502,-0.19335312887657408
DARK,6503,0.0792488113140066
DARK,6504,0.20532996684330534
DARK,6505,-0.08993503234684183
DARK,6506,-0.2599450200935355
DARK,6507,0.43305439096800935
DARK,6508,0.17024970061899303
DARK,6509,0.002355836278191998
DARK,6510,-0.29697251229460364
DARK,6511,-0.32499444383896403
DARK,6512,-0.15681339156703136
DARK,6513,-0.109458991815426
DARK,6514,-0.09998081745478239
DARK,6515,-0.034310245365481065
DARK,6516,0.34041484970761654
DARK,6517,-0.03432761272148459
DARK,6518,0.4497492562318078
DARK,6519,-0.1838094064122918
DARK,6520,0.14548825885496133
DARK,6521,-0.059144181740738475
DARK,6522,-0.3252591520542122
DARK,6523,0.0687878798894419
DARK,6524,0.20868303150158637
DARK,6525,-0.02227969580756599
DARK,6526,0.04129223715212754
DARK,6527,-0.21449992868610362
DARK,6528,0.17315295220265436
DARK,6529,-0.2160452568001355
DARK,6530,0.3909032067796227
DARK,6531,-0.19669335746220046
DARK,6532,-0.23419347321507922
DARK,6533,0.012778562244877681
DARK,6534,-0.0738550939659824
DARK,6535,0.017470052544843427
DARK,6536,-0.3046049062645138
DARK,6537,-0.13954846305641466
DARK,6538,-0.007999213937144613
DARK,6539,0.4525332564982553
DARK,6540,0.40593119840467773
DARK,6541,-0.11563001432188312
DARK,6542,0.13589864030896862
DARK,6543,0.023517944883329027
DARK,6544,-0.21152640555171853
DARK,6545,-0.1382064689950009
DARK,6546,-0.09730704877545444
DARK,6547,0.04623337843200329
DARK,6548,-0.11337710331519898
DARK,6549,0.10793131358176673
DARK,6550,-0.1618441103234283
DARK,6551,-0.43444936196785766
DARK,6552,0.17014315770442653
DARK,6553,0.3090203196889537
DARK,6554,0.17138184827054154
DARK,6555,-0.08174878147698836
DARK,6556,0.038659271863512756
DARK,6557,-0.23272342495493267
DARK,6558,-0.20620090642856226
DARK,6559,-0.020808056503282994
DARK,6560,-0.37934566515102397
DARK,6561,0.2578419786626432
DARK,6562,0.0073043132085901736
DARK,6563,0.159452470763977
DARK,6564,-0.1003651404736905
DARK,6565,0.3206840462223914
DARK,6566,-0.016445641073260905
DARK,6567,0.0805400847938469
DARK,6568,0.24098919173055736
DARK,6569,0.4350247761277459
DARK,6570,0.0037228787328753487
DARK,6571,-0.10800513527452434
DARK,6572,-0.07331591036262887
DARK,6573,0.05964630749479459
DARK,6574,-0.21190586077685034
DARK,6575,-0.3602046486973496
DARK,6576,-0.06118881176235376
DARK,6577,-0.3097185322899574
DARK,6578,0.11074915915426854
DARK,6579,0.005130494806937217
DARK,6580,-0.24201796691788127
DARK,6581,0.20898909640556151
DARK,6582,0.08348592143380319
DARK,6583,0.052855829304744216
DARK,6584,0.44808347416448246
DARK,6585,0.12580912465292662
DARK,6586,0.04936402042467547
DARK,6587,0.2127865632589937
DARK,6588,0.12122860708862086
DARK,6589,-0.22116555121483655
DARK,6590,0.016246720087779467
DARK,6591,0.3837736345548856
DARK,6592,0.1894375282901516
DARK,6593,0.38480634646722794
DARK,6594,0.11179670865505173
DARK,6595,-0.1380843255452616
DARK,6596,-0.32014991324842257
DARK,6597,-0.09866870972562979
DARK,6598,0.16062418687161714
DARK,6599,-0.044722867197557324
DARK,6600,-0.019979498303287508
DARK,6601,-0.021189414970887752
DARK,6602,-0.03606278562320767
DARK,6603,0.05263535183178032
DARK,6604,-0.514421606756349
DARK,6605,-0.06357564665445083
DARK,6606,-0.21155289416192297
DARK,6607,-0.1494518788150486
DARK,6608,0.11638176998268115
DARK,6609,-0.15554706860532239
DARK,6610,-0.22390968661813046
DARK,6611,0.06879603292649428
DARK,6612,0.10635456805149598
DARK,6613,-0.356349837451709
DARK,6614,-0.17553497228319748
DARK,6615,0.1961055093694365
DARK,6616,-0.19709070684167934
DARK,6617,0.22970118149360816
DARK,6618,-0.14703299709309678
DARK,6619,0.35281717941139196
DARK,6620,0.019332275472070535
DARK,6621,0.29476261736647874
DARK,6622,0.16890052618495638
DARK,6623,0.3468789483856264
DARK,6624,0.46989699285160286
DARK,6625,-0.4119930639179853
DARK,6626,-0.09457501132553299
DARK,6627,0.26360172124790066
DARK,6628,-0.07029097064966422
DARK,6629,0.22950877369388756
DARK,6630,-0.09334888623670524
DARK,6631,0.02015299644313535
DARK,6632,0.18686019240659077
DARK,6633,-0.044226612167009696
DARK,6634,-0.39870824890697126
DARK,6635,-0.3685429800012472
DARK,6636,0.03137361383005291
DARK,6637,-0.1922827087684336
DARK,6638,0.02577572061863873
DARK,6639,0.1489290172188374
DARK,6640,0.18977785899803132
DARK,6641,0.11318890039255325
DARK,6642,0.08377945786255929
DARK,6643,0.512782729039463
DARK,6644,-0.26805580144414526
DARK,6645,0.02016865415423512
DARK,6646,-0.08930239615180027
DARK,6647,-0.09223831699418722
DARK,6648,-0.1764629063222194
DARK,6649,-0.05768898886634089
DARK,6650,0.13100196120957852
DARK,6651,0.049605689663846556
DARK,6652,-0.16708062785738045
DARK,6653,-0.018380846414181796
DARK,6654,0.07676591320182534
DARK,6655,0.3123221106297155
DARK,6656,-0.31921050625101766
DARK,6657,0.07833362579675918
DARK,6658,-0.024227666259419165
DARK,6659,0.08548055752726744
DARK,6660,0.02474676672966832
DARK,6661,-0.05813721748264595
DARK,6662,-0.021925171651096354
DARK,6663,-0.20036133324419775
DARK,6664,-0.1828653152005681
DARK,6665,0.05783109418102918
DARK,6666,0.08290690854383925
DARK,6667,-0.3096285708873769
DARK,6668,-0.14856994249298433
DARK,6669,-0.1456099459364962
DARK,6670,0.3811553449482026
DARK,6671,-0.006802202279454742
DARK,6672,0.11138601368869241
DARK,6673,0.10974455929300662
DARK,6674,0.3554339795721381
DARK,6675,0.1815460729350937
DARK,6676,0.01856454625656449
DARK,6677,-0.053300610976054597
DARK,6678,-0.14398909345470284
DARK,6679,-0.19317676184545307
DARK,6680,-0.15975830598491214
DARK,6681,-0.21478368235487408
DARK,6682,-0.29307667217670963
DARK,6683,-0.02933063122859835
DARK,6684,0.1982313391083867
DARK,6685,-0.2984633939621142
DARK,6686,-0.12459328742622278
DARK,6687,-0.22569532888827587
DARK,6688,-0.24555320098548497
DARK,6689,-0.311624525592555
DARK,6690,-0.24444617216578793
DARK,6691,-0.3657670843068537
DARK,6692,-0.04331521736825161
DARK,6693,-0.0741920141140651
DARK,6694,0.5570312670853835
DARK,6695,-0.01747698369086555
DARK,6696,-0.04478912599596639
DARK,6697,-0.10422681027381225
DARK,6698,-0.24711036954653018
DARK,6699,0.08531137265483585
DARK,6700,-0.1062539309714708
DARK,6701,-0.09559969569798225
DARK,6702,-0.3205889526062239
DARK,6703,-0.018083807278207548
DARK,6704,0.19983699669135052
DARK,6705,-0.1397895894450826
DARK,6706,0.150003727886902
DARK,6707,0.024018318200632705
DARK,6708,0.1931702150958911
DARK,6709,-0.1963417477185634
DARK,6710,0.02575617163439766
DARK,6711,-0.1653577932363888
DARK,6712,-0.27848695138094004
DARK,6713,0.17104843997673613
DARK,6714,-0.0008899046410139773
DARK,6715,0.14873963616828692
DARK,6716,0.15057625284835124
DARK,6717,0.13049724017200068
DARK,6718,-0.4094889492535706
DARK,6719,0.24949109892820578
DARK,6720,0.11673860482602888
DARK,6721,0.18847675879428297
DARK,6722,-0.11890993632531013
DARK,6723,0.0023674281470040964
DARK,6724,-0.13543270933877893
DARK,6725,0.04305188587282364
DARK,6726,-0.21690061657272194
DARK,6727,0.3927506826510848
DARK,6728,0.09750199284511178
DARK,6729,0.23921758844208696
DARK,6730,0.02556813803729596
DARK,6731,0.29221883945351196
DARK,6732,-0.06065396392044855
DARK,6733,-0.13259846065041922
DARK,6734,-0.10175309914631138
DARK,6735,0.04223378212686727
DARK,6736,-0.09728081529379418
DARK,6737,0.15549113037793313
DARK,6738,0.0792675927449972
DARK,6739,-0.13617934786597793
DARK,6740,-0.0869957249138346
DARK,6741,0.42808475285926506
DARK,6742,-0.2986349573503515
DARK,6743,-0.26417533644083896
DARK,6744,0.10188024454092494
DARK,6745,-0.05306405356739497
DARK,6746,-0.15172854875969105
DARK,6747,-0.030137528970694785
DARK,6748,0.17184306466489832
DARK,6749,0.2733893685528594
DARK,6750,-0.05747875358329009
DARK,6751,-0.32205172351291117
DARK,6752,0.2092621973373904
DARK,6753,0.3573925205382545
DARK,6754,0.43944046100866163
DARK,6755,0.3302936564154867
DARK,6756,0.05709877196038103
DARK,6757,-0.04454605434272675
DARK,6758,0.09893477700070505
DARK,6759,0.1979433005671424
DARK,6760,0.045019459758215495
DARK,6761,0.12512690897196077
DARK,6762,0.01745809077848394
DARK,6763,-0.3588025715472802
DARK,6764,-0.2350225201872498
DARK,6765,-0.07530406322746441
DARK,6766,-0.004594906516403296
DARK,6767,-0.04283731817822249
DARK,6768,-0.10818568785988465
DARK,6769,-0.13393241585241103
DARK,6770,0.2812309214239449
DARK,6771,0.11782644830582704
DARK,6772,-0.15172920710863014
DARK,6773,0.1773640730841706
DARK,6774,0.17108391706348705
DARK,6775,-0.2632630248680801
DARK,6776,-0.001581564659966014
DARK,6777,0.2696560421773171
DARK,6778,0.14877459157752376
DARK,6779,0.049824544766040944
DARK,6780,0.4751461670437362
DARK,6781,0.0988039850021477
DARK,6782,-0.35778651258755034
DARK,6783,-0.24391785980566935
DARK,6784,0.03747804763152592
DARK,6785,0.19189288450848077
DARK,6786,0.19043214016054955
DARK,6787,0.16955359770688522
DARK,6788,0.11021841047489996
DARK,6789,-0.004721262176627223
DARK,6790,0.017431636870098896
DARK,6791,0.11149473542588567
DARK,6792,0.29819131834476587
DARK,6793,-0.04849339759748314
DARK,6794,0.10419580190983486
DARK,6795,0.10111886605820497
DARK,6796,-0.07642486009592679
DARK,6797,0.19164304145588434
DARK,6798,-0.1678203397652101
DARK,6799,-0.20676851282978373
DARK,6800,0.21150718316688125
DARK,6801,-0.30845569084927027
DARK,6802,-0.04528492307169182
DARK,6803,0.14232542177248192
DARK,6804,0.05543999322520747
DARK,6805,-0.1749999311711961
DARK,6806,0.12165609477017338
DARK,6807,-0.20582853165236817
DARK,6808,-0.12702410811895945
DARK,6809,0.18090961918182222
DARK,6810,-0.09231864813924191
DARK,6811,0.4749722518001975
DARK,6812,0.10930975500595444
DARK,6813,0.20156905370837594
DARK,6814,-0.21613119061418692
DARK,6815,0.16212982283240895
DARK,6816,0.04446651279888136
DARK,6817,0.1475341671998733
DARK,6818,0.06297809336568315
DARK,6819,0.035864491792831604
DARK,6820,-0.22103511914517315
DARK,6821,-0.03396724778358345
DARK,6822,0.12623700381962843
DARK,6823,-0.19311148092086983
DARK,6824,0.183326510135747
DARK,6825,-0.0700524290888687
DARK,6826,0.2501279393662369
DARK,6827,0.15509402726131388
DARK,6828,-0.054576225247944456
DARK,6829,0.24583370355197962
DARK,6830,0.1732109112009904
DARK,6831,-0.35394537415607813
DARK,6832,0.1355920494125282
DARK,6833,0.16871092941954813
DARK,6834,0.0021191923363948783
DARK,6835,0.3967731666619374
DARK,6836,-0.11561525766477644
DARK,6837,0.3734678210437816
DARK,6838,0.000688154607094637
DARK,6839,0.2821841160832747
DARK,6840,0.14848813766322136
DARK,6841,0.14528100548693343
DARK,6842,0.2552444791008053
DARK,6843,0.04509597334972044
DARK,6844,-0.13231097075433815
DARK,6845,-0.12638216341229552
DARK,6846,0.0039028399503340475
DARK,6847,0.016036238551567942
DARK,6848,-0.014293301827046715
DARK,6849,0.2934474229004421
DARK,6850,0.11343344608343944
DARK,6851,0.04213915068604017
DARK,6852,0.2378411335124122
DARK,6853,0.009058243833063159
DARK,6854,-0.09931888011930615
DARK,6855,-0.029945629726757447
DARK,6856,0.37363848401990996
DARK,6857,-0.3305480098610891
DARK,6858,0.32370525421220586
DARK,6859,0.06711765686801226
DARK,6860,0.01619387084250047
DARK,6861,-0.1996643318713484
DARK,6862,0.007669620671749736
DARK,6863,-0.3341166337910701
DARK,6864,-0.09927102764194817
DARK,6865,0.03306720728135452
DARK,6866,-0.17562506814024517
DARK,6867,-0.23890340288544604
DARK,6868,0.13944681405447218
DARK,6869,0.027895570254092714
DARK,6870,-0.17453781767179416
DARK,6871,-0.06438604155573562
DARK,6872,-0.1542475151662118
DARK,6873,-0.07809273187494506
DARK,6874,0.16605491210711598
DARK,6875,0.07485179825732745
DARK,6876,0.10706071512468672
DARK,6877,0.30004133110592524
DARK,6878,0.11779512310049559
DARK,6879,0.0023594652503047984
DARK,6880,-0.00621328485494663
DARK,6881,-0.14510885403378512
DARK,6882,-0.0037714667569151462
DARK,6883,0.07505629934944018
DARK,6884,0.060400714647626724
DARK,6885,-0.0425563287615127
DARK,6886,0.19237037800171802
DARK,6887,0.059645429403467266
DARK,6888,-0.24074252303476468
DARK,6889,-0.07642784711478971
DARK,6890,0.21385385315246763
DARK,6891,0.2857350111513091
DARK,6892,0.11762030350861619
DARK,6893,0.24004438233654934
DARK,6894,0.21778420130340806
DARK,6895,0.227935370799845
DARK,6896,0.26687758084564867
DARK,6897,0.1019750488312065
DARK,6898,-0.18336714715680977
DARK,6899,-0.3472566081192345
DARK,6900,-0.12070589894664129
DARK,6901,-0.37613750178032007
DARK,6902,0.07716813546788032
DARK,6903,-0.05883950551280308
DARK,6904,-0.14997053271647748
DARK,6905,0.4030187874347138
DARK,6906,0.026855769969456524
DARK,6907,0.17553731940619777
DARK,6908,0.2539636615096444
DARK,6909,0.3041431548792242
DARK,6910,-0.08630446002349754
DARK,6911,-0.06049224258267687
DARK,6912,0.44985794000435225
DARK,6913,0.13065818316241493
DARK,6914,-0.2854667271036479
DARK,6915,-0.34278119069724633
DARK,6916,-0.04416812942692606
DARK,6917,-0.4308914106723146
DARK,6918,-0.06755666813394973
DARK,6919,0.14425701248449702
DARK,6920,-0.1840642946343516
DARK,6921,-0.15231385968844444
DARK,6922,-0.052501452542170056
DARK,6923,-0.27370942072365123
DARK,6924,0.40398032803394895
DARK,6925,0.21602624707585172
DARK,6926,0.10480834441568969
DARK,6927,0.08044575933353489
DARK,6928,-0.38380990782815255
DARK,6929,0.5168163904672344
DARK,6930,0.21779098836865107
DARK,6931,-0.13413388317224606
DARK,6932,-0.04366823737003131
DARK,6933,-0.14004903656845738
DARK,6934,-0.1853027077798757
DARK,6935,0.21327221639839783
DARK,6936,0.2811463937239135
DARK,6937,-0.07766561402489085
DARK,6938,-0.09601531547117081
DARK,6939,-0.049879673228222864
DARK,6940,-0.11143687167977946
DARK,6941,-0.03389200498813856
DARK,6942,-0.2031826884237111
DARK,6943,-0.1303108571380456
DARK,6944,0.24739612532834152
DARK,6945,0.029581311565310093
DARK,6946,0.17295807485367537
DARK,6947,-0.083335396229704
DARK,6948,-0.06854806172978634
DARK,6949,-0.11049051903593912
DARK,6950,-0.030477010102854613
DARK,6951,0.2811080628723383
DARK,6952,0.3695693674638514
DARK,6953,0.1569452114507476
DARK,6954,-0.18738765628557538
DARK,6955,0.10672381992155947
DARK,6956,-0.13289230069181088
DARK,6957,0.1590840008840245
DARK,6958,-0.25380831351614647
DARK,6959,0.13555023856971316
DARK,6960,-0.020425978306543722
DARK,6961,-0.009095294779824285
DARK,6962,0.283677232545889
DARK,6963,0.0021241940913158753
DARK,6964,0.4969083507968531
DARK,6965,-0.3266961010337451
DARK,6966,-0.42193338983076195
DARK,6967,-0.46592377232726867
DARK,6968,0.12961156561038736
DARK,6969,-0.3517679080155527
DARK,6970,-0.20597900665473134
DARK,6971,-0.26277254567971386
DARK,6972,0.21220659810795486
DARK,6973,-0.2573175225999353
DARK,6974,0.1933513034644862
DARK,6975,-0.3628267055489221
DARK,6976,-0.08478675335418977
DARK,6977,-0.3018021120089469
DARK,6978,0.136341325750364
DARK,6979,-0.2611159576633226
DARK,6980,-0.09262301473059074
DARK,6981,0.1121010608407049
DARK,6982,-0.319272080544679
DARK,6983,-0.3070384362501784
DARK,6984,0.03633004908569494
DARK,6985,0.015815832048705486
DARK,6986,-0.024772011867066998
DARK,6987,-0.05262057925699465
DARK,6988,0.03733035440663016
DARK,6989,0.21533537336212175
DARK,6990,0.014326290068083945
DARK,6991,-0.01144084665059787
DARK,6992,0.2646805538647886
DARK,6993,0.1399739043002123
DARK,6994,-0.054905092343255246
DARK,6995,-0.1329283062022504
DARK,6996,0.08709436698380202
DARK,6997,-0.04083485823225867
DARK,6998,-0.10408496284452491
DARK,6999,0.03564123230815841
DARK,7000,-0.13101749690717585
DARK,7001,-0.07061614780047669
DARK,7002,-0.03455406463618328
DARK,7003,0.23841649465643827
DARK,7004,0.22850075942646922
DARK,7005,-0.17732766225586521
DARK,7006,0.1713928127893476
DARK,7007,0.017508684796682716
DARK,7008,0.1027590991014639
DARK,7009,0.2050806245574315
DARK,7010,0.0704164353960696
DARK,7011,0.24862062108676047
DARK,7012,-0.16675879272544575
DARK,7013,-0.1666438606577608
DARK,7014,-0.07489928807895643
DARK,7015,0.09210437780560192
DARK,7016,-0.08826195281840876
DARK,7017,-0.09145553837468065
DARK,7018,-0.15783105241440132
DARK,7019,0.18566391426847906
DARK,7020,0.016456543453588303
DARK,7021,0.0542910642252324
DARK,7022,-0.1106130290065988
DARK,7023,-0.2985682967019443
DARK,7024,-0.4017256191995472
DARK,7025,0.25054294476559774
DARK,7026,0.4029586983739739
DARK,7027,0.18531355411257702
DARK,7028,-0.33040664197763653
DARK,7029,-0.16991246064881027
DARK,7030,0.13079441150340007
DARK,7031,0.20535126742408596
DARK,7032,0.07490996759350671
DARK,7033,0.004475200737047857
DARK,7034,0.0040041867243817905
DARK,7035,-0.12920087447794584
DARK,7036,-0.10062231652741979
DARK,7037,0.016951154460846118
DARK,7038,-0.05169150130560561
DARK,7039,0.46813374108087485
DARK,7040,-0.026643526155879702
DARK,7041,0.03629486330253365
DARK,7042,-0.019803037261319788
DARK,7043,0.061693184028483415
DARK,7044,0.16224321087616803
DARK,7045,0.15247654068950178
DARK,7046,-0.19118801558942067
DARK,7047,-0.07025477450262425
DARK,7048,0.2632942164072733
DARK,7049,0.4003563744219714
DARK,7050,0.30747179330086083
DARK,7051,0.2977700695680599
DARK,7052,-0.3173847637555888
DARK,7053,0.11101536792034435
DARK,7054,0.26678126880386177
DARK,7055,0.24492549480930795
DARK,7056,0.5279651827105278
DARK,7057,0.042110889083579586
DARK,7058,0.1264315046777883
DARK,7059,-0.10317853157168023
DARK,7060,0.010609923784650767
DARK,7061,0.24825097415816208
DARK,7062,-0.02213920784790776
DARK,7063,0.13703958210054554
DARK,7064,-0.13087060358120012
DARK,7065,0.039244638246501644
DARK,7066,0.07505715583654522
DARK,7067,-0.26380104438480195
DARK,7068,-0.1613766083784279
DARK,7069,-0.13571264139852715
DARK,7070,0.30127942538553093
DARK,7071,0.07414861805138905
DARK,7072,-0.04018055325300788
DARK,7073,-0.0384070241218237
DARK,7074,0.031156170316862634
DARK,7075,0.03548220246388389
DARK,7076,0.3466033574730326
DARK,7077,0.28128035680235336
DARK,7078,-0.048407166104082223
DARK,7079,-0.3663123319243478
DARK,7080,0.054954571880537165
DARK,7081,-0.1922900184032453
DARK,7082,0.26330439649063475
DARK,7083,-0.055178632462648064
DARK,7084,-0.036594400922131044
DARK,7085,0.18141030160398924
DARK,7086,0.014627541239813737
DARK,7087,0.1435955229647952
DARK,7088,0.3090631931526263
DARK,7089,0.14083666081214277
DARK,7090,-0.1910456409808696
DARK,7091,0.1204721384325774
DARK,7092,-0.04849851665921769
DARK,7093,-0.10586987182425148
DARK,7094,-0.06566593825321722
DARK,7095,-0.3361268054813929
DARK,7096,-0.2834678325870662
DARK,7097,0.27456453081110926
DARK,7098,-0.12755562341807458
DARK,7099,0.4168904046908046
DARK,7100,-0.3504846750387592
DARK,7101,0.17142879896354632
DARK,7102,0.11207349344652225
DARK,7103,-0.19979176180945005
DARK,7104,0.10516565330547865
DARK,7105,0.2437960067978725
DARK,7106,0.26867867124383726
DARK,7107,0.19262142121670453
DARK,7108,0.028280061183978043
DARK,7109,-0.3543649968477421
DARK,7110,-0.4156166491317836
DARK,7111,-0.09753108897580054
DARK,7112,-0.2103789396240978
DARK,7113,-0.1723128355016866
DARK,7114,-0.21269359746243488
DARK,7115,0.03342543113355728
DARK,7116,0.013197277463489088
DARK,7117,0.25994553237980705
DARK,7118,-0.2201482254376533
DARK,7119,-0.06976670867641724
DARK,7120,-0.2164631412282854
DARK,7121,0.05530896700401881
DARK,7122,-0.23798091182939404
DARK,7123,-0.23325808881081866
DARK,7124,-0.41343652739917336
DARK,7125,0.08985638124983567
DARK,7126,-0.12723039409578088
DARK,7127,-0.4104582270637648
DARK,7128,0.32069943429822806
DARK,7129,-0.17663899048864257
DARK,7130,-0.1325686871757378
DARK,7131,0.02640767874998945
DARK,7132,-0.03450917779813303
DARK,7133,-0.2788666198717597
DARK,7134,-0.09347382172653715
DARK,7135,0.5469088709316378
DARK,7136,-0.38778214041424425
DARK,7137,0.27539509178623145
DARK,7138,-0.2228834201622194
DARK,7139,-0.11612950725404728
DARK,7140,-0.10066652276908314
DARK,7141,0.29277466396605
DARK,7142,-0.18608520039126977
DARK,7143,-0.06981446212126362
DARK,7144,0.022508709293462003
DARK,7145,-0.036116992599025476
DARK,7146,-0.07664419500380716
DARK,7147,-0.2011630727475036
DARK,7148,-0.09020004184367227
DARK,7149,-0.18546275611337448
DARK,7150,0.3470775161649421
DARK,7151,-0.04774991581708152
DARK,7152,-0.24713500069152838
DARK,7153,0.1772736621076409
DARK,7154,-0.12736704526637507
DARK,7155,0.43082587346464535
DARK,7156,-0.26174885694597494
DARK,7157,0.0345279147955801
DARK,7158,0.1582977739626105
DARK,7159,0.26854994336412596
DARK,7160,-0.09431305221251331
DARK,7161,-0.008205892079148498
DARK,7162,0.08596094503588567
DARK,7163,0.09529813815543044
DARK,7164,-0.18586695167300166
DARK,7165,0.0747701807944592
DARK,7166,0.033956902095684964
DARK,7167,0.33655609547348064
DARK,7168,0.17789182469619952
DARK,7169,0.24720095265081984
DARK,7170,0.1799644637601234
DARK,7171,-0.006818635279520944
DARK,7172,0.18828729227432284
DARK,7173,0.08753139107579684
DARK,7174,-0.19519282994715362
DARK,7175,-0.31829436451623144
DARK,7176,0.011852712384360638
DARK,7177,-0.20952942006612812
DARK,7178,-0.014799708614278985
DARK,7179,-0.020415735985511496
DARK,7180,-0.12515445537904202
DARK,7181,0.005937289241481704
DARK,7182,0.2565250563381411
DARK,7183,-0.24205973917418194
DARK,7184,0.006942176512929625
DARK,7185,0.34297556675631685
DARK,7186,-0.42185913328340735
DARK,7187,0.16397082474831795
DARK,7188,0.3341712262832415
DARK,7189,-0.22762860630617304
DARK,7190,-0.45639955098380397
DARK,7191,-0.30173069648427076
DARK,7192,0.1888702362562805
DARK,7193,0.34406629985370296
DARK,7194,0.33124065492815286
DARK,7195,0.06426357564299343
DARK,7196,-0.5605450585240994
DARK,7197,-0.36837671867640204
DARK,7198,-0.10935110798103138
DARK,7199,0.38914753089931575
DARK,7200,0.0705155406731974
DARK,7201,-0.33864839602809793
DARK,7202,-0.32244204176104346
DARK,7203,-0.16799291700652408
DARK,7204,0.14277995374851907
DARK,7205,0.06417924313055258
DARK,7206,0.02816226370724427
DARK,7207,0.45183645109446985
DARK,7208,-0.49703183323266514
DARK,7209,0.37177946828840674
DARK,7210,-0.30104882665004246
DARK,7211,0.19568825441219778
DARK,7212,0.0013008668329882787
DARK,7213,-0.014583511354714593
DARK,7214,0.030370648975699886
DARK,7215,-0.3256280840420174
DARK,7216,0.17780869459354706
DARK,7217,0.29748924594468845
DARK,7218,-0.10997932412521076
DARK,7219,-0.19119615030076517
DARK,7220,0.032411144219234626
DARK,7221,0.145538370892157
DARK,7222,-0.033629083492772396
DARK,7223,0.4402176787695687
DARK,7224,0.13271028343418756
DARK,7225,-0.3419092495778483
DARK,7226,-0.22745671953118757
DARK,7227,0.3647274283521406
DARK,7228,-0.27380513379922766
DARK,7229,-0.2984871996637096
DARK,7230,-0.17064226475210253
DARK,7231,0.09091977718776839
DARK,7232,-0.13076244484603955
DARK,7233,-0.19624924612864264
DARK,7234,-0.1515235030989336
DARK,7235,0.09671471211395084
DARK,7236,0.1381557879034948
DARK,7237,0.10567780313800222
DARK,7238,-0.2410241189470897
DARK,7239,0.037718673498121275
DARK,7240,-0.15543969514876718
DARK,7241,0.376040424937708
DARK,7242,-0.08930950808962711
DARK,7243,0.26043359057967697
DARK,7244,-0.006220807415830646
DARK,7245,-0.0027599861339793435
DARK,7246,-0.07956659928281476
DARK,7247,0.09189464443101489
DARK,7248,0.3727632987414914
DARK,7249,0.25176516276034105
DARK,7250,0.3891684482122405
DARK,7251,-0.06710704115029745
DARK,7252,-0.5082697360020936
DARK,7253,-0.0649670607343602
DARK,7254,0.24641050547627127
DARK,7255,-0.2839159795813656
DARK,7256,-0.5178076447736818
DARK,7257,0.11638725694080708
DARK,7258,-0.32502263519464125
DARK,7259,-0.012341618410124247
DARK,7260,0.011712179917715226
DARK,7261,-0.08060278174806008
DARK,7262,0.25152942848880006
DARK,7263,0.2634328012324276
DARK,7264,-0.22807608288505402
DARK,7265,-0.021917577333123144
DARK,7266,-0.01534078659948669
DARK,7267,-0.09475164290387879
DARK,7268,0.07285222478291367
DARK,7269,-0.3206404029955125
DARK,7270,0.05931517896570092
DARK,7271,0.31265195434960696
DARK,7272,0.22386094590710146
DARK,7273,-0.01050221761727283
DARK,7274,-0.08890508706291081
DARK,7275,-0.2743821463002031
DARK,7276,0.16425296297285202
DARK,7277,-0.025468174024649456
DARK,7278,0.15884704081490186
DARK,7279,0.001014733576491388
DARK,7280,-0.12830344133610788
DARK,7281,-0.03970962104057102
DARK,7282,-0.1543558193680393
DARK,7283,0.07928064318203781
DARK,7284,0.09788077191163382
DARK,7285,-0.05851350222852172
DARK,7286,-0.025479046224869226
DARK,7287,-0.11557821906732253
DARK,7288,-0.38545517567157234
DARK,7289,-0.000739522529553232
DARK,7290,-0.048376995031460146
DARK,7291,0.03273185782399409
DARK,7292,0.033737042169850406
DARK,7293,0.1638100218047055
DARK,7294,0.04599367040608372
DARK,7295,-0.0726213128768318
DARK,7296,-0.008713053847474147
DARK,7297,0.17652656480024154
DARK,7298,0.17164097732956096
DARK,7299,-0.14003214055321306
DARK,7300,-0.05115120599651232
DARK,7301,-0.14325281943611298
DARK,7302,-0.32939790040937
DARK,7303,-0.07380219397190385
DARK,7304,0.02938640920783943
DARK,7305,0.2983596640408542
DARK,7306,0.3339545325965185
DARK,7307,0.11171513238106336
DARK,7308,0.08059525540728849
DARK,7309,-0.11777707092635913
DARK,7310,0.25541147443071466
DARK,7311,-0.32189107686889645
DARK,7312,-0.23433447639653537
DARK,7313,0.1369783373539262
DARK,7314,0.32371268890710847
DARK,7315,-0.03941906327139089
DARK,7316,0.09131355475980713
DARK,7317,-0.3557004689737424
DARK,7318,0.30045311307182104
DARK,7319,0.12342853531621487
DARK,7320,-0.2819584922848297
DARK,7321,-0.22569732803786557
DARK,7322,-0.18309549502567726
DARK,7323,0.02473810225667036
DARK,7324,-0.00779254141235649
DARK,7325,0.05104254660207493
DARK,7326,-0.13829589375264123
DARK,7327,-0.4197914090814264
DARK,7328,-0.33499169493884684
DARK,7329,0.07549733660465163
DARK,7330,0.12156442465747105
DARK,7331,-0.01891973009304279
DARK,7332,0.18337335901925686
DARK,7333,0.2505104767410403
DARK,7334,-0.08301913615315754
DARK,7335,0.018257085099623423
DARK,7336,-0.3696030815590887
DARK,7337,0.2456773372506066
DARK,7338,-0.2337688522840218
DARK,7339,0.153230862286207
DARK,7340,-0.1659349716343039
DARK,7341,0.119534396193818
DARK,7342,0.03617415210413398
DARK,7343,-0.24698948709388205
DARK,7344,-0.23470680728780505
DARK,7345,-0.3439717213141855
DARK,7346,0.12427229855283158
DARK,7347,0.1526324208257127
DARK,7348,0.5787826776015751
DARK,7349,-0.28175875050116544
DARK,7350,-0.5545124042739653
DARK,7351,0.06239162699954833
DARK,7352,0.14175716107171443
DARK,7353,-0.06346225873922597
DARK,7354,-0.1518038221826055
DARK,7355,-0.3195550173739018
DARK,7356,-0.1422613636754225
DARK,7357,-0.036515888220447594
DARK,7358,-0.14731388919852195
DARK,7359,0.1645424485134991
DARK,7360,-0.0664682780561983
DARK,7361,-0.22334342858483952
DARK,7362,0.1655584792460015
DARK,7363,0.17616174942810392
DARK,7364,-0.13265974777150819
DARK,7365,0.11312936672793643
DARK,7366,-0.2865513396252651
DARK,7367,0.20085940895370488
DARK,7368,0.0446112517471606
DARK,7369,0.1885810635748283
DARK,7370,0.01962026251100489
DARK,7371,0.307350454611393
DARK,7372,-0.251835881996039
DARK,7373,0.07178034768236381
DARK,7374,0.14602508781938778
DARK,7375,0.012767222091311297
DARK,7376,0.06877491002895081
DARK,7377,0.11271478839530197
DARK,7378,0.19271473290423352
DARK,7379,0.33919105425148105
DARK,7380,0.3207905515950646
DARK,7381,-0.09661183739982668
DARK,7382,-0.2640158588192143
DARK,7383,-0.24909948377418983
DARK,7384,-0.06461254473845493
DARK,7385,-0.02569646125363757
DARK,7386,-0.3259995970011928
DARK,7387,0.05083530449273309
DARK,7388,-0.1111908356600583
DARK,7389,0.556961733120569
DARK,7390,-0.048652495479811195
DARK,7391,0.14955681484348116
DARK,7392,-0.08711045420429699
DARK,7393,0.3264472846579262
DARK,7394,-0.11991315041698977
DARK,7395,-0.12837287298685332
DARK,7396,0.16244238806969183
DARK,7397,-0.06226069122387423
DARK,7398,-0.03592384257341489
DARK,7399,0.07152697971410953
DARK,7400,0.3579932985877807
DARK,7401,-0.03533930678367723
DARK,7402,-0.2196864335476109
DARK,7403,-0.18006561057048373
DARK,7404,-0.4816283351326899
DARK,7405,-0.41004360042311977
DARK,7406,0.4664587353265806
DARK,7407,0.2902080862081322
DARK,7408,-0.1970581214792175
DARK,7409,-0.03804365426712566
DARK,7410,-0.29446595219965527
DARK,7411,-0.05976620834334833
DARK,7412,-0.11211905326917142
DARK,7413,0.21890210671127208
DARK,7414,-0.18069611431780716
DARK,7415,-0.1675766990856858
DARK,7416,-0.22259074877021626
DARK,7417,0.14258112614068705
DARK,7418,0.525805071641985
DARK,7419,0.12927088688132707
DARK,7420,0.020020295736831124
DARK,7421,0.0031420114949326987
DARK,7422,-0.3144323842822747
DARK,7423,0.2133562776490526
DARK,7424,-0.23861165355823913
DARK,7425,-0.02162462163061117
DARK,7426,0.1669176122710451
DARK,7427,-0.13091928074130285
DARK,7428,0.2650763146472735
DARK,7429,-0.1654583780922917
DARK,7430,-0.16891648175532128
DARK,7431,0.38088846895631207
DARK,7432,-0.23708335253610763
DARK,7433,0.47398633871279106
DARK,7434,-0.1397013240337078
DARK,7435,0.016729405397050555
DARK,7436,-0.08541015492906932
DARK,7437,-0.12847515198486134
DARK,7438,-0.044273024744768685
DARK,7439,-0.25302399422158317
DARK,7440,-0.33885641573224295
DARK,7441,0.2099293560778136
DARK,7442,0.0816356541600322
DARK,7443,0.04576381654783021
DARK,7444,-0.1014403932802964
DARK,7445,0.09372815232357139
DARK,7446,-0.17633853581730943
DARK,7447,-0.38126185659667866
DARK,7448,0.15694443771343367
DARK,7449,0.1613267156940226
DARK,7450,-0.2493318953077239
DARK,7451,-0.04666708884906711
DARK,7452,0.06507200661464298
DARK,7453,-0.31283874525286126
DARK,7454,-0.04566597971824995
DARK,7455,-0.33845036606055856
DARK,7456,0.3935085477468797
DARK,7457,-0.04944396368637307
DARK,7458,0.19115893700735276
DARK,7459,-0.2649308624876359
DARK,7460,-0.10895274675027757
DARK,7461,-0.15096133286823113
DARK,7462,0.18404073494159942
DARK,7463,-0.02250783129891884
DARK,7464,0.14275931048903245
DARK,7465,-0.14975105038977346
DARK,7466,-0.15058642479832024
DARK,7467,-0.00909103400243123
DARK,7468,0.17512414552842362
DARK,7469,0.4346186887649117
DARK,7470,0.14471414620612624
DARK,7471,0.16191797259839033
DARK,7472,-0.16357716372342232
DARK,7473,0.025297598827174795
DARK,7474,-0.3458417193432714
DARK,7475,-0.12205455922992406
DARK,7476,-0.10241702449295889
DARK,7477,0.1913279261161092
DARK,7478,-0.18591606848168804
DARK,7479,-0.3046362357788896
DARK,7480,0.4168700401739502
DARK,7481,0.2024931712828389
DARK,7482,0.033388506331324425
DARK,7483,0.24698447780030341
DARK,7484,0.19060528885515327
DARK,7485,0.06766470182966736
DARK,7486,0.21935231996731105
DARK,7487,0.3083291899369471
DARK,7488,0.45779874318277214
DARK,7489,0.2249445243793234
DARK,7490,-0.22067059398980116
DARK,7491,-0.20581671293214035
DARK,7492,0.16120381647502666
DARK,7493,-0.008709763059349738
DARK,7494,0.39266983062823935
DARK,7495,-0.08963623131153062
DARK,7496,-0.004613617498294965
DARK,7497,0.23435925590676498
DARK,7498,0.01044061423713586
DARK,7499,0.027946540761506614
DARK,7500,-0.029627447926195233
DARK,7501,0.16303303628355592
DARK,7502,-0.056425819445216636
DARK,7503,0.3771384056502442
DARK,7504,-0.08580453653196819
DARK,7505,-0.06102169972480942
DARK,7506,-0.13136111927218264
DARK,7507,0.0558955906991641
DARK,7508,0.3026126232727779
DARK,7509,-0.026628094115301537
DARK,7510,0.327680050477763
DARK,7511,0.06510603607340869
DARK,7512,-0.028280918792560422
DARK,7513,-0.2605239198150745
DARK,7514,0.08234378729822986
DARK,7515,-0.13305078899793127
DARK,7516,-0.05370894050872745
DARK,7517,-0.04261178354231191
DARK,7518,0.3051541088683123
DARK,7519,0.18535317703702
DARK,7520,0.24890469396245235
DARK,7521,-0.2591914911434161
DARK,7522,-0.23058258598579526
DARK,7523,-0.1849359098912049
DARK,7524,-0.166856254651477
DARK,7525,0.31561847332053355
DARK,7526,-0.33655675946064334
DARK,7527,0.1996961205831745
DARK,7528,-0.4059223928676221
DARK,7529,0.06728207385285563
DARK,7530,0.26530073645080693
DARK,7531,-0.3123149103537228
DARK,7532,0.32635727934110914
DARK,7533,0.41015040727991436
DARK,7534,-0.052768713461048056
DARK,7535,-0.05637258593597713
DARK,7536,-0.004802006226933508
DARK,7537,-0.16840744541527528
DARK,7538,-0.37301464265247253
DARK,7539,0.062203518897474226
DARK,7540,-0.2948246850867627
DARK,7541,-0.47347820566505383
DARK,7542,0.31705975963143307
DARK,7543,0.07999169276668244
DARK,7544,0.019034985087255735
DARK,7545,-0.24316293436185268
DARK,7546,0.13836981468542414
DARK,7547,-0.032363941942873356
DARK,7548,0.47588360124445417
DARK,7549,0.08618067217108949
DARK,7550,-0.2871015477579865
DARK,7551,0.09417308298129494
DARK,7552,-0.29430745999423336
DARK,7553,-0.16839382452035684
DARK,7554,-0.35401346488735763
DARK,7555,-0.07119989605426122
DARK,7556,-0.2762738834390808
DARK,7557,0.3568171306838859
DARK,7558,0.4226209598894761
DARK,7559,-0.04094901827861543
DARK,7560,-0.12801720168142106
DARK,7561,0.17731697204652008
DARK,7562,-0.06363074223531578
DARK,7563,-0.020341518291346367
DARK,7564,-0.3054955846776537
DARK,7565,0.19790930474808194
DARK,7566,0.25094582863918824
DARK,7567,0.008159460694672483
DARK,7568,0.11006716783365988
DARK,7569,0.12929475723999495
DARK,7570,-0.13546779296106345
DARK,7571,-0.3932850521367282
DARK,7572,0.0440707466333524
DARK,7573,0.361819699505861
DARK,7574,-0.08302756698419576
DARK,7575,-0.09954607073617762
DARK,7576,0.025649411057769782
DARK,7577,-0.0197291282320161
DARK,7578,0.16503109441323482
DARK,7579,-0.01941065211812562
DARK,7580,-0.24887192537267902
DARK,7581,0.21780314079093857
DARK,7582,-0.017472300667056413
DARK,7583,0.42891403105216147
DARK,7584,0.19671050985315355
DARK,7585,-0.37003471492356904
DARK,7586,-0.2716632085608518
DARK,7587,-0.11775626205743035
DARK,7588,-0.42148141928362076
DARK,7589,0.020643699905033373
DARK,7590,-0.4494158894136586
DARK,7591,-0.10790403991960602
DARK,7592,0.2834163833320808
DARK,7593,0.1461377117614778
DARK,7594,0.3392572330426514
DARK,7595,0.056906837935447555
DARK,7596,-0.02619067890685313
DARK,7597,-0.01260852590330565
DARK,7598,-0.12460946216284556
DARK,7599,0.14901603612917344
DARK,7600,-0.17615021375256562
DARK,7601,0.2825880430677216
DARK,7602,0.06579918282214352
DARK,7603,0.09334883917915757
DARK,7604,0.24222346271810685
DARK,7605,0.4485171471709319
DARK,7606,0.014649674794457106
DARK,7607,-0.026102010202795387
DARK,7608,0.30345399750367713
DARK,7609,0.2698226435414298
DARK,7610,0.07093608117042702
DARK,7611,-0.18329995849425898
DARK,7612,0.0543153806792463
DARK,7613,0.1263589670952043
DARK,7614,-0.08231093683309197
DARK,7615,0.09710169241264613
DARK,7616,-0.050473325731159153
DARK,7617,0.3967089153442135
DARK,7618,0.24505946070406515
DARK,7619,-0.14298552430967926
DARK,7620,-0.2348044210115765
DARK,7621,-0.05916064353995567
DARK,7622,-0.21385961710480825
DARK,7623,-0.4039927567270325
DARK,7624,-0.11142002940173007
DARK,7625,-0.022708248457318513
DARK,7626,0.20768689383013939
DARK,7627,0.3531316381264409
DARK,7628,-0.12650259907434855
DARK,7629,0.06535659517339726
DARK,7630,-0.024539229884989664
DARK,7631,0.16385364113684742
DARK,7632,0.009376818051173021
DARK,7633,0.1369464418178636
DARK,7634,0.04691343127646733
DARK,7635,0.06072553213475731
DARK,7636,-0.13111493504459154
DARK,7637,-0.07863302656262457
DARK,7638,0.05903768110817225
DARK,7639,-0.26377243671638984
DARK,7640,0.02918103576695354
DARK,7641,-0.08445563127417369
DARK,7642,0.05091915411875393
DARK,7643,-0.1516317843675755
DARK,7644,-0.11352737302654231
DARK,7645,0.1880859196031818
DARK,7646,-0.01276622179987802
DARK,7647,0.3962506058256023
DARK,7648,-0.4112745306783682
DARK,7649,-0.20402764290257647
DARK,7650,-0.24368420613960276
DARK,7651,0.293443417018105
DARK,7652,-0.019756536102588568
DARK,7653,0.4409532965967942
DARK,7654,0.22997318790271504
DARK,7655,0.4477243040045454
DARK,7656,0.11030623930758549
DARK,7657,-0.32469020439779
DARK,7658,0.001666596865073594
DARK,7659,-0.18616913127600704
DARK,7660,0.28222232702509564
DARK,7661,0.049530849162935355
DARK,7662,0.0708058896673769
DARK,7663,0.16930464889710323
DARK,7664,-0.04874884697143866
DARK,7665,0.45196625879118174
DARK,7666,-0.27901079165990006
DARK,7667,0.04710099512846345
DARK,7668,-0.17472740104466553
DARK,7669,-0.10978324936037914
DARK,7670,-0.10573491662541769
DARK,7671,-0.2219650043960331
DARK,7672,0.1403310009245423
DARK,7673,0.15661124018078942
DARK,7674,-0.04594522100866309
DARK,7675,-0.05817641037407103
DARK,7676,0.29200754682526114
DARK,7677,0.11621388829561637
DARK,7678,-0.048124155701488855
DARK,7679,-0.1571204694832577
DARK,7680,-0.20561364497097542
DARK,7681,-0.09174495693400139
DARK,7682,0.2728513659930955
DARK,7683,0.3057604921893264
DARK,7684,-0.10511791517445926
DARK,7685,-0.6178657612288163
DARK,7686,-0.29473509850990076
DARK,7687,-0.3898183698328537
DARK,7688,0.013431324545214752
DARK,7689,-0.18668824797778003
DARK,7690,0.19421608369277604
DARK,7691,-0.15992430101282828
DARK,7692,0.2350680840764727
DARK,7693,0.27933310477773243
DARK,7694,-0.15029568353512648
DARK,7695,-0.46218740213099907
DARK,7696,-0.02108254470917545
DARK,7697,-0.22145172981657657
DARK,7698,-0.07691259989969942
DARK,7699,0.39338652499180127
DARK,7700,0.04244051098078891
DARK,7701,-0.09676967223058784
DARK,7702,-0.20539430433755929
DARK,7703,0.27213113972771275
DARK,7704,0.028209602579312123
DARK,7705,-0.20683132421668782
DARK,7706,-0.058470883746981235
DARK,7707,0.11961477826553958
DARK,7708,-0.1833852153259666
DARK,7709,-0.45304339626583656
DARK,7710,0.03689255792878486
DARK,7711,-0.05681201442823355
DARK,7712,-0.1527421836793213
DARK,7713,0.3577554269918319
DARK,7714,0.30421383062006824
DARK,7715,-0.003985023965113075
DARK,7716,-0.026421565104059925
DARK,7717,0.2001835136484581
DARK,7718,0.41337506633205345
DARK,7719,-0.29542899023434893
DARK,7720,0.022210358986678887
DARK,7721,0.16252779963944722
DARK,7722,0.5168489252780513
DARK,7723,0.04055839484236021
DARK,7724,-0.2793422089587677
DARK,7725,-0.13353053329771175
DARK,7726,0.1626003664239059
DARK,7727,-0.24671233574240842
DARK,7728,-0.13873801438041108
DARK,7729,-0.0455902735104329
DARK,7730,-0.047059985607947254
DARK,7731,-0.134110022360254
DARK,7732,-0.1808787872481871
DARK,7733,0.2613683608224462
DARK,7734,-0.09715888147303224
DARK,7735,-0.2916709483184666
DARK,7736,-0.5193479184620556
DARK,7737,0.16562442493599122
DARK,7738,0.34545992818912397
DARK,7739,0.21254228610630344
DARK,7740,-0.14544162435335647
DARK,7741,-0.20666667014395465
DARK,7742,-0.08080906661394147
DARK,7743,-0.04385249267697281
DARK,7744,0.1767740125314482
DARK,7745,0.0222116779010726
DARK,7746,0.2706864115735703
DARK,7747,0.2834966026854683
DARK,7748,-0.31012804280313044
DARK,7749,-0.1848592575028192
DARK,7750,-0.006813552538804019
DARK,7751,0.2127396870437625
DARK,7752,0.36146100203431575
DARK,7753,0.007168589125772122
DARK,7754,0.06734127532858127
DARK,7755,-0.0037596642737231225
DARK,7756,-0.042931291337449426
DARK,7757,-0.02656424632552009
DARK,7758,0.09425404589850853
DARK,7759,-0.4163807874131379
DARK,7760,0.1742698370481018
DARK,7761,-0.1326369483051694
DARK,7762,0.1368332798936923
DARK,7763,-0.14882905462601678
DARK,7764,-0.06386680878947659
DARK,7765,-0.245372933656994
DARK,7766,-0.24453520032748463
DARK,7767,-0.4131850886046307
DARK,7768,-0.15783058733254998
DARK,7769,-0.44050881425391686
DARK,7770,-0.05440956612586765
DARK,7771,-0.05562251866954706
DARK,7772,0.4564723873208463
DARK,7773,-0.3175965787700153
DARK,7774,-0.017181130663863117
DARK,7775,-0.3674349494644307
DARK,7776,-0.0534335810875191
DARK,7777,-0.0648200955475596
DARK,7778,-0.12771738073149852
DARK,7779,0.10330735119127049
DARK,7780,0.1416668777063327
DARK,7781,0.11030497308558417
DARK,7782,-0.09232578200906068
DARK,7783,0.007624148994764006
DARK,7784,0.31296045902546515
DARK,7785,-0.25473885209406383
DARK,7786,-0.38812281034506596
DARK,7787,-0.38995604715658716
DARK,7788,0.2653306294481392
DARK,7789,-0.14661889899901304
DARK,7790,0.10214151889227685
DARK,7791,-0.2274303992014902
DARK,7792,-0.11178430159613995
DARK,7793,-0.33780914466665424
DARK,7794,0.1743198030941396
DARK,7795,-0.23414323319125402
DARK,7796,0.21705359841302363
DARK,7797,-0.2748955639340902
DARK,7798,0.18875272577773317
DARK,7799,-0.43362629235677397
DARK,7800,0.37928152948805854
DARK,7801,0.40415281493583394
DARK,7802,0.012751348135973756
DARK,7803,0.33133363501993235
DARK,7804,-0.44135213800937684
DARK,7805,-0.23743064314111778
DARK,7806,-0.27434121519059773
DARK,7807,-0.1213140090028702
DARK,7808,0.12200407717913557
DARK,7809,-0.06365378453445167
DARK,7810,0.12676325199243205
DARK,7811,0.10797065964719019
DARK,7812,0.3848708313447411
DARK,7813,0.09597549459273767
DARK,7814,0.03339092545203066
DARK,7815,0.37801724983961044
DARK,7816,-0.018155789775659913
DARK,7817,0.23600000593340612
DARK,7818,0.23724962577791212
DARK,7819,-0.11774120456042546
DARK,7820,0.16392484851097666
DARK,7821,0.042208176569786565
DARK,7822,0.0643507725307533
DARK,7823,-0.12570563728869444
DARK,7824,-0.17232129355256454
DARK,7825,-0.051416726105285845
DARK,7826,-0.026223048906696803
DARK,7827,-0.08814799435994523
DARK,7828,0.21693096326955233
DARK,7829,0.011903196885524282
DARK,7830,-0.021612858025328835
DARK,7831,0.08923211153370243
DARK,7832,0.17112437642287145
DARK,7833,-0.016340864024680143
DARK,7834,-0.08298711850067246
DARK,7835,-0.12383059358045101
DARK,7836,0.38039875649652927
DARK,7837,-0.2680911099555023
DARK,7838,-0.5383936218229933
DARK,7839,0.10543228764092383
DARK,7840,0.3676165997071388
DARK,7841,0.08918922700609072
DARK,7842,-0.0554626756879806
DARK,7843,0.375406117138351
DARK,7844,0.15152733690281942
DARK,7845,0.24709322303843584
DARK,7846,-0.06860461409220221
DARK,7847,-0.24069273434142924
DARK,7848,0.09167062609414639
DARK,7849,0.32261784792559905
DARK,7850,-0.25738683370685156
DARK,7851,0.2775104768996453
DARK,7852,-0.028590721051115146
DARK,7853,-0.0808259375600353
DARK,7854,0.14829447492317058
DARK,7855,-0.10145917671544347
DARK,7856,-0.2420751920523397
DARK,7857,0.249214096765809
DARK,7858,0.2865259243778482
DARK,7859,0.3881553552974755
DARK,7860,-0.0030294702333736713
DARK,7861,0.2917395841620413
DARK,7862,-0.13652176501747476
DARK,7863,0.22879366182794422
DARK,7864,0.19137976311702606
DARK,7865,-0.005082580237787084
DARK,7866,0.18389062582185195
DARK,7867,-0.08965684589580347
DARK,7868,0.15837860704316892
DARK,7869,-0.14479461889029197
DARK,7870,0.17470646030807838
DARK,7871,-0.11260254898844017
DARK,7872,-0.377075184580913
DARK,7873,0.4792415501473959
DARK,7874,0.06497730087038178
DARK,7875,-0.04658182718909773
DARK,7876,-0.18877027548288863
DARK,7877,0.06002770590136734
DARK,7878,-0.1647315672677387
DARK,7879,-0.35738938605794013
DARK,7880,0.031729453734552326
DARK,7881,0.04321364556564026
DARK,7882,-0.09853096781709146
DARK,7883,-0.10076684699664767
DARK,7884,0.03748699578490504
DARK,7885,-0.29146736594184053
DARK,7886,0.022826111543279858
DARK,7887,-0.2694863740195165
DARK,7888,-0.24846368231047403
DARK,7889,-0.06627813035420907
DARK,7890,-0.04331512660762083
DARK,7891,0.47437844569766047
DARK,7892,-0.276461244511208
DARK,7893,0.10329800668856984
DARK,7894,-0.31182918015576994
DARK,7895,-0.319773452365139
DARK,7896,0.08241311401226696
DARK,7897,0.18710672889967225
DARK,7898,0.14204640950376565
DARK,7899,-0.14568708653173496
DARK,7900,0.035551013621302585
DARK,7901,-0.17692761606180724
DARK,7902,-0.047487883548262826
DARK,7903,-0.09043432651698814
DARK,7904,0.3967170461982288
DARK,7905,-0.11952122442161718
DARK,7906,-0.16948101445065902
DARK,7907,-0.2342855263969356
DARK,7908,-0.17946117950662457
DARK,7909,-0.2164928322874007
DARK,7910,-0.14651690665190556
DARK,7911,-0.18437293744396915
DARK,7912,-0.07686156761196519
DARK,7913,0.24169160492752711
DARK,7914,-0.29214059801509573
DARK,7915,0.398787288805949
DARK,7916,0.32231539031329065
DARK,7917,0.07209724923646899
DARK,7918,0.07684709398705188
DARK,7919,0.06110650529845907
DARK,7920,0.07599842588356309
DARK,7921,-0.2900885448536738
DARK,7922,0.33233508228287795
DARK,7923,-0.15995338189572691
DARK,7924,0.2758546956070346
DARK,7925,0.19368740758784977
DARK,7926,0.006865125734329901
DARK,7927,-0.17745921011473514
DARK,7928,-0.09455347842615643
DARK,7929,-0.038866597047615664
DARK,7930,-0.15889558110776503
DARK,7931,0.10701808028378197
DARK,7932,0.255120143119006
DARK,7933,-0.42440390803811945
DARK,7934,0.36765434359234567
DARK,7935,-0.10628904611814033
DARK,7936,-0.0761801127581562
DARK,7937,0.15820394114249184
DARK,7938,0.5099035273911278
DARK,7939,-0.2862163309976112
DARK,7940,-0.07173507934222215
DARK,7941,-0.16032406285913353
DARK,7942,-0.09378560843410198
DARK,7943,0.3998288981308023
DARK,7944,-0.3109402033249584
DARK,7945,-0.28899094012192766
DARK,7946,-0.09063617098766832
DARK,7947,-0.2726003059795528
DARK,7948,-0.13111699250783793
DARK,7949,-0.028098259995367518
DARK,7950,-0.5009633323324219
DARK,7951,-0.007455112445564135
DARK,7952,0.045229964730636917
DARK,7953,-0.4297676963221837
DARK,7954,0.23427127719666788
DARK,7955,-0.09319534243711901
DARK,7956,-0.39670005701196664
DARK,7957,-0.28905182807409285
DARK,7958,0.3915105194945123
DARK,7959,-0.1929643642708036
DARK,7960,0.15205274571767113
DARK,7961,0.1911149166345279
DARK,7962,0.06078745326020178
DARK,7963,0.08654509218656015
DARK,7964,-0.1830845959255751
DARK,7965,0.006839025127268668
DARK,7966,-0.23888561856773277
DARK,7967,-0.3212259096131495
DARK,7968,-0.31145745481577075
DARK,7969,0.09555305279926171
DARK,7970,0.17131473146759046
DARK,7971,0.34246968784291015
DARK,7972,0.22860361800262244
DARK,7973,0.01850766772597301
DARK,7974,0.18761005643974554
DARK,7975,0.2376723994560803
DARK,7976,-0.06646031471003888
DARK,7977,0.08382168143259924
DARK,7978,-0.191577723967424
DARK,7979,0.23578472615019153
DARK,7980,0.04773048695129443
DARK,7981,-0.20018434855075184
DARK,7982,0.3913391739035644
DARK,7983,0.15713900760512237
DARK,7984,-0.021657952840678465
DARK,7985,0.01355761534197458
DARK,7986,0.09813455790611154
DARK,7987,0.08330023767275169
DARK,7988,-0.028438008089761692
DARK,7989,-0.02986504021443908
DARK,7990,0.2541875598155324
DARK,7991,-0.09741226167918676
DARK,7992,0.19259351930861807
DARK,7993,-0.10334134971568035
DARK,7994,-0.0030555638371426606
DARK,7995,-0.11059548453965654
DARK,7996,0.17342193186849666
DARK,7997,-0.06302727441234188
DARK,7998,0.014963799029331551
DARK,7999,-0.19717766130493009
DARK,8000,-0.132082204893029
DARK,8001,0.3551610984474449
DARK,8002,0.11189299385968034
DARK,8003,0.08533015135548085
DARK,8004,0.11008427616740003
DARK,8005,-0.004955033834722948
DARK,8006,0.3300171100291109
DARK,8007,-0.11751238029576054
DARK,8008,-0.19484768506366643
DARK,8009,0.2670121763941677
DARK,8010,0.29134124298250325
DARK,8011,4.136188208411384e-05
DARK,8012,0.059398076678072016
DARK,8013,-0.04241152832834841
DARK,8014,-0.21464153727626795
DARK,8015,0.07772529719119303
DARK,8016,0.4014542082227083
DARK,8017,0.17837132359262575
DARK,8018,-0.4453321883405465
DARK,8019,0.03347787032433464
DARK,8020,-0.08542352491043648
DARK,8021,-0.11189853886378849
DARK,8022,-0.10864422524981349
DARK,8023,0.07240698230842102
DARK,8024,-0.1950685657220341
DARK,8025,0.029218105547334273
DARK,8026,0.17268297096438448
DARK,8027,-0.11482079243426065
DARK,8028,-0.027159696260309212
DARK,8029,0.13574716949636875
DARK,8030,-0.11278100612274215
DARK,8031,0.310026865361189
DARK,8032,0.0063777674700224085
DARK,8033,-0.29938013557535403
DARK,8034,-0.2197846785137595
DARK,8035,0.18713024854085578
DARK,8036,0.06340232975866668
DARK,8037,-0.0974689659171693
DARK,8038,0.1098915330271149
DARK,8039,0.23239207228954223
DARK,8040,0.039784893602529944
DARK,8041,0.32354308038187124
DARK,8042,0.3431277503544667
DARK,8043,-0.26941730700442096
DARK,8044,-0.39871728921987737
DARK,8045,-0.10065353595265657
DARK,8046,-0.4097065377890066
DARK,8047,-0.19160158068933333
DARK,8048,-0.20740069376030495
DARK,8049,0.4020117251410906
DARK,8050,0.1678208091754427
DARK,8051,0.13321825725839817
DARK,8052,0.053819125322453705
DARK,8053,0.1005095573276796
DARK,8054,-0.07486204793769426
DARK,8055,0.2670884575000969
DARK,8056,0.04724836943398763
DARK,8057,0.41365324468745585
DARK,8058,0.07700454266581397
DARK,8059,-0.1594566610647407
DARK,8060,0.12246930142522094
DARK,8061,-0.20139606876587923
DARK,8062,-0.1333416823158964
DARK,8063,-0.31200625428415263
DARK,8064,-0.12820806633830348
DARK,8065,0.12574428915748911
DARK,8066,0.026819212765012503
DARK,8067,0.014570901128215956
DARK,8068,-0.3793226186921889
DARK,8069,0.30734171923982484
DARK,8070,-0.32903240499435144
DARK,8071,-0.03203193431166341
DARK,8072,0.032213356798403654
DARK,8073,0.032686207653084234
DARK,8074,0.31997980417579186
DARK,8075,-0.030486671045643246
DARK,8076,0.11292924521869074
DARK,8077,0.10337900649044285
DARK,8078,0.060975388866969085
DARK,8079,-0.22657208100474668
DARK,8080,-0.03595125613769572
DARK,8081,-0.024422172764202065
DARK,8082,-0.3551811603794355
DARK,8083,0.0800114306224111
DARK,8084,0.2330222314984386
DARK,8085,-0.4068909284797504
DARK,8086,0.18315168798734566
DARK,8087,-0.030774348770148906
DARK,8088,0.06298461418482315
DARK,8089,-0.04791830436226347
DARK,8090,0.13283947714436256
DARK,8091,-0.09398181286332596
DARK,8092,0.04703556372298584
DARK,8093,0.2712067294350933
DARK,8094,-0.26533777286292937
DARK,8095,0.273887706634658
DARK,8096,-0.046469268266645686
DARK,8097,0.30034769297024116
DARK,8098,0.1800750155404025
DARK,8099,0.27023877988926304
DARK,8100,-0.2843709837642074
DARK,8101,-0.09631101358352445
DARK,8102,0.013864681711456928
DARK,8103,0.3840857807381856
DARK,8104,0.40418667601243213
DARK,8105,0.30248471370807595
DARK,8106,-0.45027897267986006
DARK,8107,0.21986800015177493
DARK,8108,-0.16322481863161292
DARK,8109,-0.15731863138306215
DARK,8110,-0.021966937037549004
DARK,8111,-0.27736872055118056
DARK,8112,-0.23195458323510051
DARK,8113,-0.10775894945242813
DARK,8114,-0.10711882250658702
DARK,8115,-0.07566839559967839
DARK,8116,0.03147904055982441
DARK,8117,0.2563664802564479
DARK,8118,-0.20570393312130608
DARK,8119,-0.3267047716771741
DARK,8120,-0.04957611313786805
DARK,8121,0.032315324718643505
DARK,8122,-0.40419043498632595
DARK,8123,0.22501609954980953
DARK,8124,-0.3313990409240421
DARK,8125,-0.18961229809065197
DARK,8126,0.06207125331307061
DARK,8127,-0.2309122082710773
DARK,8128,-0.09166231068443258
DARK,8129,-0.02941989159740932
DARK,8130,0.08043897866742507
DARK,8131,0.24018091148718942
DARK,8132,0.09581078421297766
DARK,8133,-0.21404568348658456
DARK,8134,0.4332058408914956
DARK,8135,-0.20387251048990007
DARK,8136,-0.21873689716374672
DARK,8137,0.3678490401192635
DARK,8138,-0.03990689344807194
DARK,8139,-0.15505797597765592
DARK,8140,0.27949885570828265
DARK,8141,0.32015773618562826
DARK,8142,-0.16710542702914652
DARK,8143,-0.12000664945078046
DARK,8144,-0.18278642490553865
DARK,8145,-0.14818923138425677
DARK,8146,-0.17148426791502996
DARK,8147,0.5349483766845683
DARK,8148,-0.3289146661109469
DARK,8149,0.04728187895745042
DARK,8150,-0.12307522913155051
DARK,8151,0.043231916191520475
DARK,8152,-0.17116410167196974
DARK,8153,-0.21774451215493548
DARK,8154,-0.36728117283331385
DARK,8155,-0.13358420221409212
DARK,8156,-0.043202893451477604
DARK,8157,0.17089036693445053
DARK,8158,-0.1125851240773914
DARK,8159,-0.21550088664240297
DARK,8160,0.12489558191922527
DARK,8161,0.0028834670825982484
DARK,8162,-0.24962138789125632
DARK,8163,-0.24694989093694353
DARK,8164,0.18443929390756705
DARK,8165,0.03267541339103213
DARK,8166,-0.04560085467715905
DARK,8167,-0.11123359210593986
DARK,8168,-0.26533518282044755
DARK,8169,0.029402984723726596
DARK,8170,-0.05792685420620355
DARK,8171,-0.13687153866834056
DARK,8172,0.2582830362910426
DARK,8173,0.15902370118679876
DARK,8174,0.4410807989396391
DARK,8175,-0.1286639391489834
DARK,8176,-0.020949167141421938
DARK,8177,0.21286018380354718
DARK,8178,0.08847549588157307
DARK,8179,0.1039459778407734
DARK,8180,0.1316151041512504
DARK,8181,-0.058743328167593395
DARK,8182,0.07420120756391152
DARK,8183,0.17633668586145468
DARK,8184,0.17948126604296924
DARK,8185,0.3022368174033371
DARK,8186,-0.1883347137628909
DARK,8187,-0.28046983591552116
DARK,8188,-0.145013075370966
DARK,8189,0.05565194371967687
DARK,8190,-0.01869008181163747
DARK,8191,-0.06844091336372608
DARK,8192,-0.03520987791476377
DARK,8193,0.18159873783221864
DARK,8194,0.16631299140028816
DARK,8195,-0.08532980532623369
DARK,8196,0.036937510415346465
DARK,8197,0.038429796607552386
DARK,8198,-0.2297539776184837
DARK,8199,-0.07906349148541959
DARK,8200,0.5640097345462882
DARK,8201,0.01848386207356403
DARK,8202,-0.31391170777251803
DARK,8203,-0.28897698757651497
DARK,8204,0.2912639609054664
DARK,8205,-0.22067742133264706
DARK,8206,0.21284215981662052
DARK,8207,0.2680238797956871
DARK,8208,-0.22327703159401818
DARK,8209,-0.17825939972116545
DARK,8210,0.31670409677313094
DARK,8211,-0.06221903827119492
DARK,8212,0.06308120495617422
DARK,8213,-0.1224200642966125
DARK,8214,0.20127895277828145
DARK,8215,-0.09540378089533535
DARK,8216,0.09483836737329338
DARK,8217,-0.011122303788504722
DARK,8218,-0.11391630611058595
DARK,8219,-0.244382009895784
DARK,8220,0.05350521752638908
DARK,8221,-0.19465764795712512
DARK,8222,0.3629062789595479
DARK,8223,-0.17867753306190798
DARK,8224,-0.059219944374936107
DARK,8225,-0.2528661951975981
DARK,8226,0.13398149947375018
DARK,8227,-0.3633631643010433
DARK,8228,0.24093831827814383
DARK,8229,0.11174001603418897
DARK,8230,-0.3314607559473584
DARK,8231,0.23380980983295818
DARK,8232,0.003776522818177087
DARK,8233,0.16038848893587448
DARK,8234,-0.29926412388845397
DARK,8235,0.09042800592824496
DARK,8236,0.04767532028809712
DARK,8237,0.0644115606389828
DARK,8238,-0.09778250576235877
DARK,8239,0.1654355654362108
DARK,8240,-0.031006517492835325
DARK,8241,0.003241889059345892
DARK,8242,0.517677883791216
DARK,8243,0.012037214394648794
DARK,8244,-0.06307527721838026
DARK,8245,-0.3400017503946269
DARK,8246,0.02096848714396781
DARK,8247,-0.03369598420642803
DARK,8248,0.03762319134337333
DARK,8249,0.03575170700536626
DARK,8250,-0.14381596110131073
DARK,8251,-0.013068387603875204
DARK,8252,-0.13247887069098488
DARK,8253,0.1560099781160148
DARK,8254,-0.1843359958598333
DARK,8255,0.32952187641140324
DARK,8256,0.05227702729403636
DARK,8257,0.018832494315832365
DARK,8258,0.4636612754484582
DARK,8259,0.34635512994852874
DARK,8260,-0.0775236578621943
DARK,8261,-0.005764261931967674
DARK,8262,-0.2178513709141599
DARK,8263,-0.14775091957836903
DARK,8264,-0.03931832355856028
DARK,8265,0.14946874141086172
DARK,8266,-0.29728373746360875
DARK,8267,-0.20714253757453405
DARK,8268,-0.21376916065374993
DARK,8269,-0.18854349661785744
DARK,8270,0.07356019659010046
DARK,8271,0.12457086104320622
DARK,8272,-0.17894246976718453
DARK,8273,-0.03561570558790571
DARK,8274,0.020334879583342187
DARK,8275,-0.38335030647681456
DARK,8276,-0.3434709957376278
DARK,8277,-0.31162165089907296
DARK,8278,-0.1327640153409078
DARK,8279,-0.10544643333501871
DARK,8280,-0.21595892165567362
DARK,8281,0.18088934682703542
DARK,8282,-0.09786243782269893
DARK,8283,-0.16074362418514088
DARK,8284,-0.17112739529060741
DARK,8285,0.260125783341683
DARK,8286,-0.04913553984069146
DARK,8287,-0.16325994545468986
DARK,8288,0.30925886606229813
DARK,8289,-0.09341422846064457
DARK,8290,0.015313648589131345
DARK,8291,0.3921511240370376
DARK,8292,0.008133862138419953
DARK,8293,-0.21861158316765417
DARK,8294,-0.22447018756942447
DARK,8295,0.12700752539023275
DARK,8296,-0.25572162027785805
DARK,8297,-0.17800667636257697
DARK,8298,-0.24732397688872926
DARK,8299,0.5422393568656305
DARK,8300,0.06394736734873054
DARK,8301,-0.06015410716525073
DARK,8302,-0.3893708104289055
DARK,8303,-0.27297407420417147
DARK,8304,0.00922018334186663
DARK,8305,-0.08088496682080565
DARK,8306,-0.04403595459672098
DARK,8307,-0.11148709183106442
DARK,8308,0.07946202571156331
DARK,8309,-0.2682284700132445
DARK,8310,-0.10348066690020251
DARK,8311,0.0497994129905745
DARK,8312,-0.15534258083428734
DARK,8313,-0.36105899978454403
DARK,8314,0.14900445097795414
DARK,8315,0.21132914818672924
DARK,8316,0.057031701837533276
DARK,8317,-0.13048512457801364
DARK,8318,0.21800412996140084
DARK,8319,-0.3929666282193649
DARK,8320,-0.10879767619451355
DARK,8321,0.10671359323282635
DARK,8322,-0.15737184940269713
DARK,8323,0.029502323046169246
DARK,8324,-0.4317387544662729
DARK,8325,0.20989205494803725
DARK,8326,-0.1961328381694347
DARK,8327,0.20614623083244757
DARK,8328,-0.14590214609378135
DARK,8329,0.02754903762951882
DARK,8330,0.2802653874715687
DARK,8331,-0.13498146635908922
DARK,8332,0.17079156742278845
DARK,8333,0.09624520923641056
DARK,8334,-0.0925881905498476
DARK,8335,0.30917921853831015
DARK,8336,0.19744513027518387
DARK,8337,-0.10928960501836162
DARK,8338,0.015136067048390541
DARK,8339,0.37215535187773285
DARK,8340,0.03464642588012425
DARK,8341,-0.012736813208121402
DARK,8342,-0.38061487990575354
DARK,8343,-0.029156480048165165
DARK,8344,0.027514014352354
DARK,8345,0.11381454444472354
DARK,8346,-0.2330672494259355
DARK,8347,-0.3198506370030512
DARK,8348,-0.15317552872815807
DARK,8349,0.3570330480536822
DARK,8350,0.18438490325281973
DARK,8351,0.18962666089366215
DARK,8352,-0.04234084053553461
DARK,8353,-0.16653955276527235
DARK,8354,-0.3265160083639411
DARK,8355,-0.29974356292383386
DARK,8356,0.1181719274736636
DARK,8357,0.18920311708686827
DARK,8358,0.09439190066787385
DARK,8359,0.17636644639606577
DARK,8360,0.15153864162696515
DARK,8361,0.13284346039787748
DARK,8362,0.03541998357413884
DARK,8363,0.021769949626404706
DARK,8364,-0.22217151211219952
DARK,8365,0.14365255921032236
DARK,8366,0.41952872673354824
DARK,8367,-0.023032882363542354
DARK,8368,-0.12715497401135745
DARK,8369,-0.015627950963347497
DARK,8370,-0.26110649755153215
DARK,8371,-0.21869856569586107
DARK,8372,-0.15278037628433633
DARK,8373,-0.3267829233894534
DARK,8374,-0.013364284383081808
DARK,8375,0.012413588933107038
DARK,8376,-0.10227212704130874
DARK,8377,0.1990517431455976
DARK,8378,0.04178739276405402
DARK,8379,-0.09539214540907842
DARK,8380,0.2315251352164732
DARK,8381,-0.19942043885995547
DARK,8382,-0.004226224271897799
DARK,8383,0.31460081508859383
DARK,8384,0.0030980092125942214
DARK,8385,-0.48552354940267023
DARK,8386,-0.08346737869748336
DARK,8387,-0.03043246607796524
DARK,8388,-0.12359937515901556
DARK,8389,0.29238326287371236
DARK,8390,-0.35030780838750614
DARK,8391,-0.15049265184609095
DARK,8392,-0.10291541839723485
DARK,8393,-0.14383977962006753
DARK,8394,0.05877774923150776
DARK,8395,-0.16445931059308033
DARK,8396,-0.08648811950252022
DARK,8397,-0.1494828403732806
DARK,8398,-0.0038691237783049165
DARK,8399,-0.04147200030758351
DARK,8400,-0.1769153967883192
DARK,8401,0.23266997823329372
DARK,8402,-0.04949490885497149
DARK,8403,0.17267499751455997
DARK,8404,-0.24351718795682484
DARK,8405,0.23742484383550752
DARK,8406,-0.21182805849164346
DARK,8407,0.0969244144176841
DARK,8408,0.1770747916525575
DARK,8409,-0.37539940843712505
DARK,8410,-0.046647193939657716
DARK,8411,0.017349071407925295
DARK,8412,0.14140326603192524
DARK,8413,-0.05552027110980787
DARK,8414,-0.08787739733493526
DARK,8415,-0.3852778701028075
DARK,8416,-0.09848868116837474
DARK,8417,0.10030016158988693
DARK,8418,-0.025036241549784965
DARK,8419,-0.137495036687165
DARK,8420,-0.07635188612118524
DARK,8421,0.2423449264889153
DARK,8422,0.13782351353306166
DARK,8423,-0.1594266701170512
DARK,8424,-0.1917764090215255
DARK,8425,-0.24909970111007818
DARK,8426,-0.09815239789648841
DARK,8427,0.04630489308777326
DARK,8428,-0.20526048718852383
DARK,8429,-0.19492240405907382
DARK,8430,0.0204704297031188
DARK,8431,-0.26471752680773525
DARK,8432,0.21151106848646373
DARK,8433,-0.3019396054796661
DARK,8434,-0.11258554947810837
DARK,8435,-0.04613609488548097
DARK,8436,0.08453200860461377
DARK,8437,-0.4210508772015196
DARK,8438,-0.1293391431288939
DARK,8439,-0.05820686626450736
DARK,8440,0.037795261539379316
DARK,8441,0.2466212045225556
DARK,8442,0.05086011130189928
DARK,8443,0.028219029992766192
DARK,8444,-0.25420608933596217
DARK,8445,0.03986915097606432
DARK,8446,-0.23063967441630498
DARK,8447,0.06857266970323925
DARK,8448,-0.2377819444597425
DARK,8449,-0.1250858941987993
DARK,8450,0.009022519843133717
DARK,8451,0.02618500563130392
DARK,8452,0.14587450503545757
DARK,8453,0.39213209900496787
DARK,8454,0.1466798649467621
DARK,8455,0.24533035769418868
DARK,8456,-0.28787933561050877
DARK,8457,0.309556914844188
DARK,8458,-0.1661730682801656
DARK,8459,-0.09705860341189201
DARK,8460,0.0315211017222307
DARK,8461,0.03504747238734581
DARK,8462,-0.042703218215349587
DARK,8463,-0.033375586445282594
DARK,8464,-0.26144533914023993
DARK,8465,-0.2527839606079329
DARK,8466,-0.22519341152074043
DARK,8467,-0.02608939036993424
DARK,8468,-0.07082711299562391
DARK,8469,-0.19552282926394823
DARK,8470,-0.027558845578848547
DARK,8471,0.43113438989870106
DARK,8472,0.5313429907879842
DARK,8473,0.18582308606111336
DARK,8474,-0.009160885682133673
DARK,8475,-0.15412832474141394
DARK,8476,-0.20437029965198433
DARK,8477,-0.037348505275703346
DARK,8478,-0.16300507937506103
DARK,8479,-0.04425804571487795
DARK,8480,-0.2954570705370277
DARK,8481,-0.2755686069107299
DARK,8482,0.06461992364557416
DARK,8483,0.05936467208138625
DARK,8484,-0.14022539615323057
DARK,8485,0.04635636102420886
DARK,8486,-0.08501467114982685
DARK,8487,-0.16818281039450908
DARK,8488,-0.07541817106381402
DARK,8489,0.001741359008465614
DARK,8490,0.1225930123273028
DARK,8491,-0.18534492914019463
DARK,8492,0.18073950432814703
DARK,8493,-0.057684513133893944
DARK,8494,0.051732488639492265
DARK,8495,-0.2105022259740499
DARK,8496,0.3046745882275176
DARK,8497,0.23817584911383563
DARK,8498,0.26197310437490845
DARK,8499,0.10156035050178659
DARK,8500,0.17941275546618685
DARK,8501,0.33446451315498643
DARK,8502,0.4415080393001628
DARK,8503,0.06587583181073307
DARK,8504,-0.369072019041993
DARK,8505,-0.08412715522454137
DARK,8506,0.21644751509076304
DARK,8507,-0.04876059749310537
DARK,8508,-0.13601069297333968
DARK,8509,-0.26571670074850023
DARK,8510,0.3440343364275631
DARK,8511,0.010845263607384628
DARK,8512,-0.052839595128714716
DARK,8513,0.4135174909212601
DARK,8514,-0.18356184552770527
DARK,8515,-0.08925921457088999
DARK,8516,-0.1942907405303648
DARK,8517,0.26829099020399994
DARK,8518,0.17793356435089724
DARK,8519,-0.28061533588157794
DARK,8520,-0.08407251167774142
DARK,8521,-0.03831986948792927
DARK,8522,-0.1729572124817397
DARK,8523,0.22521041683521137
DARK,8524,0.2044025252034967
DARK,8525,-0.23940523328296098
DARK,8526,-0.33043194522223185
DARK,8527,0.06933202418924336
DARK,8528,0.2487435042714015
DARK,8529,0.11775122871917111
DARK,8530,-0.054275317924903616
DARK,8531,0.48996158625368985
DARK,8532,0.219646490008612
DARK,8533,0.10933750864860291
DARK,8534,0.09828733852493761
DARK,8535,-0.1517367954811453
DARK,8536,-0.03857362720373333
DARK,8537,0.3175807332146641
DARK,8538,0.42746516862416284
DARK,8539,0.10760303968108098
DARK,8540,0.4762608898479385
DARK,8541,0.04223562096762429
DARK,8542,-0.27225300147072623
DARK,8543,0.02724184435291925
DARK,8544,0.18890712202172552
DARK,8545,-0.1184681676093204
DARK,8546,-0.10397659695522367
DARK,8547,0.12003283673559725
DARK,8548,-0.07433883540098117
DARK,8549,-0.2800392083385469
DARK,8550,-0.06023439394871284
DARK,8551,-0.10100983591941302
DARK,8552,-0.41050624298965394
DARK,8553,-0.003723700312326493
DARK,8554,-0.12432083322328619
DARK,8555,0.014555011278118894
DARK,8556,-0.25830532294826475
DARK,8557,0.031051462393065207
DARK,8558,-0.22133539809232528
DARK,8559,-0.04283531119565941
DARK,8560,-0.014424001917138569
DARK,8561,0.016562367386245995
DARK,8562,-0.12250958644630494
DARK,8563,-0.09136885679275548
DARK,8564,-0.09665549259584295
DARK,8565,0.07044376649174859
DARK,8566,-0.20924774773487104
DARK,8567,-0.006663538774770487
DARK,8568,-0.15054021010305454
DARK,8569,-0.04537229724543447
DARK,8570,0.161861639755776
DARK,8571,-0.01814856985723486
DARK,8572,0.20411813074327764
DARK,8573,0.17751839916177395
DARK,8574,0.14241890816070296
DARK,8575,0.12276451162481906
DARK,8576,0.06601420465254558
DARK,8577,0.08221980031971417
DARK,8578,-0.15063637757808387
DARK,8579,-0.03134287346624243
DARK,8580,-0.17538324876190114
DARK,8581,0.16496569082498574
DARK,8582,-0.05285898090253583
DARK,8583,-0.16030564979883868
DARK,8584,-0.16746208844628735
DARK,8585,0.13276885413090644
DARK,8586,-0.11538975537474837
DARK,8587,0.1808694135489989
DARK,8588,-0.4090266469502163
DARK,8589,0.09254683348388588
DARK,8590,-0.3197033997745066
DARK,8591,0.10452616837123171
DARK,8592,0.0021595049132226156
DARK,8593,-0.19230150011418568
DARK,8594,-0.08595820576967492
DARK,8595,-0.1705143794399983
DARK,8596,0.41968018776695426
DARK,8597,-0.11925238707925818
DARK,8598,0.24255873524037808
DARK,8599,0.12957531420641502
DARK,8600,0.29960986553685787
DARK,8601,-0.024173411082191135
DARK,8602,0.1493729413550376
DARK,8603,-0.2043634958522785
DARK,8604,0.048445021320160264
DARK,8605,0.060388086607841895
DARK,8606,-0.16964454455085665
DARK,8607,-0.09744610936313243
DARK,8608,-0.35191785391350444
DARK,8609,-0.11852193327537225
DARK,8610,0.035293159980280826
DARK,8611,-0.19926446468736705
DARK,8612,0.4041344733505017
DARK,8613,-0.36455277877238323
DARK,8614,0.03841100994290685
DARK,8615,-0.12942053822032856
DARK,8616,-0.16878241290252188
DARK,8617,0.006878733616760765
DARK,8618,-0.02387296024632803
DARK,8619,-0.10690164152345372
DARK,8620,0.08261146743396403
DARK,8621,-0.08798239997715133
DARK,8622,-0.16904844775439345
DARK,8623,-0.451641912231904
DARK,8624,-0.14543950657643412
DARK,8625,0.07899817175815316
DARK,8626,0.11760169297475598
DARK,8627,-0.1643193758896794
DARK,8628,0.04055424489037511
DARK,8629,0.08725100306780796
DARK,8630,-0.12030903929345897
DARK,8631,-0.060621800830812596
DARK,8632,0.1250275717925724
DARK,8633,0.054959237051074084
DARK,8634,-0.1853875271668244
DARK,8635,-0.27475497848277347
DARK,8636,-0.48258898133336636
DARK,8637,0.06102338675768485
DARK,8638,-0.17501437511813067
DARK,8639,-0.10669850524524745
DARK,8640,-0.13394888248152717
DARK,8641,0.13187941827552951
DARK,8642,0.35414347043171257
DARK,8643,0.001236671185080614
DARK,8644,-0.09012416614160842
DARK,8645,0.1291890578634077
DARK,8646,-0.29793680635137165
DARK,8647,0.17363042479635823
DARK,8648,0.1392258374868582
DARK,8649,-0.2579074014500562
DARK,8650,-0.4450021935104347
DARK,8651,0.08782084420904547
DARK,8652,-0.1870145622322554
DARK,8653,-0.1684085776339815
DARK,8654,-0.311919440516562
DARK,8655,-0.0676000888712845
DARK,8656,0.1210901285874092
DARK,8657,-0.026478103629313136
DARK,8658,0.2872192293071796
DARK,8659,0.016159668601659242
DARK,8660,-0.18431058341253526
DARK,8661,0.09875209711178592
DARK,8662,0.22481991827482223
DARK,8663,0.03640260027020615
DARK,8664,0.13818604567051473
DARK,8665,0.26499407763628474
DARK,8666,-0.1508222867372074
DARK,8667,0.5096082435693247
DARK,8668,0.34223873715853376
DARK,8669,0.20716614792944285
DARK,8670,0.17710933739088458
DARK,8671,-0.03429594432147233
DARK,8672,0.23721393103758143
DARK,8673,-0.2229226898394155
DARK,8674,-0.3270462942954093
DARK,8675,0.44776423434218193
DARK,8676,0.2298112864629286
DARK,8677,-0.11522696579750809
DARK,8678,-0.2801474365710155
DARK,8679,0.31730903631586654
DARK,8680,0.09587000784224041
DARK,8681,0.20697074833366857
DARK,8682,-0.24466629188090566
DARK,8683,0.3294967033645424
DARK,8684,0.20218506328309108
DARK,8685,-0.2361837642409282
DARK,8686,-0.18192809893143747
DARK,8687,-0.07854538479306926
DARK,8688,-0.2756948738626527
DARK,8689,-0.2712228282188598
DARK,8690,-0.0963693212007346
DARK,8691,-0.10204240045707584
DARK,8692,-0.32386174200606954
DARK,8693,0.2032595788106233
DARK,8694,0.061744034343788404
DARK,8695,0.3013829660288192
DARK,8696,0.019148440423661824
DARK,8697,0.36355126286829825
DARK,8698,-0.017462780825896623
DARK,8699,-0.04471218534998829
DARK,8700,0.2417058423997921
DARK,8701,0.04678446603616214
DARK,8702,0.10123180385875166
DARK,8703,-0.26328826097727714
DARK,8704,0.46022871427987294
DARK,8705,0.3639147370093604
DARK,8706,0.0141535636740163
DARK,8707,0.15456056990648176
DARK,8708,0.3185694281211904
DARK,8709,-0.1975350539320612
DARK,8710,0.0604678000056441
DARK,8711,0.35547139095569463
DARK,8712,-0.00025759813383165967
DARK,8713,-0.06617784157384055
DARK,8714,0.23911394444893216
DARK,8715,-0.18539043437794278
DARK,8716,0.09623316838713422
DARK,8717,-0.16799652439100055
DARK,8718,-0.22002063549733014
DARK,8719,-0.1395453323052625
DARK,8720,-0.08134221131046314
DARK,8721,-0.13076742405158326
DARK,8722,-0.05670849050614774
DARK,8723,0.05621666248257633
DARK,8724,-0.25966739141416273
DARK,8725,-0.2987866738852274
DARK,8726,0.018784200808284825
DARK,8727,0.01602648126001355
DARK,8728,0.24024225149867035
DARK,8729,-0.2087624402289567
DARK,8730,-0.09247807669618457
DARK,8731,-0.40634988723980736
DARK,8732,0.08185494450141735
DARK,8733,-0.2692118196267078
DARK,8734,0.12071615824122701
DARK,8735,0.039193933158070994
DARK,8736,0.21499072275645753
DARK,8737,-0.19275068143575624
DARK,8738,-0.11323476667609979
DARK,8739,-0.11071440166188334
DARK,8740,-0.06664962291719362
DARK,8741,-0.28802133261180873
DARK,8742,0.13775381245852242
DARK,8743,-0.1579914691642726
DARK,8744,0.21436963947149493
DARK,8745,0.07267082651094647
DARK,8746,0.1674301573254411
DARK,8747,-0.23127674306202564
DARK,8748,0.01545671798947802
DARK,8749,-0.22637187551564658
DARK,8750,-0.21812996593888725
DARK,8751,0.07902482157524278
DARK,8752,0.22721229476828197
DARK,8753,0.09180499016081102
DARK,8754,0.13875343768802537
DARK,8755,0.06509743727285795
DARK,8756,-0.19691949529310188
DARK,8757,-0.2445084147490834
DARK,8758,0.061330275846123015
DARK,8759,-0.16353664846436597
DARK,8760,0.1645927023909439
DARK,8761,0.33188028708012385
DARK,8762,0.27220535245532773
DARK,8763,-0.043429840817899495
DARK,8764,0.21339348044796766
DARK,8765,0.3915698541647733
DARK,8766,-0.0198645596574971
DARK,8767,0.15336038848220224
DARK,8768,0.03859840080993337
DARK,8769,0.08098411672236797
DARK,8770,0.26736104947517647
DARK,8771,0.17031173971648442
DARK,8772,-0.0374360253491679
DARK,8773,-0.3354836197934349
DARK,8774,0.04813205235710017
DARK,8775,0.021009157956380337
DARK,8776,-0.042183065033552083
DARK,8777,0.2777553567487408
DARK,8778,-0.17448248802500232
DARK,8779,-0.4060028345911425
DARK,8780,-0.15597236939070402
DARK,8781,-0.022699598945637365
DARK,8782,0.18429089792266312
DARK,8783,-0.351724685703258
DARK,8784,-0.3473682004169587
DARK,8785,-0.19289451333080418
DARK,8786,-0.10988749903722576
DARK,8787,0.36162837548777843
DARK,8788,-0.038393713893988365
DARK,8789,0.23619594876494568
DARK,8790,0.11084739578542843
DARK,8791,-0.13103162666345625
DARK,8792,0.01384432321476346
DARK,8793,-0.14549529793726143
DARK,8794,-0.06932660225108031
DARK,8795,0.013034684934779774
DARK,8796,-0.1838721448105044
DARK,8797,-0.3459513258165084
DARK,8798,-0.3681356310071012
DARK,8799,-0.16059444064124476
DARK,8800,-0.1131384706934269
DARK,8801,0.4385549781719096
DARK,8802,0.18761626374106502
DARK,8803,-0.2695335427161616
DARK,8804,0.12599569296596425
DARK,8805,-0.22267233946888118
DARK,8806,0.30664697180584627
DARK,8807,-0.03314945511136234
DARK,8808,0.09979720798881388
DARK,8809,0.039625809127667305
DARK,8810,-0.3278983951461543
DARK,8811,-0.1701482940454715
DARK,8812,0.04839896949559438
DARK,8813,0.0782517463938566
DARK,8814,0.04363803462142445
DARK,8815,-0.20535479540902526
DARK,8816,0.06823621354305384
DARK,8817,0.0211912169714504
DARK,8818,-0.3071672159058617
DARK,8819,-0.0006934308480206587
DARK,8820,-0.43309022771901096
DARK,8821,-0.12813457479564577
DARK,8822,-0.20345524368491807
DARK,8823,-0.23172166197723026
DARK,8824,-0.10123778959216657
DARK,8825,-0.07668467557902002
DARK,8826,0.4075407674243007
DARK,8827,-0.06700340125915036
DARK,8828,-0.20769165058200373
DARK,8829,-0.003902899684733961
DARK,8830,-0.2606283012395935
DARK,8831,0.22119722926077043
DARK,8832,-0.3064054657336408
DARK,8833,-0.06303451068042595
DARK,8834,-0.12016534601895724
DARK,8835,0.043356465082395095
DARK,8836,-0.2723773723113148
DARK,8837,-0.3572743548078344
DARK,8838,0.3303533743983976
DARK,8839,0.23538566573046604
DARK,8840,0.13458801692717762
DARK,8841,0.41246620543806284
DARK,8842,-0.1477375676344948
DARK,8843,-0.11354499651402547
DARK,8844,-0.24476364789661784
DARK,8845,-0.1908747897965622
DARK,8846,-0.14913425435448638
DARK,8847,-0.3115066767146286
DARK,8848,-0.022100690905018466
DARK,8849,0.022292606468657983
DARK,8850,-0.06526048738480188
DARK,8851,0.44631512872872103
DARK,8852,0.19061600351682273
DARK,8853,-0.012870820616778637
DARK,8854,0.2281990870208027
DARK,8855,0.003862613414883851
DARK,8856,-0.20470115604254038
DARK,8857,-0.15845974080379407
DARK,8858,-0.26376594566418926
DARK,8859,-0.228878448617752
DARK,8860,0.4123946356102616
DARK,8861,0.1555987988861093
DARK,8862,0.06484879395949358
DARK,8863,0.1016182417275325
DARK,8864,-0.20474617055741792
DARK,8865,0.35602246569802665
DARK,8866,-0.04867727919026211
DARK,8867,-0.008462947904459272
DARK,8868,-0.20165948048013566
DARK,8869,-0.05295834031580902
DARK,8870,-0.009985024831730069
DARK,8871,0.1631688740066959
DARK,8872,0.2243589092171484
DARK,8873,0.006758393027968152
DARK,8874,-0.38968808630692164
DARK,8875,0.0941739209574312
DARK,8876,0.26985402384131696
DARK,8877,0.3142812281563216
DARK,8878,0.041770518815595827
DARK,8879,0.13455514296621796
DARK,8880,-0.24168280074275897
DARK,8881,0.44007962586548877
DARK,8882,-0.027912075155107283
DARK,8883,-0.2020753502228432
DARK,8884,0.025745028750574127
DARK,8885,0.11809976069097233
DARK,8886,-0.10975768861144172
DARK,8887,-0.2303607290502759
DARK,8888,0.03269314144276981
DARK,8889,-0.06417645363179755
DARK,8890,0.005144167745078681
DARK,8891,-0.06107154152573701
DARK,8892,0.3531748106903063
DARK,8893,0.20422265544220977
DARK,8894,0.3316318968587727
DARK,8895,-0.0847776118489308
DARK,8896,0.2952411334005102
DARK,8897,0.02923462587558541
DARK,8898,-0.06683307505474391
DARK,8899,-0.05004906914304218
DARK,8900,-0.14337113938337998
DARK,8901,-0.014355951049025912
DARK,8902,-0.07334404455829846
DARK,8903,0.1960884328475523
DARK,8904,-0.12066737481838735
DARK,8905,0.46108459021587606
DARK,8906,0.18021633206728238
DARK,8907,0.1593795073439733
DARK,8908,-0.004552088670136023
DARK,8909,-0.12188100443033058
DARK,8910,-0.19503158518116795
DARK,8911,0.0544529659773476
DARK,8912,0.038961071653113334
DARK,8913,0.34319052026719743
DARK,8914,0.0268924288600653
DARK,8915,-0.22252235652527927
DARK,8916,-0.16123640225165295
DARK,8917,-0.39580444876812326
DARK,8918,-0.22823600970349683
DARK,8919,-0.11881132527244677
DARK,8920,0.04580633630419891
DARK,8921,-0.056496673366715974
DARK,8922,0.15571033700988512
DARK,8923,-0.1159764109953168
DARK,8924,-0.1552177939939771
DARK,8925,0.03512504191911479
DARK,8926,0.09693670797410929
DARK,8927,-0.3220736167449055
DARK,8928,-0.06084183203595542
DARK,8929,-0.02572408529470127
DARK,8930,0.17408893302101958
DARK,8931,0.08236489512281177
DARK,8932,-0.1745056034312527
DARK,8933,0.33198061252954
DARK,8934,-0.11450468698411538
DARK,8935,0.04598183438109291
DARK,8936,0.0829806253731335
DARK,8937,0.1491963093186096
DARK,8938,-0.12849733713449585
DARK,8939,0.09758431843510314
DARK,8940,-0.130628406882984
DARK,8941,0.3808628290330429
DARK,8942,0.10668182855660574
DARK,8943,-0.16945827746382477
DARK,8944,-0.11239421051924363
DARK,8945,-0.30581893813792604
DARK,8946,0.10563915818622759
DARK,8947,-0.040376457120973194
DARK,8948,-0.047938162471926934
DARK,8949,0.1745992925453282
DARK,8950,0.006070874138519458
DARK,8951,0.4260508419189757
DARK,8952,0.2289727682896055
DARK,8953,0.3598243215158576
DARK,8954,-0.44095458729965126
DARK,8955,0.09404055430691861
DARK,8956,-0.06596902706896687
DARK,8957,-0.03719797540435274
DARK,8958,-0.15319528225256224
DARK,8959,-0.10070217916657835
DARK,8960,-0.0028868974391845358
DARK,8961,0.04439852019348828
DARK,8962,-0.3712566739188494
DARK,8963,-0.03759005063725725
DARK,8964,0.1674160162674011
DARK,8965,0.34354924010578675
DARK,8966,0.34589888197145835
DARK,8967,0.09016254882488244
DARK,8968,-0.18757943036799773
DARK,8969,0.29960483125499576
DARK,8970,-0.013617819912757125
DARK,8971,0.03467796341944908
DARK,8972,0.04167174769691809
DARK,8973,0.14185187607089383
DARK,8974,0.16760501931928104
DARK,8975,-0.13020696341780758
DARK,8976,0.04503359924334759
DARK,8977,-0.32479219567885065
DARK,8978,-0.10032147871553224
DARK,8979,0.025360711364650738
DARK,8980,0.3040413822051195
DARK,8981,0.045741921595775545
DARK,8982,-0.13712720241968634
DARK,8983,-0.23920527663482105
DARK,8984,-0.1026508941269331
DARK,8985,0.041023682539230014
DARK,8986,0.16269249437620775
DARK,8987,-0.14136364608447977
DARK,8988,0.18333184301267663
DARK,8989,-0.10095322367310511
DARK,8990,0.15771621421201734
DARK,8991,-0.22309736220242093
DARK,8992,0.09826679053661912
DARK,8993,0.18322480641139843
DARK,8994,-0.005805318667132276
DARK,8995,0.1950492151338149
DARK,8996,0.02125883221570106
DARK,8997,-0.04293946746568164
DARK,8998,-0.10433742127532555
DARK,8999,-0.1666278786810609
DARK,9000,-0.24880996425316507
DARK,9001,-0.10406673211015985
DARK,9002,0.25635352559821384
DARK,9003,0.3003977359181024
DARK,9004,0.07959227301506427
DARK,9005,-0.05855834968576406
DARK,9006,0.14897538018820594
DARK,9007,-0.026758618892870584
DARK,9008,-0.024856882687692424
DARK,9009,-0.07984670144262715
DARK,9010,-0.17604131480335386
DARK,9011,-0.1804525503754526
DARK,9012,-0.17063574360701325
DARK,9013,0.30156668433432104
DARK,9014,-0.22038712156555582
DARK,9015,0.07423940497121596
DARK,9016,-0.03781654436919931
DARK,9017,-0.17772746377555984
DARK,9018,0.2964573664013935
DARK,9019,-0.2367967698793553
DARK,9020,0.2574780810421141
DARK,9021,0.2821098645660053
DARK,9022,0.39209882825002695
DARK,9023,0.06314421326011418
DARK,9024,0.41034838876369445
DARK,9025,0.19292524925833254
DARK,9026,0.08154684619231561
DARK,9027,0.052627249110069704
DARK,9028,-0.0416402391956163
DARK,9029,0.08833906509436389
DARK,9030,-0.06248513485661707
DARK,9031,-0.1556875828767363
DARK,9032,0.28426809097926914
DARK,9033,-0.04138022452793685
DARK,9034,0.125389916044266
DARK,9035,-0.3251959307427712
DARK,9036,0.174074463985979
DARK,9037,-0.0706854615105753
DARK,9038,-0.08372653566927357
DARK,9039,0.18449664085280187
DARK,9040,-0.03289043375374304
DARK,9041,-0.03173389780363594
DARK,9042,-0.10198499442473127
DARK,9043,0.22723754153816933
DARK,9044,0.11142993918007164
DARK,9045,0.2700588533785538
DARK,9046,-0.053469732148702674
DARK,9047,-0.04844089934658684
DARK,9048,-0.06154816681334334
DARK,9049,-0.4557303998250105
DARK,9050,-0.1018070935968603
DARK,9051,-0.12088884958155
DARK,9052,0.07606248333059694
DARK,9053,-0.04382572367042859
DARK,9054,-0.023846599833135546
DARK,9055,0.34972243977451906
DARK,9056,0.05509459166372924
DARK,9057,-0.38027859969455546
DARK,9058,-0.0010196225869157955
DARK,9059,-0.1099391584528315
DARK,9060,0.061227583518532726
DARK,9061,-0.10974903140027824
DARK,9062,0.012947858304789629
DARK,9063,0.37098699966723586
DARK,9064,0.04064251251077863
DARK,9065,0.1616279340059142
DARK,9066,-0.20313545101524894
DARK,9067,-0.05029318301691459
DARK,9068,0.1252401132666632
DARK,9069,0.1298307043627747
DARK,9070,-0.01963057352719228
DARK,9071,-0.193649793132544
DARK,9072,0.47500840074444695
DARK,9073,-0.02112353055010495
DARK,9074,-0.12197069509668099
DARK,9075,-0.1018314056112829
DARK,9076,-0.0041968253845628975
DARK,9077,-0.0757026227536825
DARK,9078,-0.066474942540253
DARK,9079,0.3033970556297894
DARK,9080,-0.11577033437168648
DARK,9081,0.09497668897376431
DARK,9082,-0.11586200798752089
DARK,9083,-0.04963748981256241
DARK,9084,0.01451677930921244
DARK,9085,-0.14291241761651777
DARK,9086,-0.43481336973297624
DARK,9087,0.269111476455695
DARK,9088,0.09290743108284577
DARK,9089,0.06979880653384848
DARK,9090,-0.10483466842598281
DARK,9091,-0.2010552966684347
DARK,9092,0.06148339306664005
DARK,9093,0.2591718636509172
DARK,9094,-0.024756834602707615
DARK,9095,-0.05451834805149364
DARK,9096,0.4392368011556536
DARK,9097,0.355229553150528
DARK,9098,0.09423147292619777
DARK,9099,-0.39357082472139504
DARK,9100,0.4454980702444842
DARK,9101,-0.40090256333031943
DARK,9102,0.2328284582531405
DARK,9103,-0.3743374493483961
DARK,9104,-0.06632438786699085
DARK,9105,-0.27004353477401305
DARK,9106,-0.1664520688895142
DARK,9107,0.07395128827132709
DARK,9108,0.15387125608370955
DARK,9109,-0.005603384105611218
DARK,9110,-0.21571457492466828
DARK,9111,-0.20722743416778433
DARK,9112,0.2881525030492527
DARK,9113,0.10772319744811981
DARK,9114,-0.04732511789620847
DARK,9115,-0.29493413447681677
DARK,9116,-0.11269379379968299
DARK,9117,0.02955821444271288
DARK,9118,-0.3996659286679032
DARK,9119,-0.1114986054269434
DARK,9120,0.038862292631677016
DARK,9121,0.08359926333770834
DARK,9122,-0.10090978036953194
DARK,9123,0.07710281135104456
DARK,9124,-0.15832459023014825
DARK,9125,0.26968189530582887
DARK,9126,0.07775389169977295
DARK,9127,0.28466834945596586
DARK,9128,0.419406779259667
DARK,9129,-0.18798359998070185
DARK,9130,0.09953615567259916
DARK,9131,-0.18962519061703625
DARK,9132,0.07457728402230045
DARK,9133,-0.26885405568478604
DARK,9134,0.41924051421371183
DARK,9135,0.4545102692910717
DARK,9136,0.028217062965400608
DARK,9137,0.035396583813433476
DARK,9138,0.04250151185000006
DARK,9139,-0.04856496796403264
DARK,9140,-0.2691581279963295
DARK,9141,0.11436895452345375
DARK,9142,-0.17398212454987355
DARK,9143,-0.24024573220347162
DARK,9144,-0.17924982904281733
DARK,9145,0.270428354529
DARK,9146,0.26584238728162585
DARK,9147,0.353189606749219
DARK,9148,0.10350293660601666
DARK,9149,0.22272702998338187
DARK,9150,0.18476048639203324
DARK,9151,-0.3423425446874058
DARK,9152,-0.07689300997913535
DARK,9153,0.3323540332462606
DARK,9154,0.08567013263590482
DARK,9155,0.24960250102609483
DARK,9156,-0.15190071998345944
DARK,9157,-0.26055760025648794
DARK,9158,-0.1646286849375605
DARK,9159,-0.1701182247979167
DARK,9160,-0.267363677861479
DARK,9161,0.08701520025251784
DARK,9162,0.18158140327627267
DARK,9163,-0.3433836786306875
DARK,9164,0.18923917474963226
DARK,9165,-0.16232287739133988
DARK,9166,0.27005295331132884
DARK,9167,0.16840769864012722
DARK,9168,-0.21369180558550258
DARK,9169,-0.21750408818045158
DARK,9170,0.2857632814716846
DARK,9171,-0.08126618893604204
DARK,9172,-0.059091701278047054
DARK,9173,-0.1498987540282618
DARK,9174,0.12872717437791584
DARK,9175,-0.16072244670050667
DARK,9176,0.007519816222134032
DARK,9177,0.021868407956955608
DARK,9178,-0.05584584154196701
DARK,9179,0.09302500804692936
DARK,9180,-0.2544638191298757
DARK,9181,-0.05522147394669756
DARK,9182,0.008624313885233539
DARK,9183,-0.31006651283834397
DARK,9184,0.03278802634041378
DARK,9185,-0.042655427024544175
DARK,9186,0.3805311573209564
DARK,9187,0.11313484740856562
DARK,9188,-0.36885349491417274
DARK,9189,0.10199973622579064
DARK,9190,0.048987548377858965
DARK,9191,-0.11001863576283749
DARK,9192,0.014014051784007069
DARK,9193,-0.0999880624282075
DARK,9194,-0.25808297973393285
DARK,9195,-0.19603334116757445
DARK,9196,0.057729836153627166
DARK,9197,-0.2113926737555971
DARK,9198,-0.4004902563641954
DARK,9199,0.04738020456266316
DARK,9200,0.2680847722024727
DARK,9201,0.26006085053684086
DARK,9202,-0.3184510306856738
DARK,9203,-0.1482234991890716
DARK,9204,-0.08797526333165155
DARK,9205,-0.10637280297789806
DARK,9206,-0.05058290069121778
DARK,9207,-0.28182210584602685
DARK,9208,-0.2016619833575262
DARK,9209,0.21596773369045366
DARK,9210,-0.2300434530957308
DARK,9211,-0.07715604691765192
DARK,9212,0.03498967685040504
DARK,9213,0.1666110783839434
DARK,9214,0.14033785787850944
DARK,9215,0.004768389277380968
DARK,9216,-0.16242797499154413
DARK,9217,0.3806731564434856
DARK,9218,0.07581679770073789
DARK,9219,0.13870188922337529
DARK,9220,0.09127953069358967
DARK,9221,-0.008257086184566886
DARK,9222,-0.2099251012184582
DARK,9223,0.26059457472152253
DARK,9224,0.32455305706660076
DARK,9225,0.2003314152898417
DARK,9226,-0.2713472080661251
DARK,9227,0.17085391739069827
DARK,9228,0.10855347971415473
DARK,9229,0.4620692063962353
DARK,9230,0.22907073579130105
DARK,9231,0.03674684252844929
DARK,9232,-0.0025216976474957877
DARK,9233,0.276582965452638
DARK,9234,0.13251448446554637
DARK,9235,0.05704269938436263
DARK,9236,-0.13809837896260405
DARK,9237,-0.11629778899462162
DARK,9238,0.15969287165507767
DARK,9239,0.2059465567033373
DARK,9240,0.23396340994380163
DARK,9241,0.0008448207940383267
DARK,9242,0.30837756165349284
DARK,9243,-0.3060491847069982
DARK,9244,-0.019534688680420378
DARK,9245,0.03497632734563441
DARK,9246,0.4698696871947877
DARK,9247,-0.3225149224316056
DARK,9248,-0.013226991602214005
DARK,9249,0.08639277700572004
DARK,9250,0.04908641514173342
DARK,9251,0.03829468076093261
DARK,9252,0.2658141167258962
DARK,9253,-0.4350364274266065
DARK,9254,-0.1643661867910738
DARK,9255,0.45875799879130297
DARK,9256,0.19267000848385932
DARK,9257,-0.32483691471694287
DARK,9258,-0.26205831753737874
DARK,9259,0.08620133277204055
DARK,9260,0.14878399225169658
DARK,9261,0.1630186229356976
DARK,9262,0.4511982638735302
DARK,9263,0.07666261852450712
DARK,9264,-0.16077527565396255
DARK,9265,0.06502863751076628
DARK,9266,-0.20499309488972306
DARK,9267,-0.37627911176389583
DARK,9268,0.07882698773498995
DARK,9269,-0.1535360930275008
DARK,9270,-0.11255391458953432
DARK,9271,-0.07747334202697416
DARK,9272,-0.4335354846993444
DARK,9273,-0.11071489525638005
DARK,9274,-0.34981858733556964
DARK,9275,-0.21320096351958764
DARK,9276,-0.5138802534084218
DARK,9277,0.23615069622281154
DARK,9278,0.34738860000524063
DARK,9279,-0.11084974905988765
DARK,9280,0.14737813861863658
DARK,9281,-0.19903292166274764
DARK,9282,-0.060170042846475535
DARK,9283,0.07980130927931743
DARK,9284,-0.018054831318511808
DARK,9285,-0.1669617546395019
DARK,9286,0.12480914875169427
DARK,9287,0.1097178515197613
DARK,9288,0.34559350590350824
DARK,9289,0.33265259403882774
DARK,9290,-0.2608081064207929
DARK,9291,-0.034953431709580464
DARK,9292,-0.07316892674211542
DARK,9293,-0.19572645705427794
DARK,9294,-0.10691192268566457
DARK,9295,0.19017251082496134
DARK,9296,-0.15328614695222467
DARK,9297,0.15309172653458786
DARK,9298,0.15706704831293786
DARK,9299,-0.027746830329551306
DARK,9300,-0.1935517139957276
DARK,9301,-0.12028836310236435
DARK,9302,-0.08019597305808666
DARK,9303,0.11774251516316571
DARK,9304,0.202980948298679
DARK,9305,-0.20395554812977684
DARK,9306,0.2165010100933169
DARK,9307,0.03567415819098583
DARK,9308,-0.3052070125731499
DARK,9309,-0.12962513168240614
DARK,9310,0.12799147413443918
DARK,9311,0.32078503699229005
DARK,9312,0.011091020156009641
DARK,9313,-0.2104661659776405
DARK,9314,0.1328438186869094
DARK,9315,0.36236467450110027
DARK,9316,-0.5798726065844825
DARK,9317,-0.0335679323517072
DARK,9318,0.2169855310453099
DARK,9319,-0.3007645264782636
DARK,9320,-0.15302828098280707
DARK,9321,0.04230924505252708
DARK,9322,0.09679960234566039
DARK,9323,-0.1799935158123696
DARK,9324,0.0373716651676993
DARK,9325,-0.2920411185313343
DARK,9326,0.08999179503874201
DARK,9327,0.29414645018525243
DARK,9328,0.5142071429201187
DARK,9329,-0.2659025958496642
DARK,9330,-0.1728068661279264
DARK,9331,-0.16910939390941135
DARK,9332,0.08714992516399721
DARK,9333,0.48744413528164465
DARK,9334,0.01461585690443834
DARK,9335,0.2057169543834428
DARK,9336,0.1590297438420993
DARK,9337,-0.06853144077380806
DARK,9338,-0.10474873794885672
DARK,9339,-0.14451652386930006
DARK,9340,-0.2077160363018688
DARK,9341,-0.07511481840508397
DARK,9342,-0.25047857771850407
DARK,9343,-0.04484942704385841
DARK,9344,-0.31881495756427564
DARK,9345,0.04772076927909846
DARK,9346,0.1885076513338415
DARK,9347,-0.2911123936498728
DARK,9348,-0.3649883124740467
DARK,9349,-0.10779966958079308
DARK,9350,-0.034124776230181376
DARK,9351,-0.08290741329353314
DARK,9352,0.33779736401084454
DARK,9353,-0.04216980701110804
DARK,9354,-0.2604375617477158
DARK,9355,0.11607320044133744
DARK,9356,0.05386817996262066
DARK,9357,-0.2071380561884343
DARK,9358,0.04396354388729875
DARK,9359,-0.19260694024647018
DARK,9360,-0.3619241700492836
DARK,9361,0.1775170189602331
DARK,9362,0.1124033587928477
DARK,9363,-0.117621140842757
DARK,9364,0.1435497997557349
DARK,9365,0.3222007011199097
DARK,9366,-0.3342527065119196
DARK,9367,0.3772507276285466
DARK,9368,-0.2053068293496698
DARK,9369,-0.2127434172054993
DARK,9370,-0.2733431059966319
DARK,9371,0.1016216215381575
DARK,9372,-0.309030610718272
DARK,9373,-0.25150203210232486
DARK,9374,-0.05906337892252826
DARK,9375,0.056817299454674786
DARK,9376,-0.3830902436444082
DARK,9377,-0.10250349310067743
DARK,9378,-0.1434887288066838
DARK,9379,0.028602611564784948
DARK,9380,-0.10005705153435439
DARK,9381,0.25476460256837113
DARK,9382,-0.28518362019966176
DARK,9383,0.09108347168750446
DARK,9384,-0.2942049505712849
DARK,9385,0.14445684723093052
DARK,9386,-0.15046479093755705
DARK,9387,-0.2157830346259107
DARK,9388,0.14562517301593197
DARK,9389,-0.333662908636635
DARK,9390,0.04597352238576397
DARK,9391,0.14352502422391067
DARK,9392,-0.2471323658845441
DARK,9393,0.18467918709380532
DARK,9394,0.10550209043901364
DARK,9395,-0.4254877010579932
DARK,9396,0.14598535112135036
DARK,9397,-0.011203055509324863
DARK,9398,-0.030701440224620864
DARK,9399,-0.05497241514146659
DARK,9400,-0.15214731087678782
DARK,9401,0.47840490223044774
DARK,9402,0.3137202288065133
DARK,9403,0.24598245925514778
DARK,9404,-0.032850588046864096
DARK,9405,0.08865820523375773
DARK,9406,0.041009922425202995
DARK,9407,-0.03070776816487523
DARK,9408,0.3356329659324112
DARK,9409,0.15945072421657175
DARK,9410,-0.1625940555172764
DARK,9411,-0.06244661620581948
DARK,9412,-0.05081623793214061
DARK,9413,0.12256562445859798
DARK,9414,-0.12454874257682384
DARK,9415,-0.1759283313493916
DARK,9416,-0.3560484295951295
DARK,9417,0.0007324444870691934
DARK,9418,0.024994184473149817
DARK,9419,0.2707515551938214
DARK,9420,0.3067903437258312
DARK,9421,-0.2852925084556337
DARK,9422,0.10535680479448882
DARK,9423,0.16233093357289557
DARK,9424,0.1995620501992762
DARK,9425,0.023068867419102176
DARK,9426,0.2857956108255315
DARK,9427,0.21719910212317767
DARK,9428,-0.34915075460789374
DARK,9429,-0.2057764444787635
DARK,9430,-0.013962411141100115
DARK,9431,0.4574285614478083
DARK,9432,-0.03665381030239706
DARK,9433,-0.04527470770355159
DARK,9434,-0.02164402950988435
DARK,9435,-0.17250200523217826
DARK,9436,0.024803728889305748
DARK,9437,0.015173280207533255
DARK,9438,0.042495804797912894
DARK,9439,-0.10367769421690083
DARK,9440,-0.05225498121051253
DARK,9441,0.24077360050042354
DARK,9442,0.3111148363271609
DARK,9443,-0.13687300793051202
DARK,9444,0.37243159567470563
DARK,9445,0.12033581173547224
DARK,9446,-0.028081703480528762
DARK,9447,0.16249823557911397
DARK,9448,0.29968622759763136
DARK,9449,0.15810050016241858
DARK,9450,-0.42590527241592374
DARK,9451,0.07984967414565064
DARK,9452,0.12241477484551536
DARK,9453,0.5110234761746641
DARK,9454,0.39095070751023303
DARK,9455,0.19641547807524992
DARK,9456,-0.1921237424206337
DARK,9457,-0.0005655603649696357
DARK,9458,-0.19655650117379384
DARK,9459,0.2904797540846506
DARK,9460,-0.3295352955864399
DARK,9461,0.2947499675470248
DARK,9462,-0.12709530436641703
DARK,9463,-0.15483873220047306
DARK,9464,0.1657511572221018
DARK,9465,-0.022993558151219756
DARK,9466,-0.19650063071319168
DARK,9467,0.002441252982576074
DARK,9468,0.230011613872529
DARK,9469,0.4221973452812628
DARK,9470,0.037010165291705734
DARK,9471,-0.13447048360207348
DARK,9472,-0.2969909108987162
DARK,9473,-0.0526912783264699
DARK,9474,-0.12934087637386393
DARK,9475,0.05508784932547709
DARK,9476,0.14471599617229147
DARK,9477,0.3616931346737379
DARK,9478,0.02469660462117835
DARK,9479,0.3470804947902871
DARK,9480,-0.1286752521155286
DARK,9481,-0.10749300346937568
DARK,9482,-0.14886892201296573
DARK,9483,0.07806941696756202
DARK,9484,-0.23300325199955502
DARK,9485,-0.31283802436559155
DARK,9486,0.07723348468498796
DARK,9487,0.37736024176440686
DARK,9488,-0.24979278678863168
DARK,9489,0.34395813720036583
DARK,9490,-0.2533105949560183
DARK,9491,-0.1188975458365778
DARK,9492,-0.09594334849721965
DARK,9493,-0.34958136723019095
DARK,9494,0.02979637330748203
DARK,9495,0.02693917388156691
DARK,9496,-0.08347537655944558
DARK,9497,-0.2384829415698905
DARK,9498,-0.05019263095444511
DARK,9499,-0.0486750959564983
DARK,9500,-0.19346899695072167
DARK,9501,-0.19470630344928125
DARK,9502,0.05886044649703985
DARK,9503,-0.32525826225513393
DARK,9504,-0.36358141527867904
DARK,9505,-0.33400243507365884
DARK,9506,0.023883802792284827
DARK,9507,0.1450198640573136
DARK,9508,-0.315395958967046
DARK,9509,0.10497195350367924
DARK,9510,0.13883614661918403
DARK,9511,-0.2586073044357801
DARK,9512,-0.10695519166835209
DARK,9513,-0.10260938942436747
DARK,9514,0.19453108485590256
DARK,9515,-0.24916054406803959
DARK,9516,-0.1950986914832782
DARK,9517,-0.05398343660095479
DARK,9518,0.003251058354551777
DARK,9519,-0.2567009024010782
DARK,9520,-0.03318339335966002
DARK,9521,0.16507025022569588
DARK,9522,-0.0619759371365775
DARK,9523,-0.07926352232561817
DARK,9524,0.3806083591576496
DARK,9525,-0.20082862237380938
DARK,9526,-0.07589584207502542
DARK,9527,-0.20274893334327862
DARK,9528,-0.10202511311798435
DARK,9529,0.14971406928514872
DARK,9530,-0.3756118023912532
DARK,9531,0.11074273225119223
DARK,9532,-0.3180422219794808
DARK,9533,-0.08587405953306562
DARK,9534,-0.021216997575226288
DARK,9535,-0.08209678174067916
DARK,9536,-0.2334190700513646
DARK,9537,-0.16519068758667033
DARK,9538,-0.25358205026479086
DARK,9539,-0.11614260446079397
DARK,9540,-0.3218905684853956
DARK,9541,0.275624502353971
DARK,9542,0.22884526852930662
DARK,9543,0.018514596933605857
DARK,9544,0.3429700498450859
DARK,9545,0.15588800784963258
DARK,9546,-0.2987422013675596
DARK,9547,-0.16501980727705873
DARK,9548,0.0060182213679319495
DARK,9549,0.11275766232975512
DARK,9550,0.23942514099316767
DARK,9551,-0.14524860297621844
DARK,9552,-0.233370198887602
DARK,9553,0.43692525536278576
DARK,9554,-0.2600487813605569
DARK,9555,-0.08313892646010992
DARK,9556,-0.04202912439178009
DARK,9557,0.17797727699988528
DARK,9558,-0.03335728349173241
DARK,9559,-0.43525504590946684
DARK,9560,0.2919234682748368
DARK,9561,0.19738036313159646
DARK,9562,0.2748780061141745
DARK,9563,-0.1441365403303111
DARK,9564,0.2970323469286084
DARK,9565,-0.25727427602843295
DARK,9566,0.3113002992316373
DARK,9567,0.05342288906539742
DARK,9568,0.08471430419750109
DARK,9569,-0.1117485936584178
DARK,9570,-0.09880048525747578
DARK,9571,0.047803728890041315
DARK,9572,-0.2520942069579318
DARK,9573,0.4306410446917267
DARK,9574,0.11062272192947077
DARK,9575,0.029913228590539298
DARK,9576,0.25779262981006523
DARK,9577,0.14975790327232597
DARK,9578,0.027392681779604546
DARK,9579,0.07208467914250162
DARK,9580,0.18644246881078014
DARK,9581,0.10041056895513002
DARK,9582,0.17307055176847752
DARK,9583,0.4576543121069056
DARK,9584,-0.0457681628218169
DARK,9585,-0.12850932703169998
DARK,9586,0.18138657603875566
DARK,9587,-0.06780519718512094
DARK,9588,-0.1541975901647125
DARK,9589,-0.31278536838549575
DARK,9590,0.05719379606020201
DARK,9591,-0.26994148207447
DARK,9592,0.21933206243491177
DARK,9593,0.2598121154482423
DARK,9594,0.024695040417760415
DARK,9595,0.027288540473364545
DARK,9596,-0.037165632893643726
DARK,9597,0.043670728697195786
DARK,9598,-0.03190230001266869
DARK,9599,0.16553525452755632
DARK,9600,-0.12439652535970316
DARK,9601,-0.0606262550274106
DARK,9602,-0.2854922832642185
DARK,9603,0.0010812383890363938
DARK,9604,-0.3320471466239831
DARK,9605,-0.01792310889831392
DARK,9606,-0.0389831471135222
DARK,9607,0.15723273429307708
DARK,9608,0.35177194797255745
DARK,9609,-0.1512497804899781
DARK,9610,-0.5482634217520164
DARK,9611,0.26377626333277077
DARK,9612,-0.3233533242089844
DARK,9613,0.12729446756148263
DARK,9614,0.09948592995536142
DARK,9615,-0.19693209406560583
DARK,9616,-0.3366310255442502
DARK,9617,0.4254513037759384
DARK,9618,0.11209182968933538
DARK,9619,0.07252232742532634
DARK,9620,0.5000997638159993
DARK,9621,-0.1238553982039838
DARK,9622,0.2636741361875686
DARK,9623,-0.1157067191480634
DARK,9624,-0.04807875036628829
DARK,9625,-0.13216116181369864
DARK,9626,0.12481005584665655
DARK,9627,-0.006077765947047772
DARK,9628,0.20540644967360944
DARK,9629,0.20240813274849628
DARK,9630,-0.3386358775272843
DARK,9631,-0.023069909368924623
DARK,9632,0.3233673837647722
DARK,9633,-0.3737234720744747
DARK,9634,-0.06439940490023476
DARK,9635,0.19914791198846055
DARK,9636,0.08921798009251666
DARK,9637,0.006075383099230722
DARK,9638,-0.22368042852194842
DARK,9639,-0.1710652294681739
DARK,9640,-0.3154087189914465
DARK,9641,-0.19635607339691605
DARK,9642,0.03741515631692168
DARK,9643,-0.18433659541763314
DARK,9644,-0.016888049122351825
DARK,9645,-0.11595817134649462
DARK,9646,-0.04178009469911601
DARK,9647,0.24288514431921226
DARK,9648,-0.07494810462684945
DARK,9649,-0.17262746985435595
DARK,9650,-0.2486857638219711
DARK,9651,-0.3764569590324952
DARK,9652,-0.2475514198572278
DARK,9653,0.09619594371211578
DARK,9654,-0.1151253531836898
DARK,9655,-0.005586707318877544
DARK,9656,0.18532979702036181
DARK,9657,-0.1100423950502958
DARK,9658,-0.15191140219185503
DARK,9659,-0.1516360433664341
DARK,9660,0.053333843278749356
DARK,9661,-0.0755386187875843
DARK,9662,0.1524327863349288
DARK,9663,-0.04294181938993199
DARK,9664,-0.2132622176927211
DARK,9665,0.22860523288047083
DARK,9666,0.13567573526293847
DARK,9667,-0.022325191450862366
DARK,9668,0.23803978227863912
DARK,9669,0.11440172081434129
DARK,9670,0.25361688028484
DARK,9671,0.13569194468869009
DARK,9672,0.039454455042263734
DARK,9673,-0.2747406110947807
DARK,9674,-0.06196042894890523
DARK,9675,-0.3598295288998862
DARK,9676,-0.024975713412888293
DARK,9677,0.1728085418455633
DARK,9678,-0.04409953947851007
DARK,9679,0.49673263476228857
DARK,9680,0.45322927572171634
DARK,9681,-0.2485432680361294
DARK,9682,-0.28893291646067865
DARK,9683,-0.13607248996218343
DARK,9684,0.07500036413023067
DARK,9685,0.26588976866246367
DARK,9686,-0.4506752437299981
DARK,9687,-0.04052151280246271
DARK,9688,-0.2684359842347493
DARK,9689,0.0006939795799246589
DARK,9690,-0.26052844384579726
DARK,9691,0.05365505407119363
DARK,9692,-0.14839359813378022
DARK,9693,0.010301093094315006
DARK,9694,-0.11742591242306945
DARK,9695,-0.07764804592328131
DARK,9696,-0.09006543999757978
DARK,9697,0.33971639132907305
DARK,9698,0.24032941138115752
DARK,9699,-0.13831343657359899
DARK,9700,-0.10583568423276572
DARK,9701,-0.04838300297459042
DARK,9702,0.045860517452258644
DARK,9703,-0.15881848727619857
DARK,9704,-0.11274108773468446
DARK,9705,0.5063316537219028
DARK,9706,0.18570391840217343
DARK,9707,0.41000453072522847
DARK,9708,0.22276116317779357
DARK,9709,0.038525773611808554
DARK,9710,-0.24899273317634057
DARK,9711,-0.2797120836638332
DARK,9712,0.2287465009648602
DARK,9713,-0.28531641023908183
DARK,9714,0.14553326210384396
DARK,9715,-0.4527732890243731
DARK,9716,0.027145171661775516
DARK,9717,0.10966280151927948
DARK,9718,0.10878577532419997
DARK,9719,0.06559329477698922
DARK,9720,-0.06980445274382964
DARK,9721,-0.07981703052376075
DARK,9722,0.290383562610653
DARK,9723,-0.46247561751083227
DARK,9724,0.048358628397881936
DARK,9725,-0.2692387275110477
DARK,9726,-0.3502280212428564
DARK,9727,-0.2887519671521902
DARK,9728,-0.041471320140401884
DARK,9729,0.054549225869373
DARK,9730,-0.298252720075224
DARK,9731,0.22871492403961036
DARK,9732,0.3317018396362691
DARK,9733,0.2805681352504769
DARK,9734,-0.2466184661000119
DARK,9735,-0.2891662913992036
DARK,9736,-0.13345209663297586
DARK,9737,0.052545141224693295
DARK,9738,-0.07410693439710762
DARK,9739,0.2705534509146226
DARK,9740,-0.2623850434213016
DARK,9741,0.1958648102131705
DARK,9742,0.30752828615744676
DARK,9743,-0.1881364488465373
DARK,9744,0.04854098298856286
DARK,9745,0.031946025187231844
DARK,9746,-0.09601288234228447
DARK,9747,0.14410144687542015
DARK,9748,0.07938880057182812
DARK,9749,0.2600566597461528
DARK,9750,-0.12547913254065604
DARK,9751,0.004753665726503511
DARK,9752,-0.26709685378296727
DARK,9753,0.36227486321051944
DARK,9754,-0.10819427828426154
DARK,9755,0.13655377229205037
DARK,9756,-0.17013957506601668
DARK,9757,-0.08929673538093823
DARK,9758,-0.23381355418240748
DARK,9759,0.3675084567356756
DARK,9760,0.341989190401409
DARK,9761,0.021006779197354778
DARK,9762,0.07561307903605811
DARK,9763,-0.10090334344243279
DARK,9764,-0.003506789779487448
DARK,9765,-0.3522815738189287
DARK,9766,0.05539385748871623
DARK,9767,0.5208571198900575
DARK,9768,0.3570950295117838
DARK,9769,-0.04139439126640848
DARK,9770,0.06437740372383588
DARK,9771,0.4629452214230072
DARK,9772,-0.24345881756559395
DARK,9773,-0.015837994045055318
DARK,9774,-0.10759315767471299
DARK,9775,-0.09108172681013486
DARK,9776,-0.2792724755107095
DARK,9777,-0.059102780989485376
DARK,9778,0.12648944068354673
DARK,9779,-0.2599254014947836
DARK,9780,0.0875050268319185
DARK,9781,0.2095584045836672
DARK,9782,-0.07012471087940872
DARK,9783,-0.22350698029100316
DARK,9784,-0.0760587143308059
DARK,9785,-0.0666015552156151
DARK,9786,0.08289747873601612
DARK,9787,0.2884110489474191
DARK,9788,-0.07734822138312895
DARK,9789,-0.5044999164403918
DARK,9790,-0.15714593497591306
DARK,9791,-0.04781743629240655
DARK,9792,-0.33591525785203874
DARK,9793,0.5158035562322879
DARK,9794,0.05484510432565556
DARK,9795,-0.19144537199638306
DARK,9796,-0.11324130350612512
DARK,9797,-0.07930878880201066
DARK,9798,-0.07086176697117415
DARK,9799,0.013690467574996716
DARK,9800,-0.037799403568105086
DARK,9801,0.42325897413826424
DARK,9802,-0.24132419787697207
DARK,9803,0.0003663454948015983
DARK,9804,-0.1881569260179516
DARK,9805,-0.2094512382888092
DARK,9806,0.02534419823959138
DARK,9807,0.15719081557535516
DARK,9808,0.13128963303262953
DARK,9809,0.11359295968859277
DARK,9810,0.32643237278522086
DARK,9811,-0.024182617645175306
DARK,9812,-0.17283053748898075
DARK,9813,-0.309787802931145
DARK,9814,0.07017504187246332
DARK,9815,0.2538254343105269
DARK,9816,-0.2745793473799182
DARK,9817,0.006104449540710633
DARK,9818,-0.250817489346202
DARK,9819,-0.09439846737168438
DARK,9820,-0.00020061922564153153
DARK,9821,0.267948323990711
DARK,9822,0.13049115805133377
DARK,9823,-0.11771585350053217
DARK,9824,0.08516479234090277
DARK,9825,-0.37278229218362796
DARK,9826,0.028537537061785082
DARK,9827,-0.009067063283669019
DARK,9828,0.07886077439207347
DARK,9829,0.2807559010556352
DARK,9830,-0.04465659516782751
DARK,9831,-0.11735097408291813
DARK,9832,0.11788390883398457
DARK,9833,-0.20680401953292474
DARK,9834,-0.0062495651705870405
DARK,9835,0.04679170758884927
DARK,9836,0.260963503445558
DARK,9837,-0.07316643714471457
DARK,9838,-0.28469909610613486
DARK,9839,-0.1683742587634235
DARK,9840,0.23374623067593003
DARK,9841,-0.12044242786377843
DARK,9842,0.16328986906137066
DARK,9843,0.010453046634189167
DARK,9844,0.21994949252149282
DARK,9845,-0.24771785309827302
DARK,9846,-0.1092936298569993
DARK,9847,0.04437475598543905
DARK,9848,-0.14718614651236453
DARK,9849,0.03933133671023651
DARK,9850,-0.3396191729234981
DARK,9851,-0.15180687867105083
DARK,9852,-0.3450379465487749
DARK,9853,0.28912033490542643
DARK,9854,-0.09366067334640388
DARK,9855,0.27950094152423777
DARK,9856,-0.2576371714585127
DARK,9857,-0.06332048171423811
DARK,9858,0.17372173887459819
DARK,9859,-0.21547152133658548
DARK,9860,-0.2317297370452641
DARK,9861,-0.23329613319216597
DARK,9862,0.07486569713039723
DARK,9863,0.014507463835291258
DARK,9864,-0.21126069356880442
DARK,9865,-0.41999490084824587
DARK,9866,0.06567482768236543
DARK,9867,-0.24255287321974942
DARK,9868,-0.059730855441195746
DARK,9869,-0.2504136175044614
DARK,9870,0.24423754337713985
DARK,9871,0.2967645667145225
DARK,9872,0.10491139379867796
DARK,9873,0.015143871646565409
DARK,9874,-0.275700869285378
DARK,9875,-0.20983073225510726
DARK,9876,0.13625594779712177
DARK,9877,-0.04064033434303554
DARK,9878,-0.2208585164393959
DARK,9879,-0.12643470951715133
DARK,9880,0.2084882536028457
DARK,9881,0.39566838876545735
DARK,9882,-0.06418204669618768
DARK,9883,0.04544496770705457
DARK,9884,0.32609951653699404
DARK,9885,-0.2982333598418374
DARK,9886,0.16028527524091798
DARK,9887,-0.02469318624711794
DARK,9888,0.07634286783652208
DARK,9889,0.22751987505913132
DARK,9890,-0.2794073308395195
DARK,9891,-0.34205972139526936
DARK,9892,-0.14710364711504847
DARK,9893,0.19393477434338252
DARK,9894,-0.030526180190641194
DARK,9895,0.3146216354431311
DARK,9896,0.033565278638422506
DARK,9897,0.027036800946515147
DARK,9898,0.34773212550165944
DARK,9899,-0.09036072914327824
DARK,9900,0.09093871657256684
DARK,9901,-0.18230799810398388
DARK,9902,0.14260884072556096
DARK,9903,-0.07192304488138687
DARK,9904,-0.12980359562011273
DARK,9905,0.07519729661236145
DARK,9906,0.1307855831044393
DARK,9907,0.2916573404855786
DARK,9908,0.050887762411399286
DARK,9909,-0.24023646949192545
DARK,9910,0.21231233877734074
DARK,9911,-0.2664118861017249
DARK,9912,-0.006301472694727847
DARK,9913,-0.0448408390144991
DARK,9914,0.5047275921767919
DARK,9915,-0.21347908778360467
DARK,9916,-0.17178801897808266
DARK,9917,0.4229269431849348
DARK,9918,-0.2421586431352883
DARK,9919,-0.14711847275810427
DARK,9920,0.0023879168863325546
DARK,9921,-0.25954011198697474
DARK,9922,0.07022085278676224
DARK,9923,-0.2477504978369681
DARK,9924,-0.08295854143086388
DARK,9925,0.23754081943590483
DARK,9926,0.4174272448181174
DARK,9927,-0.24324630174585776
DARK,9928,-0.24945553193929182
DARK,9929,-0.04237568082183825
DARK,9930,0.061702306885926546
DARK,9931,-0.03232505234397757
DARK,9932,-0.23476820911953558
DARK,9933,0.013620277592756157
DARK,9934,-0.15749417406918614
DARK,9935,0.3580736563430378
DARK,9936,0.2501582664464914
DARK,9937,-0.07642654086719848
DARK,9938,-0.02255798480801529
DARK,9939,0.10647027231862059
DARK,9940,-0.06798257066487944
DARK,9941,0.048524549164651744
DARK,9942,0.08149721494487179
DARK,9943,-0.3032070053439634
DARK,9944,-0.007318922368468355
DARK,9945,-0.01986969833395392
DARK,9946,-0.23797582095149486
DARK,9947,0.2052122210519387
DARK,9948,-0.30006873517595356
DARK,9949,-0.1787158790408251
DARK,9950,0.20365214944166043
DARK,9951,-0.12741159640232497
DARK,9952,-0.2810165118046901
DARK,9953,0.09763793844661593
DARK,9954,-0.17429863311564167
DARK,9955,-0.04990915386924528
DARK,9956,0.23104210003487463
DARK,9957,-0.11034047173496002
DARK,9958,0.023746520560409594
DARK,9959,0.28766599530972436
DARK,9960,-0.24350538604251415
DARK,9961,-0.23621460462414812
DARK,9962,0.08634049126321702
DARK,9963,-0.15681040999781498
DARK,9964,0.09517330085247987
DARK,9965,-0.19879135491470581
DARK,9966,0.059768425836680024
DARK,9967,0.306096175898817
DARK,9968,-0.1466319296507367
DARK,9969,-0.10744780719597295
DARK,9970,0.23776452048398858
DARK,9971,-0.22697714468559174
DARK,9972,0.18698047054670658
DARK,9973,-0.24619049690299497
DARK,9974,-0.08107490887203153
DARK,9975,0.3481334691042873
DARK,9976,-0.14049806572296675
DARK,9977,-0.29851954813789766
DARK,9978,-0.2105661072652677
DARK,9979,-0.03257602889139369
DARK,9980,0.3178130851640559
DARK,9981,-0.10686528941767595
DARK,9982,-0.09047357359201369
DARK,9983,0.007393037931205892
DARK,9984,0.07539177058770628
DARK,9985,0.06930068339008522
DARK,9986,-0.014926416460355703
DARK,9987,0.010535188964119209
DARK,9988,-0.1390436493458214
DARK,9989,-0.06757860257840598
DARK,9990,0.0979091674037882
DARK,9991,-0.07440899349632282
DARK,9992,-0.16981263613381964
DARK,9993,-0.3039182665330314
DARK,9994,0.4958793240474253
DARK,9995,0.30029553670738174
DARK,9996,0.41137546637029015
DARK,9997,0.036470154154130595
DARK,9998,0.11418016366861278
