FOLD,LABEL,OFFSET_KMS,COMPONENT
0,BACKUP:20211125,1.5930674639793327,0
0,BACKUP:20211206,1.3875245767443323,0
0,BACKUP:20211207,1.4067481667749477,0
0,BACKUP:20211216,6.042351465062777,0
0,BACKUP:20211217,2.869236162924667,0
0,BACKUP:20211218,2.0285265718771286,0
0,BACKUP:20211220,1.0756338761096103,0
0,BACKUP:20220101,0.8606462629989485,0
0,BACKUP:20220107,-2.3418985690880265,1
0,BACKUP:20220109,2.3418985690880265,1
0,BACKUP:20220111,0.7903706223708649,0
0,BACKUP:20220112,-2.5555483486047144,0
0,BACKUP:20220113,-2.1612099832962173,0
0,BACKUP:20220114,0.2234775312338151,0
0,BACKUP:20220121,-1.0820421797368203,0
0,BACKUP:20220122,2.2715069494023896,0
0,BACKUP:20220123,-0.8325257797895428,0
0,BACKUP:20220126,-7.828091610341749,0
0,BACKUP:20220127,-0.7337146057471903,0
0,BACKUP:20220128,1.4444620423423036,0
0,BACKUP:20220129,-0.44851064557021053,0
0,BACKUP:20220131,-0.9401994770904879,0
0,BACKUP:20220203,0.3342803767240266,0
0,BACKUP:20220205,-4.74721021234507,0
0,BACKUP:20220206,0.2795339131016921,0
0,BACKUP:20220207,-5.028084226624556,0
0,BACKUP:20220210,-0.3259471976451071,0
0,BACKUP:20220216,0.016388251589081096,0
0,BACKUP:20220217,0.2711086506365975,0
0,BACKUP:20220221,-2.654963404140872,0
0,BACKUP:20220227,1.3532129460850522,0
0,BACKUP:20220302,-0.6905221637537111,0
0,BACKUP:20220303,-1.2853139639402746,0
0,BACKUP:20220305,-5.343488499570234,0
0,BACKUP:20220310,1.8986730219759291,0
0,BACKUP:20220312,0.09768878913821769,0
0,BACKUP:20220313,-0.009395122905272613,0
0,BACKUP:20220315,-2.4114498992128253,0
0,BACKUP:20220316,-0.7850473114622404,0
0,BACKUP:20220317,-0.35935138284529944,0
0,BACKUP:20220318,-1.0369496921256869,0
0,BACKUP:20220319,-1.0643270400253078,0
0,BACKUP:20220325,2.7977136509336513,0
0,BACKUP:20220331,-10.625917698243487,0
0,BACKUP:20220409,0.45711110625675994,0
0,BACKUP:20220412,-0.9407065304947435,0
0,BACKUP:20220413,-0.143896389554256,0
0,BACKUP:20220416,-1.5021127027407761,0
0,BACKUP:20220417,-0.48543709527565865,0
0,BACKUP:20220418,-2.0459053054381107,0
0,BACKUP:20220422,0.8814651475583546,0
0,BACKUP:20220423,-0.2455249544858576,0
0,BACKUP:20220426,0.49759931578721756,0
0,BACKUP:20220429,-0.8096777671169955,0
0,BACKUP:20220430,-2.248934196893312,0
0,BACKUP:20220502,1.1871237739711202,0
0,BACKUP:20220503,-0.6186101884554494,0
0,BACKUP:20220504,1.4439657058477022,0
0,BACKUP:20220505,0.8445060617442622,0
0,BACKUP:20220506,1.7259045434206748,0
0,BACKUP:20220507,-0.7643127305982736,0
0,BACKUP:20220509,-0.8372834941411585,0
0,BACKUP:20220510,-0.44235749754339176,0
0,BACKUP:20220511,-1.367745951425133,0
0,BACKUP:20220513,-1.1810252593511255,0
0,BACKUP:20220514,-1.1332778322477908,0
0,BACKUP:20220515,-1.6191552812540433,0
0,BACKUP:20220516,1.5649103146209724,0
0,BACKUP:20220518,2.1812996030787737,0
0,BACKUP:20220522,-0.16267420079771117,0
0,BACKUP:20220523,-0.02149146253548002,0
0,BACKUP:20220524,1.0276092188906176,0
0,BACKUP:20220525,0.7261129225171519,0
0,BACKUP:20220526,-0.9407205702734522,0
0,BACKUP:20220527,-0.04660588245553967,0
0,BACKUP:20220528,-0.23006948424288273,0
0,BACKUP:20220529,0.11722972299995388,0
0,BACKUP:20220530,1.4400207867034671,0
0,BACKUP:20220601,-0.24719176661757183,0
0,BACKUP:20220603,-1.4375372390639565,0
0,BACKUP:20220604,1.6064997253914823,0
0,BACKUP:20220605,-0.3563126119307308,0
0,BACKUP:20220607,-0.43338128415312793,0
0,BACKUP:20220608,-1.4849694388356836,0
0,BACKUP:20220609,-0.07087766287341067,0
0,BACKUP:20220610,0.02633829589412838,0
0,BACKUP:20220611,-0.5029367018025537,0
0,BACKUP:20220612,-0.770023526071851,0
0,BACKUP:20220613,-0.38322705863197437,0
0,BRIGHT:20210514,0.350910858521727,0
0,BRIGHT:20210515,0.18695464762699388,0
0,BRIGHT:20210516,0.10529164346686402,0
0,BRIGHT:20210517,0.19552377797933726,0
0,BRIGHT:20210518,-0.7065812736038725,0
0,BRIGHT:20210519,-0.4224246173601163,0
0,BRIGHT:20210521,-0.3845521381333851,0
0,BRIGHT:20210522,-0.7548469199324643,0
0,BRIGHT:20210523,-0.9782829371419114,0
0,BRIGHT:20210528,-0.06241345339654746,0
0,BRIGHT:20210530,-0.08113585515022141,0
0,BRIGHT:20210531,0.418328566186199,0
0,BRIGHT:20210602,0.20246102654525835,0
0,BRIGHT:20210603,-0.20780881466212045,0
0,BRIGHT:20210604,-0.0871747925283736,0
0,BRIGHT:20210605,-0.023603292342172223,0
0,BRIGHT:20210606,-0.02902626947243182,0
0,BRIGHT:20210607,0.7318500777043286,0
0,BRIGHT:20210608,0.5301700493746654,0
0,BRIGHT:20210609,0.2690439257909522,0
0,BRIGHT:20210610,-0.5066391403479885,0
0,BRIGHT:20210611,0.5234072652660902,0
0,BRIGHT:20210612,0.03276743315080035,0
0,BRIGHT:20210613,-0.30857122334606185,0
0,BRIGHT:20210614,1.4284720015594436,0
0,BRIGHT:20210615,-0.28849793351240344,0
0,BRIGHT:20210616,1.4585375115709858,0
0,BRIGHT:20210617,-0.2671808866719902,0
0,BRIGHT:20210618,-0.26660698961847273,0
0,BRIGHT:20210619,-0.22281755530276023,0
0,BRIGHT:20210620,-0.6185923767032178,0
0,BRIGHT:20210621,1.4626173603103576,0
0,BRIGHT:20210626,-0.3325132669188056,0
0,BRIGHT:20210627,-0.24386447890456325,0
0,BRIGHT:20210628,0.4889734046702243,0
0,BRIGHT:20210705,0.893995940984531,0
0,BRIGHT:20210706,0.7956938599110266,0
0,BRIGHT:20210708,1.2811397774152185,0
0,BRIGHT:20210709,0.5971373238872248,0
0,BRIGHT:20210921,-0.5480034673456685,0
0,BRIGHT:20210923,-0.29271036757081986,0
0,BRIGHT:20210926,0.32250912326324166,0
0,BRIGHT:20210927,0.37172051106363657,0
0,BRIGHT:20210928,0.42568026724086583,0
0,BRIGHT:20210930,0.009067789885372551,0
0,BRIGHT:20211001,0.6906144062856313,0
0,BRIGHT:20211002,0.5982789204224273,0
0,BRIGHT:20211003,0.4218525921332509,0
0,BRIGHT:20211005,0.21220317789212353,0
0,BRIGHT:20211006,0.879915468161866,0
0,BRIGHT:20211009,0.616865617600492,0
0,BRIGHT:20211014,-0.5139829362408869,0
0,BRIGHT:20211015,0.20955713460663342,0
0,BRIGHT:20211016,-0.946287711328639,0
0,BRIGHT:20211019,-1.1755303371021752,0
0,BRIGHT:20211020,-0.7078137609354237,0
0,BRIGHT:20211021,-0.7215831198729115,0
0,BRIGHT:20211022,-0.6238103407148952,0
0,BRIGHT:20211023,-0.7925692553564654,0
0,BRIGHT:20211024,-0.5508091679239325,0
0,BRIGHT:20211026,0.49216805071031094,0
0,BRIGHT:20211029,-1.0423226270341233,0
0,BRIGHT:20211031,-2.648391114863768,0
0,BRIGHT:20211101,0.7252589695966698,0
0,BRIGHT:20211103,-3.0521443879053303,0
0,BRIGHT:20211105,-1.3303238131036512,0
0,BRIGHT:20211106,0.5369494740384089,0
0,BRIGHT:20211107,-1.12572372500041,0
0,BRIGHT:20211110,-0.3198423880591149,0
0,BRIGHT:20211111,0.6706920045209487,0
0,BRIGHT:20211112,-0.26416705860986034,0
0,BRIGHT:20211113,-1.0137239210567737,0
0,BRIGHT:20211114,-0.6089495197795535,0
0,BRIGHT:20211115,-1.0547048677480948,0
0,BRIGHT:20211116,-0.6559910056155002,0
0,BRIGHT:20211117,-0.8392220192752426,0
0,BRIGHT:20211118,-1.2110736476098913,0
0,BRIGHT:20211119,-1.0770522835764373,0
0,BRIGHT:20211120,0.46331310670945025,0
0,BRIGHT:20211122,-0.4025005508853753,0
0,BRIGHT:20211125,-0.05714659868650541,0
0,BRIGHT:20211126,-0.649537862669739,0
0,BRIGHT:20211127,0.07823977431636472,0
0,BRIGHT:20211128,-0.9103062153356773,0
0,BRIGHT:20211129,-1.1539342602898468,0
0,BRIGHT:20211130,-1.5105547845226477,0
0,BRIGHT:20211201,0.08878922084090282,0
0,BRIGHT:20211202,-1.3227766726756713,0
0,BRIGHT:20211203,0.40481502935075964,0
0,BRIGHT:20211204,-0.5776575813695503,0
0,BRIGHT:20211205,-0.9614188637603179,0
0,BRIGHT:20211206,0.48849730735239244,0
0,BRIGHT:20211207,0.37448530753228354,0
0,BRIGHT:20211208,-0.4720913995816983,0
0,BRIGHT:20211210,0.6433670076376226,0
0,BRIGHT:20211211,-0.49434930750118194,0
0,BRIGHT:20211212,-0.5139287721729046,0
0,BRIGHT:20211215,-0.5530340580918367,0
0,BRIGHT:20211216,-0.43742941011067266,0
0,BRIGHT:20211217,0.3669319825621334,0
0,BRIGHT:20211218,-0.9111380633771989,0
0,BRIGHT:20211219,-0.16290010298459603,0
0,BRIGHT:20211220,0.14960746669067415,0
0,BRIGHT:20211222,-0.14753047538960576,0
0,BRIGHT:20220101,0.777451766696596,0
0,BRIGHT:20220102,-0.5961745228957811,0
0,BRIGHT:20220103,-0.20656088281337914,0
0,BRIGHT:20220104,-0.23547266758599059,0
0,BRIGHT:20220105,0.927419283812691,0
0,BRIGHT:20220106,-0.350418410882541,0
0,BRIGHT:20220107,-1.0001821211581803,0
0,BRIGHT:20220108,0.03612660110626479,0
0,BRIGHT:20220109,0.17945472752903688,0
0,BRIGHT:20220111,0.5689510373383067,0
0,BRIGHT:20220112,-1.1412145852036086,0
0,BRIGHT:20220113,-0.41729931776374635,0
0,BRIGHT:20220114,-0.5175555274558997,0
0,BRIGHT:20220119,-0.704805282386782,0
0,BRIGHT:20220120,-0.4282262885052229,0
0,BRIGHT:20220121,-0.45393695067183826,0
0,BRIGHT:20220122,-0.1613527943092328,0
0,BRIGHT:20220123,-0.3451237465968672,0
0,BRIGHT:20220124,-0.4916183868996505,0
0,BRIGHT:20220125,0.03562556770557628,0
0,BRIGHT:20220126,0.09292476271187187,0
0,BRIGHT:20220127,-0.11960030657701301,0
0,BRIGHT:20220129,0.06238409844938697,0
0,BRIGHT:20220130,0.3450334333860495,0
0,BRIGHT:20220131,0.547132297019375,0
0,BRIGHT:20220201,-0.08283259419743189,0
0,BRIGHT:20220202,0.005158280869882076,0
0,BRIGHT:20220203,0.3220575566384675,0
0,BRIGHT:20220204,-1.0652537630804475,0
0,BRIGHT:20220205,-0.6311674281456164,0
0,BRIGHT:20220206,0.7399272817847605,0
0,BRIGHT:20220207,-0.09942346964157997,0
0,BRIGHT:20220208,-0.44729653323052837,0
0,BRIGHT:20220209,-0.47324557199982414,0
0,BRIGHT:20220210,-1.1110189144868718,0
0,BRIGHT:20220211,-1.0218129885805143,0
0,BRIGHT:20220212,-0.8923817976071211,0
0,BRIGHT:20220213,-1.2595924124609803,0
0,BRIGHT:20220217,-0.5108031910347394,0
0,BRIGHT:20220218,-1.0954598253020962,0
0,BRIGHT:20220219,-1.233953462832672,0
0,BRIGHT:20220220,-1.5283575041027646,0
0,BRIGHT:20220221,-0.3858414168907436,0
0,BRIGHT:20220225,-0.16463699947107033,0
0,BRIGHT:20220226,-1.209760802165181,0
0,BRIGHT:20220227,-0.20103503330687494,0
0,BRIGHT:20220228,-0.518579541974104,0
0,BRIGHT:20220301,-1.521299216881351,0
0,BRIGHT:20220302,-0.3027557203778338,0
0,BRIGHT:20220303,-1.121582013537004,0
0,BRIGHT:20220304,0.2979520003674897,0
0,BRIGHT:20220305,-0.8889383386273162,0
0,BRIGHT:20220306,-0.3160194767745703,0
0,BRIGHT:20220307,0.06387990668209913,0
0,BRIGHT:20220308,-1.1112696435574982,0
0,BRIGHT:20220309,-1.06095740965857,0
0,BRIGHT:20220310,0.48344595836071463,0
0,BRIGHT:20220311,-0.8272493928095523,0
0,BRIGHT:20220312,-0.9688403251856771,0
0,BRIGHT:20220313,-0.8458299325948669,0
0,BRIGHT:20220314,-0.9981719809889166,0
0,BRIGHT:20220315,-1.1840227918674384,0
0,BRIGHT:20220316,-1.0112958223309991,0
0,BRIGHT:20220317,-1.3365647395160436,0
0,BRIGHT:20220318,-1.4021473104012454,0
0,BRIGHT:20220319,-0.9400635531735411,0
0,BRIGHT:20220321,-1.1573654754372587,0
0,BRIGHT:20220322,-0.6767236006020627,0
0,BRIGHT:20220323,-0.7957597055334734,0
0,BRIGHT:20220324,-1.0869574537981526,0
0,BRIGHT:20220325,-0.7529090947870496,0
0,BRIGHT:20220326,-1.2679388919876824,0
0,BRIGHT:20220327,-0.5684572543228608,0
0,BRIGHT:20220329,-0.10389192575424329,0
0,BRIGHT:20220330,-0.8309747939293518,0
0,BRIGHT:20220331,0.1766501371316398,0
0,BRIGHT:20220401,-1.3940578596030127,0
0,BRIGHT:20220402,-0.23091939645377582,0
0,BRIGHT:20220403,-0.34120546762825193,0
0,BRIGHT:20220404,-1.362152846274214,0
0,BRIGHT:20220405,-0.2912253408743682,0
0,BRIGHT:20220406,-0.5980908003883587,0
0,BRIGHT:20220407,-0.5080975851460312,0
0,BRIGHT:20220408,-1.316349546639088,0
0,BRIGHT:20220409,-1.5498444364867137,0
0,BRIGHT:20220413,-1.0096295434226783,0
0,BRIGHT:20220414,-1.3889341257250294,0
0,BRIGHT:20220416,-1.2257708959062696,0
0,BRIGHT:20220417,-1.4775466763737517,0
0,BRIGHT:20220418,-1.028190383541611,0
0,BRIGHT:20220419,-1.0190416122874144,0
0,BRIGHT:20220420,-1.0925189910888766,0
0,BRIGHT:20220421,-0.5240534116771316,0
0,BRIGHT:20220422,0.5047772005286898,0
0,BRIGHT:20220423,-0.3368357809884027,0
0,BRIGHT:20220426,0.221283281714345,0
0,BRIGHT:20220428,-0.17497008035165523,0
0,BRIGHT:20220429,-0.9155233463224028,0
0,BRIGHT:20220430,-0.20159556028300735,0
0,BRIGHT:20220501,-1.2506836815427904,0
0,BRIGHT:20220502,-0.43141841037509965,0
0,BRIGHT:20220503,-0.06174673716398852,0
0,BRIGHT:20220504,-0.48908751549822693,0
0,BRIGHT:20220505,-0.8398031568364818,0
0,BRIGHT:20220506,-0.9103488952611699,0
0,BRIGHT:20220507,-0.4406671986320716,0
0,BRIGHT:20220508,-0.3455718703615988,0
0,BRIGHT:20220509,-0.4692379827825331,0
0,BRIGHT:20220510,-0.5772791106294368,0
0,BRIGHT:20220511,-1.2348111425735535,0
0,BRIGHT:20220512,-0.8927549777824295,0
0,BRIGHT:20220513,-1.1175553591813858,0
0,BRIGHT:20220514,-0.9519190798226369,0
0,BRIGHT:20220515,-0.9411403703435341,0
0,BRIGHT:20220516,-0.7365770089288373,0
0,BRIGHT:20220518,-0.14947579757215454,0
0,BRIGHT:20220522,0.3744010569645184,0
0,BRIGHT:20220523,0.8353978158243089,0
0,BRIGHT:20220524,0.17654599040090652,0
0,BRIGHT:20220525,0.13571876848572184,0
0,BRIGHT:20220526,-0.2947229703566783,0
0,BRIGHT:20220527,1.7057857861307435,0
0,BRIGHT:20220528,-0.7853108799436287,0
0,BRIGHT:20220529,0.7795529466326967,0
0,BRIGHT:20220530,0.33567047382828863,0
0,BRIGHT:20220531,-0.04774212551191819,0
0,BRIGHT:20220601,-0.12612413646797,0
0,BRIGHT:20220602,-0.1930779326221956,0
0,BRIGHT:20220603,1.2835456112720007,0
0,BRIGHT:20220604,0.5554319387798,0
0,BRIGHT:20220605,-0.13037174511512994,0
0,BRIGHT:20220606,-0.5026451644339017,0
0,BRIGHT:20220607,0.006778246887998415,0
0,BRIGHT:20220609,0.3747447021640942,0
0,BRIGHT:20220610,1.3670914145155628,0
0,BRIGHT:20220611,2.5955994568415885,0
0,BRIGHT:20220612,0.9704322567713995,0
0,DARK:20210514,0.5454032180431845,0
0,DARK:20210515,0.9633367601792986,0
0,DARK:20210516,1.1404252646992739,0
0,DARK:20210517,0.5773278166682209,0
0,DARK:20210518,-0.03219173411675655,0
0,DARK:20210519,0.25112105871457735,0
0,DARK:20210528,0.937179326557293,0
0,DARK:20210530,0.19895094760219809,0
0,DARK:20210531,0.16046119992747448,0
0,DARK:20210601,0.23064411096838855,0
0,DARK:20210602,0.6323300752545591,0
0,DARK:20210603,0.16456816722089726,0
0,DARK:20210604,0.9808263373484966,0
0,DARK:20210605,0.8990630945758029,0
0,DARK:20210606,1.2936440584114917,0
0,DARK:20210608,1.0836900734362962,0
0,DARK:20210609,1.2004127746933808,0
0,DARK:20210610,1.096421574417169,0
0,DARK:20210611,1.242811728195416,0
0,DARK:20210612,1.4443686278627226,0
0,DARK:20210613,1.1268287287833898,0
0,DARK:20210614,1.1871490942857075,0
0,DARK:20210616,2.730596310684971,0
0,DARK:20210619,0.8818306704900429,0
0,DARK:20210704,1.2233688001746934,0
0,DARK:20210708,1.373721514937689,0
0,DARK:20210926,0.41348388967200883,0
0,DARK:20210927,-0.0031704694428116233,0
0,DARK:20210930,0.7702906216126303,0
0,DARK:20211001,0.8013669053173389,0
0,DARK:20211002,1.2635210280104137,0
0,DARK:20211003,1.349587280822665,0
0,DARK:20211005,1.3404906362262228,0
0,DARK:20211006,0.7996365701663871,0
0,DARK:20211007,0.6055244603615346,0
0,DARK:20211008,1.0440561206945438,0
0,DARK:20211009,0.9310148455972496,0
0,DARK:20211010,1.2078968952515785,0
0,DARK:20211013,1.0360666892755725,0
0,DARK:20211014,0.844757237765188,0
0,DARK:20211016,0.6634820956424738,0
0,DARK:20211023,1.2518786434968117,0
0,DARK:20211024,1.4245690880739712,0
0,DARK:20211027,0.5742020938568139,0
0,DARK:20211028,0.3460423047243454,0
0,DARK:20211029,0.9047984957333193,0
0,DARK:20211030,1.36436105295218,0
0,DARK:20211031,1.3184258455064637,0
0,DARK:20211101,1.8396179832130202,0
0,DARK:20211102,1.390822615783672,0
0,DARK:20211103,0.9239931923747561,0
0,DARK:20211104,1.2468823556586224,0
0,DARK:20211105,0.9799252475338452,0
0,DARK:20211106,1.0306720539982115,0
0,DARK:20211107,1.4692319969789749,0
0,DARK:20211108,1.0979057091057645,0
0,DARK:20211109,0.9237972970557525,0
0,DARK:20211110,0.90506476757773,0
0,DARK:20211111,1.0654705525520518,0
0,DARK:20211112,0.7183509034926591,0
0,DARK:20211113,0.7076070452563471,0
0,DARK:20211114,0.6498389117475952,0
0,DARK:20211116,-0.05472990070742272,0
0,DARK:20211126,0.308452145068897,0
0,DARK:20211127,0.9086818067290836,0
0,DARK:20211128,0.4708842843225778,0
0,DARK:20211129,1.1116388965106607,0
0,DARK:20211130,1.1007266725822322,0
0,DARK:20211201,1.0164189831751207,0
0,DARK:20211202,1.2923729003846194,0
0,DARK:20211203,0.9439215680686425,0
0,DARK:20211204,1.280750532524919,0
0,DARK:20211205,0.9499031490256162,0
0,DARK:20211207,0.9322015678145469,0
0,DARK:20211208,0.9507144734332172,0
0,DARK:20211210,1.220392803272514,0
0,DARK:20211211,0.48741495724773826,0
0,DARK:20211212,1.1782271486503297,0
0,DARK:20211215,0.4120928590479745,0
0,DARK:20220101,1.0459872219466577,0
0,DARK:20220102,0.5293946668158769,0
0,DARK:20220103,0.8881894794921242,0
0,DARK:20220104,0.7860276149506658,0
0,DARK:20220105,1.1793288478785113,0
0,DARK:20220106,0.7583809311992669,0
0,DARK:20220107,0.8630119942823952,0
0,DARK:20220109,0.6457484991758884,0
0,DARK:20220112,0.7854332152306638,0
0,DARK:20220113,-1.0103848118031458,0
0,DARK:20220120,-0.1816779488017328,0
0,DARK:20220121,0.35373526896161156,0
0,DARK:20220123,0.1556983897002524,0
0,DARK:20220124,0.14582413582248932,0
0,DARK:20220125,2.1525276495195738,0
0,DARK:20220126,0.9061991255359381,0
0,DARK:20220128,1.0505037456450663,0
0,DARK:20220129,0.968783797763205,0
0,DARK:20220130,0.80068555965279,0
0,DARK:20220131,0.8050864037918766,0
0,DARK:20220202,0.2939059720352476,0
0,DARK:20220203,0.3283265061633574,0
0,DARK:20220204,0.44066076505231233,0
0,DARK:20220205,0.6874772803345822,0
0,DARK:20220206,-0.26074295549731724,0
0,DARK:20220207,0.8672136143115924,0
0,DARK:20220208,0.15088204788301351,0
0,DARK:20220209,-0.34736611410987084,0
0,DARK:20220210,0.42757278480146754,0
0,DARK:20220211,-0.8041787898957118,0
0,DARK:20220212,-1.4037475179195509,0
0,DARK:20220213,-2.5427226026027934,0
0,DARK:20220218,-0.7506328795525867,0
0,DARK:20220219,-0.1876070500036336,0
0,DARK:20220221,-1.0717760592353118,0
0,DARK:20220225,0.583466051936777,0
0,DARK:20220226,0.3367144996720563,0
0,DARK:20220228,0.5798018800086236,0
0,DARK:20220301,0.6756164768902317,0
0,DARK:20220306,0.4599433870813881,0
0,DARK:20220307,0.6012370135565471,0
0,DARK:20220308,0.29359357474387926,0
0,DARK:20220309,-0.06600583686152675,0
0,DARK:20220311,-0.5418738038140756,0
0,DARK:20220312,-0.5735466956486678,0
0,DARK:20220321,-0.172144734418979,0
0,DARK:20220322,-0.24152524033930414,0
0,DARK:20220323,-0.30565211645214513,0
0,DARK:20220324,0.0675273395970338,0
0,DARK:20220325,0.14267815514716098,0
0,DARK:20220326,0.3956011836494397,0
0,DARK:20220327,0.7706272111664639,0
0,DARK:20220329,0.21491940117771213,0
0,DARK:20220330,0.049039865170638915,0
0,DARK:20220331,0.48624256872705196,0
0,DARK:20220401,0.8209276581188679,0
0,DARK:20220402,0.33744392136337775,0
0,DARK:20220403,0.45075781414163735,0
0,DARK:20220404,0.1467547130925455,0
0,DARK:20220405,0.32691349097009986,0
0,DARK:20220406,-0.17003344037823795,0
0,DARK:20220407,0.06951474485905225,0
0,DARK:20220408,-0.24517331124600172,0
0,DARK:20220409,0.15905774896240518,0
0,DARK:20220418,-0.6256738227968515,0
0,DARK:20220419,-1.0452228229330813,0
0,DARK:20220420,-0.6066109373019453,0
0,DARK:20220421,0.4769532328302892,0
0,DARK:20220423,0.14511994595616926,0
0,DARK:20220424,0.16021494138193113,0
0,DARK:20220425,0.49600373211132975,0
0,DARK:20220427,0.8112688171439184,0
0,DARK:20220428,0.6084371888892041,0
0,DARK:20220429,0.14039186856881786,0
0,DARK:20220430,0.7376657872432177,0
0,DARK:20220501,0.5978346454155453,0
0,DARK:20220502,0.39642161335372794,0
0,DARK:20220503,0.6006761995093629,0
0,DARK:20220504,0.5008992184566183,0
0,DARK:20220505,0.007969260477882857,0
0,DARK:20220506,-0.5990886088873306,0
0,DARK:20220507,0.9117031479606307,0
0,DARK:20220508,0.3758969989954377,0
0,DARK:20220509,0.36080999053707946,0
0,DARK:20220510,-0.0477330290600061,0
0,DARK:20220511,0.0352098902286861,0
0,DARK:20220512,-0.5121542578817394,0
0,DARK:20220515,0.08971257099925886,0
0,DARK:20220518,0.8943546612140596,0
0,DARK:20220522,0.8534593585384146,0
0,DARK:20220523,0.650691630981879,0
0,DARK:20220524,0.7401612526957909,0
0,DARK:20220525,0.8311070950202442,0
0,DARK:20220526,0.6653577555095803,0
0,DARK:20220527,0.9529839675410077,0
0,DARK:20220528,1.1858785594247858,0
0,DARK:20220529,1.51327759606017,0
0,DARK:20220530,0.6527087755391852,0
0,DARK:20220531,1.1559577529302403,0
0,DARK:20220601,0.7295263209914084,0
0,DARK:20220602,0.5280869856103934,0
0,DARK:20220603,1.2274322601224497,0
0,DARK:20220604,0.9758829160263396,0
0,DARK:20220605,0.8885372373515307,0
0,DARK:20220606,0.6462988464968674,0
0,DARK:20220607,0.6082724633775464,0
0,DARK:20220609,0.7389963230567189,0
1,BACKUP:20211125,1.6114576273649692,0
1,BACKUP:20211206,1.4048184302557234,0
1,BACKUP:20211207,1.4588004313886673,0
1,BACKUP:20211216,6.01173617742639,0
1,BACKUP:20211217,2.8590657264989434,0
1,BACKUP:20211218,2.0315905256341438,0
1,BACKUP:20211220,1.0940458401334856,0
1,BACKUP:20220101,0.9050968434998393,0
1,BACKUP:20220107,-2.365371933875414,1
1,BACKUP:20220109,2.365371933875414,1
1,BACKUP:20220111,0.7546531824386454,0
1,BACKUP:20220112,-2.5805765467257524,0
1,BACKUP:20220113,-2.192134811680158,0
1,BACKUP:20220114,0.2495482454842746,0
1,BACKUP:20220121,-1.1566336227282736,0
1,BACKUP:20220122,2.248808786197273,0
1,BACKUP:20220123,-0.8671831395415237,0
1,BACKUP:20220126,-7.759964210665924,0
1,BACKUP:20220127,-0.7548694752844047,0
1,BACKUP:20220128,1.4975780784653208,0
1,BACKUP:20220129,-0.4596702001309223,0
1,BACKUP:20220131,-0.9015753211279062,0
1,BACKUP:20220203,0.33627296274274,0
1,BACKUP:20220205,-4.739696786827327,0
1,BACKUP:20220206,0.26945813255595347,0
1,BACKUP:20220207,-5.04709332884264,0
1,BACKUP:20220210,-0.331942306296128,0
1,BACKUP:20220216,0.05400741304196067,0
1,BACKUP:20220217,0.31006885690311164,0
1,BACKUP:20220221,-2.739539642371721,0
1,BACKUP:20220227,1.3387978974393038,0
1,BACKUP:20220302,-0.6273017028164575,0
1,BACKUP:20220303,-1.3686827524664122,0
1,BACKUP:20220305,-5.325172797135684,0
1,BACKUP:20220310,1.9066795534648833,0
1,BACKUP:20220312,0.2664500939027462,0
1,BACKUP:20220313,-0.010320984445834878,0
1,BACKUP:20220315,-2.410797376509989,0
1,BACKUP:20220316,-0.781931038596576,0
1,BACKUP:20220317,-0.4958268742332743,0
1,BACKUP:20220318,-1.034063985692695,0
1,BACKUP:20220319,-1.056420771049227,0
1,BACKUP:20220325,2.799640886415437,0
1,BACKUP:20220331,-10.656840645214285,0
1,BACKUP:20220409,0.49129453445962995,0
1,BACKUP:20220412,-0.950255478505736,0
1,BACKUP:20220413,-0.04540746816126627,0
1,BACKUP:20220416,-1.50249971980861,0
1,BACKUP:20220417,-0.5110638287916108,0
1,BACKUP:20220418,-2.033216074300697,0
1,BACKUP:20220422,0.8532120325479898,0
1,BACKUP:20220423,-0.29343840629988815,0
1,BACKUP:20220426,0.4625702352429346,0
1,BACKUP:20220429,-0.8103490976203205,0
1,BACKUP:20220430,-2.229472116506085,0
1,BACKUP:20220502,1.1706498851698726,0
1,BACKUP:20220503,-0.6471553091128877,0
1,BACKUP:20220504,1.3811451685136482,0
1,BACKUP:20220505,0.8302684718135449,0
1,BACKUP:20220506,1.8068907071518137,0
1,BACKUP:20220507,-0.7933602355987647,0
1,BACKUP:20220509,-0.8266425151756417,0
1,BACKUP:20220510,-0.4311302998218554,0
1,BACKUP:20220511,-1.3798887167989624,0
1,BACKUP:20220513,-1.1798635414146506,0
1,BACKUP:20220514,-1.1451597165917167,0
1,BACKUP:20220515,-1.6343552498164389,0
1,BACKUP:20220516,1.5774648025830125,0
1,BACKUP:20220518,2.1800042945827958,0
1,BACKUP:20220522,-0.1649089989712698,0
1,BACKUP:20220523,-0.01918612906503824,0
1,BACKUP:20220524,1.0376599942468474,0
1,BACKUP:20220525,0.7122058357539545,0
1,BACKUP:20220526,-0.9415559887463089,0
1,BACKUP:20220527,-0.03607851781398721,0
1,BACKUP:20220528,-0.22178598062025448,0
1,BACKUP:20220529,0.014032146346594325,0
1,BACKUP:20220530,1.346662656186581,0
1,BACKUP:20220601,-0.2062900468038213,0
1,BACKUP:20220603,-0.7999684640613008,0
1,BACKUP:20220604,1.6368196020626784,0
1,BACKUP:20220605,-0.30913229445973,0
1,BACKUP:20220607,-0.4158155704962217,0
1,BACKUP:20220608,-1.4891930051673685,0
1,BACKUP:20220609,0.08314990001543361,0
1,BACKUP:20220610,0.02408652159349475,0
1,BACKUP:20220611,-0.2630659228861749,0
1,BACKUP:20220612,-0.7889034639770535,0
1,BACKUP:20220613,-0.3567934189691758,0
1,BRIGHT:20210514,0.3395972179843745,0
1,BRIGHT:20210515,0.09171858480097174,0
1,BRIGHT:20210516,0.020861306676339626,0
1,BRIGHT:20210517,0.17518283500080367,0
1,BRIGHT:20210518,-0.6919290239891371,0
1,BRIGHT:20210519,-0.42675668376187464,0
1,BRIGHT:20210521,-0.36273482249552336,0
1,BRIGHT:20210522,-0.7840664270663446,0
1,BRIGHT:20210523,-1.0135520558219147,0
1,BRIGHT:20210528,-0.1491971653155382,0
1,BRIGHT:20210530,0.43863601861355317,0
1,BRIGHT:20210531,0.48919815956550267,0
1,BRIGHT:20210602,0.2781802546120296,0
1,BRIGHT:20210603,-0.15300829299645233,0
1,BRIGHT:20210604,-0.08110129165217723,0
1,BRIGHT:20210605,-0.10946099222579356,0
1,BRIGHT:20210606,-0.009683179534634987,0
1,BRIGHT:20210607,0.8279717106134266,0
1,BRIGHT:20210608,0.48130507707900205,0
1,BRIGHT:20210609,0.2848878743494133,0
1,BRIGHT:20210610,-0.5825833134369509,0
1,BRIGHT:20210611,0.4953803826734812,0
1,BRIGHT:20210612,-0.036217253727763285,0
1,BRIGHT:20210613,-0.3509374233101733,0
1,BRIGHT:20210614,1.5010706689922155,0
1,BRIGHT:20210615,-0.3222400817143076,0
1,BRIGHT:20210616,1.4945463292050054,0
1,BRIGHT:20210617,-0.25912096322530204,0
1,BRIGHT:20210618,-0.3248158068905044,0
1,BRIGHT:20210619,-0.15506549293244862,0
1,BRIGHT:20210620,-0.5085065823218695,0
1,BRIGHT:20210621,1.4923304289921586,0
1,BRIGHT:20210626,-0.3313932702659939,0
1,BRIGHT:20210627,-0.25802375126049865,0
1,BRIGHT:20210628,0.6290215780993276,0
1,BRIGHT:20210705,0.5783517184722871,0
1,BRIGHT:20210706,0.7695687973177366,0
1,BRIGHT:20210708,1.2598748544973826,0
1,BRIGHT:20210709,0.407383271740679,0
1,BRIGHT:20210921,-0.5798809846226973,0
1,BRIGHT:20210923,-0.2543801775680574,0
1,BRIGHT:20210926,0.441564962855331,0
1,BRIGHT:20210927,0.34961320516411676,0
1,BRIGHT:20210928,0.4621695303941655,0
1,BRIGHT:20210930,0.1283293931324813,0
1,BRIGHT:20211001,0.8480900206213086,0
1,BRIGHT:20211002,0.5123171750101672,0
1,BRIGHT:20211003,0.26991989337111855,0
1,BRIGHT:20211005,0.3035227285740732,0
1,BRIGHT:20211006,1.007054851300053,0
1,BRIGHT:20211009,0.6846049186358727,0
1,BRIGHT:20211014,-0.5377050856668827,0
1,BRIGHT:20211015,0.24309179010263954,0
1,BRIGHT:20211016,-1.038364103188482,0
1,BRIGHT:20211019,-1.1408181158121744,0
1,BRIGHT:20211020,-0.8023954903324765,0
1,BRIGHT:20211021,-0.7845477300840284,0
1,BRIGHT:20211022,-0.5792260435413098,0
1,BRIGHT:20211023,-0.7215864880334527,0
1,BRIGHT:20211024,-0.6757436180010726,0
1,BRIGHT:20211026,0.4774530104621985,0
1,BRIGHT:20211029,-1.0667559603950074,0
1,BRIGHT:20211031,-2.559505994655919,0
1,BRIGHT:20211101,0.7258710058134802,0
1,BRIGHT:20211103,-2.9237017689710942,0
1,BRIGHT:20211105,-1.3587264912089643,0
1,BRIGHT:20211106,0.5761905243156469,0
1,BRIGHT:20211107,-1.0453559970825705,0
1,BRIGHT:20211110,-0.4450959478100423,0
1,BRIGHT:20211111,0.7022823197936766,0
1,BRIGHT:20211112,-0.41469349035219283,0
1,BRIGHT:20211113,-1.0611936910451265,0
1,BRIGHT:20211114,-0.6438681076771086,0
1,BRIGHT:20211115,-1.0834528764325717,0
1,BRIGHT:20211116,-0.6886361609742283,0
1,BRIGHT:20211117,-0.84463000056696,0
1,BRIGHT:20211118,-1.2422338492789626,0
1,BRIGHT:20211119,-1.0052871789110833,0
1,BRIGHT:20211120,0.46503763418965277,0
1,BRIGHT:20211122,-0.5077655526164111,0
1,BRIGHT:20211125,-0.039699190454715524,0
1,BRIGHT:20211126,-0.6033488548622322,0
1,BRIGHT:20211127,0.08000121225976703,0
1,BRIGHT:20211128,-0.7527300952524262,0
1,BRIGHT:20211129,-1.156628523088703,0
1,BRIGHT:20211130,-1.4959254239466204,0
1,BRIGHT:20211201,-0.05159508054842722,0
1,BRIGHT:20211202,-1.0531462606024786,0
1,BRIGHT:20211203,0.35509781802095963,0
1,BRIGHT:20211204,-0.3739084506671125,0
1,BRIGHT:20211205,-0.9957784435732674,0
1,BRIGHT:20211206,0.481621761492731,0
1,BRIGHT:20211207,0.3493710369836808,0
1,BRIGHT:20211208,-0.5439779222047685,0
1,BRIGHT:20211210,0.6247413407066124,0
1,BRIGHT:20211211,-0.6060971675041998,0
1,BRIGHT:20211212,-0.5411933757086371,0
1,BRIGHT:20211215,-0.554855721942219,0
1,BRIGHT:20211216,-0.39302361636165645,0
1,BRIGHT:20211217,0.31642382808612884,0
1,BRIGHT:20211218,-1.087119872928143,0
1,BRIGHT:20211219,-0.13529490372683745,0
1,BRIGHT:20211220,0.10612822090930042,0
1,BRIGHT:20211222,0.007564401443382693,0
1,BRIGHT:20220101,0.6383820925727758,0
1,BRIGHT:20220102,-0.5946947549865218,0
1,BRIGHT:20220103,-0.20695577096525186,0
1,BRIGHT:20220104,-0.1909192666781606,0
1,BRIGHT:20220105,1.0264489881345724,0
1,BRIGHT:20220106,-0.3341249383354635,0
1,BRIGHT:20220107,-1.075025500515879,0
1,BRIGHT:20220108,0.07489756070408404,0
1,BRIGHT:20220109,0.16239189829252323,0
1,BRIGHT:20220111,0.5760687991463741,0
1,BRIGHT:20220112,-1.1530496290405554,0
1,BRIGHT:20220113,-0.47269067259641473,0
1,BRIGHT:20220114,-0.5201228197961947,0
1,BRIGHT:20220119,-0.77448130258536,0
1,BRIGHT:20220120,-0.39446071459655796,0
1,BRIGHT:20220121,-0.3908162712112372,0
1,BRIGHT:20220122,-0.13798217010240313,0
1,BRIGHT:20220123,-0.3915779296757233,0
1,BRIGHT:20220124,-0.3726296999416281,0
1,BRIGHT:20220125,0.016314023432771965,0
1,BRIGHT:20220126,0.08690277482257668,0
1,BRIGHT:20220127,-0.07669834627822078,0
1,BRIGHT:20220129,0.008382648779067713,0
1,BRIGHT:20220130,0.3322247219124248,0
1,BRIGHT:20220131,0.5531592510619369,0
1,BRIGHT:20220201,-0.10001847019686498,0
1,BRIGHT:20220202,0.012254264747988849,0
1,BRIGHT:20220203,0.34000990217643756,0
1,BRIGHT:20220204,-1.0131664232802131,0
1,BRIGHT:20220205,-0.6481042419002774,0
1,BRIGHT:20220206,0.7170899807948615,0
1,BRIGHT:20220207,-0.06088573588273157,0
1,BRIGHT:20220208,-0.4337505732495973,0
1,BRIGHT:20220209,-0.5115645569495588,0
1,BRIGHT:20220210,-1.0733253032553378,0
1,BRIGHT:20220211,-1.0061202192230465,0
1,BRIGHT:20220212,-0.9316044146671302,0
1,BRIGHT:20220213,-1.2100818578279693,0
1,BRIGHT:20220217,-0.516619814892751,0
1,BRIGHT:20220218,-1.1062665866307004,0
1,BRIGHT:20220219,-1.2296960880810304,0
1,BRIGHT:20220220,-1.4904222721015845,0
1,BRIGHT:20220221,-0.4055917497702851,0
1,BRIGHT:20220225,-0.13721616462328357,0
1,BRIGHT:20220226,-1.4161176149573316,0
1,BRIGHT:20220227,-0.21308334351952912,0
1,BRIGHT:20220228,-0.49107014957940676,0
1,BRIGHT:20220301,-1.5598632167632438,0
1,BRIGHT:20220302,-0.2776805671667368,0
1,BRIGHT:20220303,-1.1311395367565644,0
1,BRIGHT:20220304,0.35226162708842407,0
1,BRIGHT:20220305,-0.735461980950423,0
1,BRIGHT:20220306,-0.31774205393215194,0
1,BRIGHT:20220307,0.08731084123329604,0
1,BRIGHT:20220309,-1.2977211346967807,0
1,BRIGHT:20220310,0.4229858778308121,0
1,BRIGHT:20220311,-0.8063094469314247,0
1,BRIGHT:20220312,-0.9004595644716928,0
1,BRIGHT:20220313,-0.8564741252148763,0
1,BRIGHT:20220314,-0.9708387971749829,0
1,BRIGHT:20220315,-1.1399897259918885,0
1,BRIGHT:20220316,-0.981968093242573,0
1,BRIGHT:20220317,-1.3162160684232957,0
1,BRIGHT:20220318,-1.4098740091065172,0
1,BRIGHT:20220319,-0.8180357882279878,0
1,BRIGHT:20220321,-1.1686809374572098,0
1,BRIGHT:20220322,-0.7966467631481892,0
1,BRIGHT:20220323,-0.8030144791114364,0
1,BRIGHT:20220324,-1.0357443441190468,0
1,BRIGHT:20220325,-0.8255052189194405,0
1,BRIGHT:20220326,-1.2066017503272615,0
1,BRIGHT:20220327,-0.45570932878742004,0
1,BRIGHT:20220329,-0.07322767427877819,0
1,BRIGHT:20220330,-0.8286607780177874,0
1,BRIGHT:20220331,0.2024997208311343,0
1,BRIGHT:20220401,-1.4839143644477766,0
1,BRIGHT:20220402,-0.21079577177198175,0
1,BRIGHT:20220403,-0.3877426991041091,0
1,BRIGHT:20220404,-1.0872083834239332,0
1,BRIGHT:20220405,-0.491544065041399,0
1,BRIGHT:20220406,-0.35608576835582206,0
1,BRIGHT:20220407,-0.49186083675163916,0
1,BRIGHT:20220408,-1.3081871559068508,0
1,BRIGHT:20220409,-1.6148617916936812,0
1,BRIGHT:20220413,-0.9487185753806958,0
1,BRIGHT:20220414,-1.4046085078586144,0
1,BRIGHT:20220416,-1.2527632012113832,0
1,BRIGHT:20220417,-1.523414505692131,0
1,BRIGHT:20220418,-1.03823638990124,0
1,BRIGHT:20220419,-1.1010694118809496,0
1,BRIGHT:20220420,-1.0796899817805583,0
1,BRIGHT:20220421,-0.5054069285116578,0
1,BRIGHT:20220422,0.4842691379027281,0
1,BRIGHT:20220423,-0.331424884294628,0
1,BRIGHT:20220425,-0.6399451537295445,0
1,BRIGHT:20220426,0.2084115293901399,0
1,BRIGHT:20220428,-0.1384584081524466,0
1,BRIGHT:20220429,-0.76596353492242,0
1,BRIGHT:20220430,-0.213805453435346,0
1,BRIGHT:20220501,-1.2450119156758583,0
1,BRIGHT:20220502,-0.3489583758237578,0
1,BRIGHT:20220503,-0.1173217900252757,0
1,BRIGHT:20220504,-0.4378156309847673,0
1,BRIGHT:20220505,-0.8481215106010723,0
1,BRIGHT:20220506,-0.9911266885020278,0
1,BRIGHT:20220507,-0.49128471699607174,0
1,BRIGHT:20220508,-0.3693542163849023,0
1,BRIGHT:20220509,-0.4942398196693754,0
1,BRIGHT:20220510,-0.5881957259977789,0
1,BRIGHT:20220511,-1.229088016083064,0
1,BRIGHT:20220512,-0.923020657229032,0
1,BRIGHT:20220513,-1.0906121887339115,0
1,BRIGHT:20220514,-0.9170045475031293,0
1,BRIGHT:20220515,-0.8752168565193807,0
1,BRIGHT:20220516,-0.7025373080549727,0
1,BRIGHT:20220518,-0.13250677444576947,0
1,BRIGHT:20220522,0.3315274733647783,0
1,BRIGHT:20220523,0.7909581540693343,0
1,BRIGHT:20220524,0.17167832690481555,0
1,BRIGHT:20220525,0.11340440363363317,0
1,BRIGHT:20220526,-0.3268539458956938,0
1,BRIGHT:20220527,1.727294008112896,0
1,BRIGHT:20220528,-0.8929854708162239,0
1,BRIGHT:20220529,0.6015826807509342,0
1,BRIGHT:20220530,0.2952508092741672,0
1,BRIGHT:20220531,0.10736250089885718,0
1,BRIGHT:20220601,-0.27879883667480576,0
1,BRIGHT:20220602,-0.20240730999446288,0
1,BRIGHT:20220603,1.1646743744124877,0
1,BRIGHT:20220604,0.6355486283468946,0
1,BRIGHT:20220605,-0.12401289270527126,0
1,BRIGHT:20220606,-0.42980035872536476,0
1,BRIGHT:20220607,0.0005477732438507687,0
1,BRIGHT:20220609,0.3995051658850241,0
1,BRIGHT:20220610,1.4453423884469103,0
1,BRIGHT:20220611,2.5588888521242756,0
1,BRIGHT:20220612,1.0443728409843105,0
1,DARK:20210514,0.4085008459884885,0
1,DARK:20210515,1.0021737322531112,0
1,DARK:20210516,0.9229650587690583,0
1,DARK:20210517,0.6497884679003726,0
1,DARK:20210518,-0.37402546138147863,0
1,DARK:20210519,0.16053431340988736,0
1,DARK:20210528,1.0739965256352162,0
1,DARK:20210530,0.2040013473476409,0
1,DARK:20210531,0.24915629824981314,0
1,DARK:20210601,-0.09903115927394601,0
1,DARK:20210602,0.6176038737356255,0
1,DARK:20210603,0.18590572161556118,0
1,DARK:20210604,0.8559727212230667,0
1,DARK:20210605,0.9602050372887879,0
1,DARK:20210606,1.2732799576568694,0
1,DARK:20210608,1.0501508003499591,0
1,DARK:20210609,0.9637640459249001,0
1,DARK:20210610,1.1365892988949104,0
1,DARK:20210611,1.2366701697181413,0
1,DARK:20210612,1.328158895148807,0
1,DARK:20210613,0.9077364920704022,0
1,DARK:20210614,1.1999318653986168,0
1,DARK:20210616,2.598657821410799,0
1,DARK:20210619,1.1579377110087943,0
1,DARK:20210704,0.8991478126785433,0
1,DARK:20210708,1.3108543659294811,0
1,DARK:20210926,0.6201643427432794,0
1,DARK:20210927,-0.06167591925134911,0
1,DARK:20210930,0.691825403190245,0
1,DARK:20211001,0.8163378524059979,0
1,DARK:20211002,1.3891076676902376,0
1,DARK:20211003,1.4511443445337904,0
1,DARK:20211005,1.2605860802944593,0
1,DARK:20211006,0.9543483089356776,0
1,DARK:20211007,0.8673840205959177,0
1,DARK:20211008,0.9974607894054348,0
1,DARK:20211009,1.0695996345046377,0
1,DARK:20211010,1.229678780931196,0
1,DARK:20211013,1.161757984419023,0
1,DARK:20211014,0.9053159620679041,0
1,DARK:20211016,0.7283666096710695,0
1,DARK:20211023,0.7127107431910629,0
1,DARK:20211024,1.3818583176553845,0
1,DARK:20211027,0.5152783253251566,0
1,DARK:20211028,0.2798165014523518,0
1,DARK:20211029,0.7971361654939495,0
1,DARK:20211030,1.411907705457043,0
1,DARK:20211031,1.4155109162392658,0
1,DARK:20211101,1.7422809596785098,0
1,DARK:20211102,1.3799734088990023,0
1,DARK:20211103,1.0017690052805637,0
1,DARK:20211104,1.1777310170739863,0
1,DARK:20211105,0.9556160506378846,0
1,DARK:20211106,1.1054324215252784,0
1,DARK:20211107,1.3891062560771825,0
1,DARK:20211108,1.0892779111957134,0
1,DARK:20211109,0.9587874477979033,0
1,DARK:20211110,0.834031047583265,0
1,DARK:20211111,1.1305532471103619,0
1,DARK:20211112,0.6894486210222515,0
1,DARK:20211113,0.7950317615335389,0
1,DARK:20211114,0.6774732562685033,0
1,DARK:20211116,0.16539948220559672,0
1,DARK:20211126,0.5391157928132678,0
1,DARK:20211127,0.9327546185906533,0
1,DARK:20211128,0.5650391220974735,0
1,DARK:20211129,1.160230765485579,0
1,DARK:20211130,1.0893499962574407,0
1,DARK:20211201,0.9583135091301866,0
1,DARK:20211202,1.301534596444213,0
1,DARK:20211203,0.8566945438299521,0
1,DARK:20211204,1.272485749897665,0
1,DARK:20211205,0.9335993692370278,0
1,DARK:20211207,1.1754833426959184,0
1,DARK:20211208,0.9944435178987476,0
1,DARK:20211210,1.4660825324065871,0
1,DARK:20211211,0.631926620381708,0
1,DARK:20211212,1.2789388718305177,0
1,DARK:20211215,0.5086633642383085,0
1,DARK:20220101,0.912744610524852,0
1,DARK:20220102,0.5998683325412905,0
1,DARK:20220103,0.8405760515183395,0
1,DARK:20220104,0.9112575535140537,0
1,DARK:20220105,1.1934408742639322,0
1,DARK:20220106,0.6277289781147012,0
1,DARK:20220107,0.7120702487789283,0
1,DARK:20220109,0.7120938464581812,0
1,DARK:20220112,0.7300868172214685,0
1,DARK:20220113,-0.8407714421080486,0
1,DARK:20220120,-0.19607223320323736,0
1,DARK:20220121,0.5878182710566535,0
1,DARK:20220123,0.3792399831810965,0
1,DARK:20220124,0.27354486420642377,0
1,DARK:20220125,2.4265063746717135,0
1,DARK:20220126,0.8776193813090207,0
1,DARK:20220128,1.2655748925129147,0
1,DARK:20220129,1.2806630230217193,0
1,DARK:20220130,0.6843650367720334,0
1,DARK:20220131,0.8554589253515844,0
1,DARK:20220202,0.18137712054093066,0
1,DARK:20220203,0.26749411313355026,0
1,DARK:20220204,0.6260422288675371,0
1,DARK:20220205,0.6224516602156609,0
1,DARK:20220206,-0.23524326223833414,0
1,DARK:20220207,0.9113555816249708,0
1,DARK:20220208,0.09197377052238938,0
1,DARK:20220209,-0.3833333665358512,0
1,DARK:20220210,0.515162660144084,0
1,DARK:20220211,-0.629992272266873,0
1,DARK:20220212,-1.5915757221478335,0
1,DARK:20220213,-2.560206327794773,0
1,DARK:20220218,-0.6934900324604423,0
1,DARK:20220219,-0.18850402130002497,0
1,DARK:20220220,0.7730465994979608,0
1,DARK:20220221,-0.8673719736935633,0
1,DARK:20220225,0.6144529918531698,0
1,DARK:20220226,0.3375174874258547,0
1,DARK:20220228,0.5491212753450823,0
1,DARK:20220301,0.7208208252875694,0
1,DARK:20220306,0.5745265276357594,0
1,DARK:20220307,0.7594458378717347,0
1,DARK:20220308,0.35506094027751334,0
1,DARK:20220309,0.0231110102495045,0
1,DARK:20220311,-0.3704583283283877,0
1,DARK:20220312,-0.5386886458412709,0
1,DARK:20220321,-0.09052406264328226,0
1,DARK:20220322,-0.14507956897274843,0
1,DARK:20220323,-0.19237551760058105,0
1,DARK:20220324,-0.01279172939114282,0
1,DARK:20220325,0.20772415841619524,0
1,DARK:20220326,0.45716461038033485,0
1,DARK:20220327,0.8029692475897264,0
1,DARK:20220329,0.16733609900911373,0
1,DARK:20220330,0.0900759039148557,0
1,DARK:20220331,0.5154816613603755,0
1,DARK:20220401,0.8194017348523143,0
1,DARK:20220402,0.3488199073425337,0
1,DARK:20220403,0.4701165070883286,0
1,DARK:20220404,0.25672067146131133,0
1,DARK:20220405,0.32340730643951854,0
1,DARK:20220406,-0.2578192167334672,0
1,DARK:20220407,0.14244188141539582,0
1,DARK:20220408,-0.25795036965954915,0
1,DARK:20220409,-0.06049616441713303,0
1,DARK:20220418,-0.4555936699610101,0
1,DARK:20220419,-0.9133356537249137,0
1,DARK:20220420,-0.693765861069661,0
1,DARK:20220421,0.39246845691950616,0
1,DARK:20220423,0.221081532644583,0
1,DARK:20220424,0.14755525523499183,0
1,DARK:20220425,0.4469660953768103,0
1,DARK:20220427,0.6836425076511248,0
1,DARK:20220428,0.5932114541603861,0
1,DARK:20220429,0.02629591572238716,0
1,DARK:20220430,0.8134813061206724,0
1,DARK:20220501,0.5743470574228962,0
1,DARK:20220502,0.34641176520079836,0
1,DARK:20220503,0.4639809073585764,0
1,DARK:20220504,0.4886761823572472,0
1,DARK:20220505,0.01963886184727003,0
1,DARK:20220506,-1.0911398644638157,0
1,DARK:20220508,0.3822159374262501,0
1,DARK:20220509,0.0801342469500881,0
1,DARK:20220510,-0.2963087656642886,0
1,DARK:20220511,-0.34028590640644457,0
1,DARK:20220512,-0.7465370080235066,0
1,DARK:20220515,0.010721289695754999,0
1,DARK:20220518,0.7489874275579249,0
1,DARK:20220522,0.6171074280720015,0
1,DARK:20220523,0.2354334880633179,0
1,DARK:20220524,0.6592637415025335,0
1,DARK:20220525,0.7942362072593773,0
1,DARK:20220526,0.574633080024776,0
1,DARK:20220527,0.8374365613554603,0
1,DARK:20220528,1.0921764145619446,0
1,DARK:20220529,1.2893707044750191,0
1,DARK:20220530,0.6272272015506675,0
1,DARK:20220531,1.0279869681309934,0
1,DARK:20220601,0.6484613510652937,0
1,DARK:20220602,0.47632854071587144,0
1,DARK:20220603,1.2900865116006146,0
1,DARK:20220604,0.8048343754506829,0
1,DARK:20220605,0.953974360516722,0
1,DARK:20220606,0.6009575703223026,0
1,DARK:20220607,0.45135269837950415,0
1,DARK:20220609,0.5718313996838907,0
2,BACKUP:20211125,1.6412429669168325,0
2,BACKUP:20211206,1.4080965056908765,0
2,BACKUP:20211207,1.401224148633831,0
2,BACKUP:20211216,6.007126457051782,0
2,BACKUP:20211217,2.8811104403841874,0
2,BACKUP:20211218,2.0576664843282844,0
2,BACKUP:20211220,1.132005985258528,0
2,BACKUP:20220101,0.9297834397674826,0
2,BACKUP:20220107,-2.3412093965623795,1
2,BACKUP:20220109,2.3412093965623795,1
2,BACKUP:20220111,0.768324371386656,0
2,BACKUP:20220112,-2.5144278047286748,0
2,BACKUP:20220113,-2.163444142758624,0
2,BACKUP:20220114,0.2633612054894975,0
2,BACKUP:20220121,-1.1180632277369997,0
2,BACKUP:20220122,2.243460455748948,0
2,BACKUP:20220123,-0.8461538677069943,0
2,BACKUP:20220126,-7.7096467397777095,0
2,BACKUP:20220127,-0.7677099121814741,0
2,BACKUP:20220128,1.4475691634192294,0
2,BACKUP:20220129,-0.44360413083853173,0
2,BACKUP:20220131,-0.8707993405536916,0
2,BACKUP:20220203,0.33309926761710784,0
2,BACKUP:20220205,-4.779855871782664,0
2,BACKUP:20220206,0.26014537171223356,0
2,BACKUP:20220207,-5.01506584562829,0
2,BACKUP:20220210,-0.34945338438689744,0
2,BACKUP:20220216,0.05597149435168342,0
2,BACKUP:20220217,0.32153720343074205,0
2,BACKUP:20220221,-2.660579064912971,0
2,BACKUP:20220227,1.3338725344623876,0
2,BACKUP:20220302,-0.6445793388847646,0
2,BACKUP:20220303,-1.2824098248968534,0
2,BACKUP:20220305,-5.339295094444859,0
2,BACKUP:20220310,1.9011304247630563,0
2,BACKUP:20220312,0.17491304612337352,0
2,BACKUP:20220313,-0.015043623852689652,0
2,BACKUP:20220315,-2.411509903261134,0
2,BACKUP:20220316,-0.7827131384080134,0
2,BACKUP:20220317,-0.21518869305536173,0
2,BACKUP:20220318,-1.038879324052395,0
2,BACKUP:20220319,-1.0721027590594792,0
2,BACKUP:20220325,2.8004525981430866,0
2,BACKUP:20220331,-10.631690030317381,0
2,BACKUP:20220409,0.4426351541823268,0
2,BACKUP:20220412,-0.934017290256542,0
2,BACKUP:20220413,-0.2839896955697166,0
2,BACKUP:20220416,-1.5260148751516007,0
2,BACKUP:20220417,-0.5170428413830832,0
2,BACKUP:20220418,-2.042174986909879,0
2,BACKUP:20220422,0.8812043617692307,0
2,BACKUP:20220423,-0.2535154614157218,0
2,BACKUP:20220426,0.48041774120073255,0
2,BACKUP:20220429,-0.8683102356110829,0
2,BACKUP:20220430,-2.2596578701388177,0
2,BACKUP:20220502,1.1903209205728527,0
2,BACKUP:20220503,-0.6339912517731973,0
2,BACKUP:20220504,1.4643718933570102,0
2,BACKUP:20220505,0.8402335477293612,0
2,BACKUP:20220506,1.7713200419046733,0
2,BACKUP:20220507,-0.761983426808719,0
2,BACKUP:20220509,-0.7728702687339384,0
2,BACKUP:20220510,-0.4241333837582738,0
2,BACKUP:20220511,-1.3753025100093903,0
2,BACKUP:20220513,-1.2030634737920167,0
2,BACKUP:20220514,-1.1088823975653392,0
2,BACKUP:20220515,-1.6277399740174623,0
2,BACKUP:20220516,1.5591095141001412,0
2,BACKUP:20220518,2.118412028728737,0
2,BACKUP:20220522,-0.2558651909353929,0
2,BACKUP:20220523,-0.04209628954959315,0
2,BACKUP:20220524,1.049190065564094,0
2,BACKUP:20220525,0.7244081514770873,0
2,BACKUP:20220526,-0.9596101738545306,0
2,BACKUP:20220527,-0.003145322048465346,0
2,BACKUP:20220528,-0.2556441282214693,0
2,BACKUP:20220529,0.019946640275384377,0
2,BACKUP:20220601,-0.2263899674980501,0
2,BACKUP:20220603,-0.8775769319514367,0
2,BACKUP:20220604,1.5768922752386874,0
2,BACKUP:20220605,-0.3435079308677921,0
2,BACKUP:20220607,-0.41222385428656105,0
2,BACKUP:20220608,-1.519371115606812,0
2,BACKUP:20220609,0.07307703925139301,0
2,BACKUP:20220610,-0.007366635669297372,0
2,BACKUP:20220611,-0.1570077818589476,0
2,BACKUP:20220612,-0.8049973546826702,0
2,BACKUP:20220613,-0.3390038482435332,0
2,BRIGHT:20210514,0.4412701256304793,0
2,BRIGHT:20210515,0.18011361908476184,0
2,BRIGHT:20210516,0.1057147102694443,0
2,BRIGHT:20210517,0.14799240252082535,0
2,BRIGHT:20210518,-0.6374855617635162,0
2,BRIGHT:20210519,-0.3786492211134254,0
2,BRIGHT:20210521,-0.38290774788627013,0
2,BRIGHT:20210522,-0.785238300995396,0
2,BRIGHT:20210523,-0.9367470885474188,0
2,BRIGHT:20210528,-0.08511457177526871,0
2,BRIGHT:20210530,-0.1684943071936032,0
2,BRIGHT:20210531,0.44027901040549067,0
2,BRIGHT:20210602,0.3147809958630941,0
2,BRIGHT:20210603,-0.09787255191557966,0
2,BRIGHT:20210604,-0.027562011183159388,0
2,BRIGHT:20210605,-0.1197373598708688,0
2,BRIGHT:20210606,-0.12982077244287277,0
2,BRIGHT:20210607,0.6878380527464955,0
2,BRIGHT:20210608,0.5217825578592221,0
2,BRIGHT:20210609,0.23360268231595446,0
2,BRIGHT:20210610,-0.4835774604572395,0
2,BRIGHT:20210611,0.5240896142892326,0
2,BRIGHT:20210612,0.1646481998051545,0
2,BRIGHT:20210613,-0.3089568094638066,0
2,BRIGHT:20210614,1.6090378838602946,0
2,BRIGHT:20210615,-0.3348063048836625,0
2,BRIGHT:20210616,1.6343583918689717,0
2,BRIGHT:20210617,-0.33515424404518634,0
2,BRIGHT:20210618,-0.30173594418533467,0
2,BRIGHT:20210619,-0.1822481202891938,0
2,BRIGHT:20210620,-0.5720757355206656,0
2,BRIGHT:20210621,1.59411857111745,0
2,BRIGHT:20210626,-0.09252525846103367,0
2,BRIGHT:20210627,-0.23777925082289852,0
2,BRIGHT:20210628,0.5195911203679604,0
2,BRIGHT:20210705,0.7333028960271235,0
2,BRIGHT:20210706,0.8186036744325261,0
2,BRIGHT:20210708,1.2838957264188426,0
2,BRIGHT:20210709,0.4185352308422651,0
2,BRIGHT:20210921,-0.6113329985721336,0
2,BRIGHT:20210923,-0.30097880654540554,0
2,BRIGHT:20210926,0.5089031289767494,0
2,BRIGHT:20210927,0.4337171199561244,0
2,BRIGHT:20210928,0.46862194810202285,0
2,BRIGHT:20210930,0.08937250543913586,0
2,BRIGHT:20211001,0.7880926597423706,0
2,BRIGHT:20211002,0.5233498788233272,0
2,BRIGHT:20211003,0.2780591175348553,0
2,BRIGHT:20211005,0.17504705385018896,0
2,BRIGHT:20211006,1.0698011474103821,0
2,BRIGHT:20211009,0.6913502506735532,0
2,BRIGHT:20211014,-0.6404447409638941,0
2,BRIGHT:20211015,0.2245092399113797,0
2,BRIGHT:20211016,-0.9380859000664289,0
2,BRIGHT:20211019,-1.1282171524767262,0
2,BRIGHT:20211020,-0.8044753780992915,0
2,BRIGHT:20211021,-0.7370244768082744,0
2,BRIGHT:20211022,-0.6172029717746556,0
2,BRIGHT:20211023,-0.7066724561341612,0
2,BRIGHT:20211024,-0.6828504728328056,0
2,BRIGHT:20211026,0.4251086884793704,0
2,BRIGHT:20211029,-1.0891091364356158,0
2,BRIGHT:20211031,-2.49657746537118,0
2,BRIGHT:20211101,0.6241344436878957,0
2,BRIGHT:20211103,-2.9060493630598745,0
2,BRIGHT:20211105,-1.3449905474067627,0
2,BRIGHT:20211106,0.4249656000204429,0
2,BRIGHT:20211107,-1.0144441356244096,0
2,BRIGHT:20211110,-0.5275963756943725,0
2,BRIGHT:20211111,0.7016231000536728,0
2,BRIGHT:20211112,-0.4278096000911586,0
2,BRIGHT:20211113,-1.0720048962873132,0
2,BRIGHT:20211114,-0.6473297994718922,0
2,BRIGHT:20211115,-1.1169410389964023,0
2,BRIGHT:20211116,-0.6451654737131587,0
2,BRIGHT:20211117,-0.8482392569203004,0
2,BRIGHT:20211118,-1.2808719151210821,0
2,BRIGHT:20211119,-1.0292268901895507,0
2,BRIGHT:20211120,0.3684013480751572,0
2,BRIGHT:20211122,-0.4443468975010436,0
2,BRIGHT:20211125,-0.10421846684159196,0
2,BRIGHT:20211126,-0.7754490261897812,0
2,BRIGHT:20211127,0.011163240295514172,0
2,BRIGHT:20211128,-0.8739814300429811,0
2,BRIGHT:20211129,-1.1114912590211674,0
2,BRIGHT:20211130,-1.3994649560050652,0
2,BRIGHT:20211201,-0.04920132094123123,0
2,BRIGHT:20211202,-1.0189848364738745,0
2,BRIGHT:20211203,0.36261987362722514,0
2,BRIGHT:20211204,-0.22731243967934292,0
2,BRIGHT:20211205,-1.0311444967784842,0
2,BRIGHT:20211206,0.47884594549695136,0
2,BRIGHT:20211207,0.21304181258121627,0
2,BRIGHT:20211208,-0.5391440458863117,0
2,BRIGHT:20211210,0.5830994854028809,0
2,BRIGHT:20211211,-0.42561429348777513,0
2,BRIGHT:20211212,-0.5144123236487363,0
2,BRIGHT:20211215,-0.6176686420652056,0
2,BRIGHT:20211216,-0.4570679669170164,0
2,BRIGHT:20211217,0.33157675501065753,0
2,BRIGHT:20211218,-0.9239437501052231,0
2,BRIGHT:20211219,-0.13119888049665968,0
2,BRIGHT:20211220,0.14080348336238835,0
2,BRIGHT:20211222,0.03587705019695804,0
2,BRIGHT:20220101,0.7118725290113688,0
2,BRIGHT:20220102,-0.612140245147377,0
2,BRIGHT:20220103,-0.12919224841316282,0
2,BRIGHT:20220104,-0.2630884720083628,0
2,BRIGHT:20220105,0.8551561184046989,0
2,BRIGHT:20220106,-0.34613709026410555,0
2,BRIGHT:20220107,-1.0440637184582917,0
2,BRIGHT:20220108,-0.05191001093621897,0
2,BRIGHT:20220109,0.1899514367001166,0
2,BRIGHT:20220111,0.5412941648206743,0
2,BRIGHT:20220112,-1.090841538681641,0
2,BRIGHT:20220113,-0.4535471515400477,0
2,BRIGHT:20220114,-0.5991222209337018,0
2,BRIGHT:20220119,-0.7426670608191764,0
2,BRIGHT:20220120,-0.43232545175530906,0
2,BRIGHT:20220121,-0.42746838664511505,0
2,BRIGHT:20220122,0.018253118866303233,0
2,BRIGHT:20220123,-0.39529620200230625,0
2,BRIGHT:20220124,-0.4307194989063855,0
2,BRIGHT:20220125,0.01395939150202846,0
2,BRIGHT:20220126,0.10077238762904633,0
2,BRIGHT:20220127,-0.0482212526216376,0
2,BRIGHT:20220129,-0.16841891166451123,0
2,BRIGHT:20220130,0.3112175927472711,0
2,BRIGHT:20220131,0.4767639742029076,0
2,BRIGHT:20220201,-0.07417686294205113,0
2,BRIGHT:20220202,-0.0001445885767384793,0
2,BRIGHT:20220203,0.25891871169159225,0
2,BRIGHT:20220204,-1.0194541779550612,0
2,BRIGHT:20220205,-0.6737204978563661,0
2,BRIGHT:20220206,0.7388814727178938,0
2,BRIGHT:20220207,-0.1214357637649919,0
2,BRIGHT:20220208,-0.4522412894444526,0
2,BRIGHT:20220209,-0.47869694897416915,0
2,BRIGHT:20220210,-1.1237224493701243,0
2,BRIGHT:20220211,-0.9846338845201279,0
2,BRIGHT:20220212,-0.9527253744426827,0
2,BRIGHT:20220213,-1.215974103951441,0
2,BRIGHT:20220217,-0.5855345802192249,0
2,BRIGHT:20220218,-1.1181589016466311,0
2,BRIGHT:20220219,-1.1720766982560817,0
2,BRIGHT:20220220,-1.4079003215784847,0
2,BRIGHT:20220221,-0.39776847993549486,0
2,BRIGHT:20220225,-0.17821106650570614,0
2,BRIGHT:20220226,-1.3625691340592632,0
2,BRIGHT:20220227,-0.2105113751176088,0
2,BRIGHT:20220228,-0.4141848453172491,0
2,BRIGHT:20220301,-1.5946535695980886,0
2,BRIGHT:20220302,-0.32515902097367416,0
2,BRIGHT:20220303,-1.1375111387572976,0
2,BRIGHT:20220304,0.27863797310301075,0
2,BRIGHT:20220305,-0.7822778821807009,0
2,BRIGHT:20220306,-0.3300856216819911,0
2,BRIGHT:20220307,0.07276513172562536,0
2,BRIGHT:20220308,-1.5107897293374173,0
2,BRIGHT:20220309,-1.3432464210066715,0
2,BRIGHT:20220310,0.4074815377892836,0
2,BRIGHT:20220311,-0.7942333959835431,0
2,BRIGHT:20220312,-0.8874385082154342,0
2,BRIGHT:20220313,-0.8844037459318074,0
2,BRIGHT:20220314,-0.986485134834888,0
2,BRIGHT:20220315,-1.112458758218055,0
2,BRIGHT:20220316,-1.0245271921005614,0
2,BRIGHT:20220317,-1.2978510770240426,0
2,BRIGHT:20220318,-1.320056856865881,0
2,BRIGHT:20220319,-0.7875783501537373,0
2,BRIGHT:20220321,-1.1535768778345472,0
2,BRIGHT:20220322,-0.7550109748037354,0
2,BRIGHT:20220323,-0.9060231253809499,0
2,BRIGHT:20220324,-1.1676512136444535,0
2,BRIGHT:20220325,-0.8020409980813578,0
2,BRIGHT:20220326,-1.3009754052923281,0
2,BRIGHT:20220327,-0.4600996560854626,0
2,BRIGHT:20220329,-0.025985342977285008,0
2,BRIGHT:20220330,-0.8686483743809595,0
2,BRIGHT:20220331,0.22303887480351078,0
2,BRIGHT:20220401,-1.4894447055327622,0
2,BRIGHT:20220402,-0.2276579198234244,0
2,BRIGHT:20220403,-0.4607303154189645,0
2,BRIGHT:20220404,-1.3461571591337558,0
2,BRIGHT:20220405,-0.2578915528431715,0
2,BRIGHT:20220406,-0.5578004282246345,0
2,BRIGHT:20220407,-0.519447150508589,0
2,BRIGHT:20220408,-1.3178308796061946,0
2,BRIGHT:20220409,-1.6027441460579896,0
2,BRIGHT:20220413,-0.9913690510536686,0
2,BRIGHT:20220414,-1.415709942451128,0
2,BRIGHT:20220416,-1.2746602457564045,0
2,BRIGHT:20220417,-1.485755479464616,0
2,BRIGHT:20220418,-1.006620915364915,0
2,BRIGHT:20220419,-1.0560614962912886,0
2,BRIGHT:20220420,-1.0774471024322172,0
2,BRIGHT:20220421,-0.48452320655893133,0
2,BRIGHT:20220422,0.4967385217273095,0
2,BRIGHT:20220423,-0.33821035560425555,0
2,BRIGHT:20220426,0.21438591406504182,0
2,BRIGHT:20220428,-0.18470909021903226,0
2,BRIGHT:20220429,-0.7857078020868515,0
2,BRIGHT:20220430,-0.24121320837553184,0
2,BRIGHT:20220501,-1.1895611339226138,0
2,BRIGHT:20220502,-0.42768040564372295,0
2,BRIGHT:20220503,-0.11111284806431708,0
2,BRIGHT:20220504,-0.4589773119979914,0
2,BRIGHT:20220505,-0.8620483132079225,0
2,BRIGHT:20220506,-0.9930692204357521,0
2,BRIGHT:20220507,-0.4537292924201092,0
2,BRIGHT:20220508,-0.32495945494414363,0
2,BRIGHT:20220509,-0.4477306112285521,0
2,BRIGHT:20220510,-0.612188854308308,0
2,BRIGHT:20220511,-1.2599207771999317,0
2,BRIGHT:20220512,-0.9221190863549455,0
2,BRIGHT:20220513,-1.0995951440568845,0
2,BRIGHT:20220514,-0.9480408009719145,0
2,BRIGHT:20220515,-0.8552244906027638,0
2,BRIGHT:20220516,-0.7174556875291059,0
2,BRIGHT:20220518,-0.15136243691167872,0
2,BRIGHT:20220522,0.34336937273300455,0
2,BRIGHT:20220523,0.8103649132537903,0
2,BRIGHT:20220524,0.17831193186152763,0
2,BRIGHT:20220525,0.05245669980167203,0
2,BRIGHT:20220526,-0.3136753227644457,0
2,BRIGHT:20220527,1.7432721833734648,0
2,BRIGHT:20220528,-0.8379697269188172,0
2,BRIGHT:20220529,0.5200338767134443,0
2,BRIGHT:20220530,0.3305592071878301,0
2,BRIGHT:20220531,0.18038082072801492,0
2,BRIGHT:20220601,-0.17142304251736035,0
2,BRIGHT:20220602,-0.17377275869821548,0
2,BRIGHT:20220603,1.3156150922822853,0
2,BRIGHT:20220604,0.5812023970451348,0
2,BRIGHT:20220605,-0.1746417529186907,0
2,BRIGHT:20220606,-0.4122901581799137,0
2,BRIGHT:20220607,-0.02126120111628134,0
2,BRIGHT:20220609,0.37600014985016617,0
2,BRIGHT:20220610,1.3137125773985807,0
2,BRIGHT:20220611,2.557460982261904,0
2,BRIGHT:20220612,0.9387928025598029,0
2,DARK:20210514,0.6428573364847017,0
2,DARK:20210515,0.8548694081683802,0
2,DARK:20210516,0.9445301338270229,0
2,DARK:20210517,0.6243302770292758,0
2,DARK:20210518,-0.034015467890262,0
2,DARK:20210519,-0.0004261525547057831,0
2,DARK:20210528,0.8118402319148127,0
2,DARK:20210530,0.16421417112432748,0
2,DARK:20210531,0.3280006735802805,0
2,DARK:20210601,-0.010579426830545875,0
2,DARK:20210602,0.6853818089366437,0
2,DARK:20210603,0.3480918827857888,0
2,DARK:20210604,0.9534429115819006,0
2,DARK:20210605,0.9800622717025138,0
2,DARK:20210606,1.259229887247414,0
2,DARK:20210608,1.0950853507650633,0
2,DARK:20210609,1.1491704737807258,0
2,DARK:20210610,1.1190550001212738,0
2,DARK:20210611,1.1392090380173325,0
2,DARK:20210612,1.3725048154267094,0
2,DARK:20210613,1.0157534501658225,0
2,DARK:20210614,1.5583392826709996,0
2,DARK:20210616,2.93807371041001,0
2,DARK:20210619,1.326204527161883,0
2,DARK:20210627,0.7995413194843886,0
2,DARK:20210704,0.5200553590561059,0
2,DARK:20210705,0.48283638196800044,0
2,DARK:20210708,1.3056049709004687,0
2,DARK:20210926,0.7463590896556861,0
2,DARK:20210930,0.7052696072287563,0
2,DARK:20211001,0.8345506129275878,0
2,DARK:20211002,1.2776056721483735,0
2,DARK:20211003,1.5155430082693158,0
2,DARK:20211005,1.2794499669214654,0
2,DARK:20211006,0.9521792282734642,0
2,DARK:20211007,0.7084275052893584,0
2,DARK:20211008,1.063419223816812,0
2,DARK:20211009,0.9508410531962984,0
2,DARK:20211010,1.354546734895302,0
2,DARK:20211013,1.0901141816965902,0
2,DARK:20211014,0.7945854491028828,0
2,DARK:20211016,0.7477299179730488,0
2,DARK:20211023,0.8294341973239253,0
2,DARK:20211024,1.5565533608037792,0
2,DARK:20211027,0.4390254241894055,0
2,DARK:20211028,0.27135541653393863,0
2,DARK:20211029,0.6560461087796047,0
2,DARK:20211030,1.4627651762611473,0
2,DARK:20211031,1.480814056239134,0
2,DARK:20211101,1.7530415486539137,0
2,DARK:20211102,1.3478559722576404,0
2,DARK:20211103,0.9380573839276206,0
2,DARK:20211104,1.4078110384597011,0
2,DARK:20211105,0.9677700011012196,0
2,DARK:20211106,0.997357430509681,0
2,DARK:20211107,1.531593165969787,0
2,DARK:20211108,0.964215431836784,0
2,DARK:20211109,0.8902088815381137,0
2,DARK:20211110,0.9069126221620124,0
2,DARK:20211111,1.0850761533265958,0
2,DARK:20211112,0.7258929258498755,0
2,DARK:20211113,0.7166813001345722,0
2,DARK:20211114,0.5761058231237561,0
2,DARK:20211116,-0.12862970231712947,0
2,DARK:20211126,0.4971094093627473,0
2,DARK:20211127,0.7683767562444762,0
2,DARK:20211128,0.49782576467268175,0
2,DARK:20211129,1.15413965746891,0
2,DARK:20211130,1.093507621230794,0
2,DARK:20211201,0.9651395314403992,0
2,DARK:20211202,1.3195653995169045,0
2,DARK:20211203,0.6766809235374441,0
2,DARK:20211204,1.1383778227581707,0
2,DARK:20211205,0.9051344311604252,0
2,DARK:20211207,0.9827228361791559,0
2,DARK:20211208,0.7420326658253669,0
2,DARK:20211210,1.411639733334878,0
2,DARK:20211211,0.6443091491369788,0
2,DARK:20211212,1.3321867900957272,0
2,DARK:20211215,0.46080971221642947,0
2,DARK:20220101,1.0528433115015927,0
2,DARK:20220102,0.6807212165140445,0
2,DARK:20220103,0.8822776845566417,0
2,DARK:20220104,0.757858419765801,0
2,DARK:20220105,1.1991886210387988,0
2,DARK:20220106,0.5992097138641289,0
2,DARK:20220107,0.9057896207638537,0
2,DARK:20220109,0.5850809181467099,0
2,DARK:20220112,0.5934780643075098,0
2,DARK:20220113,-0.7914039474097545,0
2,DARK:20220120,-0.017855011183437106,0
2,DARK:20220121,0.4081983512733731,0
2,DARK:20220123,0.36930837902136454,0
2,DARK:20220124,0.28476921365243724,0
2,DARK:20220125,2.7605614386025,0
2,DARK:20220126,0.8435791393493703,0
2,DARK:20220128,1.0844655157268313,0
2,DARK:20220129,0.7912752186024617,0
2,DARK:20220130,0.8456779456011424,0
2,DARK:20220131,0.8211316394533357,0
2,DARK:20220202,0.26767639133909804,0
2,DARK:20220203,0.43569385351652457,0
2,DARK:20220204,0.5628739941495613,0
2,DARK:20220205,0.7269246285016208,0
2,DARK:20220206,0.10861379184142544,0
2,DARK:20220207,1.067333428010335,0
2,DARK:20220208,0.1288634612954013,0
2,DARK:20220209,-0.27297859907266303,0
2,DARK:20220210,0.5125450126850831,0
2,DARK:20220211,-0.7750410424991329,0
2,DARK:20220212,-1.409909323708072,0
2,DARK:20220213,-2.3109268912124645,0
2,DARK:20220218,-0.7712326893215856,0
2,DARK:20220219,-0.2185093380797577,0
2,DARK:20220220,0.6285429175950846,0
2,DARK:20220221,-0.8550520417715577,0
2,DARK:20220225,0.6001799724408496,0
2,DARK:20220226,0.3019894595126487,0
2,DARK:20220228,0.5942361112212973,0
2,DARK:20220301,0.736025703546763,0
2,DARK:20220306,0.49745368777549026,0
2,DARK:20220307,0.6786463210551089,0
2,DARK:20220308,0.4200136043232868,0
2,DARK:20220309,-0.08815536658133778,0
2,DARK:20220311,-0.37711773490786826,0
2,DARK:20220312,-0.614861226070362,0
2,DARK:20220321,-0.03573579523493973,0
2,DARK:20220322,-0.11931793579470898,0
2,DARK:20220323,-0.24109887175283007,0
2,DARK:20220324,0.16892008667211514,0
2,DARK:20220325,0.2396861448971171,0
2,DARK:20220326,0.506829988757387,0
2,DARK:20220327,0.6391133698853436,0
2,DARK:20220329,0.12377077426514858,0
2,DARK:20220330,-0.05098451114952683,0
2,DARK:20220331,0.4051737804003582,0
2,DARK:20220401,0.7897287120329273,0
2,DARK:20220402,0.3598904376790191,0
2,DARK:20220403,0.490805038936057,0
2,DARK:20220404,0.3126821706396701,0
2,DARK:20220405,0.28040391319214825,0
2,DARK:20220406,-0.19285478794637978,0
2,DARK:20220407,-0.018797711257712395,0
2,DARK:20220408,-0.15247370173145913,0
2,DARK:20220409,0.13559309322802718,0
2,DARK:20220418,-0.5441275961406162,0
2,DARK:20220419,-1.0164877179558696,0
2,DARK:20220420,-0.7919172022731137,0
2,DARK:20220421,0.3491598052531723,0
2,DARK:20220423,0.05078629848895637,0
2,DARK:20220424,0.08750639539704842,0
2,DARK:20220425,0.40275644259953064,0
2,DARK:20220427,0.721735732760749,0
2,DARK:20220428,0.6196701286290497,0
2,DARK:20220429,0.08824317695694464,0
2,DARK:20220430,0.8034206932693561,0
2,DARK:20220501,0.8421791691775539,0
2,DARK:20220502,0.4459263783394347,0
2,DARK:20220503,0.5664835296540802,0
2,DARK:20220504,0.477614206936938,0
2,DARK:20220505,0.09390474278571719,0
2,DARK:20220506,-0.9450124230962108,0
2,DARK:20220508,0.31970070068586903,0
2,DARK:20220509,0.22187973303179234,0
2,DARK:20220510,-0.27892790704422055,0
2,DARK:20220511,-0.030673798800120115,0
2,DARK:20220512,-0.4441938562279113,0
2,DARK:20220515,0.23817496061512144,0
2,DARK:20220518,0.7803605455749283,0
2,DARK:20220522,0.7418633829262111,0
2,DARK:20220523,0.47071875649026157,0
2,DARK:20220524,0.6770060922561539,0
2,DARK:20220525,0.6881992882415934,0
2,DARK:20220526,0.6438259360672818,0
2,DARK:20220527,0.6729424013446567,0
2,DARK:20220528,1.0802450887069825,0
2,DARK:20220529,1.251692811328517,0
2,DARK:20220530,0.6808864110099301,0
2,DARK:20220531,1.1118839283224438,0
2,DARK:20220601,0.6131362508692404,0
2,DARK:20220602,0.42082426690034586,0
2,DARK:20220603,1.3514087325227813,0
2,DARK:20220604,0.7264561676252123,0
2,DARK:20220605,0.7064146874506521,0
2,DARK:20220606,0.7338142262043424,0
2,DARK:20220607,0.6571234017805698,0
2,DARK:20220609,0.5765539538291339,0
3,BACKUP:20211125,1.5985552937013432,0
3,BACKUP:20211206,1.4100370117022727,0
3,BACKUP:20211207,1.411457187756574,0
3,BACKUP:20211216,5.97908258205931,0
3,BACKUP:20211217,2.8562083489211467,0
3,BACKUP:20211218,2.020079062144068,0
3,BACKUP:20211220,1.0978407895502524,0
3,BACKUP:20220101,0.853044642788878,0
3,BACKUP:20220107,-2.341677730864654,1
3,BACKUP:20220109,2.341677730864654,1
3,BACKUP:20220111,0.7574589055709272,0
3,BACKUP:20220112,-2.568455881167447,0
3,BACKUP:20220113,-2.192847049510207,0
3,BACKUP:20220114,0.2355105643343512,0
3,BACKUP:20220121,-1.1385541395885015,0
3,BACKUP:20220122,2.2455749613088627,0
3,BACKUP:20220123,-0.8341294580130603,0
3,BACKUP:20220126,-7.790826103086967,0
3,BACKUP:20220127,-0.7445933940217542,0
3,BACKUP:20220128,1.4622720355126313,0
3,BACKUP:20220129,-0.42630759989006506,0
3,BACKUP:20220131,-0.8905046362541696,0
3,BACKUP:20220203,0.37412358680717106,0
3,BACKUP:20220205,-4.742900649602253,0
3,BACKUP:20220206,0.2944442613972589,0
3,BACKUP:20220207,-5.039830527819138,0
3,BACKUP:20220210,-0.3156612535691446,0
3,BACKUP:20220216,0.047379022363724904,0
3,BACKUP:20220217,0.3037886199508926,0
3,BACKUP:20220221,-2.6764646802643184,0
3,BACKUP:20220227,1.3637167653896292,0
3,BACKUP:20220302,-0.6195265458331134,0
3,BACKUP:20220303,-1.2954777457005324,0
3,BACKUP:20220305,-5.304843198043203,0
3,BACKUP:20220310,1.9003717328201897,0
3,BACKUP:20220312,0.21023472911576788,0
3,BACKUP:20220313,-0.00539212780595667,0
3,BACKUP:20220315,-2.4091022028762294,0
3,BACKUP:20220316,-0.7712335910779715,0
3,BACKUP:20220317,-0.4248910531712726,0
3,BACKUP:20220318,-1.0215029164222718,0
3,BACKUP:20220319,-1.048778872622392,0
3,BACKUP:20220325,2.8071093352374294,0
3,BACKUP:20220331,-10.593538300366593,0
3,BACKUP:20220409,0.4843706745015334,0
3,BACKUP:20220412,-0.9272758949314392,0
3,BACKUP:20220413,-0.1439266691341724,0
3,BACKUP:20220416,-1.497013018378692,0
3,BACKUP:20220417,-0.4990423636184051,0
3,BACKUP:20220418,-2.036487801183645,0
3,BACKUP:20220422,0.8878034690673974,0
3,BACKUP:20220423,-0.2321521325540701,0
3,BACKUP:20220426,0.4887713390828508,0
3,BACKUP:20220429,-0.814559459107872,0
3,BACKUP:20220430,-2.220298110639809,0
3,BACKUP:20220502,1.1345847201194852,0
3,BACKUP:20220503,-0.6095568252205732,0
3,BACKUP:20220504,1.5008945181626547,0
3,BACKUP:20220505,0.8591608032613176,0
3,BACKUP:20220506,1.6893485383849591,0
3,BACKUP:20220507,-0.8755749549736481,0
3,BACKUP:20220509,-0.8030533813325267,0
3,BACKUP:20220510,-0.4224016358389339,0
3,BACKUP:20220511,-1.3546957862742146,0
3,BACKUP:20220513,-1.172799478461307,0
3,BACKUP:20220514,-1.1440387077422534,0
3,BACKUP:20220515,-1.6321057971940003,0
3,BACKUP:20220516,1.6065264360604243,0
3,BACKUP:20220518,2.1180352946082497,0
3,BACKUP:20220522,-0.20194715523426657,0
3,BACKUP:20220523,-0.06392536073884869,0
3,BACKUP:20220524,0.9929260140333009,0
3,BACKUP:20220525,0.6979884503673576,0
3,BACKUP:20220526,-0.9061880688329661,0
3,BACKUP:20220527,-0.037819462894141065,0
3,BACKUP:20220528,-0.2699208463105985,0
3,BACKUP:20220529,0.006073317130459805,0
3,BACKUP:20220530,1.0604941091787197,0
3,BACKUP:20220601,-0.26480276624822746,0
3,BACKUP:20220603,-1.1719028613635738,0
3,BACKUP:20220604,1.5991823610456313,0
3,BACKUP:20220605,-0.39144458087795453,0
3,BACKUP:20220607,-0.4795160833369545,0
3,BACKUP:20220608,-1.3851452274783913,0
3,BACKUP:20220609,-0.07297778334245628,0
3,BACKUP:20220610,-0.06309048555800413,0
3,BACKUP:20220611,-0.5701148203856705,0
3,BACKUP:20220612,-0.7936762713213918,0
3,BACKUP:20220613,-0.3600043895041706,0
3,BRIGHT:20210514,0.44114119439942684,0
3,BRIGHT:20210515,0.07662905657217921,0
3,BRIGHT:20210516,0.013658255711867148,0
3,BRIGHT:20210517,0.16651071368078854,0
3,BRIGHT:20210518,-0.6807768571208631,0
3,BRIGHT:20210519,-0.36989790516166354,0
3,BRIGHT:20210521,-0.4025675162700543,0
3,BRIGHT:20210522,-0.7989713863842656,0
3,BRIGHT:20210523,-0.9309914054637962,0
3,BRIGHT:20210528,-0.23866039286101368,0
3,BRIGHT:20210530,0.2347060108499164,0
3,BRIGHT:20210531,0.41194877065160784,0
3,BRIGHT:20210602,0.24383204067834569,0
3,BRIGHT:20210603,-0.1729765198157141,0
3,BRIGHT:20210604,-0.002284128196166945,0
3,BRIGHT:20210605,-0.048358337435432205,0
3,BRIGHT:20210606,-0.06476998017805109,0
3,BRIGHT:20210607,0.7985015873968431,0
3,BRIGHT:20210608,0.46359800436168924,0
3,BRIGHT:20210609,0.27522424247021177,0
3,BRIGHT:20210610,-0.48574390974588977,0
3,BRIGHT:20210611,0.6531801714138528,0
3,BRIGHT:20210612,0.16615202888183275,0
3,BRIGHT:20210613,-0.27482393621141876,0
3,BRIGHT:20210614,1.8137950139040802,0
3,BRIGHT:20210615,-0.2910735607555292,0
3,BRIGHT:20210616,1.8174570927294247,0
3,BRIGHT:20210617,-0.2465841269342559,0
3,BRIGHT:20210618,-0.28070401177533216,0
3,BRIGHT:20210619,-0.21115031160685185,0
3,BRIGHT:20210620,-0.5873533886766243,0
3,BRIGHT:20210621,1.5262112871096658,0
3,BRIGHT:20210626,-0.3669624199382257,0
3,BRIGHT:20210627,-0.35265469019397294,0
3,BRIGHT:20210628,0.6093329427518882,0
3,BRIGHT:20210705,0.7650044452160447,0
3,BRIGHT:20210706,0.7082314264994842,0
3,BRIGHT:20210708,1.1761538534295581,0
3,BRIGHT:20210709,0.4509422139280077,0
3,BRIGHT:20210921,-0.6507223693072752,0
3,BRIGHT:20210923,-0.35656540527726693,0
3,BRIGHT:20210926,0.4368851724703275,0
3,BRIGHT:20210927,0.3489628386477461,0
3,BRIGHT:20210928,0.517562552121898,0
3,BRIGHT:20210930,0.05751189351815771,0
3,BRIGHT:20211001,0.8018793743958127,0
3,BRIGHT:20211002,0.4928491400428627,0
3,BRIGHT:20211003,0.2196624931836723,0
3,BRIGHT:20211005,0.2697730357464374,0
3,BRIGHT:20211006,0.9528270097002274,0
3,BRIGHT:20211009,0.702554095876531,0
3,BRIGHT:20211014,-0.5639340832341935,0
3,BRIGHT:20211015,0.21338670801197074,0
3,BRIGHT:20211016,-1.0081396275002774,0
3,BRIGHT:20211019,-1.1379230524192006,0
3,BRIGHT:20211020,-0.8498168933810012,0
3,BRIGHT:20211021,-0.7595745702168123,0
3,BRIGHT:20211022,-0.6266047136290699,0
3,BRIGHT:20211023,-0.7107652127255885,0
3,BRIGHT:20211024,-0.7747963146918052,0
3,BRIGHT:20211026,0.4562371263735128,0
3,BRIGHT:20211029,-1.0451686813797607,0
3,BRIGHT:20211031,-2.510906788365456,0
3,BRIGHT:20211101,0.641844598234052,0
3,BRIGHT:20211103,-2.8705623767097888,0
3,BRIGHT:20211105,-1.3132280216271623,0
3,BRIGHT:20211106,0.48349506294343686,0
3,BRIGHT:20211107,-0.9754041228845606,0
3,BRIGHT:20211110,-0.4399873968532855,0
3,BRIGHT:20211111,0.6070129286983018,0
3,BRIGHT:20211112,-0.3432590586006293,0
3,BRIGHT:20211113,-1.0691134405165312,0
3,BRIGHT:20211114,-0.6958289765089716,0
3,BRIGHT:20211115,-1.1141309817093557,0
3,BRIGHT:20211116,-0.6837307801841266,0
3,BRIGHT:20211117,-0.8703855878354674,0
3,BRIGHT:20211118,-1.2795921857021642,0
3,BRIGHT:20211119,-0.9448695390354329,0
3,BRIGHT:20211120,0.28034875645270263,0
3,BRIGHT:20211122,-0.5034728704862002,0
3,BRIGHT:20211125,-0.02279444777458727,0
3,BRIGHT:20211126,-0.639591321230332,0
3,BRIGHT:20211127,-0.05112998509992243,0
3,BRIGHT:20211128,-0.7093530606254718,0
3,BRIGHT:20211129,-1.11121673144887,0
3,BRIGHT:20211130,-1.4506030840593125,0
3,BRIGHT:20211201,0.028809891108244872,0
3,BRIGHT:20211202,-0.9737717915800197,0
3,BRIGHT:20211203,0.2859218678908913,0
3,BRIGHT:20211204,-0.22087054071957643,0
3,BRIGHT:20211205,-1.0986359293952208,0
3,BRIGHT:20211206,0.5132313302446649,0
3,BRIGHT:20211207,0.3711549657039536,0
3,BRIGHT:20211208,-0.4423431887320247,0
3,BRIGHT:20211210,0.5646247174982716,0
3,BRIGHT:20211211,-0.5673933296617618,0
3,BRIGHT:20211212,-0.5754290337428632,0
3,BRIGHT:20211215,-0.5763926356009301,0
3,BRIGHT:20211216,-0.39815812082127555,0
3,BRIGHT:20211217,0.296963461946667,0
3,BRIGHT:20211218,-0.9160570815410582,0
3,BRIGHT:20211219,-0.1494726495897173,0
3,BRIGHT:20211220,0.10047395434340843,0
3,BRIGHT:20211222,-0.09282327768384432,0
3,BRIGHT:20220101,0.672935330690757,0
3,BRIGHT:20220102,-0.6356543435191786,0
3,BRIGHT:20220103,-0.2018644036545755,0
3,BRIGHT:20220104,-0.29968656403853916,0
3,BRIGHT:20220105,0.9552003776780406,0
3,BRIGHT:20220106,-0.3045280678159067,0
3,BRIGHT:20220107,-1.0332417977770552,0
3,BRIGHT:20220108,-0.03762503298186398,0
3,BRIGHT:20220109,0.17368614894908044,0
3,BRIGHT:20220111,0.6364546167090253,0
3,BRIGHT:20220112,-1.123763405691023,0
3,BRIGHT:20220113,-0.4402923112698808,0
3,BRIGHT:20220114,-0.5025997844436988,0
3,BRIGHT:20220119,-0.7905235875806785,0
3,BRIGHT:20220120,-0.4007289280649826,0
3,BRIGHT:20220121,-0.35924759066157963,0
3,BRIGHT:20220122,0.08974509891105223,0
3,BRIGHT:20220123,-0.46114865649312725,0
3,BRIGHT:20220124,-0.48969070155309574,0
3,BRIGHT:20220125,0.05126683062531678,0
3,BRIGHT:20220126,0.10839416401232095,0
3,BRIGHT:20220127,-0.07976041161711296,0
3,BRIGHT:20220129,-0.007200584186335932,0
3,BRIGHT:20220130,0.3472037245099779,0
3,BRIGHT:20220131,0.5013027602997212,0
3,BRIGHT:20220201,-0.05954624976231407,0
3,BRIGHT:20220202,0.022077837318643465,0
3,BRIGHT:20220203,0.2744984599420794,0
3,BRIGHT:20220204,-1.0767770033731379,0
3,BRIGHT:20220205,-0.6782183002106419,0
3,BRIGHT:20220206,0.7345950017246415,0
3,BRIGHT:20220207,-0.11275999731081916,0
3,BRIGHT:20220208,-0.46419314150516544,0
3,BRIGHT:20220209,-0.5217420574642376,0
3,BRIGHT:20220210,-1.133149930352027,0
3,BRIGHT:20220211,-1.0128877207417344,0
3,BRIGHT:20220212,-0.9458457501694738,0
3,BRIGHT:20220213,-1.2277315059385527,0
3,BRIGHT:20220217,-0.4840779851605674,0
3,BRIGHT:20220218,-1.0675596979738915,0
3,BRIGHT:20220219,-1.1628537722197212,0
3,BRIGHT:20220220,-1.4470369824071305,0
3,BRIGHT:20220221,-0.41887494673153447,0
3,BRIGHT:20220225,-0.07368670576692254,0
3,BRIGHT:20220226,-1.3923627343572715,0
3,BRIGHT:20220227,-0.21635446899322117,0
3,BRIGHT:20220228,-0.42259099686273943,0
3,BRIGHT:20220301,-1.641371264892586,0
3,BRIGHT:20220302,-0.24555184492626578,0
3,BRIGHT:20220303,-1.1594990367182934,0
3,BRIGHT:20220304,0.2492130145430329,0
3,BRIGHT:20220305,-0.7500212878710705,0
3,BRIGHT:20220306,-0.2990701132712613,0
3,BRIGHT:20220307,0.06622472673314816,0
3,BRIGHT:20220308,-1.3122117703778804,0
3,BRIGHT:20220309,-1.090619146786198,0
3,BRIGHT:20220310,0.41473006048714556,0
3,BRIGHT:20220311,-0.7867845950856318,0
3,BRIGHT:20220312,-0.8895068774738039,0
3,BRIGHT:20220313,-0.8337477298840151,0
3,BRIGHT:20220314,-0.9825895832466368,0
3,BRIGHT:20220315,-1.1664734685601654,0
3,BRIGHT:20220316,-1.1013314430318117,0
3,BRIGHT:20220317,-1.2733775416661155,0
3,BRIGHT:20220318,-1.3777295343685336,0
3,BRIGHT:20220319,-0.8310855985062284,0
3,BRIGHT:20220321,-1.1568087398173517,0
3,BRIGHT:20220322,-0.6280132561925467,0
3,BRIGHT:20220323,-0.8071587788327079,0
3,BRIGHT:20220324,-1.18788411852776,0
3,BRIGHT:20220325,-0.8476405683757042,0
3,BRIGHT:20220326,-1.310281722656658,0
3,BRIGHT:20220327,-0.46231192772404484,0
3,BRIGHT:20220329,-0.05005282428342972,0
3,BRIGHT:20220330,-0.7845233514416803,0
3,BRIGHT:20220331,0.23736189076977454,0
3,BRIGHT:20220401,-1.5625208356988836,0
3,BRIGHT:20220402,-0.1386648801117807,0
3,BRIGHT:20220403,-0.4637775570494532,0
3,BRIGHT:20220404,-1.3174605759536409,0
3,BRIGHT:20220405,-0.39073780692749505,0
3,BRIGHT:20220406,-0.2614885221814176,0
3,BRIGHT:20220407,-0.5567180967222761,0
3,BRIGHT:20220408,-1.3558816749734892,0
3,BRIGHT:20220409,-1.6264863207103024,0
3,BRIGHT:20220413,-0.9249875875488592,0
3,BRIGHT:20220414,-1.391841423759339,0
3,BRIGHT:20220416,-1.265972178372498,0
3,BRIGHT:20220417,-1.4749203035691283,0
3,BRIGHT:20220418,-1.0481019657548079,0
3,BRIGHT:20220419,-1.0626368970171693,0
3,BRIGHT:20220420,-1.10840813752416,0
3,BRIGHT:20220421,-0.4396641948364582,0
3,BRIGHT:20220422,0.4477373001386818,0
3,BRIGHT:20220423,-0.3500702346724178,0
3,BRIGHT:20220425,-0.4684434629509914,0
3,BRIGHT:20220426,0.21197858940960496,0
3,BRIGHT:20220428,-0.15982887426112968,0
3,BRIGHT:20220429,-0.8599518941599621,0
3,BRIGHT:20220430,-0.22904331457907384,0
3,BRIGHT:20220501,-1.217968929786254,0
3,BRIGHT:20220502,-0.3372269581150549,0
3,BRIGHT:20220503,-0.025591038894243662,0
3,BRIGHT:20220504,-0.4513172590485991,0
3,BRIGHT:20220505,-0.7942650998739188,0
3,BRIGHT:20220506,-0.9150388985541638,0
3,BRIGHT:20220507,-0.46070578127427125,0
3,BRIGHT:20220508,-0.36471007233162134,0
3,BRIGHT:20220509,-0.49212880051769736,0
3,BRIGHT:20220510,-0.5877843201425976,0
3,BRIGHT:20220511,-1.2311445812453479,0
3,BRIGHT:20220512,-0.9203916870219023,0
3,BRIGHT:20220513,-1.1207070847402056,0
3,BRIGHT:20220514,-0.9404661048687433,0
3,BRIGHT:20220515,-0.8876649860833107,0
3,BRIGHT:20220516,-0.7185465459377707,0
3,BRIGHT:20220518,-0.11467961798270741,0
3,BRIGHT:20220522,0.3529398752737913,0
3,BRIGHT:20220523,0.8356877895219306,0
3,BRIGHT:20220524,0.17913079057017223,0
3,BRIGHT:20220525,0.17224375595106245,0
3,BRIGHT:20220526,-0.34117825178586747,0
3,BRIGHT:20220527,1.7713211373186137,0
3,BRIGHT:20220528,-0.8100301046172877,0
3,BRIGHT:20220529,0.5877130437512101,0
3,BRIGHT:20220530,0.32460711848850393,0
3,BRIGHT:20220531,0.161728810758963,0
3,BRIGHT:20220601,-0.18993418128905584,0
3,BRIGHT:20220602,-0.2851403344644939,0
3,BRIGHT:20220603,1.113058713257006,0
3,BRIGHT:20220604,0.5903872205393192,0
3,BRIGHT:20220605,-0.2484185983212762,0
3,BRIGHT:20220606,-0.3625848312604142,0
3,BRIGHT:20220607,-0.015114983620050296,0
3,BRIGHT:20220609,0.39656024143729135,0
3,BRIGHT:20220610,1.2856125738520219,0
3,BRIGHT:20220611,2.6008558601054466,0
3,BRIGHT:20220612,0.9050081734058208,0
3,DARK:20210514,0.6080139350828427,0
3,DARK:20210515,0.8762784894483439,0
3,DARK:20210516,1.0051363303747252,0
3,DARK:20210517,0.6288242720058954,0
3,DARK:20210518,-0.4045957856857347,0
3,DARK:20210519,0.23249786797897917,0
3,DARK:20210528,0.9872461075839026,0
3,DARK:20210530,0.29948574154129537,0
3,DARK:20210531,0.169897117215869,0
3,DARK:20210601,0.07830287407578168,0
3,DARK:20210602,0.4981451792645931,0
3,DARK:20210603,0.34735336821165136,0
3,DARK:20210604,0.8309075650588579,0
3,DARK:20210605,0.8809299371436331,0
3,DARK:20210606,1.3061188719196504,0
3,DARK:20210608,1.0203262111818476,0
3,DARK:20210609,1.2289794217125036,0
3,DARK:20210610,1.286569568229769,0
3,DARK:20210611,1.1934480101348408,0
3,DARK:20210612,1.4904457637581905,0
3,DARK:20210613,1.2301883177784765,0
3,DARK:20210614,1.5391098379638644,0
3,DARK:20210616,2.947556493884731,0
3,DARK:20210619,1.1450429167202032,0
3,DARK:20210627,0.7304413264096297,0
3,DARK:20210704,0.7392393024094948,0
3,DARK:20210708,1.3969222256527156,0
3,DARK:20210926,0.7042684149915017,0
3,DARK:20210927,-0.2526168367411699,0
3,DARK:20210930,0.7737873565742132,0
3,DARK:20211001,0.7707668294074511,0
3,DARK:20211002,1.3346888535847234,0
3,DARK:20211003,1.6147812309527159,0
3,DARK:20211005,1.2890159243949169,0
3,DARK:20211006,0.9273132805592663,0
3,DARK:20211007,0.8282139337058121,0
3,DARK:20211008,1.0816444382915424,0
3,DARK:20211009,1.1070425044809684,0
3,DARK:20211010,1.4630928400330008,0
3,DARK:20211013,1.1079574763612334,0
3,DARK:20211014,0.9463748046609092,0
3,DARK:20211016,0.7508036246681677,0
3,DARK:20211023,1.9286189673526322,0
3,DARK:20211024,1.5571689817658991,0
3,DARK:20211027,0.6018824133165893,0
3,DARK:20211028,0.3432432027905104,0
3,DARK:20211029,0.9339899908906892,0
3,DARK:20211030,1.3425702751586215,0
3,DARK:20211031,1.4040409617573746,0
3,DARK:20211101,1.752980746043182,0
3,DARK:20211102,1.4269839665563517,0
3,DARK:20211103,0.9492199750228725,0
3,DARK:20211104,1.2655312528817295,0
3,DARK:20211105,0.8796558603545404,0
3,DARK:20211106,1.0627116175950237,0
3,DARK:20211107,1.5054210219836888,0
3,DARK:20211108,1.0152556891654871,0
3,DARK:20211109,0.8392596983557123,0
3,DARK:20211110,0.8146117923870253,0
3,DARK:20211111,1.081859903449203,0
3,DARK:20211112,0.7010912952835596,0
3,DARK:20211113,0.7430797277558475,0
3,DARK:20211114,0.37080937079762843,0
3,DARK:20211116,-0.1462194833112421,0
3,DARK:20211126,0.38045865969394677,0
3,DARK:20211127,0.8824613378007193,0
3,DARK:20211128,0.442841134196988,0
3,DARK:20211129,1.055181996866267,0
3,DARK:20211130,1.0793115408210798,0
3,DARK:20211201,0.9228398992056467,0
3,DARK:20211202,1.382092325478312,0
3,DARK:20211203,0.8334330647818812,0
3,DARK:20211204,1.262288900613618,0
3,DARK:20211205,0.9315476746637515,0
3,DARK:20211207,1.1865007030459611,0
3,DARK:20211208,0.842361048132401,0
3,DARK:20211210,1.3796329859997873,0
3,DARK:20211211,0.5073757071443907,0
3,DARK:20211212,1.3408259560231577,0
3,DARK:20211215,0.4711032918352722,0
3,DARK:20220101,1.0453321166926455,0
3,DARK:20220102,0.5672744742086344,0
3,DARK:20220103,0.8895794060452028,0
3,DARK:20220104,0.7677992344697677,0
3,DARK:20220105,1.1312081489159673,0
3,DARK:20220106,0.7529276387858478,0
3,DARK:20220107,0.7512111981166559,0
3,DARK:20220109,0.6669844923462916,0
3,DARK:20220112,0.8891758832488706,0
3,DARK:20220113,-0.7868555599841254,0
3,DARK:20220120,-0.11954388184112916,0
3,DARK:20220121,0.4741698815015959,0
3,DARK:20220123,0.23660845054299326,0
3,DARK:20220124,0.27797497296376456,0
3,DARK:20220125,2.2494330213315408,0
3,DARK:20220126,0.8510629434318512,0
3,DARK:20220128,1.0769418323547697,0
3,DARK:20220129,0.8247253322106927,0
3,DARK:20220130,0.8276023021749128,0
3,DARK:20220131,0.8274231299393688,0
3,DARK:20220202,0.3251141579732519,0
3,DARK:20220203,0.38562585777408936,0
3,DARK:20220204,0.5606486609748412,0
3,DARK:20220205,0.5803949993279178,0
3,DARK:20220206,-0.19872012363131536,0
3,DARK:20220207,0.9247762517202748,0
3,DARK:20220208,0.18936757775919802,0
3,DARK:20220209,-0.35003811497249226,0
3,DARK:20220210,0.3138002071164523,0
3,DARK:20220211,-0.7570034367282542,0
3,DARK:20220212,-1.4787612236658745,0
3,DARK:20220213,-2.419015484852848,0
3,DARK:20220218,-0.746033363886511,0
3,DARK:20220219,-0.16735172492612382,0
3,DARK:20220220,0.5917261197815648,0
3,DARK:20220221,-0.8220687581391135,0
3,DARK:20220225,0.6149267240374535,0
3,DARK:20220226,0.3897135777958421,0
3,DARK:20220228,0.5608879270152244,0
3,DARK:20220301,0.6841991667261786,0
3,DARK:20220306,0.5262117208194358,0
3,DARK:20220307,0.5820608613113712,0
3,DARK:20220308,0.414237019738541,0
3,DARK:20220309,-0.102882362819072,0
3,DARK:20220311,-0.3887824767699506,0
3,DARK:20220312,-0.6528428772684254,0
3,DARK:20220313,-0.11522102235321534,0
3,DARK:20220321,-0.1351373390256761,0
3,DARK:20220322,-0.29193819158377704,0
3,DARK:20220323,-0.24052456213326884,0
3,DARK:20220324,0.04683270511527623,0
3,DARK:20220325,0.1979360949584046,0
3,DARK:20220326,0.4428874767843075,0
3,DARK:20220327,0.7210965192178691,0
3,DARK:20220329,0.16849004456142444,0
3,DARK:20220330,0.1282939271772955,0
3,DARK:20220331,0.5257218721560215,0
3,DARK:20220401,0.8138042577523763,0
3,DARK:20220402,0.3291456326378349,0
3,DARK:20220403,0.37511970918694554,0
3,DARK:20220404,0.1524586161057184,0
3,DARK:20220405,0.3546881656561835,0
3,DARK:20220406,-0.2173823576680487,0
3,DARK:20220407,0.12442200363373579,0
3,DARK:20220408,-0.23931746859998876,0
3,DARK:20220409,0.08362388257703131,0
3,DARK:20220418,-0.6446521123041685,0
3,DARK:20220419,-1.0230161726067568,0
3,DARK:20220420,-0.627626602712926,0
3,DARK:20220421,0.4493754480246649,0
3,DARK:20220423,0.13584640886962032,0
3,DARK:20220424,0.023299952954457748,0
3,DARK:20220425,0.2751390823508913,0
3,DARK:20220427,0.7564676770895061,0
3,DARK:20220428,0.6259092617859686,0
3,DARK:20220429,0.06467049745334243,0
3,DARK:20220430,0.8946338668497493,0
3,DARK:20220501,0.3731208232996193,0
3,DARK:20220502,0.46541077586982127,0
3,DARK:20220503,0.4914865252483376,0
3,DARK:20220504,0.4680136811834439,0
3,DARK:20220505,0.13600677463365715,0
3,DARK:20220506,-1.0844177358665072,0
3,DARK:20220508,0.2997611964755688,0
3,DARK:20220509,0.40184310388690353,0
3,DARK:20220510,-0.18776178888928327,0
3,DARK:20220511,-0.04941033399128423,0
3,DARK:20220512,-0.6642646051881129,0
3,DARK:20220515,-0.06946957394062303,0
3,DARK:20220518,0.7774672841957689,0
3,DARK:20220522,0.7948110828488438,0
3,DARK:20220523,0.44734613255196987,0
3,DARK:20220524,0.6743130782721772,0
3,DARK:20220525,0.750210079633887,0
3,DARK:20220526,0.5383456288762553,0
3,DARK:20220527,0.9806624492945061,0
3,DARK:20220528,1.0530993984599988,0
3,DARK:20220529,1.3405694292556736,0
3,DARK:20220530,0.5699498164402363,0
3,DARK:20220531,1.1298992320900239,0
3,DARK:20220601,0.6263653259338604,0
3,DARK:20220602,0.20093376367680166,0
3,DARK:20220603,1.2499894687443622,0
3,DARK:20220604,0.8567207323568106,0
3,DARK:20220605,0.8532722391705241,0
3,DARK:20220606,0.6487793129306556,0
3,DARK:20220607,0.6558593418014059,0
3,DARK:20220609,0.5851931274302641,0
4,BACKUP:20211125,1.6499229644293525,0
4,BACKUP:20211206,1.461889216805694,0
4,BACKUP:20211207,1.4534833021439169,0
4,BACKUP:20211216,6.0972528249470805,0
4,BACKUP:20211217,2.916272875399094,0
4,BACKUP:20211218,2.0821079196860683,0
4,BACKUP:20211220,1.1549424463119569,0
4,BACKUP:20220101,0.9717615112091503,0
4,BACKUP:20220107,-2.357641500787688,1
4,BACKUP:20220109,2.357641500787688,1
4,BACKUP:20220111,0.8031749242678026,0
4,BACKUP:20220112,-2.482653656821521,0
4,BACKUP:20220113,-2.1404350428396173,0
4,BACKUP:20220114,0.2839467403203204,0
4,BACKUP:20220121,-1.1500918242414149,0
4,BACKUP:20220122,2.2803539321619746,0
4,BACKUP:20220123,-0.7375183892915625,0
4,BACKUP:20220126,-7.703726113482194,0
4,BACKUP:20220127,-0.7119256743531985,0
4,BACKUP:20220128,1.4127228410478367,0
4,BACKUP:20220129,-0.39845335752823524,0
4,BACKUP:20220131,-0.8359708194657393,0
4,BACKUP:20220203,0.41437283074408315,0
4,BACKUP:20220205,-4.725741481042289,0
4,BACKUP:20220206,0.31867226596901255,0
4,BACKUP:20220207,-5.019575912922048,0
4,BACKUP:20220210,-0.304272854718872,0
4,BACKUP:20220216,0.041905657523754726,0
4,BACKUP:20220217,0.30342693553848626,0
4,BACKUP:20220221,-2.7998585177916238,0
4,BACKUP:20220227,1.3758918470589707,0
4,BACKUP:20220302,-0.5715399856157674,0
4,BACKUP:20220303,-1.3878709812822456,0
4,BACKUP:20220305,-5.3115499748745485,0
4,BACKUP:20220310,1.9040126463604103,0
4,BACKUP:20220312,0.2625527837094958,0
4,BACKUP:20220313,-0.016263284241638573,0
4,BACKUP:20220315,-2.4157970735378687,0
4,BACKUP:20220316,-0.7725111118731937,0
4,BACKUP:20220317,-0.2681128976883514,0
4,BACKUP:20220318,-1.0188848012725735,0
4,BACKUP:20220319,-1.068086219938766,0
4,BACKUP:20220325,2.815332359898518,0
4,BACKUP:20220331,-10.607947374357378,0
4,BACKUP:20220409,0.4700390284788412,0
4,BACKUP:20220412,-0.9209552450345306,0
4,BACKUP:20220413,-0.0878043393381008,0
4,BACKUP:20220416,-1.507751623123375,0
4,BACKUP:20220417,-0.5063505031832737,0
4,BACKUP:20220418,-2.0472727345193635,0
4,BACKUP:20220422,0.9103198394341188,0
4,BACKUP:20220423,-0.2255365966125156,0
4,BACKUP:20220426,0.47339592171861716,0
4,BACKUP:20220429,-0.8377549526486032,0
4,BACKUP:20220430,-2.161945246153069,0
4,BACKUP:20220502,1.200926835963858,0
4,BACKUP:20220503,-0.5997492550368729,0
4,BACKUP:20220504,1.4225043878965669,0
4,BACKUP:20220505,0.8278122800831642,0
4,BACKUP:20220506,1.6958421925925857,0
4,BACKUP:20220507,-0.8159144281217197,0
4,BACKUP:20220509,-0.8204570719614369,0
4,BACKUP:20220510,-0.43186336492643873,0
4,BACKUP:20220511,-1.3554009667472053,0
4,BACKUP:20220513,-1.2049953459921934,0
4,BACKUP:20220514,-1.141525003946342,0
4,BACKUP:20220515,-1.6557209243364945,0
4,BACKUP:20220516,1.5806086794482401,0
4,BACKUP:20220518,2.088895206930727,0
4,BACKUP:20220522,-0.2340631101784279,0
4,BACKUP:20220523,-0.08606420798209219,0
4,BACKUP:20220524,1.0024432627507736,0
4,BACKUP:20220525,0.7018905309627345,0
4,BACKUP:20220526,-0.9377086043038141,0
4,BACKUP:20220527,-0.07075229807201104,0
4,BACKUP:20220528,-0.2403523161001651,0
4,BACKUP:20220529,0.04620277481096659,0
4,BACKUP:20220601,-0.21919080710102676,0
4,BACKUP:20220603,-0.5516576740942816,0
4,BACKUP:20220604,1.6055942474555325,0
4,BACKUP:20220605,-0.31044133276865077,0
4,BACKUP:20220607,-0.41261327891175115,0
4,BACKUP:20220608,-1.3622885188767535,0
4,BACKUP:20220609,-0.04845946069896203,0
4,BACKUP:20220610,0.053789264708607704,0
4,BACKUP:20220611,-0.1544149888189895,0
4,BACKUP:20220612,-0.8029520547920943,0
4,BACKUP:20220613,-0.3530340227348995,0
4,BRIGHT:20210514,0.4767238528807876,0
4,BRIGHT:20210515,0.067594012020086,0
4,BRIGHT:20210516,0.10322554579604762,0
4,BRIGHT:20210517,0.14622223890960329,0
4,BRIGHT:20210518,-0.7193967442827648,0
4,BRIGHT:20210519,-0.38241710033798226,0
4,BRIGHT:20210521,-0.3873889622143589,0
4,BRIGHT:20210522,-0.8328366893637232,0
4,BRIGHT:20210523,-0.9611745748210363,0
4,BRIGHT:20210528,-0.08036920523011873,0
4,BRIGHT:20210530,0.490123434463339,0
4,BRIGHT:20210531,0.5151955174301117,0
4,BRIGHT:20210602,0.23122165153261107,0
4,BRIGHT:20210603,-0.05861553008857415,0
4,BRIGHT:20210604,-0.01852843885325547,0
4,BRIGHT:20210605,-0.021923827575768502,0
4,BRIGHT:20210606,-0.11886838314134644,0
4,BRIGHT:20210607,0.8595925374193611,0
4,BRIGHT:20210608,0.49812321138699844,0
4,BRIGHT:20210609,0.33247620654898646,0
4,BRIGHT:20210610,-0.4443504728008836,0
4,BRIGHT:20210611,0.6732959801939102,0
4,BRIGHT:20210612,0.10606499402699751,0
4,BRIGHT:20210613,-0.3783848244857431,0
4,BRIGHT:20210614,1.6804710212805771,0
4,BRIGHT:20210615,-0.39365565529581786,0
4,BRIGHT:20210616,1.7753930286184287,0
4,BRIGHT:20210617,-0.17803707294222942,0
4,BRIGHT:20210618,-0.26464877322927227,0
4,BRIGHT:20210619,-0.20418451531170767,0
4,BRIGHT:20210620,-0.6024233536941102,0
4,BRIGHT:20210621,1.6622756903056257,0
4,BRIGHT:20210626,-0.21126681759993787,0
4,BRIGHT:20210627,-0.211252181042847,0
4,BRIGHT:20210628,0.6410850436424518,0
4,BRIGHT:20210705,0.7521247818658966,0
4,BRIGHT:20210706,0.7885283107303521,0
4,BRIGHT:20210708,1.2610054618123265,0
4,BRIGHT:20210709,0.5526974564960045,0
4,BRIGHT:20210921,-0.6013432496989893,0
4,BRIGHT:20210923,-0.2673702958209256,0
4,BRIGHT:20210926,0.42438882771172287,0
4,BRIGHT:20210927,0.3810505638898588,0
4,BRIGHT:20210928,0.6176336137430078,0
4,BRIGHT:20210930,0.0705736906184671,0
4,BRIGHT:20211001,0.7675675063722194,0
4,BRIGHT:20211002,0.5317418544826034,0
4,BRIGHT:20211003,0.32751007138903415,0
4,BRIGHT:20211005,0.27723928367835765,0
4,BRIGHT:20211006,0.9691987145225276,0
4,BRIGHT:20211009,0.6611090483813276,0
4,BRIGHT:20211014,-0.5929404426380339,0
4,BRIGHT:20211015,0.21232899252106188,0
4,BRIGHT:20211016,-0.9694406424366664,0
4,BRIGHT:20211019,-1.174418707868512,0
4,BRIGHT:20211020,-0.883652938352507,0
4,BRIGHT:20211021,-0.7332641085483623,0
4,BRIGHT:20211022,-0.573409492415616,0
4,BRIGHT:20211023,-0.7379039771541867,0
4,BRIGHT:20211024,-0.6969868640098232,0
4,BRIGHT:20211026,0.421676758522586,0
4,BRIGHT:20211029,-1.0968471191943618,0
4,BRIGHT:20211031,-2.5351010611755522,0
4,BRIGHT:20211101,0.707830173934027,0
4,BRIGHT:20211103,-2.9422344610677325,0
4,BRIGHT:20211105,-1.42426611192072,0
4,BRIGHT:20211106,0.48833463749268324,0
4,BRIGHT:20211107,-1.0044278939499867,0
4,BRIGHT:20211110,-0.41335969142589774,0
4,BRIGHT:20211111,0.5828721286120168,0
4,BRIGHT:20211112,-0.40670412304504455,0
4,BRIGHT:20211113,-0.942448872254183,0
4,BRIGHT:20211114,-0.6759156207883394,0
4,BRIGHT:20211115,-1.0787237673111267,0
4,BRIGHT:20211116,-0.6706705186726722,0
4,BRIGHT:20211117,-0.8077079900355312,0
4,BRIGHT:20211118,-1.2533549309716654,0
4,BRIGHT:20211119,-1.0519696116628285,0
4,BRIGHT:20211120,0.3452589652445438,0
4,BRIGHT:20211122,-0.41045830895304014,0
4,BRIGHT:20211125,-0.057244321857747554,0
4,BRIGHT:20211126,-0.694881385839053,0
4,BRIGHT:20211127,0.040498227939919536,0
4,BRIGHT:20211128,-0.7720537928101784,0
4,BRIGHT:20211129,-1.0693196590964607,0
4,BRIGHT:20211130,-1.4135667118025892,0
4,BRIGHT:20211201,-0.05944709350144448,0
4,BRIGHT:20211202,-1.2322149652821492,0
4,BRIGHT:20211203,0.3528968648985969,0
4,BRIGHT:20211204,-0.5333700966804249,0
4,BRIGHT:20211205,-0.8945810588905735,0
4,BRIGHT:20211206,0.48589867545843024,0
4,BRIGHT:20211207,0.3045873263777606,0
4,BRIGHT:20211208,-0.5073038995492912,0
4,BRIGHT:20211210,0.6276528085270198,0
4,BRIGHT:20211211,-0.5509334488381646,0
4,BRIGHT:20211212,-0.5985277498340071,0
4,BRIGHT:20211215,-0.5684705839292241,0
4,BRIGHT:20211216,-0.35551462260229105,0
4,BRIGHT:20211217,0.3347756688128162,0
4,BRIGHT:20211218,-0.9232198107135925,0
4,BRIGHT:20211219,-0.09205715620868869,0
4,BRIGHT:20211220,0.12455398207111139,0
4,BRIGHT:20211222,0.05690163640547066,0
4,BRIGHT:20220101,0.7069903041746421,0
4,BRIGHT:20220102,-0.7440133014727467,0
4,BRIGHT:20220103,-0.12584928213634153,0
4,BRIGHT:20220104,-0.21012133403301267,0
4,BRIGHT:20220105,0.8723100043904308,0
4,BRIGHT:20220106,-0.27960747304091693,0
4,BRIGHT:20220107,-0.9438702829490133,0
4,BRIGHT:20220108,-0.05615648333147964,0
4,BRIGHT:20220109,0.16105692082127185,0
4,BRIGHT:20220111,0.522707777114833,0
4,BRIGHT:20220112,-1.144890297460575,0
4,BRIGHT:20220113,-0.40252167394560734,0
4,BRIGHT:20220114,-0.5477080165838206,0
4,BRIGHT:20220119,-0.722217224218415,0
4,BRIGHT:20220120,-0.4064431016150786,0
4,BRIGHT:20220121,-0.36796854826444403,0
4,BRIGHT:20220122,0.44853798767769665,0
4,BRIGHT:20220123,-0.40958088597043224,0
4,BRIGHT:20220124,-0.37494577414803615,0
4,BRIGHT:20220125,0.093004650803202,0
4,BRIGHT:20220126,0.14597195937587507,0
4,BRIGHT:20220127,-0.09066612783620653,0
4,BRIGHT:20220129,0.07791833986507858,0
4,BRIGHT:20220130,0.34425494782759924,0
4,BRIGHT:20220131,0.5389555669099283,0
4,BRIGHT:20220201,-0.14033648296952406,0
4,BRIGHT:20220202,0.020240167900132063,0
4,BRIGHT:20220203,0.3035845001029411,0
4,BRIGHT:20220204,-1.0379702361187246,0
4,BRIGHT:20220205,-0.6366475124523665,0
4,BRIGHT:20220206,0.7171855775072925,0
4,BRIGHT:20220207,-0.1277327052751694,0
4,BRIGHT:20220208,-0.4418179314591686,0
4,BRIGHT:20220209,-0.5203841752596948,0
4,BRIGHT:20220210,-1.0815906875664063,0
4,BRIGHT:20220211,-1.0262256624805621,0
4,BRIGHT:20220212,-0.8824913212583652,0
4,BRIGHT:20220213,-1.1699243927377032,0
4,BRIGHT:20220217,-0.5108367874372144,0
4,BRIGHT:20220218,-1.0962238089928902,0
4,BRIGHT:20220219,-1.224468607246349,0
4,BRIGHT:20220220,-1.3406862281072542,0
4,BRIGHT:20220221,-0.3889374134772256,0
4,BRIGHT:20220225,-0.09520602879098251,0
4,BRIGHT:20220226,-1.3392384642140693,0
4,BRIGHT:20220227,-0.1966309481604092,0
4,BRIGHT:20220228,-0.4244555435697598,0
4,BRIGHT:20220301,-1.5077868779539045,0
4,BRIGHT:20220302,-0.29436383106888037,0
4,BRIGHT:20220303,-1.2038427502338238,0
4,BRIGHT:20220304,0.30225751412760243,0
4,BRIGHT:20220305,-0.7697030098641594,0
4,BRIGHT:20220306,-0.40557269357393044,0
4,BRIGHT:20220307,0.06604368344098119,0
4,BRIGHT:20220308,-0.9132607253896831,0
4,BRIGHT:20220309,-1.316332003288732,0
4,BRIGHT:20220310,0.480855509761726,0
4,BRIGHT:20220311,-0.7571143589948466,0
4,BRIGHT:20220312,-0.9279263903138545,0
4,BRIGHT:20220313,-0.84747621072105,0
4,BRIGHT:20220314,-0.9739203664227924,0
4,BRIGHT:20220315,-1.1780938340639584,0
4,BRIGHT:20220316,-1.1450887249261053,0
4,BRIGHT:20220317,-1.351501749089369,0
4,BRIGHT:20220318,-1.382168220776923,0
4,BRIGHT:20220319,-0.780055283908418,0
4,BRIGHT:20220321,-1.108226813507709,0
4,BRIGHT:20220322,-0.6891105004137673,0
4,BRIGHT:20220323,-0.7746851443614758,0
4,BRIGHT:20220324,-1.1375345571386317,0
4,BRIGHT:20220325,-0.9461224008128128,0
4,BRIGHT:20220326,-1.3254470100362927,0
4,BRIGHT:20220327,-0.4265854672904003,0
4,BRIGHT:20220329,-0.05673441771390671,0
4,BRIGHT:20220330,-0.8724038695730207,0
4,BRIGHT:20220331,0.24871754564501838,0
4,BRIGHT:20220401,-1.4536741555063077,0
4,BRIGHT:20220402,-0.16309638392892933,0
4,BRIGHT:20220403,-0.39281155586138344,0
4,BRIGHT:20220404,-1.4487949103786697,0
4,BRIGHT:20220405,-0.20271452686351418,0
4,BRIGHT:20220406,-0.3570312428791509,0
4,BRIGHT:20220407,-0.4740146466509139,0
4,BRIGHT:20220408,-1.2656355752795356,0
4,BRIGHT:20220409,-1.528250256875865,0
4,BRIGHT:20220413,-0.9581179502859308,0
4,BRIGHT:20220414,-1.4020815552621357,0
4,BRIGHT:20220416,-1.275393462931448,0
4,BRIGHT:20220417,-1.4029188950383262,0
4,BRIGHT:20220418,-0.9877688417776685,0
4,BRIGHT:20220419,-1.0972971805394791,0
4,BRIGHT:20220420,-1.1116161557414048,0
4,BRIGHT:20220421,-0.4825158551447105,0
4,BRIGHT:20220422,0.5043793996263244,0
4,BRIGHT:20220423,-0.34220485355918745,0
4,BRIGHT:20220426,0.2156518917992354,0
4,BRIGHT:20220428,-0.14207551398104953,0
4,BRIGHT:20220429,-0.900144489932396,0
4,BRIGHT:20220430,-0.1886672432056893,0
4,BRIGHT:20220501,-1.157485287015874,0
4,BRIGHT:20220502,-0.41257691663501533,0
4,BRIGHT:20220503,-0.06132911878412423,0
4,BRIGHT:20220504,-0.41002840511632294,0
4,BRIGHT:20220505,-0.834246917014058,0
4,BRIGHT:20220506,-0.9146160019175572,0
4,BRIGHT:20220507,-0.4219434067425568,0
4,BRIGHT:20220508,-0.326498158966906,0
4,BRIGHT:20220509,-0.46266410239161404,0
4,BRIGHT:20220510,-0.591981650058102,0
4,BRIGHT:20220511,-1.2166654979468312,0
4,BRIGHT:20220512,-0.8887491348700562,0
4,BRIGHT:20220513,-1.071204085961734,0
4,BRIGHT:20220514,-0.9650650164649307,0
4,BRIGHT:20220515,-0.8390880993702877,0
4,BRIGHT:20220516,-0.7292192329154193,0
4,BRIGHT:20220518,-0.13334210635259847,0
4,BRIGHT:20220522,0.34838584009097984,0
4,BRIGHT:20220523,0.8221511085338999,0
4,BRIGHT:20220524,0.17235505665191334,0
4,BRIGHT:20220525,0.25501800424625226,0
4,BRIGHT:20220526,-0.31592800922020886,0
4,BRIGHT:20220527,1.7647196807735477,0
4,BRIGHT:20220528,-0.8243442843336797,0
4,BRIGHT:20220529,0.4846011178421079,0
4,BRIGHT:20220530,0.32924223922030904,0
4,BRIGHT:20220531,0.06311979689900106,0
4,BRIGHT:20220601,-0.1220215517220226,0
4,BRIGHT:20220602,-0.1715768092157313,0
4,BRIGHT:20220603,1.4131135199901461,0
4,BRIGHT:20220604,0.5651272156361614,0
4,BRIGHT:20220605,-0.10126620877858174,0
4,BRIGHT:20220606,-0.38282210459466154,0
4,BRIGHT:20220607,0.01639412865700921,0
4,BRIGHT:20220609,0.44634614271280226,0
4,BRIGHT:20220610,1.403522233764897,0
4,BRIGHT:20220611,2.569407783224619,0
4,BRIGHT:20220612,0.9161063300144967,0
4,DARK:20210514,0.4638661212449451,0
4,DARK:20210515,0.9683080322520741,0
4,DARK:20210516,0.937631619139959,0
4,DARK:20210517,0.5922348473607938,0
4,DARK:20210518,-0.23270746567335077,0
4,DARK:20210519,0.15245088007818547,0
4,DARK:20210528,0.9777567017969301,0
4,DARK:20210530,0.28653223057608057,0
4,DARK:20210531,0.08924503905908478,0
4,DARK:20210601,-0.0014478036486745872,0
4,DARK:20210602,0.5716895296683708,0
4,DARK:20210603,0.15265097083052506,0
4,DARK:20210604,0.8340010521993639,0
4,DARK:20210605,0.9007305132621285,0
4,DARK:20210606,1.3774955920181018,0
4,DARK:20210608,1.0104616866763605,0
4,DARK:20210609,0.9868167507767653,0
4,DARK:20210610,1.0057020880846523,0
4,DARK:20210611,1.2291570410232193,0
4,DARK:20210612,1.255164645248838,0
4,DARK:20210613,0.9590402336142361,0
4,DARK:20210614,1.1778747428469347,0
4,DARK:20210616,2.710135303131473,0
4,DARK:20210619,1.4001470378652696,0
4,DARK:20210704,0.8359584045152444,0
4,DARK:20210705,0.8808258832757633,0
4,DARK:20210708,1.5549435380874566,0
4,DARK:20210926,0.7590270487441388,0
4,DARK:20210927,-0.05149970221284856,0
4,DARK:20210930,0.7870616159293456,0
4,DARK:20211001,0.797173144776556,0
4,DARK:20211002,1.297544292818173,0
4,DARK:20211003,1.4052701741971503,0
4,DARK:20211005,1.3504407684009765,0
4,DARK:20211006,1.0935200386967017,0
4,DARK:20211007,0.811184922681533,0
4,DARK:20211008,1.1720327669279094,0
4,DARK:20211009,0.8782788424677292,0
4,DARK:20211010,1.407423948224153,0
4,DARK:20211013,1.059331394522185,0
4,DARK:20211014,0.9992317397508659,0
4,DARK:20211016,0.6899207776274381,0
4,DARK:20211024,1.484567570106968,0
4,DARK:20211027,0.6456769790758305,0
4,DARK:20211028,0.0817805086613859,0
4,DARK:20211029,0.8095018724288517,0
4,DARK:20211030,1.337289553414894,0
4,DARK:20211031,1.3354631856847003,0
4,DARK:20211101,1.7762685374102065,0
4,DARK:20211102,1.3151424797998388,0
4,DARK:20211103,0.891102231065782,0
4,DARK:20211104,1.256138240476366,0
4,DARK:20211105,0.8778889757448444,0
4,DARK:20211106,0.9416542464915619,0
4,DARK:20211107,1.4503464997913635,0
4,DARK:20211108,1.0423932092407604,0
4,DARK:20211109,0.9312089392114411,0
4,DARK:20211110,0.8833356390131835,0
4,DARK:20211111,1.1281942711980935,0
4,DARK:20211112,0.6448470351111265,0
4,DARK:20211113,0.7275515558423188,0
4,DARK:20211114,0.500271925710293,0
4,DARK:20211116,-0.3208728044810721,0
4,DARK:20211126,0.4007048106654879,0
4,DARK:20211127,0.8619271098786352,0
4,DARK:20211128,0.5368639364283366,0
4,DARK:20211129,1.124161169694084,0
4,DARK:20211130,1.133543541605155,0
4,DARK:20211201,1.0124260868805854,0
4,DARK:20211202,1.1997742015125104,0
4,DARK:20211203,0.681229704189832,0
4,DARK:20211204,1.1759827240827208,0
4,DARK:20211205,0.8850578206474686,0
4,DARK:20211207,1.193383066480549,0
4,DARK:20211208,0.8051771150719372,0
4,DARK:20211210,1.3109138419993251,0
4,DARK:20211211,0.6086841711984742,0
4,DARK:20211212,1.2780487494741837,0
4,DARK:20211215,0.617107365384302,0
4,DARK:20220101,1.018275518137505,0
4,DARK:20220102,0.562997731244332,0
4,DARK:20220103,0.8897108736087456,0
4,DARK:20220104,0.874210158182217,0
4,DARK:20220105,1.1285250613856594,0
4,DARK:20220106,0.6305377968896719,0
4,DARK:20220107,0.7275902029481596,0
4,DARK:20220109,0.4742705045846936,0
4,DARK:20220112,0.6727228432550318,0
4,DARK:20220113,-1.1432701131338492,0
4,DARK:20220120,-0.13950880595046847,0
4,DARK:20220121,0.6465509613233237,0
4,DARK:20220123,0.21927827156782717,0
4,DARK:20220124,0.34939856229753463,0
4,DARK:20220126,0.9304263671395276,0
4,DARK:20220128,0.9796155432964825,0
4,DARK:20220129,0.9443893590483099,0
4,DARK:20220130,0.7410736765209817,0
4,DARK:20220131,0.7865276139043937,0
4,DARK:20220202,0.2645273557608818,0
4,DARK:20220203,0.4787519742526361,0
4,DARK:20220204,0.5576571230332189,0
4,DARK:20220205,0.6316090749177445,0
4,DARK:20220206,-0.3264919809182282,0
4,DARK:20220207,0.8300364294940196,0
4,DARK:20220208,0.22099761959820377,0
4,DARK:20220209,-0.3534890299097739,0
4,DARK:20220210,0.4440953234497784,0
4,DARK:20220211,-0.8008465631166042,0
4,DARK:20220212,-1.461452880322124,0
4,DARK:20220213,-2.3609558314780235,0
4,DARK:20220218,-0.9094945525593959,0
4,DARK:20220219,-0.20302240246846764,0
4,DARK:20220220,0.9184571814178034,0
4,DARK:20220221,-1.2062660613954885,0
4,DARK:20220225,0.6940994682952886,0
4,DARK:20220226,0.4626863837172988,0
4,DARK:20220228,0.5403420202143214,0
4,DARK:20220301,0.7514178795212165,0
4,DARK:20220306,0.5848021405379378,0
4,DARK:20220307,0.28755716270161474,0
4,DARK:20220308,0.38667419711730605,0
4,DARK:20220309,-0.04731723265209523,0
4,DARK:20220311,-0.39367854930454294,0
4,DARK:20220312,-0.5561047876173727,0
4,DARK:20220321,-0.18783186189839435,0
4,DARK:20220322,-0.23387699822178806,0
4,DARK:20220323,-0.2873658657394921,0
4,DARK:20220324,0.052307794597562955,0
4,DARK:20220325,0.1355628779288442,0
4,DARK:20220326,0.47270238065448217,0
4,DARK:20220327,0.702529407414836,0
4,DARK:20220329,0.06814770922585744,0
4,DARK:20220330,0.061512467166728646,0
4,DARK:20220331,0.5150739371744426,0
4,DARK:20220401,0.7863920766270166,0
4,DARK:20220402,0.3278699115995475,0
4,DARK:20220403,0.5344766615071223,0
4,DARK:20220404,0.33900599257589326,0
4,DARK:20220405,0.3383812039962818,0
4,DARK:20220406,-0.20406147908095656,0
4,DARK:20220407,0.08063780826638048,0
4,DARK:20220408,-0.2547064795194241,0
4,DARK:20220409,0.04370928921896267,0
4,DARK:20220418,-0.4854537374418043,0
4,DARK:20220419,-1.05129365856981,0
4,DARK:20220420,-0.6431161703214856,0
4,DARK:20220421,0.3279175953287799,0
4,DARK:20220423,0.07405306890337587,0
4,DARK:20220424,0.1319161890794286,0
4,DARK:20220425,0.4289646062144642,0
4,DARK:20220427,0.7168617284999887,0
4,DARK:20220428,0.5895690950408626,0
4,DARK:20220429,0.0027143839800472407,0
4,DARK:20220430,0.9517116772106928,0
4,DARK:20220501,0.5212109148184049,0
4,DARK:20220502,0.7312306106747674,0
4,DARK:20220503,0.5591203299186496,0
4,DARK:20220504,0.53010197586818,0
4,DARK:20220505,-0.08343623136061133,0
4,DARK:20220506,-0.864467536389865,0
4,DARK:20220508,0.3889393748360209,0
4,DARK:20220509,0.20368910655444952,0
4,DARK:20220510,-0.31523512623615707,0
4,DARK:20220511,-0.16242187646229553,0
4,DARK:20220512,-0.39101585780484754,0
4,DARK:20220515,0.052369785274889,0
4,DARK:20220518,0.8778972966089381,0
4,DARK:20220522,0.7453772727232599,0
4,DARK:20220523,0.5128550503786757,0
4,DARK:20220524,0.6704809874386403,0
4,DARK:20220525,0.7139348428070283,0
4,DARK:20220526,0.5989291853733304,0
4,DARK:20220527,0.8813052046634863,0
4,DARK:20220528,1.0291619708025692,0
4,DARK:20220529,1.3778454685995571,0
4,DARK:20220530,0.6575275960345943,0
4,DARK:20220531,1.1281989634805054,0
4,DARK:20220601,0.6689244475455781,0
4,DARK:20220602,0.5425087657679105,0
4,DARK:20220603,1.1833939065217685,0
4,DARK:20220604,0.9152053182191305,0
4,DARK:20220605,0.8742186061588365,0
4,DARK:20220606,0.6851926082920129,0
4,DARK:20220607,0.6509902481857974,0
4,DARK:20220609,0.6264180322768652,0
