MAX_PAIRS_PER_SOURCE,N_EPOCH_PAIRS,N_PROGRAM_NIGHT_PAIRS,RAW_WIDTH_BEFORE_KMS,RAW_WIDTH_AFTER_KMS,RAW_WIDTH_DELTA_KMS,RAW_WIDTH_DELTA_PCT,BACKUP_BACKUP_BEFORE_KMS,BACKUP_BACKUP_AFTER_KMS,BACKUP_BACKUP_DELTA_KMS,OFFSET_CORRELATION,OFFSET_SLOPE_B_ON_A,MEDIAN_ABS_DIFF_KMS
10,2105316,1694555,3.6387661862637075,3.136871552998575,0.5018946332651322,13.792989369852274,3.661771370684029,2.9382699241410877,0.7235014465429415,0.9806307257633808,0.9917365433173936,0.0941937726467977
20,2171341,1736682,3.651291516238545,3.156589270991424,0.49470224524712086,13.548692101055487,3.6633072713340846,2.9431642399019116,0.720143031432173,0.9797994612680996,0.9935573911574004,0.0963060848852256
50,2200673,1752357,3.65376359941516,3.159813892615046,0.49394970680011374,13.518928999105958,3.6603034993581387,2.940392733863786,0.7199107654943522,0.979761017500023,0.9935327159379612,0.0969181820231388
