FOLD,N_LABELS,N_TRAIN_PAIRS,N_EFFECTIVE_SOURCE_DRAWS,N_CONNECTED_COMPONENTS,LARGEST_COMPONENT_LABEL_FRACTION,LARGEST_COMPONENT_PAIR_FRACTION,LSQR_ISTOP,LSQR_ITERS,LSQR_ACOND,LSQR_R1NORM,LSQR_ARNORM,N_HOLDOUT_PAIRS,N_HOLDOUT_SAME_COMPONENT,N_HOLDOUT_CROSS_COMPONENT,BEFORE_RAW_WIDTH_KMS,AFTER_RAW_WIDTH_KMS,BEFORE_WIDTH_Z,AFTER_WIDTH_Z,BEFORE_TAIL_GT_3,AFTER_TAIL_GT_3,BEFORE_TAIL_GT_5,AFTER_TAIL_GT_5,BEFORE_MEAN_GAUSSIAN_PAIR_LOSS,AFTER_MEAN_GAUSSIAN_PAIR_LOSS,MACRO_WIDTH_BEFORE_Z,MACRO_WIDTH_AFTER_Z,MACRO_GAUSSIAN_PAIR_LOSS_BEFORE,MACRO_GAUSSIAN_PAIR_LOSS_AFTER,PERMUTATION,CONTROL
0,526,1320024,643479.0,1,1.0,1.0,2,136,483.8369381693286,820.051963646002,0.0029622378393541096,348461,347498,963,3.6615207222905823,3.428527936932989,0.9537284166618745,0.8999295310010963,0.04447507611554599,0.038477919297377254,0.018797230487657482,0.01738427271523865,4.141523465014859,4.036631773364427,0.9412253902550202,0.9208806589512615,3.9869173024543687,3.9493260807302253,0,FULL_PIPELINE_EXPOSURE_NIGHT_PERMUTATION
1,524,1321759,644004.0,1,1.0,1.0,2,127,431.8086499001491,820.5477469396441,0.0026121480157912397,346290,345161,1129,3.659352879628782,3.4262377954979097,0.9529699504071738,0.8968187774301066,0.044677701130776654,0.03816769565507111,0.01902590385356399,0.017481696947221733,4.13863761291202,4.034230770211192,0.9370206403118608,0.9155246547284718,3.9600567774085778,3.9235035250233232,0,FULL_PIPELINE_EXPOSURE_NIGHT_PERMUTATION
2,525,1321734,644557.0,1,1.0,1.0,2,133,463.4636470683392,820.4896631449648,0.0031399814923039372,346600,345535,1065,3.6432767596253317,3.4240952999387346,0.9520361537222897,0.8978928683020873,0.044256008797951,0.038007727147756375,0.018493061484364824,0.01714153414270624,4.092428267782866,3.9905077548049337,0.9304586535962528,0.910693887517986,3.856215431821249,3.821464792291446,0,FULL_PIPELINE_EXPOSURE_NIGHT_PERMUTATION
3,525,1319938,644236.0,1,1.0,1.0,2,130,445.9721458577246,820.841819763409,0.003502848851165874,348218,347201,1017,3.658646621455226,3.4228930350891655,0.9534315896532571,0.8947301927691182,0.044778096837278694,0.0381191298412159,0.01878738828517199,0.01738762273150135,4.080029691291355,3.975058865086187,0.9312444777220584,0.9111726436784893,3.8606170990333504,3.8247072631974,0,FULL_PIPELINE_EXPOSURE_NIGHT_PERMUTATION
4,524,1320957,644278.0,1,1.0,1.0,2,127,428.91516344835395,821.5289782230437,0.002577440777109511,347113,345976,1137,3.634919320902391,3.4091413168903184,0.9487902575531453,0.8944825109800502,0.044306541494207693,0.03784366545656346,0.01883367632436932,0.017391379748884314,4.083004596457878,3.9786825361268945,0.9291237317074753,0.9107980173651131,3.912877244737776,3.881401092860489,0,FULL_PIPELINE_EXPOSURE_NIGHT_PERMUTATION
0,529,1313647,647855.0,1,1.0,1.0,2,139,541.9949508903835,817.1438356845697,0.003841735834915773,348461,347604,857,3.660427864625537,3.4167376553885194,0.957158024179678,0.9043654746351526,0.04474632052565563,0.037206131114716746,0.01893246337786677,0.017704054038503586,4.15120109235889,4.034840558191322,0.9432180526955275,0.9233200392837396,3.9801670201159642,3.9383136990567507,1,FULL_PIPELINE_EXPOSURE_NIGHT_PERMUTATION
1,529,1315537,648369.0,1,1.0,1.0,2,138,534.6135000187074,817.1959774456412,0.0037781985262078906,346290,345431,859,3.659509956766903,3.4118941478078533,0.9563871279647097,0.9011700746171996,0.044969907159461656,0.036939359814261025,0.01920788811658479,0.017841479195555697,4.151185778148802,4.035300580745904,0.9387222818984515,0.916134870478727,3.962953837093469,3.9218815097268807,1,FULL_PIPELINE_EXPOSURE_NIGHT_PERMUTATION
2,529,1315246,648925.0,1,1.0,1.0,2,144,568.0148095677993,817.9370341111564,0.0038759044523371507,346600,345791,809,3.643880540629998,3.411689765331219,0.9546482392216109,0.9011846945896772,0.044437246776231884,0.036964524814121824,0.018560344254188222,0.017218493251704065,4.099978315450026,3.9871479063358857,0.9312420706462664,0.9130140552190182,3.859493314321789,3.8202780511934837,1,FULL_PIPELINE_EXPOSURE_NIGHT_PERMUTATION
3,529,1313772,648528.0,1,1.0,1.0,2,138,523.9130009999371,817.8478344824287,0.003805029721150492,348218,347437,781,3.658555525759488,3.412990433026507,0.9572470778631028,0.8989027789274258,0.045044137498309045,0.03684984615915979,0.01894731994577434,0.01768090330045447,4.090624383788183,3.9736828028334568,0.9345068259605741,0.9136429783608223,3.8701547568642662,3.8309962564180045,1,FULL_PIPELINE_EXPOSURE_NIGHT_PERMUTATION
4,528,1314556,648636.0,1,1.0,1.0,2,138,530.1693763947592,818.6652100457061,0.0034380507206887554,347113,346271,842,3.634308158086238,3.3929479339561555,0.951603272424353,0.8966876075922559,0.04445073367391436,0.0365003133383968,0.018924484002414293,0.01762203591984313,4.087656224134518,3.970654708853822,0.9302211332318269,0.9077754216906274,3.907501583478799,3.869267568040972,1,FULL_PIPELINE_EXPOSURE_NIGHT_PERMUTATION
0,531,1320589,645842.0,1,1.0,1.0,2,142,532.1866892695389,833.7044334239653,0.003732672610541828,348461,347543,918,3.6606685079294006,3.5102982406127463,0.9362121594772882,0.9018973517389224,0.04247819694253661,0.038579398808205025,0.017902820658163163,0.01697056191607945,4.077784527543968,4.012491800077266,0.9370799008248234,0.920202725013099,3.9701212023237815,3.943316694767199,2,FULL_PIPELINE_EXPOSURE_NIGHT_PERMUTATION
1,531,1322591,646431.0,1,1.0,1.0,2,136,493.4572478239282,834.0974463612852,0.003537037102753597,346290,345415,875,3.6597738471631756,3.5048925894298932,0.9346583120359653,0.899381847639871,0.04258934904390371,0.03852177815091991,0.018039170273439195,0.017269082118610946,4.075335346447273,4.011648808844512,0.9327732700680963,0.9173508803212318,3.9458161064065305,3.920476897603944,2,FULL_PIPELINE_EXPOSURE_NIGHT_PERMUTATION
2,531,1322203,646904.0,1,1.0,1.0,2,132,472.8063201706402,834.1497624307699,0.0035031892195616955,346600,345739,861,3.6445545177830834,3.5111050852784302,0.9344143236420925,0.9029286006611932,0.042445312793754825,0.03826585950673774,0.017533457318960256,0.016735167279363913,4.028444299734425,3.96567534811871,0.9254452791932851,0.912991929839468,3.839543180823272,3.8161756894178005,2,FULL_PIPELINE_EXPOSURE_NIGHT_PERMUTATION
3,530,1320657,646578.0,1,1.0,1.0,2,123,417.66188831558105,834.2278318881125,0.0032446552242505044,348218,347334,884,3.659047178517742,3.5122605946631804,0.9361654380292148,0.902074355537122,0.042584371239210675,0.038378045339644264,0.017858890865852465,0.01695774096402886,4.018282632491714,3.9545075128765483,0.9272335199886168,0.9118805830932358,3.850818727831026,3.8257722467144757,2,FULL_PIPELINE_EXPOSURE_NIGHT_PERMUTATION
4,529,1321478,646641.0,1,1.0,1.0,2,131,468.43114087308015,834.4809960889486,0.0030334718875990267,347113,346091,1022,3.6331339998966308,3.4951980445914894,0.9311997037656392,0.8985502957099565,0.042277898009483054,0.03816048380339275,0.017949036525075776,0.01704176069299693,4.02033938479703,3.959590607499811,0.9239906777425326,0.9091860407662057,3.8940475371563306,3.871031225485028,2,FULL_PIPELINE_EXPOSURE_NIGHT_PERMUTATION
0,538,1319151,646695.0,1,1.0,1.0,2,139,517.7163110066215,845.9202673295251,0.0036457550381949807,348461,347720,741,3.661418789366628,3.5125681970321785,0.9345524116812371,0.8997498010420666,0.04237892557229955,0.03828080064419648,0.01786494880938686,0.01689002645806971,4.073073165502295,4.006347754105697,0.9353824683607078,0.9207940542431278,3.966279788582853,3.939331553092336,3,FULL_PIPELINE_EXPOSURE_NIGHT_PERMUTATION
1,538,1321276,647346.0,1,1.0,1.0,2,133,488.4867386365422,845.9599621286035,0.003401117986236437,346290,345519,771,3.6597822786750913,3.5168544584533206,0.9333058196276668,0.8994460548546643,0.0424260315641108,0.038327848830310346,0.01799322179098689,0.017289931957432152,4.068672811461731,4.003205906379768,0.9312460751406694,0.919335317812334,3.9395932107361524,3.915247901667531,3,FULL_PIPELINE_EXPOSURE_NIGHT_PERMUTATION
2,537,1320641,647622.0,1,1.0,1.0,2,140,527.8229645046226,846.0269838511473,0.0035900681506590656,346600,345721,879,3.6436212298788457,3.515569766080019,0.9318993450991748,0.9006089506234236,0.04222479976628553,0.037972816230428585,0.017421562473786668,0.016571165766615277,4.0196891430470405,3.954715931224598,0.9238081450016457,0.9122026139944556,3.834106185165185,3.810741044250975,3,FULL_PIPELINE_EXPOSURE_NIGHT_PERMUTATION
3,537,1319020,647346.0,1,1.0,1.0,2,131,477.9186863921733,845.9477887249117,0.002985768984882735,348218,347426,792,3.6596165325535437,3.518638377822956,0.9351211414107117,0.9007145556290634,0.04248098875731811,0.038010972120681816,0.017810987087897856,0.016892805950044037,4.013533192958448,3.945522728556387,0.9264292178500729,0.9123613067010101,3.847196093247691,3.822448346823928,3,FULL_PIPELINE_EXPOSURE_NIGHT_PERMUTATION
4,538,1320263,647575.0,1,1.0,1.0,2,131,478.4342923500556,846.7328982716567,0.003683621971129967,347113,346342,771,3.6345227296126854,3.4897469014575044,0.9292031700524421,0.895287975834679,0.042091343238764,0.037922053923578426,0.01785518360464512,0.016948565290955182,4.013826136074734,3.9474528478303204,0.9233408185644416,0.9091749655132775,3.8939744450584772,3.8696836211945516,3,FULL_PIPELINE_EXPOSURE_NIGHT_PERMUTATION
0,527,1316030,646951.0,1,1.0,1.0,2,152,619.7829222788131,831.5121689214164,0.002966079096013188,348461,347500,961,3.660682586957361,3.4753725574831464,0.9400420460001476,0.9005500674583402,0.04305611510791367,0.0364863309352518,0.018152517985611513,0.0167136690647482,4.0960363789183365,3.9957897619531564,0.9349608431260944,0.9217400493157784,3.9709338771665386,3.937534994093385,4,FULL_PIPELINE_EXPOSURE_NIGHT_PERMUTATION
1,525,1317695,647553.0,1,1.0,1.0,2,118,398.07629407440623,831.7959355753942,0.003633254390736994,346290,345133,1157,3.660741252839185,3.482102491907721,0.9395235168224554,0.9006477966468194,0.04337748056546317,0.036322229401419166,0.01841319143634483,0.016918115624990945,4.092752634880374,3.995501399448493,0.9307774886548219,0.9189810434018165,3.939326825448346,3.9075647945969862,4,FULL_PIPELINE_EXPOSURE_NIGHT_PERMUTATION
2,526,1317437,647944.0,1,1.0,1.0,2,136,501.7006349358076,831.5100488428948,0.0034960322953799822,346600,345623,977,3.643586097742868,3.4836002129739536,0.938086731772759,0.9029027883519332,0.042989037187918626,0.03609134808736687,0.017860501181923658,0.016439878133110354,4.044553799448866,3.9511365652656587,0.9218579627369229,0.9135542101926788,3.8354431412277123,3.8059555195339723,4,FULL_PIPELINE_EXPOSURE_NIGHT_PERMUTATION
3,525,1315778,647446.0,1,1.0,1.0,2,137,503.89516718707955,831.1696873663458,0.0033589565255340913,348218,347107,1111,3.6596840562454354,3.4929220128997915,0.9406285728127486,0.9039748694313128,0.043375673783588344,0.036219379038740215,0.018198999155879886,0.01682190218001942,4.03928194527418,3.943900627424578,0.9246165739245406,0.914873701111674,3.850233511102814,3.819386196622688,4,FULL_PIPELINE_EXPOSURE_NIGHT_PERMUTATION
4,526,1317035,647877.0,1,1.0,1.0,2,122,417.11420602220755,832.4117760796976,0.0036833016718520227,347113,345964,1149,3.633157964562983,3.459415553775318,0.9355150563723549,0.8961338597429553,0.04289174596200761,0.03618295545201235,0.018212877640448138,0.016790764356985118,4.040461875294468,3.942079931993499,0.9222814926941698,0.9102930405351329,3.8970883910180447,3.8682652208847017,4,FULL_PIPELINE_EXPOSURE_NIGHT_PERMUTATION
0,528,1319952,646984.0,1,1.0,1.0,2,141,537.443182714655,840.8968677857637,0.0037078904930967238,348461,347634,827,3.6620735554382935,3.537944598020451,0.9287754037903783,0.897742717158774,0.041793955712041975,0.03888860123002928,0.017544313847322184,0.01706104696318542,4.053903019583692,4.008383027434992,0.9345520533055605,0.9207520395724291,3.9652680514589975,3.944804864701515,5,FULL_PIPELINE_EXPOSURE_NIGHT_PERMUTATION
1,528,1321893,647359.0,1,1.0,1.0,2,141,534.0530808438397,840.5223293286754,0.003754028828991637,346290,345409,881,3.6594605566134524,3.5475512121149393,0.9273938646342887,0.8990029975944274,0.0417707703041901,0.0386469373988518,0.017744181535512972,0.01727517233193113,4.048513036014076,4.004296476116315,0.928731724795922,0.916301784488801,3.925184924587084,3.905623770125967,5,FULL_PIPELINE_EXPOSURE_NIGHT_PERMUTATION
2,530,1322037,648166.0,1,1.0,1.0,2,144,554.9574626233552,841.4535664599905,0.0037128261530608993,346600,345792,808,3.6440499514260085,3.5298738202229583,0.9258079288316745,0.8967540521027386,0.041562557838238014,0.038676429761243754,0.017160605219322597,0.01680200814362391,4.00063245477184,3.9556158246955007,0.9221969681630706,0.9113960508327059,3.827806472870217,3.809831835458647,5,FULL_PIPELINE_EXPOSURE_NIGHT_PERMUTATION
3,529,1320400,647663.0,1,1.0,1.0,2,142,545.026371577322,840.682540951543,0.003358074001888407,348218,347450,768,3.6595752240329142,3.546555096622523,0.9287139193607955,0.9010696976535764,0.04179306375017988,0.03891207367966614,0.017527701827601095,0.017110375593610592,3.9922967123873896,3.94765696113004,0.9245582843793648,0.9138942612202031,3.839346914579632,3.819519230501926,5,FULL_PIPELINE_EXPOSURE_NIGHT_PERMUTATION
4,530,1321626,647933.0,1,1.0,1.0,2,139,530.4193530287564,841.8364314035076,0.003518582526770995,347113,346290,823,3.6345316056352233,3.5245879790213364,0.9237816070397501,0.8960036054284394,0.04150567443472234,0.03853128880418147,0.01759796702186029,0.017216783620664762,3.9973493946343517,3.9543433780654365,0.9214456827391567,0.9101103810801386,3.889880226315109,3.8753327226817693,5,FULL_PIPELINE_EXPOSURE_NIGHT_PERMUTATION
0,520,1319821,644387.0,1,1.0,1.0,2,128,446.72301087957493,818.790191352794,0.003353604015867704,348461,347391,1070,3.66020321760847,3.41583895905649,0.9529226204582597,0.8957878245894096,0.044330451853962824,0.03695259808112473,0.018716662204835473,0.01717085359148625,4.134888371710785,4.023695484964639,0.9417253934875106,0.9201402754340687,3.9846563828187134,3.9465511428184943,6,FULL_PIPELINE_EXPOSURE_NIGHT_PERMUTATION
1,520,1321989,644897.0,1,1.0,1.0,2,131,463.7485363449109,818.7471434979467,0.0036391265811586003,346290,345183,1107,3.6591804680506064,3.4279199101617888,0.9527117168776973,0.8962899125560992,0.04460242827717471,0.0371513081466932,0.018946471871442105,0.017344423103107628,4.131213618290265,4.021233038249758,0.9375636645151849,0.9170922972059191,3.9482172160682936,3.9109727454741443,6,FULL_PIPELINE_EXPOSURE_NIGHT_PERMUTATION
2,519,1321365,645355.0,1,1.0,1.0,2,133,470.9280289324447,818.8681517749761,0.002833493254912231,346600,345489,1111,3.644431956043638,3.4314359001892547,0.9520266895163384,0.8968386757837941,0.044166384457971164,0.03712419208715762,0.018475262598809224,0.016920943937433607,4.090893595051401,3.98388080124005,0.9305929331615489,0.9112755129882637,3.858582131189056,3.8218886386143747,6,FULL_PIPELINE_EXPOSURE_NIGHT_PERMUTATION
3,521,1320337,645111.0,1,1.0,1.0,2,131,464.586105524771,819.5241297385112,0.003281443670952377,348218,347262,956,3.658232257754417,3.432051512514275,0.9533732500348946,0.8971516577651121,0.044652164648017925,0.037049835570837006,0.01875241172371293,0.017249223928906706,4.077805446055501,3.967382732734563,0.9316851834082934,0.9110394551104374,3.8637552600023546,3.826429063130901,6,FULL_PIPELINE_EXPOSURE_NIGHT_PERMUTATION
4,520,1320871,645022.0,1,1.0,1.0,2,130,454.0797418536084,819.5712063098581,0.003136371532259981,347113,346157,956,3.6335596503721277,3.4161045773667094,0.948275881301213,0.8928731016145723,0.04416493094174031,0.03689655272029744,0.01878338441805308,0.0172291763563932,4.080065134401899,3.971524800500527,0.9287473020117142,0.9081865620264146,3.914082820378008,3.8799483346809023,6,FULL_PIPELINE_EXPOSURE_NIGHT_PERMUTATION
0,519,1306237,636678.0,1,1.0,1.0,2,112,354.4465090002563,828.3343391615923,0.002990717719664609,348461,347314,1147,3.6615589369701143,3.477635616105327,0.9423935619420911,0.9008674432378789,0.04311372418042463,0.04004157621057602,0.018150722401054954,0.017615183954577125,4.099117899843712,4.0382355445607745,0.9380626826273399,0.9219415755083927,3.9674192852666663,3.9427253822141743,7,FULL_PIPELINE_EXPOSURE_NIGHT_PERMUTATION
1,518,1308196,637175.0,1,1.0,1.0,2,130,461.32891698357327,828.7505801876727,0.003130615234381028,346290,345055,1235,3.6595087736485077,3.4883712787082946,0.940713327542829,0.8983902489409321,0.043433655504194986,0.04008056686615177,0.01842025184390894,0.017901493964730262,4.096770329059145,4.037689153531255,0.9333452814082026,0.9170225168639954,3.9431415010698907,3.921010355173495,7,FULL_PIPELINE_EXPOSURE_NIGHT_PERMUTATION
2,520,1308304,637898.0,1,1.0,1.0,2,139,508.68391519470674,829.2802936489222,0.0035620763322100598,346600,345463,1137,3.6427748472345147,3.4792145231949987,0.9394195561367291,0.8975117300334154,0.04296263275661938,0.039856656139731314,0.017842721217612306,0.017359311995785366,4.044185129798681,3.9870160446176532,0.9251044103198066,0.9096879155064386,3.833769043797455,3.812434080653469,7,FULL_PIPELINE_EXPOSURE_NIGHT_PERMUTATION
3,518,1306315,637283.0,1,1.0,1.0,2,123,409.1464797434841,828.6911145654313,0.0029160570205352394,348218,346964,1254,3.65850325681263,3.484261994997895,0.9420191414410002,0.8986026963542881,0.04340507948951476,0.04009637887504179,0.018218028383348128,0.017751121153779643,4.040973871130538,3.981477885887891,0.9272290138054397,0.9088445242336197,3.8537779495047864,3.8300872380601807,7,FULL_PIPELINE_EXPOSURE_NIGHT_PERMUTATION
4,519,1307579,637598.0,1,1.0,1.0,2,129,449.20801551800594,829.9061776165207,0.0033660405325846698,347113,345875,1238,3.6345499555070875,3.466000719152756,0.9363865751574689,0.8956013386314852,0.0429230213227322,0.03979761474521142,0.018249367546078785,0.01777809902421395,4.04024167717379,3.9829411428616974,0.9247128441425113,0.9086822398076958,3.898679084987521,3.879114072445786,7,FULL_PIPELINE_EXPOSURE_NIGHT_PERMUTATION
0,527,1305111,644629.0,1,1.0,1.0,2,132,469.72837595073935,839.4884909148248,0.0036219717534364034,348461,347421,1040,3.6602543634207763,3.515601130809062,0.9336189142502989,0.8999643664551193,0.0422801154794903,0.03770929218441027,0.017851540350180328,0.01679230674023735,4.0728010288560075,3.997803073378617,0.9345103378649866,0.922618386028712,3.9669269727563385,3.938734577892928,8,FULL_PIPELINE_EXPOSURE_NIGHT_PERMUTATION
1,527,1307015,645206.0,1,1.0,1.0,2,133,482.37021048793684,839.1213064894013,0.0036167247592516255,346290,345327,963,3.6601633173869885,3.5224562132704733,0.9338359170360012,0.902638983670947,0.04252780697715498,0.037929267042542285,0.018009017539896966,0.016972318990406195,4.056420818119485,3.9831060837247576,0.9320147363531509,0.9193537307978303,3.9226942828499927,3.8950006026371216,8,FULL_PIPELINE_EXPOSURE_NIGHT_PERMUTATION
2,527,1306641,645694.0,1,1.0,1.0,2,132,470.14159410605436,839.2890788777723,0.0033529749965764194,346600,345648,952,3.6443584530091604,3.5142541544215717,0.9323615320198113,0.9002442708888634,0.04235233532379762,0.03753529602370041,0.017480211081794195,0.016398185437207797,4.024546667034422,3.952973179341277,0.9242133388596606,0.9130922437679155,3.8386808497680334,3.814290254512963,8,FULL_PIPELINE_EXPOSURE_NIGHT_PERMUTATION
3,527,1305331,645349.0,1,1.0,1.0,2,130,464.03936880825944,839.138866960713,0.0034560709023155997,348218,347257,961,3.658972519066227,3.520799588900627,0.9345004012912282,0.9019434906174433,0.042493023898726306,0.03762055192551914,0.01781677547176875,0.016912546039388694,4.0132693731471925,3.9408153792066813,0.9252546163677832,0.9129246684811624,3.841612802390039,3.8155382719451474,8,FULL_PIPELINE_EXPOSURE_NIGHT_PERMUTATION
4,528,1306325,645514.0,1,1.0,1.0,2,133,481.71071259938884,839.8269443388692,0.0034233674877985074,347113,346214,899,3.633352585599355,3.4910146921789735,0.9291024792909086,0.8946690560278259,0.04215889594297169,0.03741327618178352,0.01788778039016331,0.01674397915739976,4.013769685248979,3.9411722005845147,0.9224187403625236,0.9071603013189562,3.8881241783576166,3.8643060132905265,8,FULL_PIPELINE_EXPOSURE_NIGHT_PERMUTATION
0,530,1325194,647120.0,1,1.0,1.0,2,152,597.095072260848,843.1085638402541,0.0035039990851501814,348461,347571,890,3.6606699010711647,3.5109346211470682,0.9335816658481362,0.9037966971863873,0.04224172902802593,0.03750025174712505,0.017786294023379397,0.01701810565323344,4.067980014945661,3.9982145389109114,0.9368928288050228,0.9253327122899017,3.963912799368948,3.937907838383619,9,FULL_PIPELINE_EXPOSURE_NIGHT_PERMUTATION
1,531,1327444,647727.0,1,1.0,1.0,2,151,601.0003928080314,843.2818276112685,0.0038049955781145617,346290,345421,869,3.66010507205994,3.5226123398660834,0.9327334510213674,0.9038521043077473,0.04237437793301507,0.03751074775418981,0.01795490141016325,0.017089291039050897,4.063774682099166,3.9953025426125452,0.9311692254163103,0.9182657606248049,3.9349362313446057,3.9101331598687477,9,FULL_PIPELINE_EXPOSURE_NIGHT_PERMUTATION
2,531,1327095,648195.0,1,1.0,1.0,2,140,530.5465615941791,843.921437093836,0.003560145207278964,346600,345715,885,3.643147884351966,3.5108622517616093,0.9307207071473237,0.9009399745599328,0.0421503261356898,0.037299509711756794,0.017401616938807977,0.016597486368829815,4.017003760924786,3.9493382491335742,0.9240086352905377,0.9141306691367741,3.8352848782184474,3.8108865306229878,9,FULL_PIPELINE_EXPOSURE_NIGHT_PERMUTATION
3,531,1325571,647820.0,1,1.0,1.0,2,146,556.6205564578435,843.3943727758865,0.003424825213228058,348218,347391,827,3.6593765112377046,3.5240260457755785,0.9340055438321031,0.9036744364315008,0.04236148892746214,0.03730954457657222,0.017755209547743032,0.016977987339913816,4.005216324423151,3.936091419456015,0.9261762582939467,0.9122355836000762,3.834115128420487,3.8086549456841663,9,FULL_PIPELINE_EXPOSURE_NIGHT_PERMUTATION
4,531,1326663,648072.0,1,1.0,1.0,2,151,593.0211285723975,844.6075861636128,0.004074778243192433,347113,346231,882,3.633936757842407,3.507989561744374,0.9285487770952281,0.8996240818565722,0.04194887228468855,0.03705907327766722,0.017826248949400835,0.017040646273730545,4.009460438235038,3.9416604843525085,0.923313274291412,0.9100688646953371,3.8904276988202544,3.867319031189227,9,FULL_PIPELINE_EXPOSURE_NIGHT_PERMUTATION
0,526,1315866,645266.0,1,1.0,1.0,2,132,474.7276746312457,844.8254192587174,0.003283313231219466,348461,347479,982,3.6613622898592766,3.5344628179666664,0.9302701448157584,0.9011429192143818,0.04193634723249463,0.0376368068286141,0.01759818578964484,0.01666863321236679,4.05891376173378,3.9945629027593292,0.9353459101974623,0.9213582346956385,3.966077926193607,3.9381696368103967,10,FULL_PIPELINE_EXPOSURE_NIGHT_PERMUTATION
1,525,1317790,645728.0,1,1.0,1.0,2,132,472.8925833817846,845.0488503403184,0.002802017693038051,346290,345206,1084,3.66090580068942,3.536738761796058,0.9294413091359999,0.8993754455870673,0.042035769946061195,0.0375341100676118,0.017815449325909748,0.017001442616872243,4.058087274165018,3.9952793395340382,0.9313475560216631,0.9183198787665878,3.9428656967717326,3.9175572163318706,10,FULL_PIPELINE_EXPOSURE_NIGHT_PERMUTATION
2,525,1317346,646262.0,1,1.0,1.0,2,132,472.39250403112993,845.6000144719042,0.0035758105719355692,346600,345571,1029,3.644549195007663,3.5265512532044214,0.9281619130476608,0.9003362468963233,0.04179170127122936,0.037300583671662266,0.017229455017926852,0.016332389002549404,4.0098883514312815,3.9471867993551175,0.9239028277023643,0.9111711391754277,3.8371591958445936,3.812475053176712,10,FULL_PIPELINE_EXPOSURE_NIGHT_PERMUTATION
3,525,1315848,645930.0,1,1.0,1.0,2,131,473.98784287725505,845.0845703918621,0.0036875370342963664,348218,347170,1048,3.6587215881686848,3.535752541312311,0.9302345615920925,0.8989654051476692,0.041924705475703546,0.037258403663911054,0.017599446956822307,0.016804447388887287,3.9953807915214483,3.930382726747288,0.9260751535536613,0.9132027406820095,3.8418394976196133,3.817369539209516,10,FULL_PIPELINE_EXPOSURE_NIGHT_PERMUTATION
4,525,1316637,646025.0,1,1.0,1.0,2,135,492.0454280188899,845.9498140361138,0.0037438404030593468,347113,346124,989,3.63368101150771,3.51298531641374,0.9250352829153509,0.8962915934990248,0.041609365429730386,0.03710519929273902,0.01767574626434457,0.01688123331522807,4.0017853171372515,3.9379955099451878,0.9225908095434895,0.9097296307720759,3.891353596642181,3.8683539055796685,10,FULL_PIPELINE_EXPOSURE_NIGHT_PERMUTATION
0,529,1310446,640310.0,1,1.0,1.0,2,121,412.0125131371044,829.456806232706,0.0033532894991152706,348461,347491,970,3.660975264729071,3.5461121801975324,0.9271452148220329,0.9009220161012252,0.04164424402358622,0.038648482982293064,0.017479589399437685,0.01719756770678953,4.050894389674502,4.007849398342311,0.9337132933658276,0.9230762556736632,3.9653411910220675,3.947396892329459,11,FULL_PIPELINE_EXPOSURE_NIGHT_PERMUTATION
1,526,1311868,640588.0,1,1.0,1.0,2,120,403.68865761151807,829.239604709304,0.0034257216433011563,346290,345136,1154,3.658298522529129,3.5583400499517657,0.9262958600900427,0.9014346754147327,0.041708196189328264,0.03872386537480877,0.017682884428167445,0.017303323907097493,4.0463320596693375,4.006590335154158,0.9277329289304878,0.9139287333563358,3.917447052242745,3.8997614062338286,11,FULL_PIPELINE_EXPOSURE_NIGHT_PERMUTATION
2,528,1311823,641167.0,1,1.0,1.0,2,125,432.6284362756692,830.1731277294289,0.002811941894803809,346600,345609,991,3.643355218186068,3.540808101356914,0.9240140571741151,0.8969841575976298,0.0414080651834877,0.03833233509544022,0.017048167148424956,0.016726994956728556,3.9946859155212002,3.9527258795371987,0.9208264367988467,0.9116638785216015,3.8271031945228096,3.8101369516227486,11,FULL_PIPELINE_EXPOSURE_NIGHT_PERMUTATION
3,528,1310454,640942.0,1,1.0,1.0,2,126,442.7102081570506,830.0865997757893,0.003638355025057368,348218,347195,1023,3.658137611077252,3.55229491097532,0.9265681979670737,0.8980655775335118,0.0415386166275436,0.038479816817638506,0.017454168406803094,0.017157505148403633,3.9863056584767396,3.943604223199641,0.922660599897798,0.9129714268057073,3.8350028456139693,3.8165014002971955,11,FULL_PIPELINE_EXPOSURE_NIGHT_PERMUTATION
4,527,1311138,641083.0,1,1.0,1.0,2,126,440.3421319140063,830.9877111117501,0.003034683117746529,347113,345936,1177,3.632950474717081,3.525420214299679,0.9216231721457586,0.8948050811314788,0.04132845381804727,0.03817469127237408,0.01745698626335507,0.017266199528236437,3.9911556643730455,3.949480173847365,0.9198813571127288,0.9089368550098945,3.8843016392047574,3.869803186460832,11,FULL_PIPELINE_EXPOSURE_NIGHT_PERMUTATION
0,520,1312749,646865.0,1,1.0,1.0,2,122,410.7493186973519,820.9072878392409,0.003280075268004932,348461,347343,1118,3.6612955752440515,3.4362542685482955,0.9507555276187902,0.898349478563341,0.04406307310065267,0.03819567401675002,0.018618483746613578,0.017392030356160913,4.128517122890906,4.034836178097815,0.9390886819884786,0.9206763335130175,3.980694000595667,3.9475838713917164,12,FULL_PIPELINE_EXPOSURE_NIGHT_PERMUTATION
1,522,1315048,647536.0,1,1.0,1.0,2,128,437.94715383245165,821.1418955481035,0.002433429172865134,346290,345391,899,3.660254555754483,3.4363460990734422,0.9496517263497704,0.8960702893440634,0.044317889001161,0.038521559623730786,0.01883372757251926,0.01752796106441685,4.126436540328279,4.033180863136801,0.9343637179972747,0.9166128568292341,3.95413571159,3.9242890431110204,12,FULL_PIPELINE_EXPOSURE_NIGHT_PERMUTATION
2,522,1314605,648086.0,1,1.0,1.0,2,119,394.8734287586554,820.8935799919439,0.0034181700065316423,346600,345696,904,3.6441119709771588,3.446007531034833,0.9492367991857328,0.8989557992347437,0.04389984263630473,0.03814912524298806,0.018302207720077755,0.017133550865500325,4.08222723275136,3.990589061107476,0.9262739685628798,0.9085213545414347,3.8556387641566165,3.8244993974233847,12,FULL_PIPELINE_EXPOSURE_NIGHT_PERMUTATION
3,522,1313276,647623.0,1,1.0,1.0,2,118,388.7912327082159,821.5353366406534,0.00337562382395562,348218,347294,924,3.659487208095487,3.433604425894763,0.9512364198305032,0.8962028588165194,0.04429676297315819,0.03840550081487155,0.01860095481062155,0.017434795878995893,4.068477955550284,3.976543628847891,0.9294804803498103,0.9129185965133884,3.8607966716870394,3.830350804004272,12,FULL_PIPELINE_EXPOSURE_NIGHT_PERMUTATION
4,520,1313676,647628.0,1,1.0,1.0,2,120,403.19217804673343,821.783085957207,0.003393880594711447,347113,346027,1086,3.633630335274904,3.4206102487137815,0.9462942179532359,0.8935148419116956,0.04394743762769957,0.03820511116184575,0.018617044334690646,0.017383036583850393,4.070430751787107,3.9796694910166392,0.9268566744273606,0.9091694861130545,3.910629635804623,3.880864719495096,12,FULL_PIPELINE_EXPOSURE_NIGHT_PERMUTATION
0,522,1313371,646667.0,1,1.0,1.0,2,129,443.771940107895,829.5247535799703,0.0033225364825279174,348461,347415,1046,3.661685436366997,3.4696449705210064,0.9415254519465949,0.8984882162601762,0.04301483816185254,0.03745376566930041,0.01812241843328584,0.017175424204481673,4.095555389718938,4.011322059177733,0.9391563774227071,0.9225839830954118,3.9742600839765245,3.941022282395783,13,FULL_PIPELINE_EXPOSURE_NIGHT_PERMUTATION
1,523,1315461,647177.0,1,1.0,1.0,2,146,558.2333957510198,829.4936828885984,0.00307018502244008,346290,345330,960,3.6609669968874208,3.4812762977291896,0.9408697718370123,0.900038380361198,0.04333246459907914,0.03746561260243825,0.01839689572293169,0.01741522601569513,4.094860295698117,4.010150099441992,0.9346863181848967,0.9181530450232219,3.947230640783045,3.9153896643765655,13,FULL_PIPELINE_EXPOSURE_NIGHT_PERMUTATION
2,523,1315029,647671.0,1,1.0,1.0,2,144,551.8348592297544,829.8072157553825,0.0036791071755295185,346600,345636,964,3.643661730793813,3.473886245079555,0.9397084421515833,0.8983879308479623,0.04294980846902522,0.03716916061984284,0.01783668367878346,0.016879028804869863,4.044071594919205,3.9617254930479,0.9273532469923339,0.9126279731193904,3.840205976074177,3.811811688686466,13,FULL_PIPELINE_EXPOSURE_NIGHT_PERMUTATION
3,522,1313464,647251.0,1,1.0,1.0,2,140,531.1743070317194,829.7505745701499,0.0037478074197326108,348218,347236,982,3.6591222243065866,3.4786989965339097,0.9413450781672272,0.8972904521687962,0.043250123835086224,0.03735499775368913,0.018146159960372773,0.017256275270997247,4.03536661249556,3.954699858353317,0.9280342462123601,0.9101717691257898,3.849945283708862,3.8232462263036044,13,FULL_PIPELINE_EXPOSURE_NIGHT_PERMUTATION
4,525,1315082,647585.0,1,1.0,1.0,2,143,544.3117720098477,830.3312664838056,0.003743324653991311,347113,346238,875,3.6345149652612565,3.4651856631446054,0.9365816597611654,0.8942534645161104,0.0428837966947591,0.03700344849496589,0.018241787441008787,0.017378219606166857,4.039006714221232,3.9595273080111415,0.9253033691970153,0.9073770886457183,3.8973701316502756,3.8709741186563313,13,FULL_PIPELINE_EXPOSURE_NIGHT_PERMUTATION
0,529,1313151,644409.0,1,1.0,1.0,2,136,496.02656206659475,826.7247092747195,0.0035042012167543287,348461,347551,910,3.6610102831285847,3.5031113493676456,0.9361494692085862,0.9008386382634457,0.04253476468201789,0.038115269413697556,0.017948444976420726,0.016846448434905955,4.08016255784062,4.006238469159785,0.935186846618425,0.9213535614083025,3.968576564557097,3.9415700461829677,14,FULL_PIPELINE_EXPOSURE_NIGHT_PERMUTATION
1,529,1315157,644926.0,1,1.0,1.0,2,154,614.9493727107393,826.5699963249831,0.0038876212199903263,346290,345412,878,3.6605620260122502,3.5159677834415013,0.9359467073843277,0.9022698444194543,0.042717103053744515,0.03817180642247519,0.018088543536414484,0.017104211781872082,4.0754428185011715,4.000236888356261,0.931522166118072,0.9184688170362915,3.9236680270602,3.8954100535354343,14,FULL_PIPELINE_EXPOSURE_NIGHT_PERMUTATION
2,529,1314930,645502.0,1,1.0,1.0,2,157,629.1791810721643,827.5936720280572,0.0037080174948696,346600,345694,906,3.6441322556648226,3.5069370364034964,0.9347213013889983,0.9011433535573795,0.042479765341602686,0.038007602098966135,0.017538632432150977,0.016610065549300827,4.025758626548399,3.9555839612450816,0.9229145908963,0.9099204149969062,3.827977516767272,3.802424435020517,14,FULL_PIPELINE_EXPOSURE_NIGHT_PERMUTATION
3,528,1313042,645068.0,1,1.0,1.0,2,135,489.1622803368878,826.9482471860609,0.0031618951799810098,348218,347257,961,3.6596104076251192,3.4998949488285556,0.9363718250803181,0.9002188002046956,0.04264276890026695,0.0379286810633047,0.017871489991562444,0.017004696809567555,4.01900722134519,3.9444674410213305,0.9266302105981638,0.9139242986529675,3.846835768260473,3.822161100445122,14,FULL_PIPELINE_EXPOSURE_NIGHT_PERMUTATION
4,531,1314744,645272.0,1,1.0,1.0,2,160,646.3871082938452,827.999843679862,0.0031321550780924554,347113,346312,801,3.6339561127829825,3.473497306613603,0.9316432209059193,0.8943251953144218,0.042351983182794706,0.037884913026403934,0.0179664579916376,0.017033773013929637,4.023024731360175,3.9517195729470003,0.9233772490658122,0.9077493500592246,3.8944889970260217,3.8718243238159142,14,FULL_PIPELINE_EXPOSURE_NIGHT_PERMUTATION
0,529,1328821,647428.0,1,1.0,1.0,2,161,666.0605414970172,829.5521561084536,0.0034511060074864965,348461,347575,886,3.6616683318783503,3.4546263754502164,0.9473354087335447,0.8986408996201839,0.04367402718837661,0.03935265769977703,0.018410415018341366,0.017866647486154068,4.1152470315257785,4.04468628439226,0.9407801980597285,0.9196692769588815,3.9793876738797516,3.9504943388313016,15,FULL_PIPELINE_EXPOSURE_NIGHT_PERMUTATION
1,527,1330589,647924.0,1,1.0,1.0,2,153,614.6411042935194,829.9951265366,0.003439762673562721,346290,345282,1008,3.6605848198393978,3.4629438406422692,0.9460204421050433,0.8988485135299098,0.04385111300328427,0.03922301191489855,0.01864852497378954,0.017950544772099328,4.110490671907437,4.041387393323039,0.9365985293874042,0.9183216346849506,3.9459833317784607,3.9188837001559285,15,FULL_PIPELINE_EXPOSURE_NIGHT_PERMUTATION
2,528,1330315,648527.0,1,1.0,1.0,2,141,523.9992576632951,830.4358418013873,0.003624282118257137,346600,345726,874,3.6431412730080845,3.4536259089239167,0.9451315271260737,0.8965566969309193,0.04343613150298213,0.03900776915823513,0.01806922244783441,0.017369246166039003,4.065755230280581,3.994614328713322,0.9295805277329375,0.9130280901693858,3.8518016059643543,3.8251962680878164,15,FULL_PIPELINE_EXPOSURE_NIGHT_PERMUTATION
3,527,1328717,648107.0,1,1.0,1.0,2,137,505.3465774754498,829.7180957903755,0.0033599163699045403,348218,347224,994,3.658987255526567,3.4681718453547905,0.9479226559434588,0.8990478254885483,0.04397449485058637,0.03926571895951893,0.01849814528949612,0.017904868327074164,4.058465302005321,3.9905977446468746,0.931367517402702,0.9123700684966963,3.861638440618162,3.8373389275198004,15,FULL_PIPELINE_EXPOSURE_NIGHT_PERMUTATION
4,528,1329790,648305.0,1,1.0,1.0,2,136,498.7502432175111,831.0937610420754,0.003586845502024654,347113,346295,818,3.6335365214255555,3.4399235192859026,0.9421004337530254,0.8932622170742355,0.04344561717610708,0.0389638891696386,0.018446700067861217,0.017926912025873893,4.055773167408018,3.987335424733718,0.9279057784146757,0.9060474991165783,3.90591802249528,3.8817401536469354,15,FULL_PIPELINE_EXPOSURE_NIGHT_PERMUTATION
0,529,1307377,634186.0,1,1.0,1.0,2,126,442.93240495746863,814.2732905953819,0.0034012206007760603,348461,347627,834,3.6607250281783035,3.422902492010003,0.955612445414573,0.8998877789551507,0.04459952765464133,0.0389440405952357,0.01884778800265802,0.017780552143533156,4.144064272862026,4.051497685700668,0.9425968414474034,0.9226945310382456,3.9888352177374,3.9560781055495258,16,FULL_PIPELINE_EXPOSURE_NIGHT_PERMUTATION
1,528,1309420,634567.0,1,1.0,1.0,2,126,439.4968503534686,813.9203628603813,0.003643319222495465,346290,345348,942,3.6601439985817548,3.4265093035580305,0.9550931216325171,0.8992178826916246,0.04480987293975931,0.03904467377833374,0.019076409882205776,0.017970279254549033,4.142974273272218,4.050449856362479,0.9386847350882164,0.9177321529769406,3.961174276238952,3.928537788147811,16,FULL_PIPELINE_EXPOSURE_NIGHT_PERMUTATION
2,529,1309009,635142.0,1,1.0,1.0,2,129,453.61155952824294,814.2058025061799,0.0033299965112834843,346600,345676,924,3.6437838034574597,3.417352650193836,0.9535016280311762,0.8976633962473444,0.04430738610722179,0.038463763755655585,0.01851155417211493,0.017513509760585057,4.094152569325956,4.0065556637339546,0.9307270393386214,0.9097001573794091,3.8533429383873448,3.822089595479852,16,FULL_PIPELINE_EXPOSURE_NIGHT_PERMUTATION
3,529,1307648,634773.0,1,1.0,1.0,2,131,467.1103714419015,814.3713792559132,0.0029587417154809527,348218,347357,861,3.6590272725335735,3.4196779749937374,0.9552454016776273,0.8965287911710145,0.04485586874598756,0.03915856021326762,0.01884228617819707,0.017846192821794293,4.080937992756627,3.9911632045894296,0.9323065978684465,0.910338944063455,3.861239506907483,3.828948650940678,16,FULL_PIPELINE_EXPOSURE_NIGHT_PERMUTATION
4,528,1308410,634713.0,1,1.0,1.0,2,127,445.51537684970754,815.1035862274462,0.0035798302824353516,347113,346171,942,3.6347620569663013,3.403687086497427,0.9506500605071194,0.8951731999204013,0.04438846697152563,0.03890851631130279,0.01888084212715681,0.017673346409722363,4.085092216391376,3.9944505411951887,0.9303441864765469,0.9079591940884651,3.915701585610414,3.8836102359796567,16,FULL_PIPELINE_EXPOSURE_NIGHT_PERMUTATION
0,530,1316557,646451.0,2,0.9962264150943396,0.9978072244057645,2,129,448.58541873123716,831.6285058337036,0.003420081431426953,348461,347625,836,3.6616297896794103,3.5021745029552793,0.9353331797443667,0.9021920073380193,0.04248831355627472,0.03707731032002877,0.017933117583603022,0.017015462064005754,4.0778572470804555,4.003561617122745,0.9344206245762203,0.9214268107410813,3.966517652981993,3.937654841252496,17,FULL_PIPELINE_EXPOSURE_NIGHT_PERMUTATION
1,528,1318432,646740.0,2,0.9962121212121212,0.9977953693036761,2,132,465.3450088442502,831.5873106817944,0.0027586807933025993,346290,345310,980,3.661010214619963,3.5201263757816355,0.9349311853678351,0.9030993720619898,0.042755784657264484,0.0372824418638325,0.018122846138252584,0.017187454750803625,4.07684971266494,4.0049851076800485,0.9301676145542842,0.9187950824723213,3.9394458934943106,3.914916657068632,17,FULL_PIPELINE_EXPOSURE_NIGHT_PERMUTATION
2,529,1318100,647348.0,2,0.996219281663516,0.9977889109058959,2,133,471.34939812291714,832.0548314692585,0.003201636744781594,346600,345707,893,3.64380788831199,3.50698133130994,0.9335976355849924,0.9032602659373181,0.04247238268244496,0.03687804990931627,0.017540865530637217,0.016673078647525215,4.028634006878048,3.956661863165489,0.922710783700452,0.9123696919529082,3.8352359917475254,3.808002613929235,17,FULL_PIPELINE_EXPOSURE_NIGHT_PERMUTATION
3,528,1316458,646832.0,2,0.9962121212121212,0.9978027407720728,2,134,478.7349642763684,831.5396993338691,0.0035352978567616314,348218,347321,897,3.6595453541374594,3.510318063262532,0.935202917270846,0.9015080712197872,0.04267521975348453,0.03693989133971168,0.01788547194094224,0.016992925852453496,4.019033805060046,3.948409002930931,0.9249509041922588,0.9123668121012195,3.8476343407729914,3.822904159991761,17,FULL_PIPELINE_EXPOSURE_NIGHT_PERMUTATION
4,527,1317276,646970.0,2,0.9962049335863378,0.9977719020235439,2,128,449.21218587150514,832.3517597569312,0.003311824522362258,347113,346103,1010,3.6340586072791163,3.493496508215384,0.9306899165667087,0.8987288335173315,0.04233710773960353,0.036913866681305856,0.01796863939347535,0.017145185103856365,4.019191578493586,3.9484675952565924,0.922191203998517,0.9128451226745228,3.8899774232594297,3.8681954845441866,17,FULL_PIPELINE_EXPOSURE_NIGHT_PERMUTATION
0,531,1312784,648457.0,1,1.0,1.0,2,125,422.75411436716894,839.0085126154105,0.0033501982059828818,348461,347639,822,3.6614951528375776,3.4951931161281915,0.9371063257536463,0.89819813327494,0.04261604710633732,0.038911054283322644,0.017987049784402787,0.01721901167590518,4.083823954118706,4.0170539595376455,0.9356933106707546,0.9188373176699969,3.9717204322584805,3.9442512894606327,18,FULL_PIPELINE_EXPOSURE_NIGHT_PERMUTATION
1,530,1314713,648990.0,1,1.0,1.0,2,124,419.12966082550633,839.0754863661284,0.0031023893613519047,346290,345449,841,3.660762703644295,3.503833554990726,0.9363517463707727,0.9005034419916628,0.04280516081968684,0.038758253750915475,0.018158975709873237,0.017331067682928594,4.081327880269484,4.015998787816854,0.9318433692736949,0.9191640233139649,3.9448612486661836,3.9193140981943255,18,FULL_PIPELINE_EXPOSURE_NIGHT_PERMUTATION
2,530,1314313,649478.0,1,1.0,1.0,2,125,426.5233891599791,839.8139093259284,0.003538613199393402,346600,345669,931,3.643439925297629,3.489903356984761,0.9346938716128437,0.8970857293858261,0.04249730233257828,0.038435613260084066,0.017574616179061472,0.01678195036291944,4.030464656947613,3.9662378164965104,0.9239706219802678,0.9107910909550738,3.8390229662070237,3.814358065056649,18,FULL_PIPELINE_EXPOSURE_NIGHT_PERMUTATION
3,531,1313193,649087.0,1,1.0,1.0,2,125,421.7783022861604,839.1810202677735,0.002951862318320772,348218,347408,810,3.6592466759639946,3.4969346042131955,0.9371953387819747,0.8961971888550456,0.04276815732510478,0.03866923041495878,0.01792704831207111,0.017072145719154424,4.022091810089459,3.9561062178870303,0.9267551651914437,0.911717590747211,3.849506894593864,3.82587781266653,18,FULL_PIPELINE_EXPOSURE_NIGHT_PERMUTATION
4,532,1314235,649332.0,1,1.0,1.0,2,139,512.1602823357384,840.2975404620541,0.003187872169119691,347113,346316,797,3.634438427438636,3.4682514111026856,0.9312943463938266,0.8924186807251718,0.042337056330056945,0.03830605574099955,0.017980688157636378,0.017169290474595457,4.022910010107606,3.9591948315710703,0.9221314239749522,0.9082813174651653,3.8937461046237445,3.8715350250178378,18,FULL_PIPELINE_EXPOSURE_NIGHT_PERMUTATION
0,529,1319289,648362.0,1,1.0,1.0,2,139,518.2977412266955,841.9487555642759,0.0038278849679930127,348461,347626,835,3.6605247582492666,3.5084387603480147,0.9349429994670231,0.902155941425069,0.04235011190187155,0.038340055116705886,0.0178755329003009,0.0171160960342437,4.0749208546084805,4.01254723465599,0.9362713595709828,0.920012996794305,3.9703521109314686,3.943746332647898,19,FULL_PIPELINE_EXPOSURE_NIGHT_PERMUTATION
1,528,1321134,648787.0,1,1.0,1.0,2,137,500.95438387163864,841.3933260816841,0.0031950739014842337,346290,345412,878,3.660816003510586,3.5112826879624306,0.9342769859158688,0.8987759561511806,0.04247681030190034,0.03847579122902505,0.01799590054775167,0.017295287945989137,4.0703770251615765,4.011350185208348,0.9328343836014987,0.9183733160425777,3.936422736800815,3.913151076009726,19,FULL_PIPELINE_EXPOSURE_NIGHT_PERMUTATION
2,531,1321526,649588.0,1,1.0,1.0,2,138,507.6247012495272,842.2412524122591,0.0038122689141011565,346600,345838,762,3.6438129868830007,3.5122836132247253,0.9334423174388805,0.9026805698038426,0.042366657221010996,0.038315627548158385,0.01747928220727624,0.016840254685719903,4.025684571594091,3.9672805362184147,0.9254262632618623,0.9132935289528713,3.838590182702481,3.816374639740488,19,FULL_PIPELINE_EXPOSURE_NIGHT_PERMUTATION
3,529,1319543,649031.0,1,1.0,1.0,2,142,525.7967590213209,842.435980857509,0.003480161910178961,348218,347448,770,3.659780330005513,3.5101599791890346,0.9353114978437858,0.9000277888512649,0.04255025212405885,0.038434528332297206,0.017841518730860446,0.017130620985010708,4.015593790105776,3.9542258442303173,0.9270417543537497,0.9142164272824042,3.8493387316879617,3.825442444815343,19,FULL_PIPELINE_EXPOSURE_NIGHT_PERMUTATION
4,528,1320134,649029.0,1,1.0,1.0,2,138,505.399519782177,842.7211875321565,0.0031265292480395237,347113,346241,872,3.6340998125377304,3.4931626538510727,0.9300732934680271,0.8969407891788299,0.04217293734710794,0.0380226489641608,0.017903714464780313,0.017233660947143754,4.018080413768322,3.9588790022022238,0.9230372381897681,0.9086244739525284,3.895493196947566,3.8736809957259184,19,FULL_PIPELINE_EXPOSURE_NIGHT_PERMUTATION
0,522,1325309,647383.0,1,1.0,1.0,2,128,441.5555320904064,831.1842459603607,0.0035747308459041253,348461,347388,1073,3.660592388725818,3.526359999621866,0.929476078574766,0.9016971102153519,0.04190703190668647,0.03545027462088501,0.017571130839292088,0.016425437838958168,4.053485801982649,3.9669394172953973,0.9342137408561612,0.9226104271919087,3.9571715756540375,3.92423026990236,20,FULL_PIPELINE_EXPOSURE_NIGHT_PERMUTATION
1,523,1327656,648020.0,1,1.0,1.0,2,129,448.00453456769804,831.1917058218809,0.003185394792140747,346290,345342,948,3.6598764559870878,3.5476813666136566,0.9289302047622174,0.9057023669163756,0.042071337978004414,0.03544312594471567,0.017851868582448704,0.016754405777461182,4.056025256340323,3.972937728618387,0.9308341611990908,0.9207361530660535,3.9369120419248165,3.90891881751004,20,FULL_PIPELINE_EXPOSURE_NIGHT_PERMUTATION
2,523,1327219,648616.0,1,1.0,1.0,2,134,468.97048125486253,832.0082376080735,0.0034957216026456814,346600,345687,913,3.644278402751831,3.5304136312141976,0.9274934743957879,0.9027914036409237,0.04174585680109463,0.035054832840112585,0.01719763832600011,0.01614755544755805,4.004272109266823,3.919465079247044,0.9231902640054797,0.9140612017525037,3.828546971441759,3.799401751392185,20,FULL_PIPELINE_EXPOSURE_NIGHT_PERMUTATION
3,522,1325398,648026.0,1,1.0,1.0,2,136,485.2122024162242,831.6751161924411,0.0037248641454883298,348218,347203,1015,3.6590861956398664,3.5347014609876117,0.9294846639797558,0.9027005440551295,0.041972563601120956,0.035094742844963896,0.01756897261832415,0.01650619378288782,3.9953820630978827,3.9086497610655444,0.9246753554066189,0.913607335655762,3.8374889242149237,3.808641081823094,20,FULL_PIPELINE_EXPOSURE_NIGHT_PERMUTATION
4,523,1326637,648365.0,1,1.0,1.0,2,132,463.40750031744676,832.5740349140349,0.003390632816212514,347113,346114,999,3.633382719076402,3.516689036654019,0.9247733632073785,0.8997902472761101,0.04161923528086122,0.03508959475779656,0.017673367734330307,0.016509011481766124,4.000408043592477,3.914405022664684,0.9221538416932858,0.9118459667448556,3.8886924392423263,3.8596828846207614,20,FULL_PIPELINE_EXPOSURE_NIGHT_PERMUTATION
0,519,1321087,644945.0,1,1.0,1.0,2,135,503.18912978185347,826.2963587141451,0.0037425399315220084,348461,347383,1078,3.6616661369872943,3.4739507462105705,0.9417784091663172,0.8983724879926258,0.04320591393361218,0.03869504264745252,0.01821332650129684,0.017007165002317328,4.099949657016127,4.019885743929471,0.9343305348541348,0.9208118906325558,3.970506614680884,3.945858106083412,21,FULL_PIPELINE_EXPOSURE_NIGHT_PERMUTATION
1,521,1323447,645588.0,1,1.0,1.0,2,135,502.338983497232,826.4609219439045,0.0037873595610527044,346290,345417,873,3.660569266677974,3.48328480526452,0.940746405448255,0.898171939631323,0.04347209315117669,0.03877921468833323,0.018435687878708924,0.017306617798197543,4.098676349165666,4.020988066481934,0.93067310806489,0.9182699764536464,3.944169955640271,3.9220581215153962,21,FULL_PIPELINE_EXPOSURE_NIGHT_PERMUTATION
2,520,1322911,646103.0,1,1.0,1.0,2,137,512.3220709511874,826.9663132058213,0.003680596980230239,346600,345668,932,3.64378394935601,3.47497659292328,0.9397154419432409,0.8975817768692944,0.043070229237302846,0.03866716039668121,0.017895784394274274,0.0166865315852205,4.05038811049243,3.974939528582567,0.9224418789886276,0.9105066076160941,3.8405919357626637,3.8171766396910094,21,FULL_PIPELINE_EXPOSURE_NIGHT_PERMUTATION
3,519,1321268,645658.0,1,1.0,1.0,2,135,498.51158026916835,826.3993881516723,0.003617086083092237,348218,347179,1039,3.659023671141502,3.481560700865697,0.9418374493154054,0.8979763103460501,0.04338684079394203,0.03873506174048546,0.018200985658694796,0.01703444044714686,4.036246539450152,3.9577772907671696,0.9243847178282946,0.9116762567776479,3.8402309580022087,3.815434215984018,21,FULL_PIPELINE_EXPOSURE_NIGHT_PERMUTATION
4,520,1322443,645868.0,1,1.0,1.0,2,136,504.581378598246,827.0969177988975,0.0033820704753561273,347113,346092,1021,3.6328708849418287,3.459123368744888,0.9366569732906918,0.8947267665309251,0.04292500260046462,0.03820949342949274,0.018200362909284236,0.017047490262704714,4.041708313223185,3.9655331670013476,0.9210670522594548,0.9108669357125381,3.896029948038717,3.876604925662962,21,FULL_PIPELINE_EXPOSURE_NIGHT_PERMUTATION
0,531,1326972,648913.0,1,1.0,1.0,2,138,506.85174552449115,837.8085306573392,0.002760769910479695,348461,347709,752,3.660417358604363,3.5333377697514354,0.928397861246506,0.8993138191686467,0.04187121989939863,0.036731864864009846,0.017595172975102744,0.016407398140399012,4.054493841243829,3.9810357582633062,0.9301525201438626,0.9197912675617689,3.953888320678742,3.926281345602007,22,FULL_PIPELINE_EXPOSURE_NIGHT_PERMUTATION
1,530,1328893,649482.0,1,1.0,1.0,2,138,508.89591228967055,837.8727961382307,0.0036305836826158165,346290,345537,753,3.6594815482476166,3.5455700533519225,0.9279632819854294,0.8993780714943516,0.04199260860631423,0.03684410063177026,0.017824429800571286,0.016721798244471647,4.054893496632773,3.9847344234842086,0.927180955710035,0.9167751743251338,3.931286139430933,3.905003671270513,22,FULL_PIPELINE_EXPOSURE_NIGHT_PERMUTATION
2,531,1328796,650063.0,1,1.0,1.0,2,137,507.90308682858785,838.5381907524917,0.0036269392282906455,346600,345818,782,3.643949263292204,3.5379816052125785,0.9264783344565171,0.897173934953617,0.0417705266932317,0.03665222747225419,0.017234499071766073,0.016265781422598016,4.005505495843558,3.9350621767756557,0.9208401685717118,0.9143328857153304,3.8285706498844347,3.8055540788631994,22,FULL_PIPELINE_EXPOSURE_NIGHT_PERMUTATION
3,530,1327151,649569.0,1,1.0,1.0,2,137,505.7084750182907,838.1364191532006,0.0036738098471300455,348218,347393,825,3.6587457059276893,3.5292479770112744,0.9277407194821168,0.8965865349259788,0.04192657883146753,0.036828606218317586,0.01756799935519714,0.016520194707435095,3.9946385297565827,3.924994026121403,0.9212547921040545,0.9135836859907225,3.8359195161070336,3.811987551092598,22,FULL_PIPELINE_EXPOSURE_NIGHT_PERMUTATION
4,531,1328236,649749.0,1,1.0,1.0,2,137,503.7838710906083,838.6722828393112,0.0031441772533624067,347113,346280,833,3.6339994658436416,3.5131183166166426,0.9233354104257907,0.8936726259231695,0.04155019059720457,0.03638096338223403,0.01763312925955874,0.016452004158484464,3.997052732216656,3.9245546508871425,0.9190099410117062,0.9097015459990635,3.8803181290507394,3.857463613764637,22,FULL_PIPELINE_EXPOSURE_NIGHT_PERMUTATION
0,523,1309924,645824.0,1,1.0,1.0,2,129,452.7126012390436,829.6763935145751,0.0035448130349134367,348461,347303,1158,3.662028526111885,3.4938529222051615,0.9388873921839027,0.9001991584294424,0.04273501812538331,0.03684102930294297,0.01804476206655284,0.016639648952067793,4.089455269339758,3.998402260816494,0.9370385938556499,0.9215294033724039,3.9733992985840936,3.93927910320199,23,FULL_PIPELINE_EXPOSURE_NIGHT_PERMUTATION
1,521,1311780,646291.0,1,1.0,1.0,2,115,375.02555722717113,829.7141263125715,0.0033178165943930104,346290,344978,1312,3.6597633704103005,3.5024998136334817,0.9378789712608928,0.90126135120212,0.042973754848135245,0.03683713164317724,0.018209856860437478,0.016867742290812747,4.086204920278905,3.9969616543693034,0.9333184139331895,0.9166885104866905,3.94753773909698,3.915990848892297,23,FULL_PIPELINE_EXPOSURE_NIGHT_PERMUTATION
2,523,1311663,646847.0,1,1.0,1.0,2,133,472.5453175407991,830.5240251109802,0.002910548032723966,346600,345468,1132,3.643568543976291,3.4851021047180453,0.9368113420067486,0.8969597678183452,0.042652286174117426,0.03659094330010305,0.017645628538677967,0.01632857457130617,4.036438922316089,3.947294358800174,0.9244737205683173,0.9084186584848363,3.838715116486396,3.80698879624044,23,FULL_PIPELINE_EXPOSURE_NIGHT_PERMUTATION
3,522,1310020,646435.0,1,1.0,1.0,2,128,451.63158727686243,830.366503136154,0.0034544729900094903,348218,347035,1183,3.6593687359313893,3.4937248735896755,0.9390575632942144,0.8986315304688948,0.04288040111227974,0.03666488970853084,0.01797801374501131,0.016669788349878253,4.02639653868464,3.9369738284998403,0.9287254741400957,0.9145022670070792,3.851367935804061,3.8207294224468913,23,FULL_PIPELINE_EXPOSURE_NIGHT_PERMUTATION
4,523,1310983,646742.0,1,1.0,1.0,2,133,473.85355365426983,831.0901700163942,0.0029668704704712574,347113,345981,1132,3.6331286539099663,3.4733496951245773,0.9335819480947238,0.8956609980751701,0.04251100493957761,0.036360378171055634,0.018113711446582328,0.01664542272552539,4.030195588413104,3.942048104319099,0.9239144034920295,0.907343268322545,3.8986714463597796,3.870302038793376,23,FULL_PIPELINE_EXPOSURE_NIGHT_PERMUTATION
0,523,1318638,647725.0,1,1.0,1.0,2,125,431.79787553701067,829.3635117915062,0.0028574997510760485,348461,347474,987,3.660861731485805,3.465435924121536,0.9466246340167473,0.9004434782398747,0.04349102378883024,0.04173261884342425,0.01835820809614532,0.018268992787949603,4.11326643553865,4.065763003647431,0.941192131174505,0.9226855268354536,3.984058168197471,3.961200896186195,24,FULL_PIPELINE_EXPOSURE_NIGHT_PERMUTATION
1,523,1320635,648301.0,1,1.0,1.0,2,126,442.6776464647041,829.9232897170021,0.0034152781675894552,346290,345285,1005,3.659846822886734,3.4598561616135672,0.944742445047509,0.8965383328342107,0.04371750872467672,0.0414787784004518,0.018558582040922717,0.01837033175492709,4.108296697858645,4.058415922417517,0.936705327331263,0.9165726520274718,3.9498824444805423,3.9272226956414276,24,FULL_PIPELINE_EXPOSURE_NIGHT_PERMUTATION
2,523,1320352,648790.0,1,1.0,1.0,2,125,431.3706402512077,830.8459669452768,0.003349218757323767,346600,345582,1018,3.643444806406338,3.4511270575889146,0.9441158266697581,0.8958152300018672,0.04335005874148538,0.041506791441683885,0.01801019729036813,0.01797547325960264,4.0625450722711545,4.012781386012051,0.9287731078153628,0.9104870410439468,3.852524106728682,3.8295847399626513,24,FULL_PIPELINE_EXPOSURE_NIGHT_PERMUTATION
3,522,1318723,648324.0,1,1.0,1.0,2,123,420.82036980487726,829.8544050418956,0.003633595258051981,348218,347173,1045,3.6592457043397113,3.4622782745690417,0.9469506284654206,0.8972368269714655,0.043681392274168784,0.04163918277054955,0.01836836389926636,0.018319396957712727,4.0475223817293475,3.997189307578669,0.9315220188996048,0.9109067882343137,3.8490371607261835,3.8256088993519555,24,FULL_PIPELINE_EXPOSURE_NIGHT_PERMUTATION
4,523,1319738,648582.0,1,1.0,1.0,2,126,440.44356260421415,830.9435499217329,0.002872208405906868,347113,346195,918,3.634276290133413,3.43653223723093,0.9414423233316755,0.8938113667592525,0.04329063100275856,0.04119354698941348,0.01840581175349153,0.018322043934776645,4.053503566018759,4.0053132984404805,0.9288734766739482,0.9061187389820411,3.9092290769395066,3.8888389687393023,24,FULL_PIPELINE_EXPOSURE_NIGHT_PERMUTATION
0,529,1320902,641325.0,1,1.0,1.0,2,151,589.7335682093545,830.0233757009809,0.002797535297256415,348461,347399,1062,3.660122578799615,3.480001102125545,0.9393212993795272,0.8956655166157901,0.04300530513904761,0.03864432540105182,0.018126131623867656,0.017504368176074196,4.094404656701193,4.022363336574146,0.9330948233609484,0.9182582566995946,3.9653749670754217,3.9391331206376177,25,FULL_PIPELINE_EXPOSURE_NIGHT_PERMUTATION
1,531,1323295,641963.0,1,1.0,1.0,2,140,516.0525354275603,830.3386666997408,0.0036219818879184673,346290,345505,785,3.6602513022301384,3.492691817141514,0.9394206153701424,0.8989274656296924,0.04335971983039319,0.03859857310313888,0.018416520744996456,0.017675576330299127,4.095709471922334,4.027617846722951,0.930585490323076,0.9175266856654617,3.944924446213403,3.923732750048036,25,FULL_PIPELINE_EXPOSURE_NIGHT_PERMUTATION
2,530,1322714,642432.0,1,1.0,1.0,2,149,580.5193102681963,830.8256312557165,0.0037543522049914976,346600,345669,931,3.6443994715638617,3.4776193796363595,0.9378504029460064,0.895638390219023,0.04296885170495474,0.03831989562269107,0.017852338508804667,0.017140675038837733,4.046022694606839,3.975517318434593,0.9230877150663875,0.9114269185311197,3.8389497568590882,3.8153405939705336,25,FULL_PIPELINE_EXPOSURE_NIGHT_PERMUTATION
3,530,1321223,641971.0,1,1.0,1.0,2,149,577.6351038962237,830.142957781895,0.003477827623746768,348218,347319,899,3.6592260263478895,3.4899474970032545,0.9404533637688228,0.8974179841493841,0.04331176814398291,0.03857548823991777,0.01815909869601145,0.01750552086122556,4.037518187849066,3.9672054539492043,0.9253910304095422,0.9121687387953239,3.849210136436913,3.8275463074592495,25,FULL_PIPELINE_EXPOSURE_NIGHT_PERMUTATION
4,530,1322147,642124.0,1,1.0,1.0,2,150,587.050683197769,831.0519794382362,0.0028394437866385565,347113,346178,935,3.6340306155976356,3.470227622410068,0.9355496589619712,0.8952285285086005,0.042914338866132454,0.03821155590476576,0.018216062256989178,0.017514111237571423,4.038689333142625,3.9697369880357396,0.9222403401916006,0.9112833737778421,3.8936348705744996,3.8724950763002846,25,FULL_PIPELINE_EXPOSURE_NIGHT_PERMUTATION
0,524,1323039,647051.0,1,1.0,1.0,2,124,420.16851792265373,827.783865923243,0.0028218094187763836,348461,347411,1050,3.661278647420225,3.4424886466590303,0.9504168352839129,0.8994164202532483,0.043999758211455596,0.0389078066037057,0.018588933568597425,0.01768510496213419,4.125422696842982,4.038538254557216,0.9413955235831732,0.9195234932628359,3.982699952582038,3.948954975261921,26,FULL_PIPELINE_EXPOSURE_NIGHT_PERMUTATION
1,523,1325145,647639.0,1,1.0,1.0,2,117,382.03479919576915,827.9052547382228,0.002627142411759514,346290,345117,1173,3.6600644424428244,3.4439199458360417,0.949338031690877,0.89925586696295,0.044274840126681675,0.03876366565541541,0.018857373006835362,0.017938843928290985,4.122143756171671,4.039817285848233,0.937374768794931,0.9176195257030623,3.9564425429533863,3.926113833945815,26,FULL_PIPELINE_EXPOSURE_NIGHT_PERMUTATION
2,522,1324473,647960.0,1,1.0,1.0,2,116,377.42214505332686,828.5067659014977,0.003463692125240022,346600,345460,1140,3.643992180447177,3.4470947429474563,0.9483054752359352,0.9007337652829024,0.04380825565912117,0.038632547907138305,0.018277079835581543,0.017420251259190646,4.077310951016982,3.995065413825224,0.9303303514558046,0.9120800734114333,3.854304042144536,3.8260456823419204,26,FULL_PIPELINE_EXPOSURE_NIGHT_PERMUTATION
3,523,1322918,647665.0,1,1.0,1.0,2,118,387.84256486674326,828.3507205633123,0.003232663554602223,348218,347175,1043,3.6591669176994657,3.444068355479355,0.9508665240083903,0.9006043401948558,0.04428026211564773,0.0387182256786923,0.018592928638294808,0.017740332685245195,4.0650143985864045,3.981684374373991,0.9323182898585364,0.9123572061021762,3.8602815129870063,3.8291394653073074,26,FULL_PIPELINE_EXPOSURE_NIGHT_PERMUTATION
4,524,1324212,647729.0,1,1.0,1.0,2,124,423.7607116534001,828.9094591642616,0.0030556349078649687,347113,346082,1031,3.6348335686312074,3.434544527324943,0.9454967565601642,0.8983582927015299,0.04384798978276824,0.03864113129258384,0.01862853312220803,0.017842592218029252,4.066817275846796,3.984573038683578,0.9293482464432978,0.9107530899714024,3.910014606391035,3.8830805083286406,26,FULL_PIPELINE_EXPOSURE_NIGHT_PERMUTATION
0,528,1326094,649546.0,1,1.0,1.0,2,115,374.17351855842725,836.5330270194333,0.0034808415874734867,348461,347515,946,3.661392643976204,3.479113937571554,0.9401473785958501,0.8999140455418326,0.042936276131965524,0.03836381163403019,0.01811144842668662,0.017190624865113736,4.093547616492663,4.0177450235796055,0.9370563957297393,0.9214822021135927,3.973461082788201,3.945280978310388,27,FULL_PIPELINE_EXPOSURE_NIGHT_PERMUTATION
1,527,1328059,650023.0,1,1.0,1.0,2,119,390.477572159356,836.4640253982557,0.0031886570371083816,346290,345243,1047,3.6591943066262385,3.492122726601303,0.9389950124493737,0.9013167414897421,0.04325359239723905,0.03852938365151502,0.01835518750561199,0.01738775297399223,4.0932346676371285,4.018346842660185,0.932663516986973,0.9173045853811067,3.9472084835567536,3.9211355796837783,27,FULL_PIPELINE_EXPOSURE_NIGHT_PERMUTATION
2,528,1327730,650585.0,1,1.0,1.0,2,120,397.9541704108698,836.7240657248385,0.0027445651804570465,346600,345700,900,3.6430234033929896,3.487345020003709,0.9384191104656359,0.9008806363005502,0.042863754700607465,0.038032976569279724,0.01777842059589239,0.01683829910326873,4.039797945833062,3.9655535713008536,0.9257558269878388,0.9133988847926707,3.8320428359051424,3.8061256486235586,27,FULL_PIPELINE_EXPOSURE_NIGHT_PERMUTATION
3,528,1326387,650282.0,1,1.0,1.0,2,128,444.0373741224008,836.9975652944842,0.003018276203668119,348218,347234,984,3.6585577033927876,3.4889579925656506,0.9402414399043986,0.8997869258746182,0.04316109597562451,0.03844669588807548,0.01811170565094432,0.017239095249889123,4.033619474492207,3.9600588973937594,0.9282693438609834,0.9124344882395583,3.8516095439618954,3.825795432782122,27,FULL_PIPELINE_EXPOSURE_NIGHT_PERMUTATION
4,530,1327822,650538.0,1,1.0,1.0,2,132,472.6554015162562,837.8355130203888,0.00296854295220299,347113,346262,851,3.6346492677391984,3.4762236218761435,0.9355568446759468,0.897078395436426,0.042814400656150546,0.038326469551957766,0.018208755220035695,0.017137312208674357,4.037711462045204,3.9622760778925215,0.9255608754294209,0.9120027122017921,3.9022423482470256,3.8772643758931253,27,FULL_PIPELINE_EXPOSURE_NIGHT_PERMUTATION
0,529,1317666,645814.0,2,0.996219281663516,0.9979721471304124,2,137,501.3415448265954,832.8511171608023,0.0032567290032253287,348461,347585,876,3.660881965267363,3.431927819966983,0.9514754899701932,0.8982313716272752,0.04413884373606456,0.0388624365263173,0.018660183839924047,0.017725160752046262,4.132672707780075,4.043528139384242,0.9399232237654719,0.9190064363185408,3.9751614237838098,3.9411546967518056,28,FULL_PIPELINE_EXPOSURE_NIGHT_PERMUTATION
1,530,1320099,646489.0,2,0.9962264150943396,0.9979990114519263,2,133,483.2050828993843,833.0947858258896,0.0035946473897530613,346290,345455,835,3.660221927984555,3.4463941881518476,0.9513873262321516,0.8995748899195148,0.0444630993906587,0.039067317016688134,0.01889971197406319,0.01801102893285667,4.134108566245943,4.046778245436523,0.9370940263578147,0.9206940339029575,3.9619057897121657,3.9309355217429833,28,FULL_PIPELINE_EXPOSURE_NIGHT_PERMUTATION
2,530,1319520,646968.0,2,0.9962264150943396,0.9980227233680184,2,138,506.15689839079175,833.4444135694746,0.0032992298192126516,346600,345830,770,3.644232379005572,3.431723175967954,0.9495134030313316,0.898447013948463,0.0439580140531475,0.03860567330769453,0.018341381603678108,0.01747390336292398,4.083830001648783,3.9979499120519426,0.9291673648660402,0.9128140005422111,3.855848146487995,3.825705862863135,28,FULL_PIPELINE_EXPOSURE_NIGHT_PERMUTATION
3,530,1318083,646734.0,2,0.9962264150943396,0.9979811544506572,2,134,484.19786611655735,833.3529174140701,0.0035360332953375674,348218,347409,809,3.659272591241738,3.441406614888301,0.9516114172087583,0.8986836273001038,0.04447207758002815,0.03865472684933321,0.018675394131988522,0.017814737096620986,4.069365084911237,3.9816081355958737,0.9310031574318512,0.913959128777902,3.855477026564273,3.8251123991693095,28,FULL_PIPELINE_EXPOSURE_NIGHT_PERMUTATION
4,532,1319452,646868.0,2,0.9962406015037594,0.9980264759972571,2,140,515.8132415332261,834.2587273492151,0.003754443502897719,347113,346401,712,3.633324662680499,3.417116340206952,0.9459984756462743,0.8941521301321707,0.04396927260602596,0.038484299987586644,0.01863447276422412,0.017733782523722506,4.062233646826861,3.9762487106170585,0.9272253824840936,0.9091905728339463,3.897881721159925,3.8694296840654157,28,FULL_PIPELINE_EXPOSURE_NIGHT_PERMUTATION
0,528,1318073,647823.0,1,1.0,1.0,2,129,447.4618072843974,835.0124719716449,0.0033451848043421946,348461,347585,876,3.661359599007074,3.5241266766021053,0.9332062284058276,0.9026171016482806,0.042214134672094596,0.038154695973646735,0.017762561675561374,0.017120991987571384,4.067585489101938,4.010516858241727,0.9360882424395824,0.9241397474225931,3.968916848563579,3.9443465598011422,29,FULL_PIPELINE_EXPOSURE_NIGHT_PERMUTATION
1,529,1320459,648519.0,1,1.0,1.0,2,131,459.1457515214266,835.0809240330761,0.0037282274968742013,346290,345355,935,3.660918488248191,3.5311820171333497,0.9320837274295821,0.9043962121218254,0.0422985044374629,0.03829103386370546,0.01793227258907501,0.017263395636374166,4.062798508726503,4.0083013023413825,0.9320236923815436,0.9203619783394726,3.9344414046293203,3.914121859538373,29,FULL_PIPELINE_EXPOSURE_NIGHT_PERMUTATION
2,529,1319993,648952.0,1,1.0,1.0,2,131,461.62973966733455,835.6076408100016,0.003485871723097285,346600,345723,877,3.643536029385626,3.5112655313896934,0.9304820274836854,0.9009828043358037,0.04201918877251441,0.0378829293972342,0.017349149463587902,0.016811146495894113,4.012341495704498,3.957060446798495,0.9235384271869189,0.9114644145144669,3.828425989502709,3.8060841568936623,29,FULL_PIPELINE_EXPOSURE_NIGHT_PERMUTATION
3,530,1318703,648622.0,1,1.0,1.0,2,134,473.5818833196391,835.7444633223829,0.002863778936160871,348218,347432,786,3.659795266421525,3.5289709635929416,0.9332633532519838,0.9014476607255295,0.042267263809896614,0.03816574178544291,0.017741601234198347,0.017033549011029495,4.008430895403143,3.952701418891223,0.9254576524889001,0.9116642637011464,3.8472247683916727,3.826796760623692,29,FULL_PIPELINE_EXPOSURE_NIGHT_PERMUTATION
4,528,1319264,648581.0,1,1.0,1.0,2,134,474.55778639900166,836.0590668778922,0.0034351825399888567,347113,346217,896,3.6356033299890673,3.4961698498131812,0.9280027141045437,0.8949338557012547,0.04189280133557855,0.03771911835640653,0.017766314190233293,0.017165534910186388,4.008802975847177,3.9528080273440187,0.9234530623769085,0.907823356318307,3.8919289551497904,3.87193361334325,29,FULL_PIPELINE_EXPOSURE_NIGHT_PERMUTATION
0,534,1318452,647024.0,1,1.0,1.0,2,131,456.67628058270355,825.93362879532,0.0033180485464464546,348461,347831,630,3.6614120952041347,3.444341851648182,0.9496525065311303,0.8973951486402337,0.04397250388838258,0.04193415768002277,0.018560737829578157,0.018342240915847064,4.121883031919808,4.066614568503966,0.9401622073157213,0.9222558851962326,3.977344200202184,3.955611238629597,30,FULL_PIPELINE_EXPOSURE_NIGHT_PERMUTATION
1,532,1320150,647501.0,1,1.0,1.0,2,126,434.10359546711715,826.0227561926058,0.003246697802538694,346290,345549,741,3.660136404384894,3.461210433431461,0.9495088438189768,0.9005403958641912,0.04433814017693583,0.04196510480423905,0.01885116148505711,0.01851835774376427,4.12308282148538,4.07273979009122,0.9360129798939898,0.918711312347117,3.9541069824625694,3.936026181537425,30,FULL_PIPELINE_EXPOSURE_NIGHT_PERMUTATION
2,532,1319905,647927.0,1,1.0,1.0,2,127,435.80811782170906,826.8984535772971,0.0029516695923533782,346600,345819,781,3.6440940689163823,3.4490904247582197,0.9477532662721273,0.8963286855131124,0.043771452696352714,0.04162003822809042,0.018263889491323494,0.01810195506898117,4.076486489909525,4.025344232098536,0.928393547156023,0.9094093075078117,3.8513856200508845,3.8311092560994413,30,FULL_PIPELINE_EXPOSURE_NIGHT_PERMUTATION
3,532,1318455,647533.0,1,1.0,1.0,2,123,419.79164868569353,826.2291033727605,0.003451290624643496,348218,347463,755,3.659009935132897,3.4506250736236366,0.9502075314038039,0.8968031004051312,0.044275217792973644,0.04212534859826802,0.018583273614744593,0.018353033272607445,4.064093224628449,4.013407907061291,0.9305253153070893,0.9096428575280578,3.857580572929219,3.837816750938257,30,FULL_PIPELINE_EXPOSURE_NIGHT_PERMUTATION
4,532,1319319,647766.0,1,1.0,1.0,2,128,445.8087068953099,827.093236215356,0.0034110666812436916,347113,346344,769,3.6349063958857997,3.4336399496730183,0.9451849793026958,0.8951037026882233,0.043849467581364196,0.041652230152680575,0.018617328436467788,0.018305499734368142,4.065993389127569,4.014538573842049,0.9281371612583381,0.9081095621871565,3.906759939336146,3.8891734610788995,30,FULL_PIPELINE_EXPOSURE_NIGHT_PERMUTATION
0,520,1315491,646558.0,1,1.0,1.0,2,121,410.3273773848955,837.7798484633931,0.0033854286719055627,348461,347315,1146,3.65959532123041,3.544126157331681,0.9270173073181127,0.8987634472640922,0.041720052401998185,0.0379165886875027,0.017514360162964458,0.01658436865669493,4.050461448682235,3.997120634321578,0.9304903181438527,0.9183032582226996,3.9545784688439958,3.931411469128568,31,FULL_PIPELINE_EXPOSURE_NIGHT_PERMUTATION
1,519,1317320,647013.0,1,1.0,1.0,2,124,425.52465950012976,837.5258110906302,0.0029389568495395146,346290,345205,1085,3.659616885153115,3.550024022970014,0.9263632222082705,0.8990843179990889,0.04175779609217711,0.037893425645630856,0.017711215075100303,0.016900102837444416,4.0493563711615295,3.9964288718966934,0.9268536539178395,0.9159026417169107,3.9311307452229887,3.909828327363814,31,FULL_PIPELINE_EXPOSURE_NIGHT_PERMUTATION
2,521,1317217,647546.0,1,1.0,1.0,2,134,481.87544042530976,838.340089111986,0.0034565109440036694,346600,345602,998,3.643761507209452,3.544632696925726,0.9246858270812834,0.899408567651939,0.04156225947766506,0.037739943634585445,0.01712663699862848,0.016356965526819867,4.0000000887289655,3.9478108916222943,0.9196068838863966,0.9114719627905371,3.826940847614767,3.8084123944615285,31,FULL_PIPELINE_EXPOSURE_NIGHT_PERMUTATION
3,519,1315490,647130.0,1,1.0,1.0,2,128,445.2323937828336,837.5379980550666,0.003302365121549191,348218,347081,1137,3.658727602978728,3.5521132616413613,0.927817779047726,0.8996085359943413,0.04183749614643268,0.03773182628838801,0.017578029336091577,0.01680299411376595,3.9954822214068386,3.9446777911863515,0.9225947267125217,0.9138519849399018,3.8424408693290513,3.8246773103819307,31,FULL_PIPELINE_EXPOSURE_NIGHT_PERMUTATION
4,521,1316979,647445.0,1,1.0,1.0,2,126,434.88033762420645,838.3361666801079,0.002891197205226129,347113,346076,1037,3.633044112257616,3.5282594025249776,0.9224773910994356,0.894025696096217,0.04150244454975208,0.03763624175036697,0.017594401229787678,0.016776661773714445,3.9970739847819736,3.9480083199996727,0.9186941601417704,0.9080024310329752,3.8870843712187497,3.87228796261418,31,FULL_PIPELINE_EXPOSURE_NIGHT_PERMUTATION
0,537,1309550,642677.0,1,1.0,1.0,2,129,452.6836402830335,827.5441329585275,0.0031999347011738653,348461,347573,888,3.6616290352069445,3.4481646015424374,0.9475075964365292,0.9014925143605155,0.0438497811970435,0.03777911402784451,0.01849107957177341,0.017489851052872346,4.120163160460035,4.026186280519649,0.9380143751154314,0.9229681211680191,3.9776890932154445,3.9454470946875855,32,FULL_PIPELINE_EXPOSURE_NIGHT_PERMUTATION
1,538,1311634,643116.0,1,1.0,1.0,2,141,519.5407435162931,827.7046590345304,0.0036804904847025145,346290,345487,803,3.6605912796336035,3.4522421862959947,0.9463111615356185,0.898827671173964,0.044071122791885076,0.03767146086538712,0.01877928836685606,0.017528879523686855,4.118591722983101,4.023952188012804,0.9332160394852452,0.9179977542064197,3.9518293564698417,3.920833114974329,32,FULL_PIPELINE_EXPOSURE_NIGHT_PERMUTATION
2,538,1311298,643648.0,1,1.0,1.0,2,141,524.309852700841,827.6559807460114,0.0034628176104536923,346600,345844,756,3.643158703832138,3.450984833281141,0.945422763224561,0.8995888890290722,0.043612148830108374,0.037236441863961786,0.01814691016759001,0.017134893188836587,4.06666477937593,3.9745270518071756,0.9259690365822819,0.911612690375,3.8365751401422727,3.8072505164990087,32,FULL_PIPELINE_EXPOSURE_NIGHT_PERMUTATION
3,539,1309880,643402.0,1,1.0,1.0,2,131,463.21980218997965,827.7524785063476,0.0034832865430099386,348218,347492,726,3.6588414768164634,3.4560546534868877,0.9473760426528075,0.8997533651390799,0.044093101423917674,0.03745697742681846,0.01853855628331012,0.01740759499499269,4.061277762350278,3.968441153160414,0.9274361062913208,0.913613846208348,3.8548219979277074,3.825804124768022,32,FULL_PIPELINE_EXPOSURE_NIGHT_PERMUTATION
4,536,1310435,643385.0,1,1.0,1.0,2,130,452.6305194359501,828.65138078858,0.0030723286410562736,347113,346219,894,3.633927275402323,3.435579115800891,0.9427311573433697,0.8950891753314341,0.04371799352432998,0.03734919227425416,0.018520069666887143,0.017434051857350405,4.061766415462597,3.96782437926698,0.9253285086928935,0.9116432746339997,3.901535809509953,3.8725640703078095,32,FULL_PIPELINE_EXPOSURE_NIGHT_PERMUTATION
0,535,1312338,650811.0,1,1.0,1.0,2,133,475.0313790738358,827.7901356845208,0.003615648828887722,348461,347830,631,3.661292785184572,3.416153249887561,0.9564279701923695,0.8969665023024405,0.044797746025357216,0.038622315498950635,0.018994911307247793,0.017557427478940863,4.15317962375396,4.048883371289764,0.9412635589592079,0.9212950021652652,3.9905379405045758,3.954580198656082,33,FULL_PIPELINE_EXPOSURE_NIGHT_PERMUTATION
1,536,1314404,651337.0,1,1.0,1.0,2,139,503.691165283447,827.3268549823111,0.0032833229761492643,346290,345715,575,3.6613908870423026,3.419340423658144,0.9562272078569677,0.8982019997849107,0.045034204474784144,0.038763143051357335,0.01923839000332644,0.017754508771676093,4.151425014286899,4.049315608645667,0.9368324006011948,0.9150982852110204,3.9605201673461594,3.925559214132789,33,FULL_PIPELINE_EXPOSURE_NIGHT_PERMUTATION
2,535,1313918,651804.0,1,1.0,1.0,2,133,476.8077064576758,827.6156301250122,0.0036554667838023173,346600,345946,654,3.6440598615585866,3.4203761239165678,0.9551446035948159,0.8975842377407792,0.044657258647303334,0.03850890023298434,0.018656090834985806,0.01725702855358929,4.103960214255393,4.00084484794423,0.9293962261545959,0.9103820325337896,3.855289020678381,3.8203228889690535,33,FULL_PIPELINE_EXPOSURE_NIGHT_PERMUTATION
3,531,1311539,651244.0,1,1.0,1.0,2,137,495.2352974968136,827.7896714957258,0.003433602834893404,348218,347294,924,3.6592424543638478,3.4228078606985477,0.956984478271929,0.8975573756186938,0.04528439880907819,0.03853219462472718,0.019021347906960674,0.017581645522237642,4.093481977064316,3.9911701544145193,0.931069970891084,0.9117169483263371,3.8645647602504187,3.830288268577944,33,FULL_PIPELINE_EXPOSURE_NIGHT_PERMUTATION
4,532,1312820,651505.0,1,1.0,1.0,2,135,483.74339627146446,828.4931393756859,0.0025940293422817484,347113,346246,867,3.6355102929678846,3.3907635119442197,0.9510638720633415,0.8915876262017833,0.044604125390618234,0.03808275041444522,0.019012494007150986,0.01768684692386338,4.090323368354735,3.9874708731047606,0.9295833988078982,0.9085067582107825,3.911504651583423,3.8790512243485487,33,FULL_PIPELINE_EXPOSURE_NIGHT_PERMUTATION
0,527,1310836,642754.0,1,1.0,1.0,2,128,455.8533456804799,828.8499945833553,0.003239723022659643,348461,347532,929,3.660721634759982,3.4318398126646725,0.9545857777359845,0.900541757195872,0.044410298907726485,0.03907266093482039,0.01873208798038742,0.01722143572390456,4.140365001891883,4.0350299617615795,0.9439452052991962,0.9262772842138013,3.986354924047531,3.948895170261958,34,FULL_PIPELINE_EXPOSURE_NIGHT_PERMUTATION
1,528,1312986,643287.0,1,1.0,1.0,2,145,570.7396549502275,829.0971485688627,0.0036505252912926267,346290,345335,955,3.660676641621417,3.4261584488285184,0.9536544425093215,0.8978058065741694,0.04466966858268059,0.038999811776970185,0.018996047316373957,0.01740918238811589,4.13155503568463,4.029085059319784,0.938858108766489,0.9180063459099249,3.9533851862887626,3.916604298779283,34,FULL_PIPELINE_EXPOSURE_NIGHT_PERMUTATION
2,527,1312539,643803.0,1,1.0,1.0,2,131,471.65440772219034,829.3942978447043,0.0032486251336639725,346600,345589,1011,3.6436991085535473,3.426763561200428,0.9527065155042478,0.8996432580426874,0.04422594469152664,0.03860076564936963,0.01849306546215302,0.016837920188431922,4.092282451951995,3.9911030976936503,0.9323135214220849,0.9114358480867805,3.8595709363767745,3.8240177266269613,34,FULL_PIPELINE_EXPOSURE_NIGHT_PERMUTATION
3,527,1311091,643421.0,1,1.0,1.0,2,133,483.2560566260312,829.1119903105832,0.0032508375364291675,348218,347234,984,3.6578671250423485,3.42767174434776,0.9541914402890375,0.8984453350471897,0.04474792215048066,0.03908027439709245,0.018802882206235563,0.01725349476145769,4.0812756661422425,3.9799024455900374,0.9328847403924673,0.9101354603690203,3.8696071169356543,3.83332470051881,34,FULL_PIPELINE_EXPOSURE_NIGHT_PERMUTATION
4,527,1312119,643568.0,1,1.0,1.0,2,130,470.505106369292,829.6185252845341,0.0037421698123356675,347113,346053,1060,3.6328528489049825,3.395659999128455,0.9484558954860999,0.8923215010128693,0.04412618876299295,0.03860102354263653,0.01876591158001809,0.017043632044802387,4.036968817671972,3.932607742166536,0.9292735077964682,0.9085427691672173,3.8545251623368926,3.819833688509618,34,FULL_PIPELINE_EXPOSURE_NIGHT_PERMUTATION
0,528,1317768,645705.0,1,1.0,1.0,2,132,469.2415648424612,836.3157732185767,0.0035791464033134873,348461,347432,1029,3.659994692965897,3.5048573037354167,0.9371923112426807,0.9014542888590296,0.04267885514287688,0.03912420272168367,0.018012157774758803,0.017341522945497248,4.081345067808234,4.0187453002370965,0.9330783029426728,0.9216413410935345,3.956516308560713,3.934283383998975,35,FULL_PIPELINE_EXPOSURE_NIGHT_PERMUTATION
1,526,1319284,646022.0,1,1.0,1.0,2,130,459.79085779759293,836.1187830260943,0.0031729369480619223,346290,345233,1057,3.6594686286454907,3.5061837005720626,0.9365842345355824,0.9028579357310894,0.042933323291805825,0.03901423096865016,0.018210889457265095,0.017460671488530935,4.084478162245429,4.0205212377930035,0.9302522280340538,0.919966407180616,3.936548534631505,3.913753423138734,35,FULL_PIPELINE_EXPOSURE_NIGHT_PERMUTATION
2,528,1319520,646710.0,1,1.0,1.0,2,137,500.97555058791534,837.1437638586099,0.0037047301463442543,346600,345579,1021,3.643643483714758,3.4985823690158133,0.9352021477885265,0.9024066808200907,0.042658842117142534,0.03885074035169961,0.01765153553890717,0.017023603864818174,4.032760336301944,3.97074370808552,0.9217618346980155,0.9112762728500293,3.831088183356424,3.8103953057214817,35,FULL_PIPELINE_EXPOSURE_NIGHT_PERMUTATION
3,529,1318073,646285.0,1,1.0,1.0,2,137,491.3359158061985,836.6558985239639,0.002829985617484498,348218,347344,874,3.6589658153569644,3.5061100165548327,0.9374005562469534,0.9027984329609151,0.042917108111843016,0.03895561748583537,0.017985052282463495,0.017368948362430327,4.025351109008262,3.9649038565709738,0.9232893275382311,0.913226275356363,3.8440576914341773,3.824219388820391,35,FULL_PIPELINE_EXPOSURE_NIGHT_PERMUTATION
4,528,1319057,646559.0,1,1.0,1.0,2,128,447.64442628938025,837.9998659106385,0.0028370912869132023,347113,346145,968,3.634493819830828,3.4780571258778243,0.9321095383377889,0.8958979456266382,0.042485085729968654,0.038853659593522945,0.01807046180069046,0.01743200104002658,4.026118593235959,3.966540974280852,0.9213400637783483,0.9104392718878053,3.894233462004612,3.8763729404914353,35,FULL_PIPELINE_EXPOSURE_NIGHT_PERMUTATION
0,524,1317389,646164.0,1,1.0,1.0,2,133,485.4506629590826,838.3088749279151,0.0028989892259792664,348461,347488,973,3.6602408616775475,3.4997840487903584,0.9358841059246977,0.9008139315117454,0.04267485495902017,0.03673508149921724,0.01801213279307487,0.01660488995303435,4.082494009278299,3.996371424844576,0.931730916061357,0.9230855541234985,3.9627339070988348,3.9335893905273456,36,FULL_PIPELINE_EXPOSURE_NIGHT_PERMUTATION
1,525,1319684,646750.0,1,1.0,1.0,2,131,472.9959186599024,838.575222510195,0.0031400519986066197,346290,345360,930,3.6602753534216443,3.500790021075983,0.9344849941462111,0.9004675907054023,0.042882788973824415,0.036975909196201064,0.018183924021311096,0.016895413481584434,4.077323764203329,3.9922778703429587,0.927708791231777,0.9198081407334886,3.929872378769948,3.9048303947095797,36,FULL_PIPELINE_EXPOSURE_NIGHT_PERMUTATION
2,525,1319446,647366.0,1,1.0,1.0,2,133,486.80534325836726,838.9834181880227,0.002745290373815489,346600,345591,1009,3.6441940442579037,3.503071951640388,0.9339544612773951,0.902338552382312,0.04268050961975283,0.036624217644556714,0.01767407137338646,0.01627357193908406,4.031840662464937,3.9482114780564905,0.9204740677983669,0.914734139136555,3.826008162912606,3.8011578116445173,36,FULL_PIPELINE_EXPOSURE_NIGHT_PERMUTATION
3,524,1317744,646867.0,1,1.0,1.0,2,128,461.37967535873884,839.0099701761901,0.003642104288521099,348218,347211,1007,3.659413374695282,3.5039982182182925,0.9360930505941366,0.8999576185443776,0.042904746681412746,0.03695159427552699,0.01796314056870318,0.016724700542321527,4.022803136104257,3.9397032582655016,0.9221260216865117,0.9127216315797163,3.840632542250802,3.8162629785240747,36,FULL_PIPELINE_EXPOSURE_NIGHT_PERMUTATION
4,524,1318573,646965.0,1,1.0,1.0,2,124,441.484331364842,839.2203651183671,0.0035825462789936743,347113,346115,998,3.6342280871604693,3.48357501797353,0.9306880402779816,0.8976109792639402,0.042442540774020196,0.036450312757320545,0.01803735752567788,0.01651474220995912,4.024732015971409,3.9391932846599107,0.9191173735021669,0.9082829828087582,3.8888583246914425,3.864291704869244,36,FULL_PIPELINE_EXPOSURE_NIGHT_PERMUTATION
0,530,1313926,645564.0,1,1.0,1.0,2,143,541.2370488958114,821.07704595118,0.0037059569441744255,348461,347468,993,3.661423359333523,3.4536699237520496,0.9455559384637795,0.8967480778038925,0.04339680200766689,0.03947701658857794,0.01829520991861121,0.017414553282604443,4.107104953366722,4.034193719467252,0.9403983897139252,0.9202736573482854,3.9745445483230655,3.945001313584798,37,FULL_PIPELINE_EXPOSURE_NIGHT_PERMUTATION
1,531,1316379,646161.0,1,1.0,1.0,2,142,533.2013818766911,821.5801450128166,0.003707318559931707,346290,345311,979,3.6608609339035985,3.457087607805792,0.9436131012770115,0.8942880027551461,0.04365629823550365,0.03934134736512883,0.01857745626406341,0.017552293439826706,4.108522961520984,4.0355578464646955,0.9354291457742242,0.9134087689777415,3.956451202378935,3.928016620205593,37,FULL_PIPELINE_EXPOSURE_NIGHT_PERMUTATION
2,531,1315941,646700.0,1,1.0,1.0,2,138,510.03437912812046,821.8104546320214,0.003538542125484534,346600,345669,931,3.6443126476188317,3.4656103483275675,0.9433604955978274,0.8977271607471368,0.04328418226685066,0.039098096734158976,0.01797094908713249,0.017172497389120807,4.059219673229202,3.9902812927058355,0.928234779208961,0.9115265773801546,3.845935723058321,3.8198997749509123,37,FULL_PIPELINE_EXPOSURE_NIGHT_PERMUTATION
3,528,1313941,646222.0,1,1.0,1.0,2,127,432.09962846221026,821.4002403199202,0.002560807621139999,348218,347111,1107,3.659126167801664,3.4600842293879266,0.9455157770086595,0.8953329364794764,0.0436344569892628,0.03931883460910199,0.01833131188582327,0.0174900824232018,4.046385645116901,3.97500033453622,0.930698764192023,0.9124862040108259,3.8533687020706027,3.8270055688314653,37,FULL_PIPELINE_EXPOSURE_NIGHT_PERMUTATION
4,529,1315071,646400.0,1,1.0,1.0,2,127,433.0590152888709,822.5577366129775,0.0033070912027170106,347113,346079,1034,3.633860107493864,3.439941445899892,0.9401249935265819,0.8917223784338204,0.04318956076502764,0.039129794064361026,0.018339743237815644,0.01743243594670581,4.049630951495149,3.9798606042764724,0.9273555552036391,0.9099431498012441,3.9027703393973003,3.8803711651886714,37,FULL_PIPELINE_EXPOSURE_NIGHT_PERMUTATION
0,523,1314514,644935.0,1,1.0,1.0,2,133,478.47302513589057,839.5931821613927,0.0034328352187382553,348461,347264,1197,3.6616361740147436,3.5330373231945202,0.928836638948792,0.9005999528929022,0.04186152322152598,0.039531883523774417,0.01755436785845927,0.01708210468116476,4.050294149142866,4.010004365070262,0.9331998615153353,0.9227735102178984,3.9510365486192085,3.934583079272219,38,FULL_PIPELINE_EXPOSURE_NIGHT_PERMUTATION
1,523,1316505,645402.0,1,1.0,1.0,2,137,500.34718516311835,839.2915168934575,0.00362746727591488,346290,345164,1126,3.660862770095887,3.5445270483226263,0.9283022693352437,0.9004844963562617,0.04193368949253109,0.03981006130419163,0.0177973369181027,0.017327994808265055,4.050605612792007,4.011532166601905,0.9288208145655684,0.9189281438018947,3.9312850824702132,3.9154386009488658,38,FULL_PIPELINE_EXPOSURE_NIGHT_PERMUTATION
2,524,1316250,645893.0,1,1.0,1.0,2,148,566.3872003027946,839.9605876479939,0.0031949052648260323,346600,345547,1053,3.6435589889508355,3.5375879874348057,0.926648767914285,0.900004155602234,0.04167016353781106,0.03932894801575473,0.017166984520195515,0.016758935832173336,4.0053042062474,3.9662927436309823,0.9205197199504882,0.909637255555784,3.8312633769048556,3.815615955704862,38,FULL_PIPELINE_EXPOSURE_NIGHT_PERMUTATION
3,523,1314711,645589.0,1,1.0,1.0,2,148,567.7969327055295,839.8849746835997,0.0034488166197615194,348218,347078,1140,3.659658552118508,3.54667280387436,0.9292277177724728,0.9005479671412739,0.04188971931381419,0.039849832026230415,0.01755801289623658,0.017048041074340638,3.9947759266604606,3.9565539008995163,0.9225153932204431,0.909890665267366,3.83843261393593,3.82171253867282,38,FULL_PIPELINE_EXPOSURE_NIGHT_PERMUTATION
4,522,1315414,645646.0,1,1.0,1.0,2,132,469.663273175267,840.6707468005138,0.0036369902429053357,347113,345876,1237,3.635323376133641,3.517321446649102,0.9237502925669172,0.8947522806500909,0.04157848477489042,0.03925395228347731,0.017598792630885058,0.017110178214157674,3.9975407162921024,3.9593606639220233,0.9196679007797091,0.9057094352319811,3.886829572365837,3.8727247888004737,38,FULL_PIPELINE_EXPOSURE_NIGHT_PERMUTATION
0,529,1307984,644376.0,1,1.0,1.0,2,146,567.521461307518,817.3335859183816,0.0038951443791329274,348461,347477,984,3.6619780733490357,3.3942338797583425,0.9601950875100338,0.8965874109684955,0.04528932850231814,0.037343478848959784,0.019195515098841074,0.017805495039959478,4.167703441131912,4.038602040375397,0.9410422556912726,0.9196285199807489,3.9917421831229007,3.9471408707554168,39,FULL_PIPELINE_EXPOSURE_NIGHT_PERMUTATION
1,528,1309620,644900.0,1,1.0,1.0,2,139,524.6607713449437,817.0737733964071,0.003041727166376415,346290,345311,979,3.6608556739906506,3.407181707082768,0.9600552971784091,0.8970889017518167,0.04553576341327094,0.03731708517828856,0.01945492613904567,0.017740529551621583,4.1684555975080775,4.0442669705229095,0.9369287098262107,0.9153666008286344,3.9637439002089008,3.924667116200405,39,FULL_PIPELINE_EXPOSURE_NIGHT_PERMUTATION
2,529,1309693,645259.0,1,1.0,1.0,2,150,587.9848247187067,817.2566142294569,0.0033236633522049372,346600,345594,1006,3.644158849931305,3.3980851246275448,0.9587828520546563,0.8966688818542394,0.04508180118867804,0.03720550704005278,0.018923939651730066,0.017346944680752558,4.12054838043415,3.9984866644872326,0.9294111445003085,0.9098246192300894,3.8608889908722532,3.8229527154418137,39,FULL_PIPELINE_EXPOSURE_NIGHT_PERMUTATION
3,527,1307764,644914.0,1,1.0,1.0,2,139,521.7315068528744,817.7274321704256,0.003080624275565639,348218,347206,1012,3.6598659556176,3.3963909103419407,0.9603250647585202,0.8951824574399245,0.04575381761835913,0.03719693784093593,0.01919033657252467,0.017756029561701123,4.1092273177501975,3.983169093997519,0.931591978110518,0.9120193439786339,3.869881364674944,3.8315852361121525,39,FULL_PIPELINE_EXPOSURE_NIGHT_PERMUTATION
4,530,1309324,645298.0,1,1.0,1.0,2,141,533.1515863531182,818.5286375361136,0.002730750855356694,347113,346192,921,3.6345316917229136,3.369940813323608,0.95508761059854,0.8895466198428994,0.04502414844941535,0.03683216249942228,0.019208993853121966,0.017692494338401813,4.0713060696407375,3.946577959736092,0.92811316107879,0.905944700945042,3.8751602343194427,3.840286744023468,39,FULL_PIPELINE_EXPOSURE_NIGHT_PERMUTATION
0,522,1318911,650826.0,1,1.0,1.0,2,123,412.6762590927274,822.611298332536,0.0028582729877513454,348461,347413,1048,3.6602598762367653,3.43641794624366,0.9524344666540868,0.9019125040525318,0.044172210020926105,0.03686102707728266,0.018680935946553526,0.01734247135254006,4.132668159518891,4.023062758008711,0.9419925458701286,0.9214523114905063,3.987963172887852,3.94858294878393,40,FULL_PIPELINE_EXPOSURE_NIGHT_PERMUTATION
1,523,1321298,651361.0,1,1.0,1.0,2,134,485.12354973946736,823.0837042493772,0.0030013411482420274,346290,345281,1009,3.658419427551123,3.437960889720025,0.951375831773484,0.901828231582581,0.044444959322986206,0.03687431396456799,0.018871585751894834,0.017423489853192038,4.130275542351816,4.0198509886383365,0.9379275971325378,0.917854079615529,3.9577060122432357,3.9184871501635796,40,FULL_PIPELINE_EXPOSURE_NIGHT_PERMUTATION
2,522,1320707,651865.0,1,1.0,1.0,2,133,483.6845622025996,823.2025154935076,0.0031830885557011927,346600,345507,1093,3.6424581161975516,3.433480240271513,0.9501137018311319,0.9015631626965774,0.043938328311727406,0.03630606615784919,0.018289065055121893,0.01690559091422171,4.0808235835971445,3.972733699113644,0.9303420758234721,0.9124059906152026,3.8527714875872525,3.814423414998492,40,FULL_PIPELINE_EXPOSURE_NIGHT_PERMUTATION
3,522,1319311,651489.0,1,1.0,1.0,2,122,408.79504083221514,823.1811602080791,0.0036446259109066455,348218,347134,1084,3.6593861459623414,3.4386310412079757,0.9526886971842001,0.9017839717195058,0.04449290475724072,0.03649023143800377,0.01867866587542563,0.01736505211244073,4.073658398866979,3.9657015439789784,0.9328559607617574,0.9141755300704014,3.8683940570559527,3.8302451962777635,40,FULL_PIPELINE_EXPOSURE_NIGHT_PERMUTATION
4,522,1320126,651567.0,1,1.0,1.0,2,119,392.18305703886307,823.6720969061794,0.0026593952889126552,347113,346029,1084,3.6331524743961516,3.4160748840436126,0.9467215403726372,0.8961307644637639,0.04395874334232102,0.036427582659256885,0.018660285698597515,0.01733669721323935,4.07102091258287,3.960808999165529,0.9290254407982844,0.9067720898351594,3.90893706933327,3.8722101840645142,40,FULL_PIPELINE_EXPOSURE_NIGHT_PERMUTATION
0,528,1316811,646650.0,1,1.0,1.0,2,128,444.3185570293507,839.9930443473947,0.003292515458229142,348461,347508,953,3.6617783660820997,3.493855940956652,0.9391045991138289,0.8983840323941037,0.042859444962418135,0.0404336015285979,0.018074404042496862,0.017726210619611635,4.0897182658933815,4.041848065519781,0.936466496035072,0.9208334756217015,3.9710175685754634,3.9512523213711606,41,FULL_PIPELINE_EXPOSURE_NIGHT_PERMUTATION
1,529,1319122,647278.0,1,1.0,1.0,2,131,465.02092440304074,840.4093884938252,0.003453614694584323,346290,345316,974,3.661171972429268,3.494139588629438,0.9384894768840184,0.8984155555502015,0.0430793823628213,0.04057443037681428,0.018273117955727506,0.01784162911651936,4.087790407196701,4.0419503826719305,0.9337741997109825,0.9191654151185077,3.945487432158379,3.9279027817544425,41,FULL_PIPELINE_EXPOSURE_NIGHT_PERMUTATION
2,529,1318744,647735.0,1,1.0,1.0,2,134,474.39837240798096,840.9060210872021,0.0029091062821416996,346600,345618,982,3.6447238372725863,3.4959689949046604,0.9376850878436603,0.8972587281358058,0.04278712335584373,0.04018598568361602,0.017730558014918206,0.017420967657934484,4.03570472392751,3.9909050339256478,0.9254120531637579,0.9122305063250802,3.831760014425265,3.814151499829226,41,FULL_PIPELINE_EXPOSURE_NIGHT_PERMUTATION
3,526,1316583,647183.0,1,1.0,1.0,2,130,457.9493788604036,839.9851760558458,0.003139729030632237,348218,347101,1117,3.659978359977929,3.5007564446725548,0.9394933113790023,0.8981502651619232,0.04305663193133987,0.04054439485913322,0.01804085842449316,0.01768937571484957,4.027270125028903,3.983520069289187,0.9268905111049817,0.911711547768614,3.84647225597964,3.8284384229690858,41,FULL_PIPELINE_EXPOSURE_NIGHT_PERMUTATION
4,526,1317768,647374.0,1,1.0,1.0,2,127,441.6001063686782,841.7145362986776,0.0029790169241169172,347113,345886,1227,3.635259698170331,3.4683433429967163,0.9338451650829969,0.8916621978012522,0.042618088040568276,0.040137501951510036,0.01812735988157948,0.01774862237847152,4.032355473062605,3.9857378373492276,0.9245782087210374,0.9070836454942298,3.9008100811772244,3.8836706967927266,41,FULL_PIPELINE_EXPOSURE_NIGHT_PERMUTATION
0,530,1314612,641317.0,1,1.0,1.0,2,123,413.3706326156222,811.2594527176522,0.002956117080346205,348461,347714,747,3.662227270114389,3.4024779229188984,0.9587621767358364,0.8954998632519254,0.045091655786077066,0.03996387835980145,0.019078898174936874,0.018172981243205624,4.161389423329408,4.074088080605976,0.9412015200084953,0.9201032669904773,3.9899567210183395,3.959598108244233,42,FULL_PIPELINE_EXPOSURE_NIGHT_PERMUTATION
1,531,1316835,641831.0,1,1.0,1.0,2,132,469.2493577493969,811.3413840063349,0.002754203710822982,346290,345619,671,3.6605365757193975,3.4218626917938435,0.9589235607194166,0.8989674524257343,0.04533604923340441,0.04018586941111455,0.019350788006446403,0.018390192668805823,4.146219265114354,4.059357321851381,0.9363817543079227,0.9187136695420827,3.9443458764368446,3.9158011768609913,42,FULL_PIPELINE_EXPOSURE_NIGHT_PERMUTATION
2,530,1316416,642345.0,1,1.0,1.0,2,123,414.51320885395967,812.2821259038601,0.003055482019241241,346600,345836,764,3.6438051827618896,3.3968993780745143,0.9567289920681965,0.8944086620848111,0.04480447379682855,0.039643067812489156,0.018771903445563794,0.017820585479822806,4.113454933910224,4.026306607745282,0.9284407625982745,0.907100229413739,3.861538165928069,3.8318298102144497,42,FULL_PIPELINE_EXPOSURE_NIGHT_PERMUTATION
3,530,1314828,641957.0,1,1.0,1.0,2,125,425.2527875857029,812.0377375069553,0.002861276591052986,348218,347423,795,3.6583790187719085,3.4145788729106488,0.9590066888753433,0.8959686893135672,0.04551799967186974,0.03999447359558809,0.01913517527624826,0.018288944600674106,4.1027020258813645,4.015734655337209,0.9313570088757652,0.9122221816915509,3.869249988275614,3.8406482907655115,42,FULL_PIPELINE_EXPOSURE_NIGHT_PERMUTATION
4,528,1315371,641919.0,1,1.0,1.0,2,125,426.53139243217805,812.4038849620887,0.0032547304287394367,347113,346134,979,3.635046510380992,3.3785184414042497,0.953282031667485,0.8891012442447783,0.0447976795114031,0.0394240380892949,0.019128430029988385,0.018322383816672155,4.100186062534235,4.013052167564336,0.927893678478334,0.9083775746904927,3.915510393187508,3.8884317769692167,42,FULL_PIPELINE_EXPOSURE_NIGHT_PERMUTATION
0,519,1316488,643794.0,1,1.0,1.0,2,133,469.7680136642941,827.9140283946094,0.0027067742820694467,348461,347183,1278,3.6600876609116835,3.4323036714147954,0.9527601782649997,0.8989987786276352,0.04426484015634406,0.03978593421912939,0.018707713223285703,0.017774487806142582,4.137869135520981,4.055705514053214,0.9422267780961749,0.9256922610193583,3.991547591583578,3.9599001812262777,43,FULL_PIPELINE_EXPOSURE_NIGHT_PERMUTATION
1,514,1317699,643904.0,1,1.0,1.0,2,124,424.8007105324509,827.8965132395359,0.003660730527354375,346290,344817,1473,3.6598395499008944,3.4344143057631165,0.9516571912640296,0.8964802034009912,0.044522166830521695,0.039861723754919275,0.018931781205683014,0.01792835040035729,4.135750884246593,4.053243690876069,0.9373335450544132,0.917211297401917,3.9619433675556124,3.9308314268597857,43,FULL_PIPELINE_EXPOSURE_NIGHT_PERMUTATION
2,518,1317996,644713.0,1,1.0,1.0,2,130,457.21015734162677,828.7279835486166,0.0036584126946141303,346600,345332,1268,3.642780686550291,3.4312563289385443,0.9500177765285858,0.8974473422887992,0.04400403090359422,0.039541658462001784,0.018362040007876477,0.017467248908296942,4.084899768852591,4.005432724133794,0.9295060640183839,0.9131831214720404,3.854743347034072,3.827109044265324,43,FULL_PIPELINE_EXPOSURE_NIGHT_PERMUTATION
3,515,1315869,644088.0,1,1.0,1.0,2,137,495.3250293135914,828.1737061416791,0.002881872184852923,348218,346813,1405,3.6584822197323392,3.442712242478641,0.9528059450280723,0.8977746935875979,0.04453696949076304,0.03990623188865469,0.01873343848125647,0.017813634437002072,4.073344246766992,3.9923459598069004,0.9315725268120558,0.9116982867929786,3.8602625045197367,3.831851702018826,43,FULL_PIPELINE_EXPOSURE_NIGHT_PERMUTATION
4,519,1317538,644545.0,1,1.0,1.0,2,132,462.70852272267103,828.8065485878366,0.0028181820105629613,347113,345883,1230,3.6333674900535247,3.4124589577294335,0.9470472647832433,0.8925880162656397,0.04404957745827346,0.03931098088081808,0.018699965017072245,0.017789252435071977,4.075199239162701,3.994657972252798,0.9288898575528118,0.907477512321552,3.912135829055817,3.883580416906956,43,FULL_PIPELINE_EXPOSURE_NIGHT_PERMUTATION
0,526,1312022,645495.0,1,1.0,1.0,2,133,476.1861693010094,841.708801811735,0.002613583211543962,348461,347578,883,3.661526577828531,3.5258264304657696,0.9303299697135456,0.8978617899318764,0.041987697725402645,0.04128281997134456,0.01765071437202585,0.017734148881689865,4.06070605807867,4.038354501213568,0.9338139920367409,0.9193463181451409,3.9636438258370625,3.9493619324953824,44,FULL_PIPELINE_EXPOSURE_NIGHT_PERMUTATION
1,524,1313651,645914.0,1,1.0,1.0,2,132,476.841793639433,842.2077672312997,0.0036761049978959234,346290,345270,1020,3.6595228840903387,3.5347184304157273,0.9302889760527912,0.8996749227074816,0.04219885886407739,0.04167752773191995,0.01790193182147305,0.017991716627566833,4.062188195520428,4.0427759184400225,0.9286379920659762,0.9158470035968328,3.9307485183393567,3.9198015227340464,44,FULL_PIPELINE_EXPOSURE_NIGHT_PERMUTATION
2,525,1313671,646441.0,1,1.0,1.0,2,141,519.8476623169101,842.9194641082764,0.0033450129434980883,346600,345656,944,3.644077546971961,3.520242404734616,0.9282430967607889,0.8967630930769241,0.04187978799731525,0.041327215497488835,0.017274399981484483,0.017413266368875413,4.009118836902836,3.98676653824926,0.9226123618749922,0.9121998343743529,3.8311014537890693,3.820139874876636,44,FULL_PIPELINE_EXPOSURE_NIGHT_PERMUTATION
3,523,1311728,646080.0,1,1.0,1.0,2,120,397.3033131040505,841.9210341112027,0.0031446686503785993,348218,347076,1142,3.6584012122817597,3.534053332715185,0.9312493786930818,0.9002728057197584,0.042131982620521154,0.041961991033664096,0.017673362606460834,0.017958602726780303,4.002603255970367,3.9846858269789576,0.9240184343148123,0.9138313919376211,3.8393848473579957,3.8290995126808802,44,FULL_PIPELINE_EXPOSURE_NIGHT_PERMUTATION
4,525,1313130,646270.0,1,1.0,1.0,2,133,473.0576070630984,843.2438980436754,0.0035755115909265746,347113,346191,922,3.635248015475057,3.5069232844469105,0.9258366327417598,0.893792981532999,0.04173129861839274,0.041488657995152965,0.01770698833880719,0.0179351860678065,4.0014821828723175,3.9835760112216785,0.921562417301967,0.9084990578593155,3.884436590092792,3.8758105563423046,44,FULL_PIPELINE_EXPOSURE_NIGHT_PERMUTATION
0,531,1318605,642723.0,1,1.0,1.0,2,139,508.0208325842012,832.2674307608505,0.003184792179834398,348461,347688,773,3.660309062503661,3.499956492021094,0.9386942171836232,0.9024088338777339,0.04266181173926049,0.0392219461126067,0.0179845148523964,0.01720508041692552,4.083486238278853,4.021628853904762,0.9385376381396585,0.9217948902600602,3.9728944094793053,3.947083024495169,45,FULL_PIPELINE_EXPOSURE_NIGHT_PERMUTATION
1,529,1320297,643134.0,1,1.0,1.0,2,140,518.1762144401848,832.3033668313759,0.0035435523443168135,346290,345347,943,3.6592975439423343,3.5019859701708063,0.9375195993373446,0.9015665218767697,0.04284965556382421,0.039091117050387,0.018120904481579398,0.017480968417273063,4.081499950602168,4.020407541017473,0.9347493183759416,0.9186614409031192,3.9455017054823434,3.921429879054148,45,FULL_PIPELINE_EXPOSURE_NIGHT_PERMUTATION
2,530,1320342,643799.0,1,1.0,1.0,2,133,476.0874123781541,832.7219223191117,0.0036721063515881,346600,345698,902,3.6435443428346286,3.4989000952199216,0.9369678395069572,0.9017372704676765,0.04260076714357618,0.03896175274372429,0.017625210443797765,0.01689914318277803,4.035374695996117,3.9734861047663825,0.9257665684765359,0.9093686530455587,3.842562998263123,3.818008145419604,45,FULL_PIPELINE_EXPOSURE_NIGHT_PERMUTATION
3,530,1318513,643283.0,1,1.0,1.0,2,134,482.5288854966579,832.5619580330865,0.0036623081518347878,348218,347382,836,3.6587810808609595,3.5033494438001522,0.9383655379979632,0.9021312675192747,0.042791509059191324,0.038896661312330515,0.01791111801993195,0.017200085208790322,4.022552173284729,3.9606417396835094,0.9269050202110511,0.9092693145960341,3.8496939206928613,3.8260695426606364,45,FULL_PIPELINE_EXPOSURE_NIGHT_PERMUTATION
4,529,1319304,643355.0,1,1.0,1.0,2,137,500.306504318452,833.064418985906,0.003393104586631614,347113,346148,965,3.6324167650635806,3.479929280724087,0.9331747435715085,0.8974188933279332,0.042412494077677755,0.03876954366340409,0.018055860498977318,0.017252735823982804,4.024370963399274,3.9622992951999936,0.9254110834391013,0.9100287135781358,3.893422409760667,3.870078980992846,45,FULL_PIPELINE_EXPOSURE_NIGHT_PERMUTATION
0,519,1316959,644563.0,1,1.0,1.0,2,136,496.3777040710334,828.5348477950009,0.003356592172764129,348461,347467,994,3.661066423149215,3.4282028213443345,0.9516212115645276,0.8983720291442969,0.0442056367942855,0.03827413826348977,0.01868091070518927,0.017075002806021866,4.132522363882615,4.027025432781321,0.9395600621585126,0.917842582384242,3.9831193857627625,3.9463717725109313,46,FULL_PIPELINE_EXPOSURE_NIGHT_PERMUTATION
1,518,1318758,645001.0,1,1.0,1.0,2,127,448.3932549195859,828.3428377509597,0.00337758692835161,346290,345260,1030,3.6591343143427206,3.439528769311046,0.9506346594213506,0.8996099297117366,0.044427388055378554,0.03823205700052135,0.018890111799803048,0.017363725887736776,4.13160806115762,4.031031229255928,0.9354266156073495,0.9192973302979479,3.9581695330678923,3.925745262222789,46,FULL_PIPELINE_EXPOSURE_NIGHT_PERMUTATION
2,518,1318598,645589.0,1,1.0,1.0,2,134,480.41899781719485,828.8276064354728,0.003301082149353784,346600,345542,1058,3.6439625295546296,3.437240090478042,0.9496149972854656,0.8989965909825157,0.044009121901245,0.0381227173541856,0.01835377464968079,0.01683442244358139,4.082305138695034,3.9818565919146613,0.9275620978173906,0.9108099395258233,3.850984735650282,3.815934792122929,46,FULL_PIPELINE_EXPOSURE_NIGHT_PERMUTATION
3,518,1317102,645175.0,1,1.0,1.0,2,124,430.66883774483654,828.4569585340919,0.0035002379579554157,348218,347101,1117,3.658443999923982,3.436572667670551,0.9522339168887022,0.8994005728530423,0.044520182886249246,0.03809842092071184,0.018723656803063086,0.01711893656313292,4.073401202794398,3.9708952476007546,0.9305185488092137,0.9131933185895083,3.86072351753611,3.8282176915023824,46,FULL_PIPELINE_EXPOSURE_NIGHT_PERMUTATION
4,518,1317905,645326.0,1,1.0,1.0,2,132,465.4266470618724,829.0436993820196,0.0031065505007515423,347113,346033,1080,3.634736092183051,3.421904563488072,0.946343555393478,0.895391720166739,0.044013143255123066,0.03783454179225681,0.018691858868951805,0.017168882736617607,4.075498221278315,3.971285468491843,0.925528395957519,0.9056006072672367,3.910678759829348,3.8770095135109908,46,FULL_PIPELINE_EXPOSURE_NIGHT_PERMUTATION
0,532,1329567,650527.0,1,1.0,1.0,2,128,439.2341603040861,844.0823500599945,0.0032401778307055125,348461,347653,808,3.661756114666709,3.5573744976227846,0.9268094300167266,0.9017925205498447,0.04156443350122104,0.03802354646731079,0.017442679913592,0.016884652225063496,4.046839323039327,3.9985385091779984,0.9337410870394135,0.9236189633885804,3.9626679731885837,3.940896542953098,47,FULL_PIPELINE_EXPOSURE_NIGHT_PERMUTATION
1,532,1331639,650973.0,1,1.0,1.0,2,137,493.39720612479033,844.2607007127571,0.003661157619929586,346290,345523,767,3.6609499414220212,3.5622026481412212,0.9258767378174213,0.9000494983897075,0.041609386350546854,0.03811902536155336,0.01761098392871097,0.01700320962714494,4.043887109132196,3.996008455253178,0.9301664567174273,0.9202751393830638,3.9364509953792024,3.9168454370555117,47,FULL_PIPELINE_EXPOSURE_NIGHT_PERMUTATION
2,531,1331161,651410.0,1,1.0,1.0,2,125,424.18063702485887,844.7151848312936,0.003365226303739927,346600,345755,845,3.643340558420465,3.5372622029163745,0.9235079230143868,0.8971419307713773,0.04135008893580715,0.037743488886639386,0.01708435163627424,0.016549290682708856,3.995736096346732,3.9461090831942407,0.9210326518834262,0.9103841481223194,3.8315803993392517,3.8114436849456763,47,FULL_PIPELINE_EXPOSURE_NIGHT_PERMUTATION
3,531,1329592,651033.0,1,1.0,1.0,2,133,470.2410132476803,844.488395363861,0.0037883308714428137,348218,347389,829,3.6588388768399955,3.5592983431376624,0.92621481806969,0.8995705999679715,0.041477997288342464,0.03786821114082484,0.017415634922234153,0.016819761132332918,3.983553373283378,3.9344334046793996,0.9230606534587628,0.9113292342470606,3.8333349230151277,3.8136552325001074,47,FULL_PIPELINE_EXPOSURE_NIGHT_PERMUTATION
4,531,1330571,651234.0,1,1.0,1.0,2,127,436.35790084947087,845.3045091459728,0.0033539723225388353,347113,346293,820,3.6339465044849533,3.531088226644883,0.9217358469290808,0.8955246126181643,0.0413118370859359,0.037739717522444864,0.017464979078410478,0.016907647570121257,3.9895009647229354,3.943801601886556,0.9204777095191696,0.9059674766158405,3.8846000069484803,3.867939833111178,47,FULL_PIPELINE_EXPOSURE_NIGHT_PERMUTATION
0,527,1317892,642056.0,1,1.0,1.0,2,134,495.2149724923705,822.4655774994153,0.0038026070263815917,348461,347520,941,3.6615336507850693,3.432552898952009,0.9527839928604501,0.8977430732717622,0.04439456721915285,0.03734749079189687,0.01877589779005525,0.017322744014732966,4.140895763260772,4.028735144301484,0.9386129101189299,0.9182393307191875,3.9845921050556328,3.946050051122745,48,FULL_PIPELINE_EXPOSURE_NIGHT_PERMUTATION
1,529,1320350,642766.0,1,1.0,1.0,2,131,467.1776266594371,822.8524235615403,0.0035539844741495166,346290,345398,892,3.660988633841781,3.4295014706536087,0.951793980286315,0.8957825051440402,0.044629673593940905,0.037313476047921526,0.019012848945274725,0.017484177673292838,4.139180783227116,4.027824116419495,0.9344011348988873,0.917261688771808,3.959989840358316,3.925374727745631,48,FULL_PIPELINE_EXPOSURE_NIGHT_PERMUTATION
2,526,1319478,643073.0,1,1.0,1.0,2,136,507.0745330952459,823.5623345581498,0.003821432232586478,346600,345497,1103,3.6449530617841477,3.4279058980509163,0.9500150550219557,0.8954951632295826,0.044116157303826085,0.03694966960639311,0.018405369655887027,0.01703922175879964,4.087617010748017,3.977630133469095,0.9274856818758049,0.91330488016203,3.8522476764255527,3.8178503957710954,48,FULL_PIPELINE_EXPOSURE_NIGHT_PERMUTATION
3,528,1318212,642798.0,1,1.0,1.0,2,140,522.8421508291367,823.2531223008785,0.0027993798439890838,348218,347327,891,3.6594485222975215,3.429371461122316,0.9524105002418097,0.8959830436248459,0.044712907433053,0.0369162201614041,0.018800726692713206,0.01732085325932047,4.0769816958136404,3.9662725996218158,0.9295827387501608,0.9122530650456114,3.8603239174795014,3.82507532421635,48,FULL_PIPELINE_EXPOSURE_NIGHT_PERMUTATION
4,528,1319238,642981.0,1,1.0,1.0,2,139,518.2674818388533,824.4230623331051,0.0034161212861504153,347113,346267,846,3.633794922057657,3.409528224956175,0.9466234331928923,0.8911858325607698,0.0441393491149893,0.03679819330170071,0.018765865647029603,0.017388315952718565,4.07789381390936,3.9656481578255884,0.9255065355801798,0.9063003157204929,3.906757501017147,3.873089352487737,48,FULL_PIPELINE_EXPOSURE_NIGHT_PERMUTATION
0,536,1315316,643558.0,1,1.0,1.0,2,146,546.2698851775717,827.2158865911648,0.003502109270769571,348461,347620,841,3.6626540134127614,3.500627004688652,0.938244969616384,0.9004015664526425,0.0426557735458259,0.039108796962200106,0.017996663022841034,0.01728036361544215,4.082833526231077,4.020053446737612,0.9391134433498699,0.9228515159060918,3.977251994280452,3.951203543191293,49,FULL_PIPELINE_EXPOSURE_NIGHT_PERMUTATION
1,534,1317118,643988.0,1,1.0,1.0,2,133,472.50330493959814,827.6420495011404,0.0032348571759823735,346290,345353,937,3.660615741397729,3.5016953121602863,0.9372845386723433,0.8989855485404947,0.04279389494227645,0.039229426123415755,0.018082947013635324,0.017411170599357758,4.078509358402334,4.016374323082474,0.935091836459133,0.9167243468902185,3.9431865428660218,3.9177353544511284,49,FULL_PIPELINE_EXPOSURE_NIGHT_PERMUTATION
2,535,1316753,644511.0,1,1.0,1.0,2,138,500.53945844046916,828.1152637738726,0.003165735960818084,346600,345792,808,3.6435928915912017,3.490851221488407,0.9357125725371291,0.8995753273291363,0.042487969646492686,0.03897140477512493,0.017545229502128445,0.016871414029243012,4.02369917020929,3.9649979116621497,0.9267199020180629,0.9121462843149102,3.8251187725357867,3.8022711612527798,49,FULL_PIPELINE_EXPOSURE_NIGHT_PERMUTATION
3,534,1315159,644162.0,1,1.0,1.0,2,127,441.22246530904084,827.5054844897395,0.0034233972204946923,348218,347260,958,3.6591647611869744,3.500962421786272,0.9386553973300412,0.8994292115032456,0.04277486609456891,0.03904279214421471,0.017911651212348098,0.01733859356102056,4.0237240824087435,3.963060551720844,0.9288387747721388,0.9111314231545267,3.854699633361038,3.8292408333592065,49,FULL_PIPELINE_EXPOSURE_NIGHT_PERMUTATION
4,535,1316410,644427.0,1,1.0,1.0,2,131,459.0183611700289,829.0776628254705,0.0031568925162638916,347113,346187,926,3.634273800521626,3.470837232861066,0.9326012395561265,0.8927049394298616,0.042347055204268215,0.038750732985351845,0.017998942767926004,0.017227683304110206,4.024425219691155,3.9625913542445987,0.9254720837832139,0.9063326553472448,3.9006813555233215,3.8763708428491976,49,FULL_PIPELINE_EXPOSURE_NIGHT_PERMUTATION
0,527,1308444,644859.0,1,1.0,1.0,2,141,557.4442086035506,828.2731509943509,0.003503393335574451,348461,347470,991,3.6615515265464014,3.4821843320617027,0.941711333164351,0.9011265467097143,0.04305695455722796,0.040130083172648,0.018159841137364376,0.0176936138371658,4.097662050105756,4.0459813639809035,0.9376010247802354,0.9220638036285883,3.9736661871596186,3.9532201232918602,50,FULL_PIPELINE_EXPOSURE_NIGHT_PERMUTATION
1,528,1310893,645673.0,1,1.0,1.0,2,141,565.7699803337608,828.7296914232841,0.003653405231494602,346290,345336,954,3.6611547670977975,3.4976989211006955,0.9409508791767944,0.9025600721267106,0.04344464521509486,0.040375170848101556,0.018445803507308824,0.018051984154562512,4.098194171471691,4.046698975392046,0.9327101002486072,0.9182455969990423,3.9421083400597934,3.9224725882842226,50,FULL_PIPELINE_EXPOSURE_NIGHT_PERMUTATION
2,530,1310917,646289.0,1,1.0,1.0,2,154,635.1965771574471,829.3449810504512,0.0029216693045757192,346600,345802,798,3.6436849986123243,3.4874254286267403,0.9401191925749124,0.9014216376979125,0.04306799844998005,0.040089415330160035,0.017883066032006754,0.017469534589157957,4.049992128054594,4.000496441737523,0.9247077769665983,0.9103545914243725,3.841919952955126,3.823868103277214,50,FULL_PIPELINE_EXPOSURE_NIGHT_PERMUTATION
3,529,1309276,645890.0,1,1.0,1.0,2,141,555.183073101711,828.7105460775555,0.0029606420359414355,348218,347325,893,3.6592463738460985,3.490089406923076,0.9420062920545429,0.9019687928082099,0.043406031814582885,0.04025912329950335,0.018213488807313036,0.01780177067587994,4.040382992493671,3.987432510657526,0.9273397392684027,0.9145162672351893,3.852899731484843,3.8337567797940366,50,FULL_PIPELINE_EXPOSURE_NIGHT_PERMUTATION
4,528,1309842,645868.0,1,1.0,1.0,2,152,619.9797720385236,829.6102835907941,0.003980463435247458,347113,346086,1027,3.6340647324498625,3.4545437079983037,0.9359496055473147,0.8934752929565748,0.042862178764815684,0.03972423039360159,0.018215125720196713,0.017761481250325065,4.03756142223156,3.9865504098627316,0.9240262135356047,0.9071616304823976,3.897179145470185,3.878658953338716,50,FULL_PIPELINE_EXPOSURE_NIGHT_PERMUTATION
0,526,1321378,647714.0,1,1.0,1.0,2,136,523.5821011375111,834.2764579198301,0.003855582383851336,348461,347521,940,3.660436382616041,3.450797732349862,0.9467653715179383,0.8984623015509537,0.04372397639279353,0.038440842423911076,0.018444928507917506,0.017144287683334244,4.112842648314968,4.0236709843779375,0.9382867224457248,0.920640175341268,3.9739871146987045,3.9394031460446173,51,FULL_PIPELINE_EXPOSURE_NIGHT_PERMUTATION
1,527,1323735,648301.0,1,1.0,1.0,2,140,537.1649686290174,834.5151960833646,0.003820232358803269,346290,345346,944,3.6604543292062286,3.4617193166008247,0.9460431540758099,0.8991738825238923,0.043964603614925324,0.03865977888841915,0.018714564523695076,0.01736519316859034,4.117139277900928,4.030039789483724,0.9346668910812924,0.9181992383317272,3.955007066665798,3.923376369083586,51,FULL_PIPELINE_EXPOSURE_NIGHT_PERMUTATION
2,526,1323153,648889.0,1,1.0,1.0,2,121,437.11917920244457,835.0670656199392,0.003469294136688954,346600,345642,958,3.644232587528591,3.4485168912481825,0.9444848023964771,0.89673491645026,0.043510337285399346,0.0383344616684315,0.01808229323982618,0.01684112463184451,4.065187511665979,3.979703328844013,0.9271909298863664,0.9133620133393142,3.8485070131878607,3.818748378504504,51,FULL_PIPELINE_EXPOSURE_NIGHT_PERMUTATION
3,527,1321699,648525.0,1,1.0,1.0,2,133,504.5672608419796,834.8682519814108,0.003638821604111074,348218,347333,885,3.658513370817639,3.4487567052674346,0.9467499652968867,0.8957800659366355,0.04392614580244319,0.03838103491462084,0.018446274900455757,0.01713053467421754,4.055168782736773,3.967466225227362,0.9284420815203053,0.9100928789017096,3.8547357077276962,3.824806596972621,51,FULL_PIPELINE_EXPOSURE_NIGHT_PERMUTATION
4,526,1322535,648580.0,1,1.0,1.0,2,123,430.9543568681501,835.3841409849921,0.0033683498965366523,347113,346081,1032,3.6336984547278686,3.434247965464018,0.9417609105559979,0.8917892959749867,0.043524492821044786,0.03811246500096798,0.018449438137314676,0.017258965386715827,4.057019679102156,3.9716770485382433,0.9264462977250799,0.9058399811760008,3.9051034385669596,3.876428574129592,51,FULL_PIPELINE_EXPOSURE_NIGHT_PERMUTATION
0,535,1310568,643809.0,1,1.0,1.0,2,128,438.5097309335845,831.2124086883879,0.003193524451953156,348461,347652,809,3.6610408824353993,3.4920807832914234,0.9393017053720514,0.8997103594855551,0.04285032158595377,0.03987033010021516,0.018066917492204848,0.017969118543831188,4.089439261553844,4.040022928118981,0.9358819969468991,0.9219198322918244,3.9681623205207397,3.9466473880650255,52,FULL_PIPELINE_EXPOSURE_NIGHT_PERMUTATION
1,532,1312017,643908.0,1,1.0,1.0,2,124,414.44360735246136,831.1785029132109,0.0026546593437879783,346290,345301,989,3.661680890499788,3.5077479791450763,0.9390040525915808,0.9018150378128236,0.04312759013150845,0.0401157251209814,0.018305768011097564,0.018184135001057047,4.091229121901703,4.041806132524062,0.932356584664003,0.9177398651031446,3.9465299136600547,3.9280866841538415,52,FULL_PIPELINE_EXPOSURE_NIGHT_PERMUTATION
2,534,1312130,644731.0,1,1.0,1.0,2,128,439.966146372796,831.9489560759903,0.0029096740195040985,346600,345743,857,3.644856048461791,3.495336592185918,0.9374348400395027,0.8997604346592585,0.04280636195092887,0.039700008387733084,0.017747286279114833,0.017576639295661806,4.040457155823455,3.993248133942964,0.9250331753717139,0.9098824578100334,3.8415122753910445,3.8248746626647345,52,FULL_PIPELINE_EXPOSURE_NIGHT_PERMUTATION
3,533,1310358,644088.0,1,1.0,1.0,2,125,420.51954141630335,830.8918697792893,0.0027493364086413922,348218,347291,927,3.6592944788097395,3.4979948858433216,0.9396782902194285,0.8997690128346618,0.0430301965786617,0.03982827081611674,0.01804250614038371,0.018033867851455984,4.028646702009677,3.980628758944564,0.9273097657169586,0.913389381893947,3.8474069792705063,3.8279907153250394,52,FULL_PIPELINE_EXPOSURE_NIGHT_PERMUTATION
4,532,1311211,644230.0,1,1.0,1.0,2,118,381.0824588018292,831.903001011394,0.0029163147680610598,347113,346133,980,3.634417599887467,3.474287487513551,0.9342514973143228,0.8944739723105377,0.04263678990445869,0.039577272320177506,0.018154871104459847,0.017900633571488415,4.032630319348066,3.9827425033635806,0.9237117787966808,0.9071403852284722,3.8958608766057683,3.8777334158199075,52,FULL_PIPELINE_EXPOSURE_NIGHT_PERMUTATION
0,527,1322042,646951.0,1,1.0,1.0,2,134,492.308012472923,825.0608195172849,0.0035018637443356357,348461,347545,916,3.661535672644189,3.4007203337796126,0.9632068149887514,0.9000494787291802,0.045455984117164686,0.0400552446445784,0.01928383374814772,0.018521342559956265,4.172433796409601,4.080487156809719,0.9448669623181885,0.9203011641421842,3.986322692739185,3.951138345590273,53,FULL_PIPELINE_EXPOSURE_NIGHT_PERMUTATION
1,527,1324226,647526.0,1,1.0,1.0,2,131,467.85109903658423,825.6354376983713,0.003299516142401833,346290,345336,954,3.660030387869062,3.389944734598582,0.961518587743704,0.8955366392009216,0.04556431996664118,0.03982787777700558,0.019439039080779298,0.01863113026154238,4.164133572682762,4.073489835152818,0.9410106742298087,0.9178053795273021,3.965229301706352,3.934850399016428,53,FULL_PIPELINE_EXPOSURE_NIGHT_PERMUTATION
2,527,1323796,648095.0,1,1.0,1.0,2,134,488.6347202749771,826.1050811627822,0.0036007920177996994,346600,345664,936,3.644207903106111,3.3864430613301133,0.9602224922932547,0.8954757350680996,0.04503506295130531,0.039492107942973524,0.018914321421958896,0.018208433623403072,4.122200540453939,4.030222700869767,0.9333401236363376,0.9108824609139328,3.867765598348544,3.8353016314083246,53,FULL_PIPELINE_EXPOSURE_NIGHT_PERMUTATION
3,528,1322405,647592.0,1,1.0,1.0,2,137,504.29950702908644,825.0271480357383,0.00344828644698455,348218,347323,895,3.6589517084016063,3.3969737431756952,0.9625927550291826,0.8952399106394853,0.04578447151498749,0.03976413885633834,0.019221301209536943,0.01858212672353976,4.113549724998911,4.022205855663503,0.93484624000007,0.9107667923183259,3.876741135643149,3.8439743431978997,53,FULL_PIPELINE_EXPOSURE_NIGHT_PERMUTATION
4,527,1323193,647779.0,1,1.0,1.0,2,132,476.3754909297226,826.4203508761768,0.002757303891714822,347113,346173,940,3.634070587168028,3.371526148649727,0.957321799230074,0.8900576954549879,0.04509306040621308,0.03939070926964264,0.01927071146507671,0.018438757499862787,4.109132055114404,4.015267013913906,0.9317843704915932,0.9077009417634859,3.9192777565072086,3.8871855817002268,53,FULL_PIPELINE_EXPOSURE_NIGHT_PERMUTATION
0,527,1322147,644198.0,1,1.0,1.0,2,128,446.8770244458371,831.2044728798521,0.00251894492036086,348461,347411,1050,3.6604573500783757,3.5230063452363938,0.9311178390621485,0.9015474357869704,0.042042422375802725,0.03818244097049316,0.017650563741505018,0.017017308029970264,4.059861598058558,4.003040638683764,0.9339154057295836,0.9212514383986116,3.9616895999712542,3.9408707424018625,54,FULL_PIPELINE_EXPOSURE_NIGHT_PERMUTATION
1,527,1324158,644779.0,1,1.0,1.0,2,130,465.410860733479,831.6037816758453,0.0032739186167786293,346290,345260,1030,3.6611103731949255,3.530451982221332,0.9304381887781488,0.9019599006075871,0.0421479464751202,0.03802351850779123,0.017876383015698313,0.01726524937728089,4.058790210875183,3.9998864675469137,0.9307044995144876,0.9186009582219544,3.939369285204572,3.9177997044743242,54,FULL_PIPELINE_EXPOSURE_NIGHT_PERMUTATION
2,527,1323664,645239.0,1,1.0,1.0,2,124,429.75405008516805,831.8991362493402,0.0035578579172648238,346600,345597,1003,3.64301166599779,3.5272101798289164,0.9284943306573383,0.9013965511341242,0.04177119593052023,0.03769129940364065,0.017225265265612837,0.016661024256576302,4.00780861152743,3.9513239357971943,0.9220675490967533,0.9129431260733186,3.8288627850337886,3.8091010410872026,54,FULL_PIPELINE_EXPOSURE_NIGHT_PERMUTATION
3,527,1322135,644801.0,1,1.0,1.0,2,132,472.18440558311687,831.6223856700049,0.003430704965680396,348218,347218,1000,3.6593438289939977,3.529901724907937,0.9312001739232335,0.9008374585857759,0.04206291148500366,0.03785518031899268,0.01761429418981735,0.017029647080508498,4.000454634775509,3.9440827459554724,0.9244675262344129,0.9117811670801274,3.8430428052517844,3.822618285336988,54,FULL_PIPELINE_EXPOSURE_NIGHT_PERMUTATION
4,528,1323542,645069.0,1,1.0,1.0,2,142,542.6231172548303,832.3515053932747,0.0038404080059188097,347113,346085,1028,3.6340574505035965,3.5067668366165017,0.9265547023285139,0.8959911250425304,0.04174696967507982,0.03771038906626985,0.01769507490934308,0.017042056142277186,4.005248508488706,3.948220778565871,0.9213911839146848,0.9086315978798146,3.8893629577317097,3.870067711552975,54,FULL_PIPELINE_EXPOSURE_NIGHT_PERMUTATION
0,526,1308221,640134.0,1,1.0,1.0,2,134,485.5521675165004,830.434472105426,0.0033335922317329933,348461,347590,871,3.661782989984464,3.5269034561322865,0.9330226666182004,0.9010406350627462,0.0420495411260393,0.040378031588940995,0.017650105008774706,0.017218562099024712,4.063567211815579,4.02802671857653,0.9380702165864744,0.9198265546373504,3.9698512439633347,3.9488632747857277,55,FULL_PIPELINE_EXPOSURE_NIGHT_PERMUTATION
1,524,1309996,640543.0,1,1.0,1.0,2,134,487.8130304236461,830.2975383460637,0.0029028638512963957,346290,345330,960,3.6601671322173903,3.527043671108115,0.9317188511850085,0.8991076578822493,0.04213361132829468,0.040361393449743724,0.017861176266180175,0.017444183824168187,4.061311067355632,4.025103844336135,0.9343540831183291,0.9187590692284461,3.943922256706102,3.9245568654357617,55,FULL_PIPELINE_EXPOSURE_NIGHT_PERMUTATION
2,525,1309832,641170.0,1,1.0,1.0,2,139,518.2427718437092,830.7032645194994,0.0032517841037968424,346600,345764,836,3.6436660814633943,3.5300678278993267,0.9302204579800868,0.8992487460757848,0.04185513818674009,0.040134311264330584,0.017257435707592462,0.016872780277877395,4.013081046318625,3.977571980831649,0.9266393714222686,0.9121734632538668,3.8413535541569677,3.8202717165280102,55,FULL_PIPELINE_EXPOSURE_NIGHT_PERMUTATION
3,525,1308369,640757.0,1,1.0,1.0,2,130,464.74693257269655,830.4668969063853,0.003078719278732402,348218,347279,939,3.659247610128175,3.528833500088762,0.9325298879249074,0.9011958244579408,0.04202960731861126,0.040419950529689386,0.01761120021654059,0.017259897661534386,4.001132215966159,3.9647259319072434,0.928697113618794,0.9145355860292529,3.846949018654635,3.8282756105442513,55,FULL_PIPELINE_EXPOSURE_NIGHT_PERMUTATION
4,524,1309109,640868.0,1,1.0,1.0,2,131,471.0501243435475,831.4437769708442,0.0028837095979693567,347113,346191,922,3.633865417002646,3.504379196610307,0.927253161788866,0.8952421303264844,0.04169374709336753,0.039934602574879186,0.017709876917655284,0.01724770430196048,4.003448033480397,3.968453245196549,0.9249613641237883,0.9077964794950626,3.8933441705771314,3.876207292369427,55,FULL_PIPELINE_EXPOSURE_NIGHT_PERMUTATION
0,518,1317214,643419.0,1,1.0,1.0,2,119,398.2826555626086,823.6175873573794,0.003477233143661311,348461,347337,1124,3.6615117858409527,3.466229498026311,0.9472219321118129,0.9006212661728004,0.043577275095944286,0.039503421748906684,0.018388481503554186,0.01754204130282694,4.1149117552377,4.041547229186475,0.9416818594176846,0.9244818478415575,3.9857655094003213,3.958105761941973,56,FULL_PIPELINE_EXPOSURE_NIGHT_PERMUTATION
1,518,1319297,644004.0,1,1.0,1.0,2,125,429.5258318383307,824.586649736119,0.0027285272293334968,346290,345157,1133,3.660032102574547,3.460271575928706,0.9446963484161942,0.8956402490070379,0.04373951564070843,0.03935310597785935,0.018574156108669387,0.017647041780986625,4.102275369459327,4.028880891985871,0.9358126862585315,0.914435209231145,3.945395866896604,3.9180575004445344,56,FULL_PIPELINE_EXPOSURE_NIGHT_PERMUTATION
2,518,1319080,644553.0,1,1.0,1.0,2,129,451.5580613343062,824.7539549309801,0.0035228043598121454,346600,345457,1143,3.643955775540121,3.4617235614974775,0.944692670345016,0.8986556077109833,0.04334258677635711,0.03926682626202393,0.018016714091768294,0.01721777240003821,4.063104356681891,3.9925962429291695,0.9288580992377055,0.9104877212340381,3.851407965652084,3.8245743936365426,56,FULL_PIPELINE_EXPOSURE_NIGHT_PERMUTATION
3,517,1317285,644097.0,1,1.0,1.0,2,113,365.8919848343275,824.8221944850361,0.003117201528283397,348218,346989,1229,3.658960191959692,3.462590036340936,0.9461227679506862,0.8969411605529638,0.04369590966860621,0.0392404370167354,0.018357930654862256,0.017562516391009513,4.05089173483474,3.977995887997623,0.9294430686602886,0.9097264112963795,3.859207481055521,3.831999876037233,56,FULL_PIPELINE_EXPOSURE_NIGHT_PERMUTATION
4,517,1318458,644204.0,1,1.0,1.0,2,125,426.216362739166,825.602338389357,0.0031722418817799,347113,345909,1204,3.6340696377208435,3.4330606769880365,0.9404368413113798,0.8907494579103186,0.04321367758572341,0.03906229673122122,0.01837477486853479,0.017441003269646062,4.050953527446188,3.9761268880079172,0.9272133167817058,0.9081673009404728,3.9067451261578143,3.8825104630593636,56,FULL_PIPELINE_EXPOSURE_NIGHT_PERMUTATION
0,521,1310329,642485.0,1,1.0,1.0,2,157,686.0585019626369,839.7256694116693,0.003252257040659438,348461,347393,1068,3.6597143112998882,3.534969417136458,0.9279519212777226,0.9011560474571321,0.04177977103741296,0.03764612413030775,0.017562242186802843,0.01718802624117354,4.055165133845034,3.9984984090409257,0.9319841804431697,0.9210242902058671,3.962804840686655,3.9410218135340105,57,FULL_PIPELINE_EXPOSURE_NIGHT_PERMUTATION
1,523,1312914,643235.0,1,1.0,1.0,2,164,712.1414579359114,839.7592479360932,0.003539000252845134,346290,345347,943,3.6599457125094608,3.5470560651982295,0.9279396127927014,0.9015869669678415,0.04194621641421527,0.03783441002817456,0.017802384268576242,0.017327499587371543,4.053810484933704,3.999842890467791,0.9286773257336095,0.9175907377418753,3.9357495438336207,3.9142656521627117,57,FULL_PIPELINE_EXPOSURE_NIGHT_PERMUTATION
2,522,1312106,643673.0,1,1.0,1.0,2,157,692.7724401164592,840.3661375967118,0.003503099504620184,346600,345630,970,3.6444959616282193,3.5390275678096037,0.9258763124177736,0.902971187286155,0.041689089488759656,0.03754014408471487,0.017183114891647137,0.016888001620229725,4.003754528936886,3.9507770366465413,0.9214872653908598,0.9121813859302089,3.8294315830489905,3.810273199323641,57,FULL_PIPELINE_EXPOSURE_NIGHT_PERMUTATION
3,522,1310693,643260.0,1,1.0,1.0,2,156,679.1918893192609,840.0169185437143,0.0035102026059395325,348218,347309,909,3.6590905047712283,3.5517002935573156,0.9281325199766994,0.9034651115736274,0.041838823641195594,0.03759476431650202,0.017575127624104184,0.017163390525439883,3.9917187705620507,3.9385500250925705,0.9233731194765108,0.9130041864059854,3.833363307452499,3.814770658398459,57,FULL_PIPELINE_EXPOSURE_NIGHT_PERMUTATION
4,522,1311943,643447.0,1,1.0,1.0,2,162,706.3256555086872,840.6368705883264,0.003913999242256682,347113,346035,1078,3.633646569228517,3.5266296808150512,0.9230095121694848,0.8978122649179768,0.041562269712601324,0.03737483202566214,0.017610935310011993,0.017223691245105265,3.996572444694349,3.9451251947265122,0.9196877331135184,0.9097146204119233,3.8837562542068196,3.867550519557866,57,FULL_PIPELINE_EXPOSURE_NIGHT_PERMUTATION
0,528,1314995,646814.0,1,1.0,1.0,2,137,509.9366881861793,826.0912069060968,0.0037809433136684026,348461,347318,1143,3.660595472596866,3.4060702836050814,0.9559781888197769,0.9007952602318426,0.044734220512613804,0.03831647078469875,0.018919261310959983,0.017825163107008563,4.148258431649058,4.044289177599798,0.9432746395446424,0.9223153599090269,3.989148336242186,3.950977382987985,58,FULL_PIPELINE_EXPOSURE_NIGHT_PERMUTATION
1,530,1317426,647495.0,1,1.0,1.0,2,140,515.0987681792418,826.2124646027124,0.0035442637371400788,346290,345308,982,3.6598038965093806,3.410533506521391,0.955156016184707,0.9001435628028807,0.04488456682150428,0.038200678814275954,0.01915391476594808,0.0177899150902962,4.1473300966488065,4.042419978349605,0.9378552159820321,0.9178091786009097,3.96214473473324,3.9273337220088522,58,FULL_PIPELINE_EXPOSURE_NIGHT_PERMUTATION
2,529,1316874,647954.0,1,1.0,1.0,2,138,517.5980640650292,826.7471983141965,0.002758942826743462,346600,345623,977,3.643682216585955,3.4145099408400323,0.953996432336118,0.8997836139192372,0.044476206733926854,0.03787074355583975,0.018589619325102787,0.017328129204364294,4.098506026223536,3.994577763266671,0.9305410062036784,0.9124531362689979,3.855296847023508,3.8187649550049927,58,FULL_PIPELINE_EXPOSURE_NIGHT_PERMUTATION
3,528,1315353,647533.0,1,1.0,1.0,2,139,520.3991857972925,826.4776279718695,0.0029642954702755,348218,347121,1097,3.6587141476903797,3.424482280011823,0.9568081103118524,0.9014053401729114,0.045211900173138475,0.038274837880738995,0.018987615269603395,0.017688356509689706,4.0921337606506105,3.9877391377021714,0.9332707834035286,0.912675134278611,3.8683353635497304,3.833475023513453,58,FULL_PIPELINE_EXPOSURE_NIGHT_PERMUTATION
4,531,1316756,647734.0,1,1.0,1.0,2,146,549.9900062232025,827.3711307237472,0.003754472389729263,347113,346246,867,3.6338954453264365,3.4089760602450774,0.9503576690451552,0.897285694521452,0.044482824350317404,0.03794412065410142,0.019000941527122336,0.017649301363770267,4.089662257356567,3.9846518224249543,0.928908251376046,0.9098772079427716,3.914283081408648,3.882383375486183,58,FULL_PIPELINE_EXPOSURE_NIGHT_PERMUTATION
0,522,1312563,647891.0,1,1.0,1.0,2,133,471.8508740321334,843.440262307731,0.003466567309153493,348461,347289,1172,3.6601454765294994,3.5249054727636366,0.9307680183610072,0.9007839412308071,0.042097503808067635,0.03790790955083519,0.01767404092844864,0.01680732761475313,4.0591608319546175,3.9963154310981635,0.9332984099035816,0.921839407737833,3.9596542124377536,3.9340967746174855,59,FULL_PIPELINE_EXPOSURE_NIGHT_PERMUTATION
1,520,1314290,648370.0,1,1.0,1.0,2,129,447.7872337085014,843.5379070083608,0.003647874437325891,346290,344989,1301,3.6606043375843287,3.539164752098553,0.9305236898069134,0.903519735032619,0.042227433338454266,0.037969326558238085,0.017899121421262706,0.01698315018739728,4.059385262202301,3.999085150095909,0.929931441524474,0.9194962658100131,3.9339638580721292,3.9118336316326636,59,FULL_PIPELINE_EXPOSURE_NIGHT_PERMUTATION
2,521,1314217,648962.0,1,1.0,1.0,2,135,483.340179509458,844.2091394013369,0.003537333680041802,346600,345347,1253,3.645812378997337,3.51554341465068,0.9283932350614942,0.8987681654802167,0.04192594694611507,0.037872053326074934,0.017315917034171426,0.016374834586662113,4.011500116448294,3.9511728712438434,0.9221522554011229,0.9130564206472309,3.8339160831304664,3.8119166908324487,59,FULL_PIPELINE_EXPOSURE_NIGHT_PERMUTATION
3,522,1312758,648487.0,1,1.0,1.0,2,136,491.07309674046877,843.243776751447,0.00295009849411411,348218,347026,1192,3.659458068930757,3.521379984957245,0.9308633517896501,0.8987151277502867,0.042135171428077434,0.03770610847602197,0.017632684582711382,0.016759551157550154,4.000341323742746,3.938512407595188,0.9241763289492275,0.916251856719033,3.838876380874145,3.817239388344421,59,FULL_PIPELINE_EXPOSURE_NIGHT_PERMUTATION
4,522,1313746,648715.0,1,1.0,1.0,2,136,484.6288726845371,845.3787598258256,0.002719175102647457,347113,345934,1179,3.6333923567303286,3.500124733234958,0.925170513488955,0.8943323712954978,0.04172472205680852,0.037859822972012,0.017720143148693104,0.016792220481363498,4.00407597319322,3.9437435181752805,0.9200648369753585,0.9091360287906803,3.88840745924147,3.8697290535279265,59,FULL_PIPELINE_EXPOSURE_NIGHT_PERMUTATION
0,533,1313201,641847.0,1,1.0,1.0,2,132,486.55033899330266,823.2132922184171,0.0027327179721635163,348461,347534,927,3.6613730684759798,3.4767255716703005,0.9426654089432189,0.90072707849849,0.0430375157538543,0.03973999666219708,0.018165129167218172,0.017747903802217913,4.099050883043813,4.040010330968096,0.941370372145125,0.9206685154309505,3.9842676790617033,3.95894640924049,60,FULL_PIPELINE_EXPOSURE_NIGHT_PERMUTATION
1,535,1315573,642496.0,1,1.0,1.0,2,143,550.9579017691186,823.010909609094,0.0027581195512626925,346290,345500,790,3.6609658883722975,3.490625629650424,0.9417883198116571,0.8996897012235495,0.043293777134587555,0.03984081041968162,0.01835600578871201,0.017901591895803183,4.094336058737488,4.036190980707946,0.9373164167563058,0.9194586653429866,3.94309511092414,3.9196595322486765,60,FULL_PIPELINE_EXPOSURE_NIGHT_PERMUTATION
2,533,1314797,642997.0,1,1.0,1.0,2,113,355.44340427915904,823.5280542205766,0.0026795074847747475,346600,345607,993,3.6439509204608393,3.4758248117474606,0.9405751296379097,0.8976468782001605,0.04293894510238508,0.03955938392451542,0.01783239344110507,0.017418628673609042,4.045319452107436,3.988191091612477,0.9293923829925445,0.9106230502380285,3.846400878948128,3.8215380801483523,60,FULL_PIPELINE_EXPOSURE_NIGHT_PERMUTATION
3,536,1313854,642654.0,1,1.0,1.0,2,133,496.94596157214175,822.6954124312284,0.0029954499377018926,348218,347343,875,3.659498713449701,3.482583882806905,0.94285896398722,0.8986433789739705,0.043205131527049634,0.039522892357122495,0.018131932988429304,0.017789332158701918,4.036906469650443,3.981083777761952,0.9314014871031854,0.9109934906035169,3.857520054833135,3.834147900466746,60,FULL_PIPELINE_EXPOSURE_NIGHT_PERMUTATION
4,534,1314634,642760.0,1,1.0,1.0,2,113,358.5957109584551,824.1077454210136,0.003064456081435807,347113,346111,1002,3.63383472814194,3.4644263603799805,0.9377546023285902,0.8976625282635802,0.042847525793748245,0.039602901959198064,0.01824848097864558,0.01775730907136728,4.041251212252579,3.985462212534431,0.9292321939433178,0.9122821608593759,3.9067738361184148,3.8852655618856495,60,FULL_PIPELINE_EXPOSURE_NIGHT_PERMUTATION
0,529,1319325,647955.0,1,1.0,1.0,2,131,480.20498842340794,840.411951195009,0.003753137531761797,348461,347654,807,3.6606881139050516,3.514141716562602,0.9363725946186204,0.9066361893929411,0.04255667991738913,0.03850667617803909,0.01797189159336582,0.016904738619431963,4.080098929462319,4.015028500886765,0.9345055457310911,0.9234183521370287,3.968995169614004,3.9455063046129446,61,FULL_PIPELINE_EXPOSURE_NIGHT_PERMUTATION
1,529,1321530,648538.0,1,1.0,1.0,2,132,483.6207448164318,841.1320013344274,0.0031725661772071725,346290,345523,767,3.6600625607828072,3.516299750536762,0.9352869423327392,0.9041575350923692,0.04271206258338808,0.03860235063946539,0.018100097533304584,0.01715370612086605,4.07631694294679,4.013789189672285,0.9304274769916185,0.9168589261814609,3.938552773466133,3.915143819377398,61,FULL_PIPELINE_EXPOSURE_NIGHT_PERMUTATION
2,529,1321040,649081.0,1,1.0,1.0,2,131,481.21878502093244,841.3080057574373,0.0035602332203743814,346600,345819,781,3.643617870314012,3.512938650210206,0.934467436151279,0.9036960083385986,0.04250200249263343,0.03840448327014999,0.01755542639357583,0.016679245501259328,4.030573054407551,3.9687082887659915,0.9228306215273143,0.9134355067053602,3.8383084545953987,3.8170601990840027,61,FULL_PIPELINE_EXPOSURE_NIGHT_PERMUTATION
3,530,1319743,648622.0,1,1.0,1.0,2,133,490.13403063276826,840.5751323126309,0.003908417778072902,348218,347518,700,3.6594814673752003,3.5221040218499367,0.9365890242632195,0.9057002641958346,0.042717211770325565,0.03863109249017317,0.017898353466583024,0.016989048049309678,4.0180481935596255,3.9549613067653437,0.9252581403547442,0.9146626232260425,3.842412591381732,3.819598688282071,61,FULL_PIPELINE_EXPOSURE_NIGHT_PERMUTATION
4,528,1320348,648712.0,1,1.0,1.0,2,132,489.42151989336026,841.5497323128925,0.003322337883535968,347113,346203,910,3.6341041993061753,3.4878009677868542,0.9312328843000125,0.8975581399436542,0.042327767234830435,0.03809036894538753,0.01796922614766481,0.017053578391868354,4.02263306906209,3.959520459529403,0.9212502239586454,0.9048153349115742,3.8925961679793737,3.871522115107586,61,FULL_PIPELINE_EXPOSURE_NIGHT_PERMUTATION
0,522,1309953,641233.0,2,0.9961685823754789,0.9982566609205491,2,128,450.0206712049827,820.1311050376223,0.0034156420799416223,348461,347444,1017,3.661032302854163,3.4886074320297946,0.9392728198272116,0.8950729430257625,0.04285007080277685,0.04122966578786797,0.018074855228468474,0.01849506683091376,4.091993419112931,4.060535320673301,0.9367777161680279,0.9228836095449826,3.9768268211788858,3.964089992455989,62,FULL_PIPELINE_EXPOSURE_NIGHT_PERMUTATION
1,522,1312076,641779.0,2,0.9961685823754789,0.9982753081491877,2,130,460.2382558885304,820.2137471739404,0.003375121573595451,346290,345282,1008,3.6602686454765236,3.4900498975543774,0.9386319223493084,0.8955078809057075,0.043095209133404,0.04132564107019769,0.018286502047601672,0.018654317340608545,4.089098203442196,4.058947379336839,0.9314018437628097,0.9147522805524154,3.942557582186117,3.930508973038542,62,FULL_PIPELINE_EXPOSURE_NIGHT_PERMUTATION
2,522,1311683,642358.0,2,0.9961685823754789,0.9982597295576282,2,133,477.82262995803995,820.6484821577114,0.0029317254843361554,346600,345569,1031,3.6438975062579657,3.485347221543539,0.9378435743550115,0.8963372365110273,0.04284817214507088,0.04083410259600832,0.017747541012069948,0.018149776166264914,4.04030181892444,4.011537693714628,0.9253046046738325,0.9158906007720383,3.8415673672529507,3.8291511751059417,62,FULL_PIPELINE_EXPOSURE_NIGHT_PERMUTATION
3,523,1310300,641902.0,2,0.9961759082217974,0.9982917852718596,2,131,462.83345320323383,820.0192209705638,0.0034152849320960286,348218,347248,970,3.6590183154359606,3.483676176720105,0.9394224628400327,0.8944358128226894,0.04304704418743952,0.04128461503018016,0.01804762014468046,0.018459429571948578,4.030116349247401,4.000831961284307,0.9257872214887635,0.9117263930925142,3.8507633657655957,3.8372179686989925,62,FULL_PIPELINE_EXPOSURE_NIGHT_PERMUTATION
4,522,1311105,642137.0,2,0.9961685823754789,0.998291375869581,2,128,454.24554937847995,821.4344983429909,0.003141993673223965,347113,346030,1083,3.633195860335646,3.463418978791439,0.9340129849980907,0.8899780495697491,0.042603242493425425,0.04071612287951912,0.018116926278068376,0.018504175938502444,4.03101362207035,4.000884306381345,0.9236509410344157,0.9084766605026525,3.898276415373934,3.8885412417306946,62,FULL_PIPELINE_EXPOSURE_NIGHT_PERMUTATION
0,533,1316933,647088.0,1,1.0,1.0,2,154,608.0606647672308,842.6775736060029,0.0033379075186823538,348461,347613,848,3.6612164324648515,3.5291710960552396,0.9299629992634939,0.9001753983986206,0.041713054459988554,0.03862341166757285,0.017507975823688987,0.016693852071125073,4.052358781526754,3.998731889319683,0.9371987174512403,0.9210058110205658,3.9665441966723347,3.940841843779994,63,FULL_PIPELINE_EXPOSURE_NIGHT_PERMUTATION
1,534,1319279,647581.0,1,1.0,1.0,2,149,573.6028607786415,843.1788133617761,0.003338692868995431,346290,345470,820,3.6598924922168328,3.5370877354303,0.9286421959297007,0.8988427064132589,0.041832865371812314,0.03868932179349871,0.017697629316583207,0.017066604915043273,4.0481427443315185,3.995812752568927,0.933323967357684,0.9190738898218357,3.936737264092905,3.9145387975994317,63,FULL_PIPELINE_EXPOSURE_NIGHT_PERMUTATION
2,534,1318947,648096.0,1,1.0,1.0,2,150,576.3925932711131,843.7808897575716,0.0036350327462266567,346600,345788,812,3.6437879330713296,3.5281513546290224,0.9274473586636254,0.8990332882434202,0.04157171446088355,0.038497576549793515,0.017157911784098926,0.016420465718879777,4.00292659392373,3.9513908988206015,0.9247028191436154,0.9092664934697332,3.8376627220669803,3.8146889480007196,63,FULL_PIPELINE_EXPOSURE_NIGHT_PERMUTATION
3,534,1317396,647633.0,1,1.0,1.0,2,145,545.3700624498492,842.846333370991,0.0034921262238276876,348218,347365,853,3.659174521656827,3.536343767316657,0.9294793538414977,0.8995746500826829,0.041751471794797976,0.038501288270263265,0.017506081499287493,0.01680365033898061,3.9888933733191028,3.93713263621611,0.9273476997818172,0.9101646681373284,3.837232441678472,3.8150394250719244,63,FULL_PIPELINE_EXPOSURE_NIGHT_PERMUTATION
4,534,1318408,647879.0,1,1.0,1.0,2,151,586.3722933321659,843.9573758504895,0.003416520803526396,347113,346308,805,3.633437220172298,3.5191967015200536,0.9249708965368921,0.8962121562874676,0.04150351710038463,0.03841955715721265,0.017576839114314426,0.016872263996211466,3.9979880033435835,3.946964177819497,0.9243821535177871,0.9071710218288095,3.894211042802524,3.8730082811098057,63,FULL_PIPELINE_EXPOSURE_NIGHT_PERMUTATION
0,531,1317106,649518.0,1,1.0,1.0,2,123,410.3744869932041,826.2863397938122,0.003404790957152496,348461,347606,855,3.6614018431960362,3.4648676068126307,0.945250557330197,0.8971520917546728,0.04342847937032157,0.0389233787679154,0.018319591721661883,0.01736161055908126,4.110533757994347,4.031863050533164,0.9393988964457122,0.9196060482353811,3.982586168306778,3.9505920875031055,64,FULL_PIPELINE_EXPOSURE_NIGHT_PERMUTATION
1,532,1319354,650215.0,1,1.0,1.0,2,129,450.7295922093891,826.788650685404,0.002899620248330085,346290,345413,877,3.6602288313697002,3.4802751534483676,0.9441390443047868,0.8989062858774632,0.0436607770987195,0.0390489066711444,0.01854012443075391,0.017402356020184532,4.108793367949039,4.032112446702204,0.9355329497995415,0.9195873916178828,3.9560859298998445,3.927490508137694,64,FULL_PIPELINE_EXPOSURE_NIGHT_PERMUTATION
2,529,1318443,650446.0,1,1.0,1.0,2,129,446.74754653116224,826.7388429871962,0.003224734399523952,346600,345561,1039,3.644974476218464,3.460383094075411,0.9432131408265553,0.8954519495400924,0.04321089474796056,0.03857495492836287,0.017938945656483227,0.016914524497845532,4.058008999486574,3.9807527823207614,0.9284898318025091,0.9127979816604351,3.8497822334417164,3.8230060828523817,64,FULL_PIPELINE_EXPOSURE_NIGHT_PERMUTATION
3,529,1317088,650113.0,1,1.0,1.0,2,127,432.3992430081786,827.0645502417484,0.0028291884726057925,348218,347230,988,3.659887015352298,3.4644929214656064,0.9448281651872938,0.8939889608707172,0.043576303890792846,0.03899144659159635,0.018299110099933763,0.01727385306569133,4.046232000198558,3.969778408919403,0.9303661718500497,0.9118260776496904,3.8538788675487647,3.8252214223877057,64,FULL_PIPELINE_EXPOSURE_NIGHT_PERMUTATION
4,531,1318283,650355.0,1,1.0,1.0,2,126,428.74999538046046,827.7310501430027,0.0031206374992417446,347113,346237,876,3.63426832737947,3.448435797152258,0.939772166463235,0.892036620689322,0.04317851644971508,0.038485199444311266,0.01835447973497922,0.01729162394544777,4.05024442107534,3.975410899825854,0.9270093276979726,0.9069634522021223,3.906846947414051,3.8817650131066266,64,FULL_PIPELINE_EXPOSURE_NIGHT_PERMUTATION
0,524,1315474,642287.0,1,1.0,1.0,2,143,547.0366376667127,826.53050151659,0.0027175655911878755,348461,347407,1054,3.6611953600952796,3.482352232475643,0.9409112270812809,0.9010729382822638,0.042984165546462796,0.038352710221728405,0.0181113218789489,0.017371555552996916,4.096308199388388,4.021179864386498,0.9369438927039783,0.9213145508479935,3.972585226394534,3.9434202064166883,65,FULL_PIPELINE_EXPOSURE_NIGHT_PERMUTATION
1,526,1318005,643094.0,1,1.0,1.0,2,144,560.1269340713475,826.8798814984624,0.003569791424914891,346290,345368,922,3.6605233833492767,3.486613483588376,0.9398027314228209,0.8989217931102567,0.04318292372194297,0.03846042482221862,0.018345648699358365,0.017642051377081837,4.095545030822782,4.022647514053945,0.9320260263646967,0.9144278262566564,3.9499133755715135,3.9232241861336394,65,FULL_PIPELINE_EXPOSURE_NIGHT_PERMUTATION
2,525,1317451,643457.0,1,1.0,1.0,2,140,535.074148480969,827.1900720615602,0.0035651890742376922,346600,345655,945,3.6433325374454166,3.489353789012653,0.9387164942009208,0.9000887636667364,0.04290694478598603,0.038243335117385834,0.01777494900985086,0.01703721919254748,4.0446249937910315,3.9735827663881493,0.9244473517769735,0.9102170218232596,3.8401339680143063,3.8138994150096788,65,FULL_PIPELINE_EXPOSURE_NIGHT_PERMUTATION
3,524,1315721,643085.0,1,1.0,1.0,2,144,561.4756085401382,827.0601240323456,0.003094628356849229,348218,347214,1004,3.6597817986441115,3.485563751093026,0.9407650734915964,0.8987020489478122,0.04317798245462452,0.038192584400398605,0.018106988773494155,0.017467613633090833,4.034140924251257,3.9608302946210534,0.927000925672726,0.9113336481703778,3.8512551892719227,3.826768783230802,65,FULL_PIPELINE_EXPOSURE_NIGHT_PERMUTATION
4,525,1316958,643321.0,1,1.0,1.0,2,139,528.7292375504836,827.741475348619,0.003524728525373858,347113,346096,1017,3.633502691578399,3.46292182491479,0.9351360151445681,0.8935231383955637,0.04276848042161712,0.03801546391752577,0.0181683694697425,0.017318894179649578,4.03597975264372,3.963857865082206,0.9242536032147123,0.9093574987701518,3.898987986547238,3.876770231605118,65,FULL_PIPELINE_EXPOSURE_NIGHT_PERMUTATION
0,526,1329164,648193.0,1,1.0,1.0,2,138,499.51667934318766,841.9878789001833,0.003758147230210884,348461,347452,1009,3.6607167625027532,3.475851201518466,0.9412460597778172,0.9000950037721058,0.04327216421261066,0.03756777914647203,0.01825863716427017,0.01738945235600889,4.101541996115743,4.025661222092769,0.9334468498742741,0.9214063651093646,3.967884243256027,3.9418357392876,66,FULL_PIPELINE_EXPOSURE_NIGHT_PERMUTATION
1,527,1331452,648699.0,1,1.0,1.0,2,142,523.4997754219818,842.0722861963097,0.0034066280540782003,346290,345363,927,3.660455025549657,3.4884198319497552,0.940719442377455,0.9020892294021021,0.04351653188094845,0.03770815055463382,0.01850806253130764,0.01762203826119185,4.100323720700519,4.024187873524454,0.9297674880820836,0.9204276543243545,3.9420267952917416,3.916113908547071,66,FULL_PIPELINE_EXPOSURE_NIGHT_PERMUTATION
2,526,1330807,649135.0,1,1.0,1.0,2,137,489.70293068311435,842.5792606711467,0.0023684184597070434,346600,345656,944,3.644437655909795,3.476704200248789,0.93909290145033,0.9005148348939569,0.043100654986460527,0.03723065706945634,0.01791376397343023,0.017144212743305482,4.05085508100871,3.974828692159625,0.922738401645331,0.9150224145659888,3.8404746630123796,3.817358241550624,66,FULL_PIPELINE_EXPOSURE_NIGHT_PERMUTATION
3,525,1329088,648656.0,1,1.0,1.0,2,139,507.03166203878857,841.8727382962886,0.0036891589164936432,348218,347168,1050,3.6588866202644192,3.491156440904774,0.9413692553438844,0.8999387448471511,0.04353511844409623,0.037399760346575724,0.018282214950686698,0.01746128675453959,4.043231772701198,3.9671778118368453,0.923883348544548,0.9148210784723908,3.8484518745758685,3.8252669295295,66,FULL_PIPELINE_EXPOSURE_NIGHT_PERMUTATION
4,525,1330216,648894.0,1,1.0,1.0,2,132,464.88349347073984,842.9651443121924,0.003331013331206086,347113,346016,1097,3.633270071815789,3.4662883338029387,0.9361599400474145,0.8978634991890473,0.04306737260704707,0.03729596319245353,0.018279501525940996,0.017614792379543144,4.0431879566011,3.9696814599236836,0.9201255203838276,0.9094880218371659,3.892223436209544,3.870921847746615,66,FULL_PIPELINE_EXPOSURE_NIGHT_PERMUTATION
0,521,1304977,642463.0,1,1.0,1.0,2,133,471.1235750969792,822.450660866817,0.0032528337841093266,348461,347224,1237,3.6609143194223908,3.485317192366604,0.9392377905363278,0.8981802019420873,0.04270442135336267,0.04008075478653549,0.018008547796235282,0.017628389742644517,4.084532224741246,4.036924536163102,0.9397587366862689,0.917191530953145,3.9708463628763604,3.9452575714324727,67,FULL_PIPELINE_EXPOSURE_NIGHT_PERMUTATION
1,520,1306704,642966.0,1,1.0,1.0,2,134,470.93338386049015,823.0172453232434,0.0033523907452038732,346290,345018,1272,3.6611430913983343,3.4921665517494693,0.9385075679416965,0.8949620331282931,0.04289921105565507,0.04015732512506594,0.018132387295735294,0.01787442973989763,4.082307218084008,4.0354799126606,0.936878419904973,0.9170040800677747,3.9442910692310833,3.922971826491999,67,FULL_PIPELINE_EXPOSURE_NIGHT_PERMUTATION
2,520,1306459,643564.0,1,1.0,1.0,2,133,472.4437606946819,823.6658553249938,0.003483443094209193,346600,345257,1343,3.6435924484066122,3.487413990489177,0.9371942004835757,0.8966370298810231,0.042611735605650285,0.03996443229246619,0.017624552145213565,0.017360980371143815,4.0365727613494515,3.98926211209195,0.9281830760189097,0.9116028154849039,3.847620298937111,3.825133627029945,67,FULL_PIPELINE_EXPOSURE_NIGHT_PERMUTATION
3,520,1304911,643053.0,1,1.0,1.0,2,131,458.62733306248344,822.960087899518,0.00348357197420889,348218,346953,1265,3.6589061813271853,3.4977945887593975,0.9397827451819518,0.8969833310588375,0.04289053560568722,0.040152412574613855,0.017976498257689082,0.017794917467207374,4.027917603367357,3.9833089101415458,0.9299558455691345,0.9102384477334496,3.8573193019888605,3.8376710762384842,67,FULL_PIPELINE_EXPOSURE_NIGHT_PERMUTATION
4,521,1305963,643355.0,1,1.0,1.0,2,137,487.0325059220925,824.1228275696191,0.003559339937130271,347113,345829,1284,3.634686256290866,3.472600291689755,0.9343816209410469,0.891521716684605,0.04252968952863988,0.0397971251687973,0.018089865222407606,0.017705282090281615,4.031411967904713,3.985790229532434,0.9278675277561518,0.9080387420831638,3.907881147004463,3.8894722716901664,67,FULL_PIPELINE_EXPOSURE_NIGHT_PERMUTATION
0,530,1308739,640487.0,1,1.0,1.0,2,140,512.0946030092548,828.1630141418269,0.0034638586387444516,348461,347588,873,3.661554568465462,3.531497988363496,0.929520596420332,0.8994876957206623,0.0418196255336778,0.03765952794687964,0.017546635672117564,0.016956856968595002,4.053220508706577,4.000507532181145,0.9355759462449936,0.9221888195777231,3.96233727610231,3.9390200536394393,68,FULL_PIPELINE_EXPOSURE_NIGHT_PERMUTATION
1,529,1310689,640928.0,1,1.0,1.0,2,132,470.39126617399955,828.0828683653192,0.0029045603845554075,346290,345368,922,3.66129727323706,3.542360497566907,0.929463745233905,0.9022635191876774,0.04194366588682217,0.03778867758448959,0.01778682448866137,0.017172986495564153,4.053201293911827,4.000934388107628,0.9318401529984613,0.9207363880163649,3.9413085069176836,3.920302824090489,68,FULL_PIPELINE_EXPOSURE_NIGHT_PERMUTATION
2,531,1310686,641506.0,1,1.0,1.0,2,129,456.1281246553089,828.9893544290398,0.0035760890336249507,346600,345798,802,3.6433714978514486,3.528139908024017,0.9265571018759701,0.8984876600460152,0.041570512264385566,0.037458284894649474,0.01716030746273836,0.01657036767129943,4.002557958032907,3.950591684631949,0.9232686612619417,0.9097798243054941,3.834189772865313,3.811809881113561,68,FULL_PIPELINE_EXPOSURE_NIGHT_PERMUTATION
3,529,1308998,640987.0,1,1.0,1.0,2,137,500.9010547398314,828.5647740824485,0.003243572350537236,348218,347213,1005,3.65836653003907,3.5389348689413787,0.9294494157035929,0.9003222612125306,0.041835991163925314,0.03768868101136766,0.0175425459300199,0.017024132160950195,3.993984690275534,3.9415537508631213,0.9254011987687929,0.9144446262159679,3.8435927101396836,3.8235945224253345,68,FULL_PIPELINE_EXPOSURE_NIGHT_PERMUTATION
4,529,1309722,641027.0,1,1.0,1.0,2,139,508.05678629610173,828.9035721759865,0.003644463548561791,347113,346121,992,3.6339774082523943,3.5162821288812753,0.9252448293438595,0.8954012372508602,0.041609726078452335,0.037530227868288836,0.0176556753274144,0.01703161611112877,3.9997514960270304,3.9483591872952104,0.9230241230133943,0.9091522329694147,3.892167954855868,3.8739844624621456,68,FULL_PIPELINE_EXPOSURE_NIGHT_PERMUTATION
0,523,1317695,645844.0,1,1.0,1.0,2,126,440.5406086514684,834.1628377817749,0.0034722596827332156,348461,347531,930,3.660083098558069,3.481152105147408,0.9401806298952736,0.89752835737049,0.04293717682739094,0.037895899934106594,0.0180904725046111,0.016631609841999708,4.0935916636318765,4.005294161055974,0.9367883865802109,0.9201764015707257,3.970731487984049,3.9388731627636644,69,FULL_PIPELINE_EXPOSURE_NIGHT_PERMUTATION
1,524,1319939,646370.0,1,1.0,1.0,2,125,431.91620843383623,834.2335130201033,0.0031970929671743544,346290,345404,886,3.6599442073552324,3.4957976292641817,0.9400999305127623,0.9012421175367956,0.04320447939224792,0.037862908362381445,0.018340841449433126,0.01705249504927563,4.0903869405787106,4.006103797483803,0.9331543294741196,0.9189154895763649,3.942041162050035,3.9133280225330194,69,FULL_PIPELINE_EXPOSURE_NIGHT_PERMUTATION
2,524,1319558,646923.0,1,1.0,1.0,2,128,443.8170425950536,835.2112378007737,0.0030272878123585793,346600,345712,888,3.6432091060625846,3.4874052581077324,0.9385617054341051,0.898578320658622,0.04289697783125839,0.03766140602582496,0.01779805155736567,0.01634308326005461,4.045058164535341,3.960003415210481,0.9250246244801206,0.9137756914683485,3.845574578828463,3.8182779447299953,69,FULL_PIPELINE_EXPOSURE_NIGHT_PERMUTATION
3,522,1317778,646282.0,1,1.0,1.0,2,129,459.8675717435236,834.5520549195562,0.003792671022978881,348218,347167,1051,3.659628681805474,3.482597624946355,0.9405029830897825,0.8970991036000957,0.04313486016816114,0.037722479383121094,0.018092157376709193,0.016775788021326912,4.025359541617293,3.9391984179839334,0.9276781854674317,0.9120552866874637,3.8385059929565064,3.810215853239606,69,FULL_PIPELINE_EXPOSURE_NIGHT_PERMUTATION
4,524,1319082,646704.0,1,1.0,1.0,2,128,447.34644339554114,835.1571694919384,0.003684933145788783,347113,346206,907,3.63341475100928,3.4591848431521544,0.9346111722100551,0.892273956831936,0.042676903346562454,0.037266829575455074,0.018122158483677347,0.016669266274992347,4.034580939908408,3.948027319401151,0.9227635515172355,0.9047470393599042,3.895491990967432,3.8670162986526595,69,FULL_PIPELINE_EXPOSURE_NIGHT_PERMUTATION
0,525,1317169,645019.0,1,1.0,1.0,2,134,480.9473151093798,817.698920939357,0.003127901679568645,348461,347480,981,3.6617448294011137,3.4037526165920466,0.9600004324708125,0.9001624244344371,0.04513641072867503,0.03934327155519742,0.019103257741452745,0.01786289858409117,4.162454267613986,4.06358969759409,0.9434320887114321,0.9205051171533322,3.9892206016979332,3.9541645507288723,70,FULL_PIPELINE_EXPOSURE_NIGHT_PERMUTATION
1,525,1319406,645464.0,1,1.0,1.0,2,124,421.86989544509333,817.5357585004227,0.003421772841989055,346290,345273,1017,3.660738391399933,3.4057791245472027,0.9595629483448558,0.8995338451376307,0.04534672563449792,0.03932540337645863,0.01934990572677273,0.018087136845336877,4.162826959341755,4.066652781255787,0.939669843758177,0.9176458952186587,3.9682825942984095,3.9341791231671226,70,FULL_PIPELINE_EXPOSURE_NIGHT_PERMUTATION
2,525,1319006,646016.0,1,1.0,1.0,2,122,415.82790857225126,818.1567518172005,0.0031543076023784924,346600,345628,972,3.6435029031157313,3.401096971667709,0.9580398233386342,0.8982108316283113,0.04481697084726932,0.03918085340308077,0.01876005416227852,0.01766928605321328,4.111263809421631,4.014101027078859,0.9317242371204572,0.9084412357390335,3.8554444224219235,3.821856794117475,70,FULL_PIPELINE_EXPOSURE_NIGHT_PERMUTATION
3,527,1317909,645690.0,1,1.0,1.0,2,126,440.7805062314744,818.1545247631755,0.0034988314429640474,348218,347313,905,3.6595346315410957,3.4073876506305805,0.9600066030503005,0.8999031117797759,0.04548922729641563,0.039264294742782445,0.019106684748339393,0.01800969154624215,4.103102382123547,4.007621569237398,0.9335929851829539,0.909241127331546,3.87215137561328,3.838506113094605,70,FULL_PIPELINE_EXPOSURE_NIGHT_PERMUTATION
4,524,1318211,645616.0,1,1.0,1.0,2,126,436.35083104018076,818.6082016427287,0.0028603990761644554,347113,346073,1040,3.633988857796851,3.3852950807495725,0.9547036036195352,0.8957422772145511,0.04487203566877509,0.03879817263987656,0.019192482510915328,0.017981755294403205,4.101697398392635,4.003878320603343,0.931412387529032,0.9116796101004931,3.9190176765293447,3.8881197591293932,70,FULL_PIPELINE_EXPOSURE_NIGHT_PERMUTATION
0,532,1300615,642294.0,1,1.0,1.0,2,137,514.7593055365613,840.7914047287738,0.003598364973665707,348461,347661,800,3.661445910582781,3.519269045074637,0.9345900639286502,0.9012057238318927,0.04238324114582884,0.040435941908928526,0.017870856955482496,0.017675264122234014,4.074248765489264,4.0347342944805895,0.9347229863676038,0.9194240838833695,3.966780829368535,3.9482711865852167,71,FULL_PIPELINE_EXPOSURE_NIGHT_PERMUTATION
1,533,1302864,642891.0,1,1.0,1.0,2,150,583.5670738080324,841.5090770200072,0.0036306055035054186,346290,345501,789,3.659963295742308,3.527020839823604,0.9336522540276408,0.9008642373497286,0.042555593182074726,0.04050639506108521,0.018014419639885267,0.017884173996602037,4.0710373496469705,4.033013994097494,0.9309665521666797,0.9177458012263188,3.9389660688498314,3.9223894193308158,71,FULL_PIPELINE_EXPOSURE_NIGHT_PERMUTATION
2,533,1302552,643506.0,1,1.0,1.0,2,138,516.915915372246,842.17796474212,0.0037644270695226093,346600,345806,794,3.6434418498071963,3.521539336379054,0.9320085868923993,0.9019879840981992,0.04230117464705644,0.04032318698923674,0.017495358669311695,0.01737679508163537,4.023657985684974,3.9897667682135265,0.9226778456953778,0.9109803809044852,3.8361835778009183,3.8215596497685627,71,FULL_PIPELINE_EXPOSURE_NIGHT_PERMUTATION
3,533,1300960,643071.0,1,1.0,1.0,2,142,542.4525406155681,841.5868112744722,0.0036636275372188437,348218,347394,824,3.659186662279466,3.5124176772372415,0.9351286085425509,0.9002303527798325,0.042548230539387555,0.040536105977650734,0.017832777768182526,0.01766294178943793,4.015069018342024,3.9739606517940915,0.9252529190137722,0.9095577875452289,3.8449649075541497,3.826736385605295,71,FULL_PIPELINE_EXPOSURE_NIGHT_PERMUTATION
4,533,1302069,643201.0,1,1.0,1.0,2,136,506.87595304888816,842.4602266304439,0.003564491113264443,347113,346274,839,3.6339643184119668,3.4987346964737567,0.9294926781645955,0.8953299952049005,0.04216891825548554,0.040242697979057045,0.017902008236252216,0.01769408041031091,3.98100971698158,3.945556593821111,0.9231171142965894,0.9091813900219443,3.8522072967500782,3.839738365277986,71,FULL_PIPELINE_EXPOSURE_NIGHT_PERMUTATION
0,524,1306958,639545.0,1,1.0,1.0,2,111,343.9184166711302,828.6659326166196,0.0028061112926811003,348461,347514,947,3.6611630396365094,3.496196658119075,0.9404739264263899,0.9046852138370729,0.04293927726652739,0.037486259546377985,0.018099990216221506,0.01670724057160287,4.0935589665238306,4.0089862899436515,0.9395112833074007,0.9235437361695095,3.977891861300945,3.943865813722558,72,FULL_PIPELINE_EXPOSURE_NIGHT_PERMUTATION
1,524,1308960,640044.0,1,1.0,1.0,2,119,389.053667354296,828.9199255340246,0.002906460332069786,346290,345336,954,3.6607869278651624,3.4957004376590413,0.939219237923183,0.9026595823987571,0.04310005328144184,0.03751418907962101,0.018277851136284662,0.016983459587184654,4.089132524028863,4.007347911362374,0.9340259274861623,0.917715023577622,3.942350559697118,3.9123216677079964,72,FULL_PIPELINE_EXPOSURE_NIGHT_PERMUTATION
2,525,1308624,640589.0,1,1.0,1.0,2,115,362.58754787396424,829.5769655332833,0.0029512804248220423,346600,345794,806,3.6436807198398897,3.490256671592323,0.939125282046618,0.904343594561301,0.042857886487330604,0.037395096502541976,0.017776479638166077,0.01640861322058798,4.043525114296144,3.9620681824041406,0.9268706324521373,0.9121523819858931,3.845194691999295,3.8159491080558148,72,FULL_PIPELINE_EXPOSURE_NIGHT_PERMUTATION
3,524,1307029,640174.0,1,1.0,1.0,2,120,397.0794334218661,828.8992903665384,0.003191238895799897,348218,347295,923,3.659131416879391,3.494208594510529,0.9405650133997312,0.9018575661500153,0.043093047697202666,0.03734001353316345,0.018073971695532615,0.016755208108380482,4.03097975522395,3.9488176926546084,0.9283762398331478,0.9114500692040967,3.850033406521019,3.820209396726175,72,FULL_PIPELINE_EXPOSURE_NIGHT_PERMUTATION
4,523,1307902,640291.0,1,1.0,1.0,2,118,382.3926253237595,829.477704091164,0.0029118364247991625,347113,346134,979,3.6341423553959458,3.4705772624529203,0.9352335353017043,0.8978325182959348,0.042682891596896,0.03713301784857887,0.018169263926687353,0.01677385058965603,4.033903635475859,3.9524585873214892,0.925307076091939,0.9058957756119703,3.9001966611950416,3.874056048416882,72,FULL_PIPELINE_EXPOSURE_NIGHT_PERMUTATION
0,532,1310494,641210.0,1,1.0,1.0,2,131,466.2386606001148,829.8031560788351,0.0036025113298791206,348461,347628,833,3.661567042742771,3.4768427326402858,0.9424578697331099,0.900478658285798,0.043215736361858076,0.03704822396354724,0.01820912009389347,0.016813950544835282,4.100958026299799,4.002666100686219,0.9374534134960953,0.9206989366505997,3.963439851124845,3.9280476790963585,73,FULL_PIPELINE_EXPOSURE_NIGHT_PERMUTATION
1,533,1312845,641871.0,1,1.0,1.0,2,142,539.962779801903,830.2046678547407,0.003791912339335933,346290,345429,861,3.6612792515712798,3.4762380342502373,0.9413415453897505,0.8987531742091022,0.043459003152601546,0.03712485054815896,0.018443732286519084,0.01708310535594869,4.100147531318891,4.004852290474868,0.9341654210432652,0.9179558444978636,3.950177992372113,3.9173546448090484,73,FULL_PIPELINE_EXPOSURE_NIGHT_PERMUTATION
2,531,1312155,642256.0,1,1.0,1.0,2,144,552.4226112654572,830.5021794047636,0.0036700885632447522,346600,345733,867,3.6433217454868396,3.477537880196594,0.9403474366500566,0.9007607730893656,0.04299271403076941,0.03663809934255625,0.01784903379197242,0.016431755140527516,4.047888284126002,3.953641904697766,0.9253473708093957,0.9143572508064935,3.8374564499214405,3.805259720743616,73,FULL_PIPELINE_EXPOSURE_NIGHT_PERMUTATION
3,530,1310443,641842.0,1,1.0,1.0,2,128,453.4525254643601,830.5104069183095,0.003521159427482487,348218,347259,959,3.6585651283765994,3.471194826029074,0.942222556999061,0.8983706416794625,0.043348048574694965,0.036770825234191194,0.018182394120814724,0.016915328328423452,4.040804109348017,3.9433759632635064,0.9281360130235562,0.9125026051319874,3.8551464631907977,3.823175076851161,73,FULL_PIPELINE_EXPOSURE_NIGHT_PERMUTATION
4,531,1311475,642021.0,1,1.0,1.0,2,142,526.5013087310243,831.4222975894442,0.002857578515004248,347113,346342,771,3.6338309613665505,3.455489455191879,0.937330063998218,0.8952913518434854,0.042980637635631834,0.036614098203509825,0.018270957608375535,0.016911030137840632,4.04266029206468,3.9452076683703843,0.9254967294224133,0.9094714770569524,3.9009446102745096,3.8701971210871675,73,FULL_PIPELINE_EXPOSURE_NIGHT_PERMUTATION
0,522,1317629,648196.0,1,1.0,1.0,2,119,397.01919721829603,839.5175381757116,0.0035225983876537685,348461,347266,1195,3.6604712446366685,3.517708815500573,0.9297989849005612,0.8989666491653472,0.04205133816728387,0.036441805417173005,0.017721285700298905,0.016632782938727084,4.062027346121565,3.9810399891582726,0.9294164865243065,0.9192974761535808,3.9558287471103504,3.927838351078932,74,FULL_PIPELINE_EXPOSURE_NIGHT_PERMUTATION
1,521,1319365,648626.0,1,1.0,1.0,2,121,406.6077291501029,839.1754159649546,0.002906688980407833,346290,345093,1197,3.6595350585850444,3.5306550933163217,0.9293652624677087,0.9000699649410562,0.04224078726604133,0.03638439493122144,0.01789952273734906,0.0168447346077724,4.060200796150093,3.980818478616491,0.9266083565204165,0.9200622719794819,3.9275075502133983,3.899316484751239,74,FULL_PIPELINE_EXPOSURE_NIGHT_PERMUTATION
2,520,1318746,649080.0,1,1.0,1.0,2,120,398.87988973243074,839.6197946396353,0.0029392524770654443,346600,345391,1209,3.643784060745641,3.517410358812013,0.9279114549707858,0.8989905144886636,0.042010359273982244,0.036228506243648505,0.01732818747448544,0.016239566172830212,4.010649585282495,3.9315371126037957,0.9191064430628725,0.9139269736161375,3.8262503482641144,3.800444920686612,74,FULL_PIPELINE_EXPOSURE_NIGHT_PERMUTATION
3,522,1317565,648865.0,1,1.0,1.0,2,117,386.5327718362852,839.3866988294626,0.003469504948445402,348218,347110,1108,3.658725501221482,3.5261427577529996,0.9300972698715881,0.8989996645562326,0.04216242689637291,0.036230589726599635,0.017660107746823774,0.016689233960416005,4.0015227633924,3.922280900891799,0.9204562021836926,0.9158540461591503,3.834416125902773,3.8105075164891686,74,FULL_PIPELINE_EXPOSURE_NIGHT_PERMUTATION
4,522,1318459,648923.0,1,1.0,1.0,2,120,401.3071966778608,840.0352913678975,0.003202463133714265,347113,345921,1192,3.6334263147433354,3.5029477575933265,0.9252682475522688,0.8962744381111278,0.04186505011259797,0.035979313195787475,0.017752608254485852,0.016656982374588417,4.005869677540926,3.9274979657854017,0.9166416876003435,0.9058735075444849,3.881158798747473,3.857031488851898,74,FULL_PIPELINE_EXPOSURE_NIGHT_PERMUTATION
0,526,1314671,645317.0,1,1.0,1.0,2,149,592.753765604573,828.4905212249699,0.0035190528079099555,348461,347609,852,3.6606641902266315,3.4817144536825917,0.9408980562919105,0.9008075345581112,0.04286137585620625,0.038569197000077673,0.018092166773587565,0.017516807677591777,4.0928808858829635,4.028349107036482,0.9411662075709479,0.9221024422469076,3.9810237727446336,3.9531523471384564,75,FULL_PIPELINE_EXPOSURE_NIGHT_PERMUTATION
1,527,1316940,645932.0,1,1.0,1.0,2,142,549.0525320679636,828.2483309389324,0.003683813957988896,346290,345476,814,3.660244194467449,3.486431228752288,0.9401154422500362,0.9011608685590187,0.04312600585858352,0.038789959360418666,0.018258866028320348,0.017630747143072167,4.072334139315622,4.008958739306964,0.9360119787852148,0.9184587315219215,3.9283151068601483,3.9011179812067707,75,FULL_PIPELINE_EXPOSURE_NIGHT_PERMUTATION
2,524,1315997,646332.0,1,1.0,1.0,2,135,499.72489078771997,828.7602040286878,0.0030668506905954856,346600,345654,946,3.643482047962906,3.4773400708325566,0.9389408749981853,0.8998299395041438,0.04278556012660059,0.038662940397044446,0.017722925237376105,0.01725135540164442,4.040082468529506,3.9790565896568935,0.928156555649509,0.9091877576705798,3.8429073994072342,3.817501081122593,75,FULL_PIPELINE_EXPOSURE_NIGHT_PERMUTATION
3,526,1315032,645930.0,1,1.0,1.0,2,150,584.3329883035422,829.0334074385114,0.0037577054532079534,348218,347368,850,3.65845398685998,3.479371969875193,0.9409605146660329,0.8999484860722113,0.04305808249464545,0.03887519863660441,0.01806729462702379,0.01739077865548928,4.030988522588061,3.9643773427053106,0.9305614403696323,0.9114695455270375,3.856297318189723,3.827098820492772,75,FULL_PIPELINE_EXPOSURE_NIGHT_PERMUTATION
4,524,1315493,645868.0,1,1.0,1.0,2,137,509.7288743537406,829.3024983514254,0.003373907728462535,347113,346093,1020,3.6342869973093554,3.4618985011942875,0.9356247137189164,0.8953008858275098,0.04265038587894005,0.038457871150239964,0.018197420924433605,0.01753863845844903,4.035988995028948,3.972958465476288,0.927165373190803,0.9074966122616842,3.906371378136869,3.8809146678015645,75,FULL_PIPELINE_EXPOSURE_NIGHT_PERMUTATION
0,527,1327286,649141.0,1,1.0,1.0,2,151,606.928677007976,830.1715901200052,0.0034875748239792774,348461,347529,932,3.661140516541339,3.488988452581671,0.940894663600272,0.9008874562115194,0.04303525748930305,0.0379105053103482,0.018136615937087264,0.017305030659311885,4.093638017223346,4.016105573403176,0.9365385045176241,0.9229572780816581,3.971411965635926,3.944352108430078,76,FULL_PIPELINE_EXPOSURE_NIGHT_PERMUTATION
1,527,1329415,649649.0,1,1.0,1.0,2,149,601.8942865915989,830.1535655701446,0.0038084762250641,346290,345388,902,3.6602021651285983,3.4924210606073656,0.9394910965630393,0.9017072351354795,0.043299130253511994,0.0377951752811331,0.01838512050215989,0.017478893302604607,4.0946380938618745,4.020096331232554,0.9317647186195143,0.9200910464304933,3.944545734653552,3.9203148579148444,76,FULL_PIPELINE_EXPOSURE_NIGHT_PERMUTATION
2,525,1328785,650101.0,1,1.0,1.0,2,153,623.5137559837611,831.095099728997,0.0034537123474171695,346600,345485,1115,3.642672371854689,3.4770495127888106,0.9381266320314482,0.8973859762028331,0.04288464043301446,0.03765431205406892,0.017801062274773145,0.016895089511845665,4.044248950137551,3.9689090482378404,0.9231648078303665,0.9084004604049408,3.8387012965308718,3.813260208093542,76,FULL_PIPELINE_EXPOSURE_NIGHT_PERMUTATION
3,527,1327521,649818.0,1,1.0,1.0,2,139,545.9060912285421,830.9793398579436,0.0033036935818575005,348218,347285,933,3.6595075726319664,3.492642166362276,0.9404258077638228,0.899819043517512,0.04318931137250385,0.0377787695984566,0.018106166405113956,0.01719913039722418,4.034675314839656,3.9558018993564072,0.9252642735819993,0.9109684130643755,3.8451240716247495,3.8195875165678523,76,FULL_PIPELINE_EXPOSURE_NIGHT_PERMUTATION
4,525,1328186,649826.0,1,1.0,1.0,2,151,607.5585059646028,831.3129333509203,0.0035072858065966377,347113,345954,1159,3.6354026725194863,3.4671299636241466,0.9359793874076248,0.8961322219351222,0.042875642426449756,0.037357567769125376,0.018230747440411154,0.017383814033079543,4.039876217436012,3.9639949350770043,0.9247285343883948,0.9087416813177319,3.9027945866085503,3.879544550819954,76,FULL_PIPELINE_EXPOSURE_NIGHT_PERMUTATION
0,528,1318684,648098.0,1,1.0,1.0,2,124,422.27739062683474,841.3657675270725,0.0032591816420852004,348461,347578,883,3.6610443852660692,3.51100845952583,0.9363392583552672,0.9023898359295222,0.042413501429894876,0.03841439907013677,0.017895263796903142,0.016885418524762788,4.076339219696648,4.014701793117692,0.9390315259879826,0.9236319266215203,3.9754658604601727,3.9497040688060205,77,FULL_PIPELINE_EXPOSURE_NIGHT_PERMUTATION
1,527,1320621,648661.0,1,1.0,1.0,2,128,446.44719585314783,841.7789485594043,0.003641559428037811,346290,345314,976,3.6599565359848034,3.508235793028037,0.9349960651577363,0.9005985520326936,0.04259890997758562,0.03854752486143047,0.018047342418784064,0.017135129186769144,4.073855719281556,4.012224257873408,0.9342015627421443,0.9175237577765696,3.947365124473802,3.921985962538795,77,FULL_PIPELINE_EXPOSURE_NIGHT_PERMUTATION
2,528,1320318,649130.0,1,1.0,1.0,2,130,452.8458589808033,841.8259726003707,0.0031305554366526126,346600,345789,811,3.6441679563414056,3.509569086042585,0.9339631784432392,0.9025919885856597,0.04232349785562872,0.038303705438865895,0.017475975233451613,0.01654187958552759,4.025974942112719,3.9664707730977784,0.9267775284422973,0.9106338232644906,3.8413756405319006,3.8173273657646654,77,FULL_PIPELINE_EXPOSURE_NIGHT_PERMUTATION
3,529,1319109,648817.0,1,1.0,1.0,2,129,447.45145129361447,841.8606780775549,0.003133625057795878,348218,347372,846,3.6588491906658023,3.5075726813811583,0.9359046678506762,0.9009593373081923,0.04251062261782757,0.03838248333198991,0.017825270891148395,0.017056642446714187,4.013679320144878,3.9525673528090115,0.9279428573227193,0.9110726764678665,3.847739426163944,3.8231034242387096,77,FULL_PIPELINE_EXPOSURE_NIGHT_PERMUTATION
4,527,1319462,648823.0,1,1.0,1.0,2,130,451.4946411784969,842.2177410954176,0.002859704129538044,347113,346199,914,3.634272807954967,3.495451662859008,0.931110252991862,0.8989143738076296,0.04213183746920124,0.03812258267643754,0.01792610608349533,0.016915126849008807,4.018322297143948,3.956870562793576,0.9258376694217421,0.9096120407041166,3.8974627540807845,3.8746887724979477,77,FULL_PIPELINE_EXPOSURE_NIGHT_PERMUTATION
0,524,1317879,646735.0,1,1.0,1.0,2,127,436.1701737895825,834.2380164222762,0.003344463398665986,348461,347456,1005,3.661492388897812,3.494690929418758,0.9382902141086895,0.9006736118984242,0.04288312764781728,0.03900349972370602,0.018094377417572298,0.017135982685577453,4.088121866354877,4.020841047802207,0.933855443782945,0.9248367139966843,3.9606496856451496,3.938322106369744,78,FULL_PIPELINE_EXPOSURE_NIGHT_PERMUTATION
1,523,1319891,647318.0,1,1.0,1.0,2,131,459.1207801634394,834.5227239752705,0.0031037080931441197,346290,345236,1054,3.6602656411252656,3.4928558820979907,0.9369637856399637,0.8978556070778674,0.0431328134956957,0.03923403121343081,0.018317904274177663,0.01734755355756642,4.089415249623221,4.020944098297021,0.9290338707471978,0.9170547334954691,3.939696083173811,3.9168187932956937,78,FULL_PIPELINE_EXPOSURE_NIGHT_PERMUTATION
2,522,1319303,647720.0,1,1.0,1.0,2,132,466.3500138090777,835.0212408524496,0.003391806891019646,346600,345577,1023,3.644219602204352,3.4854847297059557,0.9361515781194012,0.8984135152626487,0.04285875506761156,0.03890015828599704,0.017790535828483955,0.016719862722345526,4.039095568862346,3.973318876765322,0.921701554345779,0.9124184784089806,3.8326138501350786,3.812175511019511,78,FULL_PIPELINE_EXPOSURE_NIGHT_PERMUTATION
3,524,1318165,647460.0,1,1.0,1.0,2,132,466.1762123265911,834.5352425592972,0.003099359490578789,348218,347198,1020,3.658992252961343,3.494739705059463,0.9384307762368829,0.8993737423688893,0.04316845143117184,0.03874158261280307,0.018084781594364024,0.01714295589260307,4.029813532185929,3.9619746189232345,0.9220307101367897,0.9101752816540446,3.8378014215559513,3.814745894208897,78,FULL_PIPELINE_EXPOSURE_NIGHT_PERMUTATION
4,524,1319126,647582.0,1,1.0,1.0,2,124,422.35194756163526,835.6549679116291,0.0028851837101094083,347113,346141,972,3.634554519278706,3.4618323470879115,0.9329927895871202,0.8921251735816778,0.04270802938686836,0.03859120994045779,0.018140006529131194,0.017224194764561263,4.032262398230337,3.9631466678852276,0.9205221591149421,0.9080377942729267,3.8929900490033567,3.8720696623107442,78,FULL_PIPELINE_EXPOSURE_NIGHT_PERMUTATION
0,529,1311682,647617.0,1,1.0,1.0,2,130,457.5808531412485,830.1964739208138,0.0029684457581720084,348461,347342,1119,3.660882505405115,3.4798069746485405,0.9413370814048517,0.9000606477598709,0.0428943231742778,0.038336855318389366,0.01811759015609975,0.01714160683130747,4.096356745150883,4.019406006849995,0.9390088163022362,0.9188019810378254,3.982064774410507,3.9491928979834157,79,FULL_PIPELINE_EXPOSURE_NIGHT_PERMUTATION
1,531,1313885,648365.0,1,1.0,1.0,2,132,471.37248381772804,830.6406687804867,0.0033770438283089953,346290,345359,931,3.6610254292417057,3.4881551139411533,0.9414153929868296,0.9007742157949364,0.043221691051919885,0.03824715730587591,0.018302693718710097,0.017448510101083222,4.095104332355332,4.0183404063515225,0.9359296248948382,0.9182455154629023,3.955053148646169,3.923468169754473,79,FULL_PIPELINE_EXPOSURE_NIGHT_PERMUTATION
2,531,1313666,648849.0,1,1.0,1.0,2,123,418.9084794195774,831.4045177882558,0.003099340165482992,346600,345631,969,3.6440766721128357,3.4704893391704243,0.9398069493356185,0.8978786395061031,0.04282312639780575,0.03806371534960695,0.017744357421643313,0.01677511565802836,4.043226210943236,3.9672925921663964,0.9279521801134584,0.9092794915420863,3.8464859551486406,3.8162410466608834,79,FULL_PIPELINE_EXPOSURE_NIGHT_PERMUTATION
3,531,1312294,648496.0,1,1.0,1.0,2,125,430.5775462314279,830.4849450095813,0.00355077972259095,348218,347248,970,3.6595299856220884,3.472485744135908,0.9417318354447992,0.8982800611843456,0.0430700824770769,0.038312675666958486,0.018056259503294477,0.017175044924664793,4.032780991930999,3.9554128601159584,0.9294356347294034,0.9098000901355837,3.8544408918654844,3.823869316101685,79,FULL_PIPELINE_EXPOSURE_NIGHT_PERMUTATION
4,528,1312499,648436.0,1,1.0,1.0,2,121,406.0729913586563,831.2888952567669,0.0033275259517908874,347113,345928,1185,3.633979975450379,3.4518555522779426,0.9361810770306096,0.8930215221742468,0.042673619944034596,0.03791829513656021,0.01820610069147337,0.01719143868088157,4.03938952740034,3.9649363308775247,0.9266505400105806,0.9064842722873512,3.9099863844297817,3.882758633521297,79,FULL_PIPELINE_EXPOSURE_NIGHT_PERMUTATION
0,527,1325454,649532.0,1,1.0,1.0,2,143,550.8260712149702,852.3000645371683,0.0034250211224464873,348461,347470,991,3.6616290620372514,3.578238556213095,0.9192835533709522,0.9043019058744637,0.04092439635076409,0.03754280945117564,0.017184217342504388,0.016548191210752006,4.023659003616837,3.9785244727793514,0.9297127769852311,0.9219240812895902,3.9504693166459908,3.930044673599486,80,FULL_PIPELINE_EXPOSURE_NIGHT_PERMUTATION
1,528,1327740,650064.0,1,1.0,1.0,2,139,523.2298835650598,852.1956779719612,0.003916658804152553,346290,345306,984,3.6602687154120392,3.5901678215981465,0.9187154936569504,0.9044295648041454,0.04096366700839255,0.03755799204184115,0.017419332418202985,0.016828552066862436,4.024406049810996,3.980377665358472,0.9261760009647565,0.9174407052672139,3.9273453805783145,3.910149035023751,80,FULL_PIPELINE_EXPOSURE_NIGHT_PERMUTATION
2,527,1327228,650682.0,1,1.0,1.0,2,137,514.8081495455984,853.1105572251834,0.0038468658967216888,346600,345641,959,3.64344024258383,3.5820129826255624,0.9167480799570713,0.9042119672138971,0.040663578684241745,0.03728434994691023,0.016713873643462437,0.016172849864454737,3.9734787471714093,3.9308886742654314,0.9180612567859655,0.9130041235849932,3.8216064401573457,3.8047452980115835,80,FULL_PIPELINE_EXPOSURE_NIGHT_PERMUTATION
3,526,1325424,650090.0,1,1.0,1.0,2,142,539.7742420638323,852.6509064763212,0.0034507572291775698,348218,347266,952,3.659189173860729,3.5836762535041906,0.9197578926885919,0.9030198173705264,0.040936918673293674,0.03763685474535371,0.01717991395644837,0.01662414402792096,3.9674123600958917,3.9236472755402927,0.9205606104309769,0.9123816331306428,3.8346185273926054,3.8189325525340725,80,FULL_PIPELINE_EXPOSURE_NIGHT_PERMUTATION
4,527,1326682,650348.0,1,1.0,1.0,2,142,532.466397797896,853.7998008577287,0.0033257231140593015,347113,346107,1006,3.6334356192146062,3.5648543812957065,0.9145500609157312,0.8996670465515182,0.040565489862961455,0.037228371572952876,0.017162322634329846,0.016529570335185362,3.9680081075263596,3.925097744310949,0.9183965807077447,0.9127966021011189,3.8744661381670746,3.858231764913413,80,FULL_PIPELINE_EXPOSURE_NIGHT_PERMUTATION
0,516,1319447,647223.0,1,1.0,1.0,2,111,359.273421253058,832.6580486450864,0.0034687094174925305,348461,347259,1202,3.6610221752740935,3.5113647116227216,0.9341944652701457,0.9011482944698284,0.04243806496015942,0.03854759703852168,0.01790594340247481,0.017272410506279173,4.076514016640642,4.01877706703886,0.9330240551736947,0.9212052199164988,3.968006449105896,3.944859258792565,81,FULL_PIPELINE_EXPOSURE_NIGHT_PERMUTATION
1,517,1321807,647828.0,1,1.0,1.0,2,108,343.6661646447126,832.8588275246229,0.0029255937702153856,346290,345139,1151,3.6596359386519226,3.5154801925947563,0.9327795963893283,0.9015502017520556,0.04250461408302162,0.0385960439127424,0.017984058596681337,0.017430658372423864,4.071433727938585,4.017770456634939,0.92853125404022,0.9188512382300716,3.935402749254345,3.9167196826668302,81,FULL_PIPELINE_EXPOSURE_NIGHT_PERMUTATION
2,515,1321085,648245.0,1,1.0,1.0,2,110,352.3112781301044,833.0941676083319,0.0034908267156055542,346600,345366,1234,3.6443758541586453,3.522802023804183,0.9322961399912135,0.9038113751948361,0.04237823063069324,0.038278232367980634,0.017506066028503096,0.016944343102679477,4.021482366629344,3.968102448213015,0.921489044009399,0.9125632652835858,3.824838491327115,3.807496379326865,81,FULL_PIPELINE_EXPOSURE_NIGHT_PERMUTATION
3,516,1319672,647883.0,1,1.0,1.0,2,113,369.48944643472134,832.9399424042157,0.003171015656818803,348218,347057,1161,3.659091663833811,3.5253473872229,0.9341855274975371,0.9029551881843536,0.04258666443840637,0.03880054285030989,0.01784721241755677,0.017314158769308786,4.016260371495387,3.962384455423571,0.9236159313378801,0.9142614473936237,3.846143035713101,3.8282600547135264,81,FULL_PIPELINE_EXPOSURE_NIGHT_PERMUTATION
4,515,1320457,648004.0,1,1.0,1.0,2,106,335.1754352739569,833.5348147686285,0.0033898710634122082,347113,345823,1290,3.633353923980196,3.491277888795338,0.9293142961934311,0.8974162110883355,0.04222102057989203,0.03830861452245802,0.017908004962075976,0.017257383112170097,4.018460142302305,3.9645494846693703,0.9202068282121658,0.9105764028814397,3.8916508206314666,3.875530729344154,81,FULL_PIPELINE_EXPOSURE_NIGHT_PERMUTATION
0,531,1313282,646327.0,1,1.0,1.0,2,135,485.5309319760363,839.363901100124,0.0027371809324429936,348461,347608,853,3.66007887107597,3.5511959942083333,0.9246326977792145,0.8987758589857904,0.041506524590918505,0.03569825780764539,0.017442061172355066,0.01615037628593128,4.044709834914754,3.970297712682628,0.9316870680891505,0.9202939881775721,3.962380791725191,3.935018809936676,82,FULL_PIPELINE_EXPOSURE_NIGHT_PERMUTATION
1,531,1315498,646900.0,1,1.0,1.0,2,132,472.46037786078017,839.8066731534652,0.003776590178586751,346290,345376,914,3.660712479504051,3.560378172642631,0.9236270141950904,0.8974415715886075,0.041499698878902994,0.035923167793940516,0.017583734828129343,0.01635608727879181,4.039920283186243,3.966311481536135,0.9271646650972688,0.9169777360905528,3.924088203927692,3.897883732261296,82,FULL_PIPELINE_EXPOSURE_NIGHT_PERMUTATION
2,531,1314981,647417.0,1,1.0,1.0,2,135,494.94768949175983,839.6642974540279,0.003490313514130952,346600,345750,850,3.6430737731132257,3.552945742901607,0.9224646530886786,0.900547100505593,0.04134779464931309,0.035438900939985536,0.01704410701373825,0.01579464931308749,3.987621027274573,3.9186654719433713,0.9212937488215668,0.9147246924033009,3.8163242623025995,3.794228114673959,82,FULL_PIPELINE_EXPOSURE_NIGHT_PERMUTATION
3,531,1313426,646949.0,1,1.0,1.0,2,135,491.72030100494015,839.1720039793965,0.003638971617267422,348218,347401,817,3.6587191621465474,3.5630944156193207,0.9248970377667565,0.901109475148276,0.04153701342252901,0.03561014504851742,0.01742942593717347,0.016111064734989248,3.9819343838774883,3.911548000314043,0.9220441331643365,0.9138491058611353,3.83355812082042,3.808793917778765,82,FULL_PIPELINE_EXPOSURE_NIGHT_PERMUTATION
4,532,1314614,647235.0,1,1.0,1.0,2,135,489.6254762621322,840.6891129570001,0.00343204270810871,347113,346309,804,3.63381049028116,3.534194980115819,0.9201369354397032,0.8947907936754718,0.0411915370377322,0.03537014631441863,0.017403532683239534,0.016026150056741233,3.985902352462004,3.911805824577597,0.920561622304552,0.9125756881237215,3.8828808569104702,3.859915879424379,82,FULL_PIPELINE_EXPOSURE_NIGHT_PERMUTATION
0,532,1310824,647055.0,1,1.0,1.0,2,139,540.2801150349353,835.2107025110681,0.0031613313528641965,348461,347758,703,3.660581580878671,3.4740815024127905,0.9405483643430441,0.8978423346440467,0.04292065171757371,0.038506662679219456,0.018087290587132432,0.017184363839221527,4.090665601076547,4.012581118341239,0.936623281045769,0.9184929351193921,3.964693403233786,3.9341332390673998,83,FULL_PIPELINE_EXPOSURE_NIGHT_PERMUTATION
1,531,1312832,647494.0,1,1.0,1.0,2,135,519.7142805661017,834.9316643478654,0.0038094180457736867,346290,345513,777,3.6609550238888904,3.4857618788529674,0.9404802103264651,0.8990454924923252,0.043257417231768416,0.03864688159345669,0.018352420892991002,0.017437838807801732,4.095348998331527,4.017858206958074,0.9330348810551917,0.9152620987860897,3.94917961136842,3.9211154361021507,83,FULL_PIPELINE_EXPOSURE_NIGHT_PERMUTATION
2,533,1312669,648131.0,1,1.0,1.0,2,142,565.9390983858283,835.6573475571857,0.0038384902459398904,346600,345943,657,3.644170279038722,3.4756962772390674,0.9394524857091543,0.89732998146056,0.04287122445027071,0.0383675923490286,0.017806401632638903,0.016921862850238334,4.044328495408783,3.969323798628048,0.9260798823218334,0.9124353828247539,3.8442232613467033,3.81767792753541,83,FULL_PIPELINE_EXPOSURE_NIGHT_PERMUTATION
3,533,1311241,647776.0,1,1.0,1.0,2,137,532.2822545293191,835.3405004777784,0.003426234764415236,348218,347570,648,3.65888249976628,3.4757272038417772,0.9409341981291524,0.8960963293521715,0.043125125873924676,0.03832896970394453,0.018085565497597607,0.01721092154098455,4.034032684110909,3.9568804457541096,0.9266709779465891,0.9111716246161333,3.8501884671379485,3.8210395816095737,83,FULL_PIPELINE_EXPOSURE_NIGHT_PERMUTATION
4,532,1312095,647886.0,1,1.0,1.0,2,136,529.1826919291009,836.6600028671879,0.0029024683614656374,347113,346389,724,3.6352279037377393,3.456622537891441,0.9358912261895465,0.8949815166862165,0.042818911685994644,0.038222922783344736,0.018196305309926122,0.017286923083585218,4.037077036500303,3.961893904162311,0.9246256466352746,0.9088812697473595,3.9004497824037987,3.875494815215005,83,FULL_PIPELINE_EXPOSURE_NIGHT_PERMUTATION
0,530,1314952,644670.0,1,1.0,1.0,2,125,433.8551955957337,833.7368745986621,0.0032994304071135546,348461,347651,810,3.6605448447865196,3.5082611282226814,0.9348902460829582,0.8985771873172964,0.04230679618352889,0.0383861976522432,0.01783110073033013,0.01676681499549836,4.0721153295818,4.00438266991312,0.9365152066488164,0.9192204794938131,3.9683502549846215,3.9410935562042932,84,FULL_PIPELINE_EXPOSURE_NIGHT_PERMUTATION
1,530,1316765,645267.0,1,1.0,1.0,2,125,436.2212089019056,833.9811739074369,0.003653110935481848,346290,345485,805,3.66006589131715,3.515335145726558,0.9342607131885835,0.8977985745064017,0.042522830224177605,0.03828241457660969,0.018023937363416648,0.017045602558721798,4.072903703079119,4.004644559876009,0.9334270657131104,0.918270251396435,3.9462457226546555,3.9185330388807493,84,FULL_PIPELINE_EXPOSURE_NIGHT_PERMUTATION
2,529,1316429,645633.0,1,1.0,1.0,2,134,483.6607874784832,834.3439090096354,0.0031808902064021888,346600,345796,804,3.6437465902988304,3.503714720100083,0.9328165616864157,0.8980660643285723,0.04225323601198394,0.03805422850466749,0.017440918923295815,0.016382491411121008,4.0219552503599205,3.955935846637195,0.925779044081776,0.9106275376738636,3.838335745856954,3.8129409753052594,84,FULL_PIPELINE_EXPOSURE_NIGHT_PERMUTATION
3,529,1314887,645229.0,1,1.0,1.0,2,126,438.08699237050513,834.3401190283058,0.003503502070040081,348218,347303,915,3.65912438826187,3.506862790793547,0.9352732423379345,0.8964455409395209,0.042441326449814715,0.038110813900254246,0.017771225702052675,0.016679959574204657,4.010727201188247,3.9431931298927707,0.9273075181347757,0.9106348489617062,3.843425032632114,3.818599525667129,84,FULL_PIPELINE_EXPOSURE_NIGHT_PERMUTATION
4,529,1315920,645461.0,1,1.0,1.0,2,122,412.60681067708373,834.4117138503105,0.002910593496930763,347113,346158,955,3.6340022650913166,3.496599302877758,0.9306078935264757,0.8950181527647294,0.042191715921631165,0.03789021198412286,0.017931118159915414,0.016746687928633746,4.019487080176211,3.9533158517760305,0.9241347004326267,0.9096526362533739,3.8989465777119783,3.8748151771604404,84,FULL_PIPELINE_EXPOSURE_NIGHT_PERMUTATION
0,527,1325228,645915.0,1,1.0,1.0,2,128,451.1547056830505,833.5726105154495,0.003294183059054482,348461,347601,860,3.6604871672007415,3.5063966723384636,0.9349420215643817,0.8994687135756154,0.04242507932946108,0.03662820302588313,0.017888325982951717,0.01689868556189424,4.075341449926108,3.993578177076283,0.935548223517753,0.9218615621595542,3.9704285078011297,3.9425962290288155,85,FULL_PIPELINE_EXPOSURE_NIGHT_PERMUTATION
1,529,1327635,646490.0,1,1.0,1.0,2,150,588.9694870515023,833.3943497695648,0.0028949903694810335,346290,345573,717,3.660069667560184,3.5083231266298665,0.9340926989035301,0.898210764866116,0.04258145167591218,0.036770812534544076,0.01803381629930579,0.016968918289333945,4.073973933268605,3.9913470373389623,0.9311516422086018,0.9155508844250374,3.943345599570764,3.914834471070842,85,FULL_PIPELINE_EXPOSURE_NIGHT_PERMUTATION
2,528,1326960,646948.0,1,1.0,1.0,2,139,527.3426682125095,834.067651015172,0.003554587147885327,346600,345884,716,3.6437376690805126,3.509557041972696,0.933332933750046,0.9000262563153052,0.042363913913335105,0.036523805668952594,0.017511651305061812,0.016517098217899644,4.026106707300178,3.9463891454959894,0.9240684287460098,0.9114623338684794,3.8386851580862236,3.8105600536323405,85,FULL_PIPELINE_EXPOSURE_NIGHT_PERMUTATION
3,528,1325531,646500.0,1,1.0,1.0,2,143,550.99601212152,833.9853562937811,0.0035102117325034234,348218,347437,781,3.6589718191401945,3.504424493123367,0.934940899647565,0.8981006991304135,0.04252281708626312,0.03655914597466591,0.01782769250252564,0.016803046307675925,4.013701406367375,3.9340537839046092,0.9251652191125904,0.9093525432564663,3.8465027424241445,3.820568446724282,85,FULL_PIPELINE_EXPOSURE_NIGHT_PERMUTATION
4,528,1326504,646688.0,1,1.0,1.0,2,148,575.8656040384672,834.4380961234094,0.003706956476371174,347113,346332,781,3.6339062965981492,3.4888491025520514,0.9301713193859341,0.8952604721846884,0.04218784287908712,0.036167607959992146,0.017890347989790143,0.016700738020165622,4.017303167386691,3.935504612215898,0.9226128142439699,0.9102012998326612,3.8938474060583457,3.867653927428298,85,FULL_PIPELINE_EXPOSURE_NIGHT_PERMUTATION
0,519,1321323,646450.0,1,1.0,1.0,2,131,489.2482183124227,833.0770682783894,0.003460332585308471,348461,347371,1090,3.6606647786176905,3.522359408678583,0.9320967179592037,0.902259194251287,0.042153777949224314,0.03737214678254661,0.017724565378226736,0.017091236746878697,4.064423906679702,3.9947413032081562,0.933985335048208,0.9209434639854943,3.9637733427668618,3.935560634299654,86,FULL_PIPELINE_EXPOSURE_NIGHT_PERMUTATION
1,519,1323470,647035.0,1,1.0,1.0,2,133,502.2692984435371,833.7373426492478,0.003096900302022189,346290,345069,1221,3.659889028500321,3.528310922854553,0.9312914547932891,0.9013812959129242,0.04226690893705317,0.03731717424631016,0.01792684941272615,0.017324071417600537,4.063792763253578,3.9954606044511003,0.9309185423362223,0.9189482945227301,3.9400340195066548,3.91556908760737,86,FULL_PIPELINE_EXPOSURE_NIGHT_PERMUTATION
2,519,1323184,647571.0,1,1.0,1.0,2,141,544.6939517788533,833.963113177335,0.0030053159137448274,346600,345467,1133,3.6429430168084176,3.5212588596773013,0.929146072118388,0.9005351336792071,0.04194901394344467,0.03698471923512231,0.017307007615778063,0.016652820674623047,4.011715773997784,3.943208807909384,0.9216610003764275,0.9106010788723218,3.8289036510143286,3.8035393881377373,86,FULL_PIPELINE_EXPOSURE_NIGHT_PERMUTATION
3,518,1321365,646982.0,1,1.0,1.0,2,137,519.4746466007058,833.1921327394143,0.0030015731488233157,348218,347022,1196,3.6589438248173707,3.520476905842834,0.9325322386039769,0.9017676163122845,0.04221922529407358,0.03693425777040072,0.01768763940038384,0.017068082138884565,4.005207998754983,3.9355948258465894,0.9245831258409041,0.9133560084011112,3.8426496370308225,3.817681678676482,86,FULL_PIPELINE_EXPOSURE_NIGHT_PERMUTATION
4,520,1322821,647465.0,1,1.0,1.0,2,134,503.50646634005153,834.8473976640635,0.0027852880469225504,347113,345936,1177,3.6347519919828644,3.4984841821681503,0.9272105785820988,0.8966606803334118,0.04186034410989316,0.03691434253734795,0.01776629203089589,0.01703205217149993,4.0095632728533435,3.9397027624203056,0.9221334559170783,0.9074447480114936,3.8936000962460042,3.868126265242818,86,FULL_PIPELINE_EXPOSURE_NIGHT_PERMUTATION
0,532,1319756,645075.0,1,1.0,1.0,2,131,462.4260206754918,833.4975100760854,0.0035437853146554356,348461,347606,855,3.6602427546384098,3.4822064990069723,0.9386740748639394,0.8974218937468412,0.042824347105631086,0.03798553534749113,0.018054924253321288,0.01722640000460291,4.088523722614988,4.010434325081946,0.9369279778877568,0.9191059450002622,3.972019984838262,3.941135980014527,87,FULL_PIPELINE_EXPOSURE_NIGHT_PERMUTATION
1,531,1321793,645578.0,1,1.0,1.0,2,145,547.7591776705891,833.6907450365055,0.003116947593698724,346290,345361,929,3.6594205110862346,3.49047157725193,0.9379098279109824,0.8987388081625906,0.04309114231195763,0.03797475684863085,0.018279423559695508,0.017387603116738717,4.088550653182644,4.011592235699638,0.9325909156997018,0.9209647860964335,3.948822639724449,3.9220726011591274,87,FULL_PIPELINE_EXPOSURE_NIGHT_PERMUTATION
2,531,1321345,646072.0,1,1.0,1.0,2,141,531.894158335468,834.0490948129063,0.0038156526889172116,346600,345731,869,3.643971031678541,3.4839190122127865,0.9372960536271224,0.8986753793141837,0.04277892349832673,0.03779528014554668,0.017730547737981262,0.01683100445143768,4.039267202293437,3.965266629425678,0.9252595027976865,0.9108783055221451,3.8414340339425297,3.8151466115284607,87,FULL_PIPELINE_EXPOSURE_NIGHT_PERMUTATION
3,529,1319400,645442.0,1,1.0,1.0,2,141,520.4003802964022,833.2034614572312,0.0029137483853680433,348218,347242,976,3.6585043930799257,3.4857705445155087,0.9395928461353329,0.8983880578294758,0.04305066783396018,0.037794967198668365,0.018027773138042057,0.017186861036395367,4.027636526072193,3.95089096762589,0.9286901475121558,0.9129507393590872,3.8487812794672234,3.8219688142990837,87,FULL_PIPELINE_EXPOSURE_NIGHT_PERMUTATION
4,532,1321074,645942.0,1,1.0,1.0,2,137,502.94686451556686,834.802473798338,0.0035675967430102208,347113,346241,872,3.6331899942984087,3.464809790855634,0.9338947681464409,0.8938076256303182,0.04263504322134005,0.03751433250250548,0.018137655563610317,0.017126798963727576,4.030897748176663,3.954724495091401,0.9244836086446804,0.9068016508703085,3.8978319517703075,3.8724415673330346,87,FULL_PIPELINE_EXPOSURE_NIGHT_PERMUTATION
0,532,1308152,649924.0,1,1.0,1.0,2,140,521.732903299056,822.8844602618906,0.0027774842089636226,348461,347732,729,3.660689762064562,3.4441854238330545,0.949460744420024,0.9007601372248875,0.04395626516972841,0.038351374046679626,0.018580400998470085,0.01788733852507103,4.124678382111831,4.042795725414439,0.9391003259291169,0.9179482200794341,3.9819956823951124,3.9493577300036864,88,FULL_PIPELINE_EXPOSURE_NIGHT_PERMUTATION
1,531,1310197,650323.0,1,1.0,1.0,2,152,593.6610955023381,823.1955617596032,0.0035522939741860523,346290,345482,808,3.659823964818133,3.4573538662042624,0.9487915672615904,0.90025508960716,0.04423964200739836,0.03848825698589217,0.01882876676643067,0.017983570779374902,4.124381301708429,4.039575035394105,0.9362036404039021,0.9175790290475502,3.9563856047638186,3.9247064495954285,88,FULL_PIPELINE_EXPOSURE_NIGHT_PERMUTATION
2,532,1309886,650956.0,1,1.0,1.0,2,138,510.45741472637843,823.4997376794064,0.0033129965161974614,346600,345833,767,3.644111400833297,3.455784512813323,0.9482706118832702,0.9024308705225038,0.043749439758496156,0.03807907284729913,0.01824869228789618,0.01762122180358728,4.075205537154634,3.994165258465102,0.9289238620890963,0.912713722681049,3.8485202230578452,3.819027049760036,88,FULL_PIPELINE_EXPOSURE_NIGHT_PERMUTATION
3,532,1308441,650560.0,1,1.0,1.0,2,140,519.1055636351165,823.2846538688458,0.0028059198547986143,348218,347459,759,3.6594896261386953,3.4516655637970883,0.9497434315525528,0.8998710435128503,0.044200898523279006,0.03810809332899709,0.01857197539853623,0.017797783335587795,4.063869522180662,3.9811027747696364,0.9310188892653851,0.9126476652432821,3.8584925232157747,3.829631361987056,88,FULL_PIPELINE_EXPOSURE_NIGHT_PERMUTATION
4,532,1309317,650725.0,1,1.0,1.0,2,151,591.1926471960828,824.4909466703634,0.003879839399589694,347113,346318,795,3.6337616668420667,3.431824042226693,0.9442719237663859,0.8961463146167822,0.04382099688725391,0.038095045593933896,0.018604288544054885,0.017934384005451637,4.066438606905583,3.985069410965949,0.9271994941496827,0.9072439715253169,3.908762251058985,3.882368746391053,88,FULL_PIPELINE_EXPOSURE_NIGHT_PERMUTATION
0,527,1315338,645253.0,1,1.0,1.0,2,130,457.11074077036426,833.9052352730863,0.0035378889127066914,348461,347517,944,3.6611006613083568,3.4286594302850153,0.9538271288834499,0.8991744018426711,0.04448990984613702,0.03788879392950561,0.018819223232244754,0.0175473430076802,4.14344769295703,4.037452907449071,0.9400617824847353,0.9197364841856658,3.9885697156112396,3.952964220828472,89,FULL_PIPELINE_EXPOSURE_NIGHT_PERMUTATION
1,526,1317117,645604.0,1,1.0,1.0,2,128,443.0152517378787,833.8895220513072,0.003385341424574356,346290,345303,987,3.6605821306796456,3.4226507139115068,0.9533584123643846,0.8960881295793492,0.04472883235882689,0.037952175335864445,0.019078895926186567,0.01761930825970235,4.142964058233312,4.037844341849886,0.9347342914788214,0.9136641790303348,3.961326072243205,3.92612100141354,89,FULL_PIPELINE_EXPOSURE_NIGHT_PERMUTATION
2,528,1317173,646358.0,1,1.0,1.0,2,124,423.11346942049374,834.0766751489986,0.0030493647233763095,346600,345743,857,3.6438137302112024,3.430104678920274,0.9523179797489219,0.8978966913203418,0.04431615390622515,0.03784313782202387,0.018536890117804267,0.01718617585894725,4.094432914459068,3.9937796147663587,0.9291937467728492,0.9130642258057134,3.8539082190258362,3.822006249060063,89,FULL_PIPELINE_EXPOSURE_NIGHT_PERMUTATION
3,526,1315526,645799.0,1,1.0,1.0,2,120,407.30321173646314,834.2521334447378,0.003626737663113634,348218,347215,1003,3.6596409114121884,3.428039292542498,0.9536777003901341,0.897595548852687,0.044825252365249195,0.03773742493843872,0.018824071540688048,0.017525164523422086,4.082818495814264,3.9804275801531954,0.9291245476145904,0.9086439405252901,3.863747990560802,3.82899806208563,89,FULL_PIPELINE_EXPOSURE_NIGHT_PERMUTATION
4,527,1316608,645983.0,1,1.0,1.0,2,128,441.3320720685184,834.9479778389222,0.0034625431106757613,347113,346159,954,3.6345696177295066,3.3989719462684143,0.9489624350558243,0.8946157788574539,0.044335117677136805,0.03786988060399989,0.018858385886254582,0.017474628711083635,4.084906621350103,3.98101853990641,0.9270362799243608,0.9089297082317808,3.913845164985547,3.88198813007479,89,FULL_PIPELINE_EXPOSURE_NIGHT_PERMUTATION
0,522,1316837,647498.0,1,1.0,1.0,2,135,482.65615185006175,820.1138254945696,0.0034912724505972896,348461,347459,1002,3.6602388944876942,3.4254651638074263,0.9541349565139438,0.8980391305878657,0.044612457872727426,0.038985894738659814,0.018859779139409255,0.01773734455000446,4.144017175723049,4.051686753222806,0.9395619217853365,0.9210528619861552,3.982791015890458,3.9492373646797425,90,FULL_PIPELINE_EXPOSURE_NIGHT_PERMUTATION
1,521,1318807,647944.0,1,1.0,1.0,2,142,540.4673467586659,820.5696002468771,0.0028943343707293753,346290,345207,1083,3.6603781793639385,3.428458084780395,0.953563032664295,0.8975160690157046,0.044799207432062504,0.039408239114502315,0.019104479341380678,0.01805293635412955,4.143265657835894,4.052371777255532,0.9355188745115637,0.9167713784040635,3.9582478983833838,3.9275808436494786,90,FULL_PIPELINE_EXPOSURE_NIGHT_PERMUTATION
2,522,1318347,648469.0,1,1.0,1.0,2,142,538.6353874168958,820.5531211055959,0.0029226468503691003,346600,345559,1041,3.643857209455451,3.4299616087890357,0.9523767512757961,0.8979110818220295,0.04437447729620701,0.03889639685263587,0.01854676046637477,0.0174905008985441,4.095458093512208,4.003306161254437,0.9292260644397902,0.912531748442912,3.8550149128849065,3.825355075889418,90,FULL_PIPELINE_EXPOSURE_NIGHT_PERMUTATION
3,522,1317070,647995.0,1,1.0,1.0,2,142,527.1071815502422,819.9772291158976,0.0027113763196717337,348218,347177,1041,3.6589883311106037,3.4240400846439707,0.9541386907818021,0.8960148809747773,0.044925211059488386,0.03908381027545028,0.01886357679224142,0.01792745487172249,4.083507945562397,3.993299712799226,0.9298803273061874,0.9114086576619728,3.8607412762594993,3.8301346288360327,90,FULL_PIPELINE_EXPOSURE_NIGHT_PERMUTATION
4,523,1318168,648427.0,1,1.0,1.0,2,143,538.2803242219575,821.5931035544664,0.0033079258048086847,347113,346178,935,3.6340472941709754,3.4074799052602556,0.9485963220339438,0.8921715624594814,0.04430957484299984,0.038855733177729376,0.018871794279243626,0.017808757344487516,4.082159359741032,3.992560897845626,0.9271566334362505,0.9073073940633057,3.9045976015849373,3.877730660318394,90,FULL_PIPELINE_EXPOSURE_NIGHT_PERMUTATION
0,528,1317528,648483.0,1,1.0,1.0,2,127,443.87825511745405,821.8706170844548,0.0030803152173418794,348461,347561,900,3.6611751650312976,3.4672697337094887,0.9448265507135793,0.8983777689984731,0.04335066362451483,0.040001611227957104,0.01827880573482065,0.01748182333460889,4.105313152906028,4.041912659204473,0.9406591401717943,0.9195488252488612,3.979133324799752,3.952580358430937,91,FULL_PIPELINE_EXPOSURE_NIGHT_PERMUTATION
1,527,1319294,648932.0,1,1.0,1.0,2,133,475.75144174447325,822.0229845672038,0.0032216725984396013,346290,345365,925,3.6599374307762886,3.465517708687436,0.9431451728786506,0.8977836100484264,0.04360603998668076,0.040093813791206405,0.01852822376326495,0.01776671058155864,4.1043258439090655,4.041925969282635,0.9354852653269048,0.9172953518635509,3.9532069684332654,3.9278627019165397,91,FULL_PIPELINE_EXPOSURE_NIGHT_PERMUTATION
2,526,1318897,649499.0,1,1.0,1.0,2,128,452.0221754192708,822.4365277000179,0.0032927609604741065,346600,345609,991,3.6449592624471108,3.464342295031668,0.9429295875928201,0.8979566544051106,0.043204893391086456,0.03987454030421662,0.017959601746482295,0.017242027840710168,4.057579247960852,3.9968357249615334,0.929303220799512,0.9117124041967707,3.8513512538899253,3.82709216460264,91,FULL_PIPELINE_EXPOSURE_NIGHT_PERMUTATION
3,525,1317070,649025.0,1,1.0,1.0,2,129,456.4983438236397,822.0693887097227,0.0033849930005509675,348218,347204,1014,3.659770189197855,3.4799735641250047,0.9450496700780633,0.8995520333932365,0.043619889171783735,0.04027027338394719,0.01831776131611387,0.017606363981981774,4.047744385703696,3.9862320905210717,0.9306224452708037,0.9131007310946213,3.859865286361218,3.835181150773094,91,FULL_PIPELINE_EXPOSURE_NIGHT_PERMUTATION
4,527,1318319,649215.0,1,1.0,1.0,2,131,470.7856939183234,822.8194731754143,0.003506375159132375,347113,346241,872,3.6342648632895744,3.4447047576957006,0.9393103536361254,0.8934656640765211,0.04308848461043031,0.03982486187366603,0.018331162398445015,0.017715983953373517,4.047561913087338,3.9897195445944367,0.9275128569798388,0.9095615615595624,3.905537479177276,3.8852567791265593,91,FULL_PIPELINE_EXPOSURE_NIGHT_PERMUTATION
0,523,1316760,647063.0,1,1.0,1.0,2,122,416.0220202377706,834.0760927755008,0.0034308347640513675,348461,347439,1022,3.660610684894428,3.470332590186934,0.9448657482326135,0.9022508159012679,0.04333710377936847,0.03750010793261551,0.018276589559606145,0.016733872708590572,4.104897143586729,4.0046484799934365,0.9401467030912253,0.922524281401285,3.979334508726831,3.9422793234591453,92,FULL_PIPELINE_EXPOSURE_NIGHT_PERMUTATION
1,523,1318655,647554.0,1,1.0,1.0,2,125,431.079419135504,834.2354228879838,0.0028173744460682614,346290,345192,1098,3.6597935961929013,3.473341422943322,0.943356200495644,0.8997427337748222,0.04360182159493847,0.03719958747595541,0.01849115854365107,0.016909430114255254,4.08669549061891,3.9893000710926425,0.9360837556330402,0.9157729579133207,3.9351432173824055,3.8999757731285047,92,FULL_PIPELINE_EXPOSURE_NIGHT_PERMUTATION
2,522,1318343,648145.0,1,1.0,1.0,2,126,438.14375861343524,835.0857620864319,0.0029038540635807865,346600,345444,1156,3.643650038481251,3.468734426103819,0.9429738560696886,0.900732151143515,0.04316184388786605,0.03708850059633399,0.0179363370039717,0.01637892104074756,4.055991789087269,3.9584373979339045,0.9277943596909485,0.9094824756583506,3.8491591823747995,3.813693589394113,92,FULL_PIPELINE_EXPOSURE_NIGHT_PERMUTATION
3,522,1316827,647821.0,1,1.0,1.0,2,119,398.7026449064669,834.709190249984,0.0030306569496320024,348218,347008,1210,3.6588712944272723,3.46677083654865,0.9445035884435555,0.898313561213998,0.04343703891552932,0.03709136388786426,0.018212836591663593,0.016766184064920694,4.037852440093935,3.939455583021996,0.9300431904592478,0.9094921106233765,3.844818730207269,3.8094121276690376,92,FULL_PIPELINE_EXPOSURE_NIGHT_PERMUTATION
4,524,1318284,648075.0,1,1.0,1.0,2,119,396.8866909590115,835.6613431076379,0.003457859603663815,347113,345949,1164,3.6334405813200004,3.4486121422153495,0.93905688757255,0.8943252511316471,0.043035245079477036,0.0369013929798901,0.018337963110169418,0.016722118000052032,4.046580307260728,3.9509416657229313,0.9275798914079645,0.9075399583458786,3.9061830021821407,3.873368462344373,92,FULL_PIPELINE_EXPOSURE_NIGHT_PERMUTATION
0,527,1319323,644738.0,1,1.0,1.0,2,128,450.79423182145445,839.6071185931078,0.003165443757223496,348461,347659,802,3.6615975927907796,3.5146764163670983,0.9341343169952345,0.9011551617189005,0.04225692416994814,0.03851475152376323,0.017790421073523195,0.017347458285273787,4.069615369754755,4.01360644453563,0.9370144984266663,0.9221777674605852,3.9679669762116845,3.943758510549259,93,FULL_PIPELINE_EXPOSURE_NIGHT_PERMUTATION
1,527,1321408,645324.0,1,1.0,1.0,2,122,422.35953975892306,840.007031656734,0.003418594120054936,346290,345520,770,3.6608359071775656,3.5239109027120605,0.933709962753168,0.9027087758403216,0.042420120398240335,0.038573743922204216,0.017996063903681407,0.0175272053716138,4.071063997590124,4.01691504132906,0.9335509140863261,0.9194512270342593,3.94696590224971,3.9259441339990584,93,FULL_PIPELINE_EXPOSURE_NIGHT_PERMUTATION
2,527,1321028,645829.0,1,1.0,1.0,2,121,411.3140190562135,840.7037667428316,0.0036219713317177655,346600,345815,785,3.643758242846653,3.5159187324412446,0.9315402421108466,0.9010822316970278,0.04214392088255281,0.03831239246417882,0.017413935196564638,0.016855833321284503,4.019154698746203,3.963862625949309,0.9248583056046273,0.9110059517574755,3.835906851531542,3.811597203741093,93,FULL_PIPELINE_EXPOSURE_NIGHT_PERMUTATION
3,527,1319498,645401.0,1,1.0,1.0,2,128,448.55791608297307,840.0045861785228,0.0033175887787005635,348218,347469,749,3.6590339736077557,3.5269087659670895,0.9348807355529148,0.9021766935888433,0.042375003237698904,0.03825665023354601,0.017751223850185197,0.017215924298282725,4.011258511148737,3.955102621399368,0.9274418131978198,0.912799997327476,3.8476141892057742,3.825742931727444,93,FULL_PIPELINE_EXPOSURE_NIGHT_PERMUTATION
4,527,1320451,645505.0,1,1.0,1.0,2,120,405.401081673424,840.7152350157435,0.0031577229982805745,347113,346397,716,3.634745134753852,3.5028785583712336,0.9294871130994746,0.8970435575041512,0.04202403600493076,0.03800263859098087,0.01785812232784926,0.01728941070505807,4.013506088127997,3.9589232817153643,0.9243877787708247,0.9091308847169559,3.8932363276065356,3.872595709152417,93,FULL_PIPELINE_EXPOSURE_NIGHT_PERMUTATION
0,524,1304805,639262.0,1,1.0,1.0,2,130,454.8000339032416,816.6926956837214,0.0035399634042953577,348461,347434,1027,3.6627876714332164,3.4743313304698686,0.9426854564382319,0.9023397653463826,0.04320820645072158,0.038044635815723274,0.018233678914556434,0.017528509011783534,4.1020441478042144,4.027002842719823,0.9365709033563673,0.9237859758153805,3.963482466155161,3.9385605503117027,94,FULL_PIPELINE_EXPOSURE_NIGHT_PERMUTATION
1,522,1306704,639835.0,1,1.0,1.0,2,115,367.5106860296506,816.6798905761605,0.0031871186993946855,346290,345148,1142,3.660408022450535,3.4911636427732162,0.9423433870564846,0.9028315495276851,0.04354074194258695,0.038099597853674366,0.01850510505638161,0.017653296556839386,4.103316804999868,4.027727348517139,0.9328863439770186,0.9183675532031735,3.9485902810140536,3.923156221613494,94,FULL_PIPELINE_EXPOSURE_NIGHT_PERMUTATION
2,526,1307005,640611.0,1,1.0,1.0,2,127,441.73391781649553,817.646511762284,0.002748376994635639,346600,345694,906,3.6448703657670025,3.4725866925095277,0.9404879398284797,0.9003014626491643,0.04309013173500263,0.03778196902462872,0.017894438433990755,0.017217539210978496,4.0521106078712,3.977791597375307,0.9242965254746127,0.9088374739451025,3.843123083783565,3.818844767813703,94,FULL_PIPELINE_EXPOSURE_NIGHT_PERMUTATION
3,524,1305007,640105.0,1,1.0,1.0,2,126,436.85091074179564,817.2506660337151,0.003241300018429835,348218,347219,999,3.65935585544155,3.4795533521543045,0.9425068022041319,0.9008295373506074,0.043479763492205205,0.037860831348514916,0.018262249473675114,0.017553762898919703,4.043642542484564,3.9669766258918853,0.9259825807039476,0.9102007471523145,3.8536952596229193,3.8278217774628644,94,FULL_PIPELINE_EXPOSURE_NIGHT_PERMUTATION
4,524,1305991,640157.0,1,1.0,1.0,2,126,436.0576580884011,817.9639487556572,0.003008810819571919,347113,346006,1107,3.6350798206219403,3.4575075847333814,0.9377928147303869,0.8976747126383521,0.043013704964653794,0.037730559585671924,0.01828002982607238,0.01758061998924874,4.045073620506187,3.97164022482464,0.923521510763296,0.9080212436844506,3.9014690497818454,3.8787082466090497,94,FULL_PIPELINE_EXPOSURE_NIGHT_PERMUTATION
0,524,1301727,642583.0,1,1.0,1.0,2,130,448.6331647799868,830.825842170405,0.003486635112871627,348461,347510,951,3.6610564963870953,3.475410072825522,0.9427940777101407,0.9000602876056178,0.04343184368795142,0.03780035106903398,0.018350551063278753,0.017182239360018416,4.107354982909981,4.021964221310056,0.9321331520547723,0.9207542915506134,3.969676300333766,3.9420552526860777,95,FULL_PIPELINE_EXPOSURE_NIGHT_PERMUTATION
1,525,1304266,643344.0,1,1.0,1.0,2,130,451.66929436848284,830.9812590578854,0.0032059899212267483,346290,345409,881,3.6609727451994836,3.482181231538882,0.9427513353773072,0.9017856185493454,0.0437104997264113,0.03787394074850395,0.018612717097701566,0.017402557547718793,4.1079190048281,4.022940324000408,0.9290719566566555,0.9178656896349424,3.9421942253282434,3.918148058972546,95,FULL_PIPELINE_EXPOSURE_NIGHT_PERMUTATION
2,525,1303889,643769.0,1,1.0,1.0,2,128,439.4101594242553,831.2516526483886,0.003396971666996523,346600,345682,918,3.643821299929555,3.473358676351032,0.9408357942359873,0.8995078239960157,0.043314375640039114,0.0376617816374587,0.018013665739031827,0.01692017518991443,4.045532689659513,3.962665026819551,0.9211155948405182,0.911106829044388,3.816831401110477,3.7925248133444267,95,FULL_PIPELINE_EXPOSURE_NIGHT_PERMUTATION
3,525,1302383,643408.0,1,1.0,1.0,2,131,455.91422043593434,831.0632430306398,0.0032125550813741554,348218,347312,906,3.6592014363227787,3.475367230899468,0.9432392325404155,0.8986584807681204,0.043738770903395216,0.037706730547749576,0.018375408854286637,0.017246740682729075,4.049748531655373,3.964027202760667,0.924041890080798,0.9138582971418195,3.8519661672553585,3.8290346215924536,95,FULL_PIPELINE_EXPOSURE_NIGHT_PERMUTATION
4,524,1303060,643362.0,1,1.0,1.0,2,131,453.8490595860318,831.6019083431453,0.002582620571591596,347113,346101,1012,3.6351715783649077,3.4540971616854357,0.9383039796828296,0.8955509073851822,0.04331394592907851,0.037604629862381216,0.018367470767203794,0.01722040675987645,4.051794399175248,3.9665082143640538,0.9207146861927219,0.9072242669546039,3.8996780363344983,3.8760740953946056,95,FULL_PIPELINE_EXPOSURE_NIGHT_PERMUTATION
0,535,1318792,644585.0,1,1.0,1.0,2,128,445.6859616420699,817.978921664867,0.0033672428343726178,348461,347681,780,3.6612953223402886,3.3661496115510534,0.9686271821747166,0.8961929509900888,0.04611123414854421,0.03899263980487861,0.01954377719806374,0.017944610145506943,4.196673083200284,4.077537877845504,0.946076736923677,0.9229472595558622,4.004897074226568,3.963512700409566,96,FULL_PIPELINE_EXPOSURE_NIGHT_PERMUTATION
1,533,1320562,644950.0,1,1.0,1.0,2,147,565.9792500856911,817.9097864074795,0.0031986451485797136,346290,345387,903,3.661150115771645,3.3680351741967516,0.9679979765968855,0.8966012461200518,0.046237988111886084,0.03903447437222594,0.019780709754565168,0.01817092131435173,4.193951425957386,4.0751973285914,0.9411228388910463,0.9159387087139527,3.975641596594478,3.9342964434356666,96,FULL_PIPELINE_EXPOSURE_NIGHT_PERMUTATION
2,533,1320096,645428.0,1,1.0,1.0,2,129,450.35255348337637,818.5083154448332,0.003395683014225013,346600,345637,963,3.644938330733601,3.3539079342499365,0.9655640930921936,0.8925496729614744,0.04566351403350914,0.03864169634616664,0.01921958586609651,0.017674612382354897,4.14563758082585,4.027217055473422,0.9332188250457204,0.907937085917046,3.872869860968398,3.8336208170593005,96,FULL_PIPELINE_EXPOSURE_NIGHT_PERMUTATION
3,534,1318811,645150.0,1,1.0,1.0,2,145,557.7367487939187,818.3135578928595,0.0036212777146105318,348218,347340,878,3.6590688549470616,3.3603717681248897,0.9674164949259854,0.8913209927506073,0.04633788219036103,0.03883226809466229,0.019522657914435422,0.017979501353141015,4.130128410893427,4.0100574775337465,0.9354502387122409,0.9089972405197456,3.871637812815841,3.8331307850613676,96,FULL_PIPELINE_EXPOSURE_NIGHT_PERMUTATION
4,534,1319878,645359.0,1,1.0,1.0,2,123,419.58506653830625,819.0229143943342,0.0034423404120010135,347113,346251,862,3.6339584627188515,3.3424686198928573,0.9628544404511412,0.8903662211133185,0.04584535495926365,0.03848941952514216,0.019607163589419236,0.018018720523550833,4.133192698558947,4.015343903879897,0.9318849472381158,0.9063119205762394,3.926548301705015,3.890047217098946,96,FULL_PIPELINE_EXPOSURE_NIGHT_PERMUTATION
0,533,1323363,646442.0,1,1.0,1.0,2,139,511.7305971766688,831.694263343253,0.0037300520277255126,348461,347624,837,3.660993182988083,3.5015123967104813,0.9355054976538582,0.9030923035801843,0.04252583250868755,0.03626619565967827,0.017924539157250362,0.016678940464409823,4.077148768025316,3.9924839471069156,0.9341962905231155,0.9217335018399088,3.966256201002592,3.9363041362401496,97,FULL_PIPELINE_EXPOSURE_NIGHT_PERMUTATION
1,533,1325485,647097.0,1,1.0,1.0,2,132,473.4050486769967,831.7460884788982,0.003127761780152973,346290,345457,833,3.6599814806200763,3.520684608559262,0.9356626186874462,0.9069022079428781,0.0427896959679497,0.036348952257444486,0.018141186891566824,0.01700066867945938,4.080954564909771,3.9991405479554833,0.9310088560380265,0.918959025429935,3.9430085051512838,3.9145676927982027,97,FULL_PIPELINE_EXPOSURE_NIGHT_PERMUTATION
2,535,1325606,647620.0,1,1.0,1.0,2,143,539.388006108989,832.438795058228,0.003545582305069538,346600,345848,752,3.644624038015697,3.5078822073138163,0.934092365876757,0.904138000408033,0.04250133006407439,0.03610834817607735,0.017574194443801903,0.016541949064328838,4.029622676893133,3.946404791319327,0.9235752512735674,0.9145289465682737,3.8375628485008035,3.8101914637506695,97,FULL_PIPELINE_EXPOSURE_NIGHT_PERMUTATION
3,533,1323643,647288.0,1,1.0,1.0,2,126,440.7603522694856,832.3885336843654,0.0028623169399670293,348218,347270,948,3.6587372204792175,3.5094496135914475,0.9358193305667044,0.9036308336070902,0.042707403461283724,0.03583378927059636,0.017885218993866445,0.016770812336222535,4.018734243037001,3.9341683733307597,0.9251174124987958,0.9144842468432649,3.840786106063103,3.811625747959449,97,FULL_PIPELINE_EXPOSURE_NIGHT_PERMUTATION
4,536,1325091,647601.0,1,1.0,1.0,2,132,472.4209913860515,833.4113002987654,0.0034067508572593113,347113,346412,701,3.6341589995638586,3.484963899983284,0.9310618468638698,0.8994363953289339,0.0423426440192603,0.03590233594679168,0.01799879911781347,0.01691049963627126,4.022199973329154,3.9380059711543227,0.9223914617432086,0.909825633409029,3.8923541940716917,3.8655839366076674,97,FULL_PIPELINE_EXPOSURE_NIGHT_PERMUTATION
0,528,1321972,649981.0,1,1.0,1.0,2,140,524.1504126743231,831.984184470293,0.003286279907983958,348461,347377,1084,3.661341298000762,3.4676790223100302,0.9434073679142527,0.8986833035313774,0.043128934846003046,0.03905555059776554,0.018170460335600803,0.01750835547546326,4.101396584241005,4.028326633332224,0.9421407891895331,0.9213149747590134,3.98425533481019,3.953063334639005,98,FULL_PIPELINE_EXPOSURE_NIGHT_PERMUTATION
1,528,1324037,650548.0,1,1.0,1.0,2,143,543.705592101694,832.182054081615,0.0029576572207727957,346290,345243,1047,3.659579351873437,3.47632471887464,0.9427363511199256,0.8987168721369367,0.043459244647972586,0.03901889393847232,0.018416014227659937,0.017787471433164465,4.09850284303704,4.023707459064548,0.937819239645597,0.9192453037539526,3.949163819602125,3.9207148579313986,98,FULL_PIPELINE_EXPOSURE_NIGHT_PERMUTATION
2,527,1323588,650910.0,1,1.0,1.0,2,141,530.8029592971083,832.6582666667404,0.0039121105650977445,346600,345459,1141,3.643331798862558,3.4759335330546386,0.9418306464409008,0.8987475009346995,0.04302681360161408,0.038690553727070365,0.01787476950955106,0.01700635965483603,4.050567972152178,3.9798258916093325,0.929817848113958,0.9118431308918802,3.849864256456545,3.8222415974754846,98,FULL_PIPELINE_EXPOSURE_NIGHT_PERMUTATION
3,529,1322334,650669.0,1,1.0,1.0,2,143,544.3514802629478,832.4049620613878,0.003535501803580774,348218,347232,986,3.659007776144782,3.4722085606620308,0.9438028742717313,0.8975482189273565,0.043331259791724266,0.038838586305409636,0.018227006727490554,0.017619343839277487,4.040515101362506,3.968889777723308,0.931623702576847,0.9121240723885761,3.859270874850582,3.829970374250593,98,FULL_PIPELINE_EXPOSURE_NIGHT_PERMUTATION
4,529,1323332,650803.0,1,1.0,1.0,2,135,499.0603621778628,833.4610507156831,0.0036519349879097288,347113,346077,1036,3.6345324534596024,3.4493916714742516,0.9385810686040394,0.8940887363437522,0.04294997933985789,0.03861279426254851,0.018279169086648346,0.017542338843667737,4.008298231006514,3.9372535203140115,0.9300374516397231,0.9096177156658017,3.8688498394369915,3.842581585611436,98,FULL_PIPELINE_EXPOSURE_NIGHT_PERMUTATION
0,532,1300549,638947.0,1,1.0,1.0,2,119,400.259768444897,825.3210805308985,0.0032353210807128598,348461,347544,917,3.6611549939708254,3.5210458033099545,0.9327301549647331,0.9046004587216014,0.042288170706442925,0.03482149022857538,0.0178567318094975,0.016185001035840068,4.071972598601613,3.9738646574519225,0.9319046507774577,0.92176876542569,3.964316566157402,3.93112754411947,99,FULL_PIPELINE_EXPOSURE_NIGHT_PERMUTATION
1,533,1302834,639549.0,1,1.0,1.0,2,122,415.13037835670883,825.4011110652286,0.0031325129030967966,346290,345433,857,3.6605298082007867,3.5189675001349023,0.9316644759287617,0.9021832350738107,0.042442383906575225,0.034765062978927896,0.01798901668340894,0.016474974886591612,4.068080319576817,3.972644060172166,0.9278765704586641,0.9186229901674947,3.9350878351490053,3.90464511389645,99,FULL_PIPELINE_EXPOSURE_NIGHT_PERMUTATION
2,531,1302124,639909.0,1,1.0,1.0,2,135,490.52828396269166,825.2698069147627,0.0028900589366553774,346600,345648,952,3.6436611647555823,3.522623401050395,0.930643282675278,0.9046402240870183,0.04232051104013331,0.03457853075961672,0.01747153173170393,0.01593528676572698,4.019877883655741,3.924916384814435,0.9204685990396705,0.9134527049757244,3.826861582972743,3.7973482344778517,99,FULL_PIPELINE_EXPOSURE_NIGHT_PERMUTATION
3,530,1300391,639440.0,1,1.0,1.0,2,122,411.28920954008424,825.5714005656431,0.0034044951848278228,348218,347287,931,3.6596085559503306,3.531076024019768,0.9326465333441318,0.9043175586476176,0.042437522855736036,0.034619781333594404,0.01778644176142499,0.016263205936300523,4.0102736951273465,3.91499804198113,0.9216792069778115,0.9118600237914465,3.8383288791928467,3.809313642669975,99,FULL_PIPELINE_EXPOSURE_NIGHT_PERMUTATION
4,533,1301733,639640.0,1,1.0,1.0,2,123,420.6365817133131,826.1731597321887,0.0035144183115598934,347113,346248,865,3.634345769385718,3.503494868351008,0.9276796955682676,0.898723806786762,0.04211432268200827,0.0344464083547053,0.017860030960467642,0.016288902751784847,4.0110935702714015,3.9152831380265223,0.9190606244043308,0.9078663456863899,3.8836470643979406,3.855580702610975,99,FULL_PIPELINE_EXPOSURE_NIGHT_PERMUTATION
